Running 6 processes.
Start training /work_bgfs/n/navarrodelacruz/odt/optimal_decision_tree/augmented_datasets/body/body_564.body with seed 1.
Any[]
(5, 497)
(5, 249)
(5, 124)
(5, 124)
dimension: 5, class: 2
cart cost: 74.21274509803919
size of X: (5, 373)
ngroups: 12
UB: 56.67156862745098
Iter	left	lev	LB	UB	gap	
0      0      1          4.0132     56.6716    1312.1362  % 
UB: 56.67156862745098
branching on 1 with d.
1      1      2          4.0132     56.6716    1312.1362  % 
LB close or above UB, fathomed
2      0      2          4.0132     56.6716    1312.1362  % 
UB: 56.67156862745098
branching on 2 with d.
3      1      3          4.0132     56.6716    1312.1362  % 
UB: 56.67156862745098
branching on 3 with d.
4      2      3          4.0132     56.6716    1312.1362  % 
UB: 56.67156862745098
branching on 3 with d.
5      3      4          4.0132     56.6716    1312.1362  % 
UB: 56.67156862745098
branching on CartesianIndex(1, 1) with a.
6      4      4          4.0132     56.6716    1312.1362  % 
UB: 56.67156862745098
branching on CartesianIndex(1, 1) with a.
7      5      5          4.0295     56.6716    1306.4051  % 
UB: 56.67156862745098
branching on CartesianIndex(2, 1) with a.
8      6      5          4.0295     56.6716    1306.4051  % 
UB: 56.67156862745098
branching on CartesianIndex(1, 2) with a.
9      7      6          4.0387     56.6716    1303.2215  % 
UB: 56.67156862745098
branching on 1 with b.
10     8      7          4.0387     56.6716    1303.2215  % 
UB: 56.67156862745098
branching on CartesianIndex(3, 1) with a.
11     9      8          4.0387     56.6716    1303.2215  % 
UB: 56.67156862745098
branching on 1 with b.
12     10     8          4.0387     56.6716    1303.2215  % 
UB: 56.67156862745098
branching on CartesianIndex(1, 2) with a.
13     11     7          4.0387     56.6716    1303.2215  % 
UB: 56.67156862745098
branching on CartesianIndex(3, 1) with a.
14     12     6          4.0387     56.6716    1303.2215  % 
UB: 56.67156862745098
branching on CartesianIndex(1, 2) with a.
15     13     9          5.9877     56.6716    846.4671   % 
UB: 56.67156862745098
branching on CartesianIndex(4, 1) with a.
16     14     9          5.9877     56.6716    846.4671   % 
UB: 56.67156862745098
branching on CartesianIndex(4, 1) with a.
17     15     10         5.9877     56.6716    846.4671   % 
UB: 56.67156862745098
branching on 2 with b.
18     16     10         5.9877     56.6716    846.4671   % 
UB: 56.67156862745098
branching on 2 with b.
19     17     11         7.9367     56.6716    614.0431   % 
UB: 56.67156862745098
branching on CartesianIndex(1, 2) with a.
20     18     12         7.9367     56.6716    614.0431   % 
UB: 56.67156862745098
branching on 3 with b.
21     19     12         7.9367     56.6716    614.0431   % 
UB: 56.67156862745098
branching on 3 with b.
22     20     11         7.9367     56.6716    614.0431   % 
UB: 56.67156862745098
branching on CartesianIndex(1, 2) with a.
23     21     13         9.8857     56.6716    473.2661   % 
UB: 56.67156862745098
branching on CartesianIndex(2, 2) with a.
24     22     13         9.8857     56.6716    473.2661   % 
UB: 56.67156862745098
branching on CartesianIndex(2, 2) with a.
25     23     14         9.8857     56.6716    473.2661   % 
UB: 56.67156862745098
branching on CartesianIndex(3, 2) with a.
26     24     15         9.8857     56.6716    473.2661   % 
UB: 56.67156862745098
branching on 1 with b.
27     25     16         9.8857     56.6716    473.2661   % 
UB: 56.67156862745098
branching on CartesianIndex(4, 2) with a.
28     26     16         9.8857     56.6716    473.2661   % 
UB: 56.67156862745098
branching on CartesianIndex(4, 2) with a.
29     27     15         9.8857     56.6716    473.2661   % 
UB: 56.67156862745098
branching on 1 with b.
30     28     14         9.8857     56.6716    473.2661   % 
UB: 56.67156862745098
branching on CartesianIndex(1, 3) with a.
31     29     6          15.7330    56.6716    260.2079   % 
UB: 56.67156862745098
branching on 1 with b.
32     30     7          15.7330    56.6716    260.2079   % 
UB: 56.67156862745098
branching on CartesianIndex(2, 2) with a.
33     31     8          15.7330    56.6716    260.2079   % 
UB: 56.67156862745098
branching on CartesianIndex(3, 2) with a.
34     32     8          15.7330    56.6716    260.2079   % 
UB: 56.67156862745098
branching on CartesianIndex(1, 3) with a.
35     33     7          15.7330    56.6716    260.2079   % 
UB: 56.67156862745098
branching on CartesianIndex(2, 2) with a.
36     34     6          15.7330    56.6716    260.2079   % 
UB: 56.67156862745098
branching on CartesianIndex(1, 3) with a.
37     35     17         15.7422    56.6716    259.9988   % 
LB close or above UB, fathomed
38     34     17         15.7422    56.6716    259.9988   % 
UB: 56.67156862745098
branching on 2 with b.
39     35     18         15.7422    56.6716    259.9988   % 
UB: 56.67156862745098
branching on CartesianIndex(1, 3) with a.
40     36     18         15.7422    56.6716    259.9988   % 
UB: 52.773529411764706
branching on CartesianIndex(1, 3) with a.
41     37     14         15.7422    52.7735    235.2370   % 
UB: 52.773529411764706
branching on CartesianIndex(3, 2) with a.
42     38     14         15.7422    52.7735    235.2370   % 
UB: 52.773529411764706
branching on CartesianIndex(1, 3) with a.
43     39     9          17.6820    52.7735    198.4585   % 
UB: 52.773529411764706
branching on 1 with b.
44     40     9          17.6820    52.7735    198.4585   % 
UB: 52.773529411764706
branching on CartesianIndex(1, 3) with a.
45     41     13         17.6912    52.7735    198.3042   % 
UB: 52.773529411764706
branching on CartesianIndex(1, 3) with a.
46     42     13         17.6912    52.7735    198.3042   % 
UB: 52.773529411764706
branching on CartesianIndex(1, 3) with a.
47     43     14         17.6912    52.7735    198.3042   % 
UB: 52.773529411764706
branching on 1 with b.
48     44     14         17.6912    52.7735    198.3042   % 
UB: 52.773529411764706
branching on CartesianIndex(1, 4) with c.
49     45     19         17.6912    52.7735    198.3042   % 
UB: 52.773529411764706
branching on CartesianIndex(2, 3) with a.
50     46     19         17.6912    52.7735    198.3042   % 
LB close or above UB, fathomed
51     45     20         19.6402    52.7735    168.7016   % 
UB: 52.773529411764706
branching on CartesianIndex(3, 3) with a.
52     46     20         19.6402    52.7735    168.7016   % 
LB close or above UB, fathomed
53     45     15         19.6402    52.7735    168.7016   % 
UB: 52.773529411764706
branching on CartesianIndex(2, 3) with a.
54     46     15         19.6402    52.7735    168.7016   % 
UB: 52.773529411764706
branching on CartesianIndex(2, 3) with a.
55     47     16         19.6402    52.7735    168.7016   % 
UB: 52.773529411764706
branching on 2 with b.
56     48     16         19.6402    52.7735    168.7016   % 
UB: 52.773529411764706
branching on CartesianIndex(1, 3) with a.
57     49     11         19.6402    52.7735    168.7016   % 
UB: 52.773529411764706
branching on 3 with b.
58     50     11         19.6402    52.7735    168.7016   % 
UB: 52.773529411764706
branching on 3 with b.
59     51     9          19.6402    52.7735    168.7016   % 
UB: 52.773529411764706
branching on 1 with b.
60     52     10         19.6402    52.7735    168.7016   % 
LB close or above UB, fathomed
61     51     10         19.6402    52.7735    168.7016   % 
UB: 52.773529411764706
branching on 2 with b.
62     52     11         19.6402    52.7735    168.7016   % 
UB: 52.773529411764706
branching on CartesianIndex(2, 2) with a.
63     53     11         19.6402    52.7735    168.7016   % 
UB: 52.773529411764706
branching on 3 with b.
64     54     9          19.6402    52.7735    168.7016   % 
UB: 52.773529411764706
branching on 1 with b.
65     55     15         19.6402    52.7735    168.7016   % 
UB: 52.773529411764706
branching on 1 with b.
66     56     16         19.6402    52.7735    168.7016   % 
UB: 52.773529411764706
branching on CartesianIndex(4, 2) with a.
67     57     16         19.6402    52.7735    168.7016   % 
UB: 52.773529411764706
branching on CartesianIndex(4, 2) with a.
68     58     15         19.6402    52.7735    168.7016   % 
UB: 52.773529411764706
branching on CartesianIndex(1, 3) with a.
69     59     17         21.5799    52.7735    144.5500   % 
LB close or above UB, fathomed
70     58     17         21.5799    52.7735    144.5500   % 
UB: 52.773529411764706
branching on CartesianIndex(1, 3) with a.
71     59     18         21.5799    52.7735    144.5500   % 
UB: 52.773529411764706
branching on CartesianIndex(2, 3) with a.
72     60     18         21.5799    52.7735    144.5500   % 
UB: 52.773529411764706
branching on CartesianIndex(1, 4) with c.
73     61     10         21.5892    52.7735    144.4439   % 
UB: 52.773529411764706
branching on CartesianIndex(2, 3) with a.
74     62     10         21.5892    52.7735    144.4439   % 
UB: 52.773529411764706
branching on CartesianIndex(1, 4) with c.
75     63     7          21.5892    52.7735    144.4439   % 
UB: 52.773529411764706
branching on 1 with b.
76     64     8          21.5892    52.7735    144.4439   % 
UB: 52.773529411764706
branching on CartesianIndex(2, 2) with a.
77     65     9          21.5892    52.7735    144.4439   % 
UB: 52.773529411764706
branching on CartesianIndex(3, 2) with a.
78     66     9          21.5892    52.7735    144.4439   % 
UB: 52.773529411764706
branching on CartesianIndex(1, 3) with a.
79     67     8          21.5892    52.7735    144.4439   % 
UB: 52.773529411764706
branching on 1 with b.
80     68     7          21.5892    52.7735    144.4439   % 
UB: 52.773529411764706
branching on 1 with b.
81     69     17         21.5892    52.7735    144.4439   % 
LB close or above UB, fathomed
82     68     17         21.5892    52.7735    144.4439   % 
UB: 52.773529411764706
branching on CartesianIndex(1, 3) with a.
83     69     17         23.5382    52.7735    124.2034   % 
LB close or above UB, fathomed
84     68     17         23.5382    52.7735    124.2034   % 
UB: 52.773529411764706
branching on CartesianIndex(1, 3) with a.
85     69     18         23.5382    52.7735    124.2034   % 
UB: 52.773529411764706
branching on CartesianIndex(2, 3) with a.
86     70     18         23.5382    52.7735    124.2034   % 
LB close or above UB, fathomed
87     69     18         23.5382    52.7735    124.2034   % 
UB: 52.773529411764706
branching on CartesianIndex(2, 3) with a.
88     70     19         23.5382    52.7735    124.2034   % 
UB: 52.773529411764706
branching on 2 with b.
89     71     19         23.5382    52.7735    124.2034   % 
UB: 52.773529411764706
branching on 2 with b.
90     72     18         23.5382    52.7735    124.2034   % 
UB: 52.773529411764706
branching on CartesianIndex(1, 4) with c.
91     73     19         23.5382    52.7735    124.2034   % 
UB: 48.87549019607843
branching on 2 with b.
92     74     19         23.5382    48.8755    107.6430   % 
UB: 48.87549019607843
branching on CartesianIndex(1, 4) with c.
93     71     12         23.5382    48.8755    107.6430   % 
UB: 48.87549019607843
branching on CartesianIndex(3, 2) with a.
94     72     13         23.5382    48.8755    107.6430   % 
UB: 48.87549019607843
branching on CartesianIndex(4, 2) with a.
95     73     14         23.5382    48.8755    107.6430   % 
UB: 48.87549019607843
branching on 3 with b.
96     74     14         23.5382    48.8755    107.6430   % 
UB: 48.87549019607843
branching on CartesianIndex(1, 3) with a.
97     75     13         23.5382    48.8755    107.6430   % 
UB: 48.87549019607843
branching on 3 with b.
98     76     12         23.5382    48.8755    107.6430   % 
UB: 48.87549019607843
branching on 3 with b.
99     77     16         23.5382    48.8755    107.6430   % 
UB: 48.87549019607843
branching on CartesianIndex(3, 3) with a.
100    78     16         23.5382    48.8755    107.6430   % 
LB close or above UB, fathomed
101    77     14         23.5382    48.8755    107.6430   % 
UB: 48.87549019607843
branching on CartesianIndex(2, 3) with a.
102    78     14         23.5382    48.8755    107.6430   % 
UB: 48.87549019607843
branching on CartesianIndex(1, 4) with c.
103    79     17         23.5382    48.8755    107.6430   % 
UB: 48.87549019607843
branching on CartesianIndex(2, 3) with a.
104    80     17         23.5382    48.8755    107.6430   % 
UB: 48.87549019607843
branching on CartesianIndex(1, 4) with c.
105    81     19         23.5382    48.8755    107.6430   % 
UB: 48.87549019607843
branching on CartesianIndex(2, 3) with a.
106    82     19         23.5382    48.8755    107.6430   % 
LB close or above UB, fathomed
107    81     15         25.4873    48.8755    91.7644    % 
UB: 48.87549019607843
branching on CartesianIndex(3, 3) with a.
108    82     15         25.4873    48.8755    91.7644    % 
UB: 48.87549019607843
branching on CartesianIndex(1, 4) with c.
109    83     19         25.4873    48.8755    91.7644    % 
UB: 48.87549019607843
branching on CartesianIndex(3, 3) with a.
110    84     19         25.4873    48.8755    91.7644    % 
LB close or above UB, fathomed
111    83     11         25.4873    48.8755    91.7644    % 
UB: 48.87549019607843
branching on CartesianIndex(3, 3) with a.
112    84     11         25.4873    48.8755    91.7644    % 
UB: 48.87549019607843
branching on 1 with b.
113    85     12         25.4873    48.8755    91.7644    % 
UB: 48.87549019607843
branching on CartesianIndex(1, 2) with a.
114    86     12         25.4873    48.8755    91.7644    % 
UB: 48.87549019607843
branching on CartesianIndex(1, 2) with a.
115    87     21         25.4873    48.8755    91.7644    % 
LB close or above UB, fathomed
116    86     21         25.4873    48.8755    91.7644    % 
UB: 48.87549019607843
branching on CartesianIndex(1, 4) with c.
117    87     22         25.4873    48.8755    91.7644    % 
LB close or above UB, fathomed
118    86     22         25.4873    48.8755    91.7644    % 
UB: 48.87549019607843
branching on CartesianIndex(1, 5) with c.
119    87     23         25.4873    48.8755    91.7644    % 
UB: 48.87549019607843
branching on CartesianIndex(1, 6) with c.
120    88     24         25.4873    48.8755    91.7644    % 
LB close or above UB, fathomed
121    87     24         25.4873    48.8755    91.7644    % 
UB: 48.87549019607843
branching on 3 with b.
122    88     25         25.4873    48.8755    91.7644    % 
UB: 48.87549019607843
branching on CartesianIndex(1, 7) with c.
123    89     26         25.4873    48.8755    91.7644    % 
UB: 48.87549019607843
branching on 1 with b.
124    90     27         25.4873    48.8755    91.7644    % 
UB: 48.87549019607843
branching on 2 with b.
125    91     27         25.4873    48.8755    91.7644    % 
UB: 48.87549019607843
branching on 2 with b.
126    92     26         25.4873    48.8755    91.7644    % 
LB close or above UB, fathomed
127    91     25         25.4873    48.8755    91.7644    % 
LB close or above UB, fathomed
128    90     23         25.4873    48.8755    91.7644    % 
LB close or above UB, fathomed
129    89     8          25.4873    48.8755    91.7644    % 
UB: 48.87549019607843
branching on 1 with b.
130    90     8          25.4873    48.8755    91.7644    % 
UB: 48.87549019607843
branching on 1 with b.
131    91     13         25.4873    48.8755    91.7644    % 
UB: 48.87549019607843
branching on 1 with b.
132    92     13         25.4873    48.8755    91.7644    % 
UB: 48.87549019607843
branching on CartesianIndex(1, 3) with a.
133    93     12         25.4873    48.8755    91.7644    % 
UB: 48.87549019607843
branching on CartesianIndex(4, 3) with a.
134    94     12         25.4873    48.8755    91.7644    % 
UB: 48.87549019607843
branching on CartesianIndex(1, 4) with c.
135    95     20         25.4873    48.8755    91.7644    % 
UB: 48.87549019607843
branching on CartesianIndex(3, 3) with a.
136    96     20         25.4873    48.8755    91.7644    % 
LB close or above UB, fathomed
137    95     12         25.4873    48.8755    91.7644    % 
UB: 48.87549019607843
branching on CartesianIndex(2, 2) with a.
138    96     12         25.4873    48.8755    91.7644    % 
UB: 48.87549019607843
branching on 1 with b.
139    97     13         25.4873    48.8755    91.7644    % 
UB: 48.87549019607843
branching on CartesianIndex(3, 2) with a.
140    98     13         25.4873    48.8755    91.7644    % 
UB: 48.87549019607843
branching on CartesianIndex(1, 3) with a.
141    99     14         25.4873    48.8755    91.7644    % 
UB: 48.87549019607843
branching on CartesianIndex(2, 3) with a.
142    100    15         25.4873    48.8755    91.7644    % 
UB: 48.87549019607843
branching on CartesianIndex(3, 3) with a.
143    101    15         25.4873    48.8755    91.7644    % 
UB: 48.87549019607843
branching on 1 with b.
144    102    14         25.4873    48.8755    91.7644    % 
UB: 48.87549019607843
branching on CartesianIndex(1, 4) with c.
145    103    16         26.1369    48.8755    86.9978    % 
UB: 48.87549019607843
branching on CartesianIndex(4, 3) with a.
146    104    16         26.1369    48.8755    86.9978    % 
UB: 48.87549019607843
branching on CartesianIndex(1, 4) with c.
147    105    10         27.4271    48.8755    78.2012    % 
LB close or above UB, fathomed
148    104    10         27.4271    48.8755    78.2012    % 
UB: 48.87549019607843
branching on CartesianIndex(4, 2) with a.
149    105    11         27.4271    48.8755    78.2012    % 
UB: 48.87549019607843
branching on 2 with b.
150    106    11         27.4271    48.8755    78.2012    % 
UB: 48.87549019607843
branching on CartesianIndex(1, 3) with a.
151    107    15         27.4363    48.8755    78.1419    % 
UB: 48.87549019607843
branching on 3 with b.
152    108    15         27.4363    48.8755    78.1419    % 
LB close or above UB, fathomed
153    107    20         27.4363    48.8755    78.1419    % 
UB: 48.87549019607843
branching on 3 with b.
154    108    20         27.4363    48.8755    78.1419    % 
UB: 48.87549019607843
branching on CartesianIndex(3, 3) with a.
155    109    21         27.4363    48.8755    78.1419    % 
UB: 48.87549019607843
branching on CartesianIndex(4, 3) with a.
156    110    21         27.4363    48.8755    78.1419    % 
UB: 48.87549019607843
branching on 3 with b.
157    111    20         27.4363    48.8755    78.1419    % 
UB: 48.87549019607843
branching on CartesianIndex(3, 3) with a.
158    112    20         27.4363    48.8755    78.1419    % 
UB: 48.87549019607843
branching on 3 with b.
159    113    16         27.4363    48.8755    78.1419    % 
UB: 48.87549019607843
branching on 1 with b.
160    114    16         27.4363    48.8755    78.1419    % 
UB: 48.87549019607843
branching on CartesianIndex(1, 4) with c.
161    115    22         27.4363    48.8755    78.1419    % 
UB: 48.87549019607843
branching on CartesianIndex(1, 4) with c.
162    116    23         27.4363    48.8755    78.1419    % 
LB close or above UB, fathomed
163    115    23         27.4363    48.8755    78.1419    % 
UB: 48.87549019607843
branching on CartesianIndex(1, 5) with c.
164    116    24         27.4363    48.8755    78.1419    % 
UB: 48.87549019607843
branching on CartesianIndex(1, 6) with c.
165    117    25         27.4363    48.8755    78.1419    % 
LB close or above UB, fathomed
166    116    25         27.4363    48.8755    78.1419    % 
UB: 48.87549019607843
branching on CartesianIndex(1, 7) with c.
167    117    26         27.4363    48.8755    78.1419    % 
UB: 48.87549019607843
branching on 1 with b.
168    118    27         27.4363    48.8755    78.1419    % 
UB: 48.87549019607843
branching on 2 with b.
169    119    28         27.4363    48.8755    78.1419    % 
UB: 48.87549019607843
branching on 3 with b.
170    120    29         27.4363    48.8755    78.1419    % 
UB: 48.87549019607843
branching on 1 with b.
171    121    29         27.4363    48.8755    78.1419    % 
UB: 48.87549019607843
branching on 1 with b.
172    122    28         27.4363    48.8755    78.1419    % 
LB close or above UB, fathomed
173    121    27         27.4363    48.8755    78.1419    % 
UB: 48.87549019607843
branching on 2 with b.
174    122    26         27.4363    48.8755    78.1419    % 
LB close or above UB, fathomed
175    121    24         27.4363    48.8755    78.1419    % 
LB close or above UB, fathomed
176    120    22         27.4363    48.8755    78.1419    % 
LB close or above UB, fathomed
177    119    18         27.4363    48.8755    78.1419    % 
UB: 48.87549019607843
branching on CartesianIndex(3, 3) with a.
178    120    19         27.4363    48.8755    78.1419    % 
UB: 48.87549019607843
branching on CartesianIndex(4, 3) with a.
179    121    19         27.4363    48.8755    78.1419    % 
UB: 48.87549019607843
branching on CartesianIndex(1, 4) with c.
180    122    20         27.4363    48.8755    78.1419    % 
LB close or above UB, fathomed
181    121    20         27.4363    48.8755    78.1419    % 
UB: 48.87549019607843
branching on CartesianIndex(1, 5) with c.
182    122    21         27.4363    48.8755    78.1419    % 
UB: 48.87549019607843
branching on 2 with b.
183    123    22         27.4363    48.8755    78.1419    % 
LB close or above UB, fathomed
184    122    22         27.4363    48.8755    78.1419    % 
UB: 48.87549019607843
branching on CartesianIndex(1, 6) with c.
185    123    23         27.4363    48.8755    78.1419    % 
LB close or above UB, fathomed
186    122    23         27.4363    48.8755    78.1419    % 
UB: 48.87549019607843
branching on CartesianIndex(1, 7) with c.
187    123    24         27.4363    48.8755    78.1419    % 
UB: 48.87549019607843
branching on 3 with b.
188    124    25         27.4363    48.8755    78.1419    % 
UB: 48.87549019607843
branching on 1 with b.
189    125    26         27.4363    48.8755    78.1419    % 
UB: 48.87549019607843
branching on 2 with b.
190    126    27         27.4363    48.8755    78.1419    % 
UB: 48.87549019607843
branching on 3 with b.
191    127    27         27.4363    48.8755    78.1419    % 
UB: 48.87549019607843
branching on 3 with b.
192    128    26         27.4363    48.8755    78.1419    % 
UB: 48.87549019607843
branching on 2 with b.
193    129    25         27.4363    48.8755    78.1419    % 
LB close or above UB, fathomed
194    128    24         27.4363    48.8755    78.1419    % 
LB close or above UB, fathomed
195    127    21         27.4363    48.8755    78.1419    % 
LB close or above UB, fathomed
196    126    18         27.4363    48.8755    78.1419    % 
UB: 48.87549019607843
branching on CartesianIndex(1, 4) with c.
197    127    12         27.4363    48.8755    78.1419    % 
UB: 48.87549019607843
branching on CartesianIndex(1, 2) with a.
198    128    12         27.4363    48.8755    78.1419    % 
UB: 48.87549019607843
branching on 1 with b.
199    129    16         27.4363    48.8755    78.1419    % 
LB close or above UB, fathomed
200    128    16         27.4363    48.8755    78.1419    % 
UB: 48.87549019607843
branching on CartesianIndex(1, 4) with c.
201    129    5          29.3353    48.8755    66.6099    % 
UB: 48.87549019607843
branching on 1 with b.
202    130    5          29.3353    48.8755    66.6099    % 
LB close or above UB, fathomed
203    129    19         29.3759    48.8755    66.3794    % 
LB close or above UB, fathomed
204    128    19         29.3759    48.8755    66.3794    % 
UB: 48.87549019607843
branching on CartesianIndex(1, 5) with c.
205    129    20         29.3759    48.8755    66.3794    % 
UB: 48.87549019607843
branching on CartesianIndex(1, 6) with c.
206    130    21         29.3759    48.8755    66.3794    % 
LB close or above UB, fathomed
207    129    21         29.3759    48.8755    66.3794    % 
UB: 48.87549019607843
branching on CartesianIndex(1, 7) with c.
208    130    22         29.3759    48.8755    66.3794    % 
UB: 48.87549019607843
branching on 2 with b.
209    131    23         29.3759    48.8755    66.3794    % 
UB: 48.87549019607843
branching on 3 with b.
210    132    23         29.3759    48.8755    66.3794    % 
UB: 48.87549019607843
branching on 3 with b.
211    133    22         29.3759    48.8755    66.3794    % 
LB close or above UB, fathomed
212    132    20         29.3759    48.8755    66.3794    % 
LB close or above UB, fathomed
213    131    28         29.3853    48.8755    66.3264    % 
LB close or above UB, fathomed
214    130    28         29.3853    48.8755    66.3264    % 
UB: 48.87549019607843
branching on 3 with b.
215    131    29         29.3853    48.8755    66.3264    % 
UB: 48.87549019607843
branching on 1 with b.
216    132    30         29.3853    48.8755    66.3264    % 
UB: 48.87549019607843
branching on 2 with b.
217    133    30         29.3853    48.8755    66.3264    % 
UB: 48.87549019607843
branching on 2 with b.
218    134    29         29.3853    48.8755    66.3264    % 
LB close or above UB, fathomed
219    133    30         29.3853    48.8755    66.3264    % 
UB: 48.87549019607843
branching on 2 with b.
220    134    30         29.3853    48.8755    66.3264    % 
UB: 48.87549019607843
branching on 2 with b.
221    135    9          29.3853    48.8755    66.3264    % 
UB: 48.87549019607843
branching on CartesianIndex(1, 2) with a.
222    136    10         29.3853    48.8755    66.3264    % 
UB: 48.87549019607843
branching on 2 with b.
223    137    11         29.3853    48.8755    66.3264    % 
UB: 48.87549019607843
branching on 3 with b.
224    138    11         29.3853    48.8755    66.3264    % 
UB: 48.87549019607843
branching on 3 with b.
225    139    10         29.3853    48.8755    66.3264    % 
LB close or above UB, fathomed
226    138    9          29.3853    48.8755    66.3264    % 
LB close or above UB, fathomed
227    137    17         29.3853    48.8755    66.3264    % 
LB close or above UB, fathomed
228    136    17         29.3853    48.8755    66.3264    % 
UB: 48.87549019607843
branching on CartesianIndex(1, 4) with c.
229    137    18         29.3853    48.8755    66.3264    % 
LB close or above UB, fathomed
230    136    18         29.3853    48.8755    66.3264    % 
UB: 48.87549019607843
branching on CartesianIndex(1, 5) with c.
231    137    19         29.3853    48.8755    66.3264    % 
UB: 48.87549019607843
branching on CartesianIndex(1, 6) with c.
232    138    19         29.3853    48.8755    66.3264    % 
LB close or above UB, fathomed
233    137    10         29.3853    48.8755    66.3264    % 
UB: 48.87549019607843
branching on 1 with b.
234    138    11         29.3853    48.8755    66.3264    % 
LB close or above UB, fathomed
235    137    11         29.3853    48.8755    66.3264    % 
UB: 48.87549019607843
branching on CartesianIndex(2, 3) with a.
236    138    12         29.3853    48.8755    66.3264    % 
UB: 48.87549019607843
branching on 2 with b.
237    139    12         29.3853    48.8755    66.3264    % 
LB close or above UB, fathomed
238    138    10         29.3853    48.8755    66.3264    % 
LB close or above UB, fathomed
239    137    20         29.3853    48.8755    66.3264    % 
LB close or above UB, fathomed
240    136    20         29.3853    48.8755    66.3264    % 
UB: 48.87549019607843
branching on CartesianIndex(1, 4) with c.
241    137    21         29.3853    48.8755    66.3264    % 
LB close or above UB, fathomed
242    136    21         29.3853    48.8755    66.3264    % 
UB: 48.87549019607843
branching on 3 with b.
243    137    22         29.3853    48.8755    66.3264    % 
UB: 48.87549019607843
branching on 1 with b.
244    138    23         29.3853    48.8755    66.3264    % 
UB: 48.87549019607843
branching on CartesianIndex(1, 5) with c.
245    139    23         29.3853    48.8755    66.3264    % 
UB: 48.87549019607843
branching on CartesianIndex(1, 5) with c.
246    140    22         29.3853    48.8755    66.3264    % 
LB close or above UB, fathomed
247    139    10         29.3853    48.8755    66.3264    % 
UB: 48.87549019607843
branching on CartesianIndex(4, 2) with a.
248    140    10         29.3853    48.8755    66.3264    % 
UB: 48.87549019607843
branching on 1 with b.
249    141    11         29.3853    48.8755    66.3264    % 
LB close or above UB, fathomed
250    140    11         29.3853    48.8755    66.3264    % 
UB: 48.87549019607843
branching on CartesianIndex(1, 3) with a.
251    141    12         29.3853    48.8755    66.3264    % 
UB: 48.87549019607843
branching on CartesianIndex(2, 3) with a.
252    142    13         29.3853    48.8755    66.3264    % 
UB: 48.87549019607843
branching on CartesianIndex(3, 3) with a.
253    143    14         29.3853    48.8755    66.3264    % 
UB: 48.87549019607843
branching on CartesianIndex(4, 3) with a.
254    144    14         29.3853    48.8755    66.3264    % 
UB: 48.87549019607843
branching on CartesianIndex(1, 4) with c.
255    145    13         29.3853    48.8755    66.3264    % 
LB close or above UB, fathomed
256    144    12         29.3853    48.8755    66.3264    % 
UB: 48.87549019607843
branching on 2 with b.
257    145    17         29.3853    48.8755    66.3264    % 
LB close or above UB, fathomed
258    144    17         29.3853    48.8755    66.3264    % 
UB: 48.87549019607843
branching on 2 with b.
259    145    18         29.3853    48.8755    66.3264    % 
UB: 48.87549019607843
branching on 3 with b.
260    146    18         29.3853    48.8755    66.3264    % 
UB: 48.87549019607843
branching on CartesianIndex(1, 3) with a.
261    147    20         29.3853    48.8755    66.3264    % 
LB close or above UB, fathomed
262    146    20         29.3853    48.8755    66.3264    % 
UB: 48.87549019607843
branching on 2 with b.
263    147    21         29.3853    48.8755    66.3264    % 
UB: 48.87549019607843
branching on CartesianIndex(1, 7) with c.
264    148    22         29.3853    48.8755    66.3264    % 
UB: 48.87549019607843
branching on 3 with b.
265    149    23         29.3853    48.8755    66.3264    % 
UB: 48.87549019607843
branching on 1 with b.
266    150    24         29.3853    48.8755    66.3264    % 
UB: 48.87549019607843
branching on 2 with b.
267    151    24         29.3853    48.8755    66.3264    % 
UB: 48.87549019607843
branching on 2 with b.
268    152    23         29.3853    48.8755    66.3264    % 
LB close or above UB, fathomed
269    151    22         29.3853    48.8755    66.3264    % 
LB close or above UB, fathomed
270    150    21         29.3853    48.8755    66.3264    % 
UB: 48.87549019607843
branching on 3 with b.
271    151    24         29.3853    48.8755    66.3264    % 
UB: 48.87549019607843
branching on 1 with b.
272    152    25         29.3853    48.8755    66.3264    % 
UB: 48.87549019607843
branching on 2 with b.
273    153    26         29.3853    48.8755    66.3264    % 
UB: 48.87549019607843
branching on 3 with b.
274    154    27         29.3853    48.8755    66.3264    % 
UB: 48.87549019607843
branching on 1 with b.
275    155    28         29.3853    48.8755    66.3264    % 
UB: 48.87549019607843
branching on 2 with b.
276    156    28         29.3853    48.8755    66.3264    % 
UB: 48.87549019607843
branching on 2 with b.
277    157    27         29.3853    48.8755    66.3264    % 
LB close or above UB, fathomed
278    156    26         29.3853    48.8755    66.3264    % 
LB close or above UB, fathomed
279    155    25         29.3853    48.8755    66.3264    % 
UB: 48.87549019607843
branching on 2 with b.
280    156    24         29.3853    48.8755    66.3264    % 
LB close or above UB, fathomed
281    155    17         29.3853    48.8755    66.3264    % 
UB: 48.87549019607843
branching on CartesianIndex(2, 3) with a.
282    156    17         29.3853    48.8755    66.3264    % 
UB: 48.87549019607843
branching on CartesianIndex(2, 3) with a.
283    157    21         29.3853    48.8755    66.3264    % 
LB close or above UB, fathomed
284    156    21         29.3853    48.8755    66.3264    % 
UB: 48.87549019607843
branching on 3 with b.
285    157    13         29.3853    48.8755    66.3264    % 
UB: 48.87549019607843
branching on CartesianIndex(2, 2) with a.
286    158    14         29.3853    48.8755    66.3264    % 
UB: 48.87549019607843
branching on CartesianIndex(3, 2) with a.
287    159    15         29.3853    48.8755    66.3264    % 
UB: 48.87549019607843
branching on 1 with b.
288    160    15         29.3853    48.8755    66.3264    % 
UB: 48.87549019607843
branching on CartesianIndex(1, 3) with a.
289    161    14         29.3853    48.8755    66.3264    % 
UB: 48.87549019607843
branching on CartesianIndex(1, 3) with a.
290    162    13         29.3853    48.8755    66.3264    % 
UB: 48.87549019607843
branching on CartesianIndex(1, 3) with a.
291    163    18         29.3853    48.8755    66.3264    % 
LB close or above UB, fathomed
292    162    18         29.3853    48.8755    66.3264    % 
UB: 48.87549019607843
branching on CartesianIndex(1, 5) with c.
293    163    19         29.3853    48.8755    66.3264    % 
UB: 48.87549019607843
branching on CartesianIndex(1, 6) with c.
294    164    20         29.3853    48.8755    66.3264    % 
LB close or above UB, fathomed
295    163    20         29.3853    48.8755    66.3264    % 
UB: 48.87549019607843
branching on CartesianIndex(1, 7) with c.
296    164    21         29.3853    48.8755    66.3264    % 
UB: 48.87549019607843
branching on 2 with b.
297    165    22         29.3853    48.8755    66.3264    % 
LB close or above UB, fathomed
298    164    22         29.3853    48.8755    66.3264    % 
UB: 48.87549019607843
branching on 3 with b.
299    165    23         29.3853    48.8755    66.3264    % 
UB: 48.87549019607843
branching on 1 with b.
300    166    24         29.3853    48.8755    66.3264    % 
UB: 48.87549019607843
branching on 2 with b.
301    167    25         29.3853    48.8755    66.3264    % 
UB: 48.87549019607843
branching on 3 with b.
302    168    25         29.3853    48.8755    66.3264    % 
UB: 48.87549019607843
branching on 3 with b.
303    169    24         29.3853    48.8755    66.3264    % 
UB: 48.87549019607843
branching on 2 with b.
304    170    23         29.3853    48.8755    66.3264    % 
LB close or above UB, fathomed
305    169    21         29.3853    48.8755    66.3264    % 
LB close or above UB, fathomed
306    168    19         29.3853    48.8755    66.3264    % 
LB close or above UB, fathomed
307    167    22         29.3853    48.8755    66.3264    % 
UB: 48.87549019607843
branching on CartesianIndex(1, 4) with c.
308    168    23         29.3853    48.8755    66.3264    % 
LB close or above UB, fathomed
309    167    23         29.3853    48.8755    66.3264    % 
UB: 48.87549019607843
branching on CartesianIndex(1, 5) with c.
310    168    24         29.3853    48.8755    66.3264    % 
UB: 48.87549019607843
branching on CartesianIndex(1, 6) with c.
311    169    25         29.3853    48.8755    66.3264    % 
LB close or above UB, fathomed
312    168    25         29.3853    48.8755    66.3264    % 
UB: 48.87549019607843
branching on CartesianIndex(1, 7) with c.
313    169    26         29.3853    48.8755    66.3264    % 
UB: 48.87549019607843
branching on 1 with b.
314    170    27         29.3853    48.8755    66.3264    % 
UB: 48.87549019607843
branching on 2 with b.
315    171    27         29.3853    48.8755    66.3264    % 
UB: 48.87549019607843
branching on 2 with b.
316    172    26         29.3853    48.8755    66.3264    % 
LB close or above UB, fathomed
317    171    24         29.3853    48.8755    66.3264    % 
LB close or above UB, fathomed
318    170    22         29.3853    48.8755    66.3264    % 
LB close or above UB, fathomed
319    169    15         29.6590    48.8755    64.7916    % 
UB: 48.87549019607843
branching on 2 with b.
320    170    15         29.6590    48.8755    64.7916    % 
UB: 48.87549019607843
branching on CartesianIndex(1, 5) with c.
321    171    16         30.0350    48.8755    62.7286    % 
UB: 48.87549019607843
branching on 1 with b.
322    172    16         30.0350    48.8755    62.7286    % 
LB close or above UB, fathomed
323    171    6          31.2843    48.8755    56.2300    % 
UB: 48.87549019607843
branching on 1 with b.
324    172    6          31.2843    48.8755    56.2300    % 
UB: 48.87549019607843
branching on 1 with b.
325    173    7          31.2843    48.8755    56.2300    % 
UB: 48.87549019607843
branching on 2 with b.
326    174    8          31.2843    48.8755    56.2300    % 
UB: 48.87549019607843
branching on CartesianIndex(2, 1) with a.
327    175    8          31.2843    48.8755    56.2300    % 
LB close or above UB, fathomed
328    174    7          31.2843    48.8755    56.2300    % 
LB close or above UB, fathomed
329    173    31         31.3343    48.8755    55.9807    % 
UB: 48.87549019607843
branching on 3 with b.
330    174    32         31.3343    48.8755    55.9807    % 
UB: 48.87549019607843
branching on 1 with b.
331    175    32         31.3343    48.8755    55.9807    % 
UB: 48.87549019607843
branching on 1 with b.
332    176    31         31.3343    48.8755    55.9807    % 
LB close or above UB, fathomed
333    175    9          31.3343    48.8755    55.9807    % 
UB: 48.87549019607843
branching on 2 with b.
334    176    10         31.3343    48.8755    55.9807    % 
UB: 48.87549019607843
branching on CartesianIndex(2, 2) with a.
335    177    11         31.3343    48.8755    55.9807    % 
UB: 48.87549019607843
branching on CartesianIndex(3, 2) with a.
336    178    11         31.3343    48.8755    55.9807    % 
LB close or above UB, fathomed
337    177    10         31.3343    48.8755    55.9807    % 
UB: 48.87549019607843
branching on CartesianIndex(2, 2) with a.
338    178    9          31.3343    48.8755    55.9807    % 
LB close or above UB, fathomed
339    177    14         31.3343    48.8755    55.9807    % 
UB: 48.87549019607843
branching on CartesianIndex(2, 2) with a.
340    178    14         31.3343    48.8755    55.9807    % 
UB: 48.87549019607843
branching on CartesianIndex(2, 2) with a.
341    179    18         31.3343    48.8755    55.9807    % 
UB: 48.87549019607843
branching on CartesianIndex(3, 3) with a.
342    180    18         31.3343    48.8755    55.9807    % 
LB close or above UB, fathomed
343    179    11         31.3343    48.8755    55.9807    % 
UB: 48.87549019607843
branching on CartesianIndex(1, 3) with a.
344    180    11         31.3343    48.8755    55.9807    % 
UB: 48.87549019607843
branching on 1 with b.
345    181    24         31.3343    48.8755    55.9807    % 
UB: 48.87549019607843
branching on CartesianIndex(1, 6) with c.
346    182    25         31.3343    48.8755    55.9807    % 
LB close or above UB, fathomed
347    181    25         31.3343    48.8755    55.9807    % 
UB: 48.87549019607843
branching on CartesianIndex(1, 7) with c.
348    182    26         31.3343    48.8755    55.9807    % 
UB: 48.87549019607843
branching on 2 with b.
349    183    27         31.3343    48.8755    55.9807    % 
UB: 48.87549019607843
branching on 3 with b.
350    184    28         31.3343    48.8755    55.9807    % 
UB: 48.87549019607843
branching on 1 with b.
351    185    29         31.3343    48.8755    55.9807    % 
UB: 48.87549019607843
branching on 2 with b.
352    186    29         31.3343    48.8755    55.9807    % 
UB: 48.87549019607843
branching on 2 with b.
353    187    28         31.3343    48.8755    55.9807    % 
LB close or above UB, fathomed
354    186    27         31.3343    48.8755    55.9807    % 
UB: 48.87549019607843
branching on 3 with b.
355    187    26         31.3343    48.8755    55.9807    % 
LB close or above UB, fathomed
356    186    24         31.3343    48.8755    55.9807    % 
LB close or above UB, fathomed
357    185    28         31.3343    48.8755    55.9807    % 
UB: 48.87549019607843
branching on 1 with b.
358    186    28         31.3343    48.8755    55.9807    % 
UB: 48.87549019607843
branching on 1 with b.
359    187    21         31.3343    48.8755    55.9807    % 
UB: 48.87549019607843
branching on CartesianIndex(4, 3) with a.
360    188    21         31.3343    48.8755    55.9807    % 
UB: 48.87549019607843
branching on CartesianIndex(1, 4) with c.
361    189    17         31.3343    48.8755    55.9807    % 
LB close or above UB, fathomed
362    188    17         31.3343    48.8755    55.9807    % 
UB: 48.87549019607843
branching on CartesianIndex(1, 5) with c.
363    189    18         31.3343    48.8755    55.9807    % 
UB: 48.87549019607843
branching on 1 with b.
364    190    19         31.3343    48.8755    55.9807    % 
UB: 48.87549019607843
branching on CartesianIndex(1, 6) with c.
365    191    19         31.3343    48.8755    55.9807    % 
UB: 48.87549019607843
branching on CartesianIndex(1, 6) with c.
366    192    18         31.3343    48.8755    55.9807    % 
LB close or above UB, fathomed
367    191    13         31.3343    48.8755    55.9807    % 
UB: 48.87549019607843
branching on 1 with b.
368    192    13         31.3343    48.8755    55.9807    % 
UB: 48.87549019607843
branching on 1 with b.
369    193    14         31.3343    48.8755    55.9807    % 
UB: 48.87549019607843
branching on CartesianIndex(1, 3) with a.
370    194    14         31.3343    48.8755    55.9807    % 
UB: 48.87549019607843
branching on CartesianIndex(1, 3) with a.
371    195    10         31.3343    48.8755    55.9807    % 
LB close or above UB, fathomed
372    194    10         31.3343    48.8755    55.9807    % 
UB: 48.87549019607843
branching on 2 with b.
373    195    11         31.3343    48.8755    55.9807    % 
UB: 48.87549019607843
branching on 3 with b.
374    196    12         31.3343    48.8755    55.9807    % 
UB: 48.87549019607843
branching on 1 with b.
375    197    13         31.3343    48.8755    55.9807    % 
UB: 48.87549019607843
branching on CartesianIndex(1, 3) with a.
376    198    13         31.3343    48.8755    55.9807    % 
UB: 48.87549019607843
branching on 2 with b.
377    199    12         31.3343    48.8755    55.9807    % 
UB: 48.87549019607843
branching on CartesianIndex(1, 3) with a.
378    200    11         31.3343    48.8755    55.9807    % 
UB: 48.87549019607843
branching on CartesianIndex(1, 3) with a.
379    201    15         31.3343    48.8755    55.9807    % 
UB: 48.87549019607843
branching on 1 with b.
380    202    16         31.3343    48.8755    55.9807    % 
UB: 48.87549019607843
branching on CartesianIndex(2, 3) with a.
381    203    16         31.3343    48.8755    55.9807    % 
UB: 48.87549019607843
branching on CartesianIndex(2, 3) with a.
382    204    15         31.3343    48.8755    55.9807    % 
LB close or above UB, fathomed
383    203    28         31.3343    48.8755    55.9807    % 
UB: 48.87549019607843
branching on 3 with b.
384    204    29         31.3343    48.8755    55.9807    % 
UB: 48.87549019607843
branching on 1 with b.
385    205    30         31.3343    48.8755    55.9807    % 
UB: 48.87549019607843
branching on 2 with b.
386    206    30         31.3343    48.8755    55.9807    % 
UB: 48.87549019607843
branching on 2 with b.
387    207    29         31.3343    48.8755    55.9807    % 
LB close or above UB, fathomed
388    206    28         31.3343    48.8755    55.9807    % 
LB close or above UB, fathomed
389    205    19         31.3343    48.8755    55.9807    % 
UB: 48.87549019607843
branching on CartesianIndex(2, 3) with a.
390    206    19         31.3343    48.8755    55.9807    % 
UB: 48.87549019607843
branching on CartesianIndex(1, 4) with c.
391    207    4          33.2023    48.8755    47.2051    % 
LB close or above UB, fathomed
392    206    4          33.2023    48.8755    47.2051    % 
UB: 48.87549019607843
branching on CartesianIndex(1, 1) with a.
393    207    5          33.2065    48.8755    47.1867    % 
UB: 48.87549019607843
branching on CartesianIndex(2, 1) with a.
394    208    6          33.2065    48.8755    47.1867    % 
UB: 48.87549019607843
branching on CartesianIndex(3, 1) with a.
395    209    6          33.2065    48.8755    47.1867    % 
UB: 48.87549019607843
branching on 1 with b.
396    210    5          33.2065    48.8755    47.1867    % 
LB close or above UB, fathomed
397    209    7          33.2106    48.8755    47.1683    % 
UB: 48.87549019607843
branching on CartesianIndex(4, 1) with a.
398    210    7          33.2106    48.8755    47.1683    % 
UB: 48.87549019607843
branching on CartesianIndex(1, 3) with a.
399    211    12         33.2742    48.8755    46.8871    % 
UB: 48.87549019607843
branching on 2 with b.
400    212    13         33.2742    48.8755    46.8871    % 
UB: 48.87549019607843
branching on CartesianIndex(2, 3) with a.
401    213    14         33.2742    48.8755    46.8871    % 
UB: 48.87549019607843
branching on 3 with b.
402    214    14         33.2742    48.8755    46.8871    % 
UB: 48.87549019607843
branching on CartesianIndex(1, 4) with c.
403    215    13         33.2742    48.8755    46.8871    % 
LB close or above UB, fathomed
404    214    12         33.2742    48.8755    46.8871    % 
LB close or above UB, fathomed
405    213    33         33.2833    48.8755    46.8467    % 
UB: 48.87549019607843
branching on 2 with b.
406    214    33         33.2833    48.8755    46.8467    % 
UB: 48.875490196078424
branching on 2 with b.
407    215    17         33.2833    48.8755    46.8467    % 
LB close or above UB, fathomed
408    214    17         33.2833    48.8755    46.8467    % 
UB: 48.875490196078424
branching on CartesianIndex(1, 5) with c.
409    215    18         33.2833    48.8755    46.8467    % 
UB: 48.875490196078424
branching on CartesianIndex(1, 6) with c.
410    216    18         33.2833    48.8755    46.8467    % 
LB close or above UB, fathomed
411    215    19         33.2833    48.8755    46.8467    % 
LB close or above UB, fathomed
412    214    19         33.2833    48.8755    46.8467    % 
UB: 48.875490196078424
branching on CartesianIndex(1, 7) with c.
413    215    20         33.2833    48.8755    46.8467    % 
UB: 48.875490196078424
branching on 2 with b.
414    216    21         33.2833    48.8755    46.8467    % 
UB: 48.875490196078424
branching on 3 with b.
415    217    22         33.2833    48.8755    46.8467    % 
LB close or above UB, fathomed
416    216    22         33.2833    48.8755    46.8467    % 
UB: 48.875490196078424
branching on 1 with b.
417    217    23         33.2833    48.8755    46.8467    % 
UB: 48.875490196078424
branching on 2 with b.
418    218    23         33.2833    48.8755    46.8467    % 
UB: 48.875490196078424
branching on 2 with b.
419    219    21         33.2833    48.8755    46.8467    % 
LB close or above UB, fathomed
420    218    20         33.2833    48.8755    46.8467    % 
LB close or above UB, fathomed
421    217    31         33.2833    48.8755    46.8467    % 
UB: 48.875490196078424
branching on 3 with b.
422    218    32         33.2833    48.8755    46.8467    % 
UB: 48.875490196078424
branching on 1 with b.
423    219    32         33.2833    48.8755    46.8467    % 
UB: 48.875490196078424
branching on 1 with b.
424    220    31         33.2833    48.8755    46.8467    % 
LB close or above UB, fathomed
425    219    12         33.2833    48.8755    46.8467    % 
LB close or above UB, fathomed
426    218    12         33.2833    48.8755    46.8467    % 
UB: 48.875490196078424
branching on 2 with b.
427    219    13         33.2833    48.8755    46.8467    % 
UB: 48.875490196078424
branching on 3 with b.
428    220    14         33.2833    48.8755    46.8467    % 
UB: 48.875490196078424
branching on 1 with b.
429    221    15         33.2833    48.8755    46.8467    % 
UB: 48.875490196078424
branching on CartesianIndex(1, 3) with a.
430    222    15         33.2833    48.8755    46.8467    % 
UB: 48.875490196078424
branching on CartesianIndex(1, 3) with a.
431    223    14         33.2833    48.8755    46.8467    % 
LB close or above UB, fathomed
432    222    13         33.2833    48.8755    46.8467    % 
UB: 48.875490196078424
branching on 3 with b.
433    223    12         33.2833    48.8755    46.8467    % 
LB close or above UB, fathomed
434    222    12         33.2833    48.8755    46.8467    % 
UB: 48.875490196078424
branching on CartesianIndex(1, 3) with a.
435    223    33         33.2833    48.8755    46.8467    % 
UB: 48.875490196078424
branching on 2 with b.
436    224    33         33.2833    48.8755    46.8467    % 
UB: 48.875490196078424
branching on 2 with b.
437    225    16         33.2833    48.8755    46.8467    % 
UB: 48.875490196078424
branching on 2 with b.
438    226    17         33.2833    48.8755    46.8467    % 
UB: 48.875490196078424
branching on 3 with b.
439    227    17         33.2833    48.8755    46.8467    % 
UB: 48.875490196078424
branching on 3 with b.
440    228    16         33.2833    48.8755    46.8467    % 
UB: 48.875490196078424
branching on 2 with b.
441    229    16         33.2833    48.8755    46.8467    % 
UB: 48.875490196078424
branching on CartesianIndex(4, 2) with a.
442    230    17         33.2833    48.8755    46.8467    % 
UB: 48.875490196078424
branching on CartesianIndex(1, 3) with a.
443    231    17         33.2833    48.8755    46.8467    % 
UB: 48.875490196078424
branching on CartesianIndex(1, 3) with a.
444    232    16         33.2833    48.8755    46.8467    % 
LB close or above UB, fathomed
445    231    16         33.2833    48.8755    46.8467    % 
UB: 48.875490196078424
branching on CartesianIndex(2, 3) with a.
446    232    17         33.2833    48.8755    46.8467    % 
LB close or above UB, fathomed
447    231    17         33.2833    48.8755    46.8467    % 
UB: 48.875490196078424
branching on 1 with b.
448    232    16         33.2833    48.8755    46.8467    % 
UB: 48.875490196078424
branching on CartesianIndex(2, 3) with a.
449    233    12         33.2833    48.8755    46.8467    % 
LB close or above UB, fathomed
450    232    12         33.2833    48.8755    46.8467    % 
UB: 48.875490196078424
branching on CartesianIndex(1, 4) with c.
451    233    15         33.2833    48.8755    46.8467    % 
UB: 48.875490196078424
branching on CartesianIndex(1, 3) with a.
452    234    16         33.2833    48.8755    46.8467    % 
UB: 48.875490196078424
branching on CartesianIndex(2, 3) with a.
453    235    17         33.2833    48.8755    46.8467    % 
LB close or above UB, fathomed
454    234    17         33.2833    48.8755    46.8467    % 
UB: 48.875490196078424
branching on CartesianIndex(1, 4) with c.
455    235    16         33.2833    48.8755    46.8467    % 
LB close or above UB, fathomed
456    234    15         33.2833    48.8755    46.8467    % 
UB: 48.875490196078424
branching on CartesianIndex(1, 3) with a.
457    235    14         33.2833    48.8755    46.8467    % 
UB: 48.875490196078424
branching on 1 with b.
458    236    14         33.2833    48.8755    46.8467    % 
LB close or above UB, fathomed
459    235    20         33.2833    48.8755    46.8467    % 
UB: 48.875490196078424
branching on CartesianIndex(3, 3) with a.
460    236    20         33.2833    48.8755    46.8467    % 
UB: 48.875490196078424
branching on CartesianIndex(1, 4) with c.
461    237    29         33.2833    48.8755    46.8467    % 
UB: 48.875490196078424
branching on 2 with b.
462    238    29         33.2833    48.8755    46.8467    % 
UB: 48.875490196078424
branching on 2 with b.
463    239    17         33.2833    48.8755    46.8467    % 
UB: 48.875490196078424
branching on CartesianIndex(2, 3) with a.
464    240    18         33.2833    48.8755    46.8467    % 
UB: 48.875490196078424
branching on 2 with b.
465    241    18         33.2833    48.8755    46.8467    % 
UB: 48.875490196078424
branching on CartesianIndex(1, 4) with c.
466    242    17         33.2833    48.8755    46.8467    % 
UB: 48.875490196078424
branching on CartesianIndex(2, 3) with a.
467    243    29         33.2833    48.8755    46.8467    % 
UB: 48.875490196078424
branching on 3 with b.
468    244    30         33.2833    48.8755    46.8467    % 
UB: 48.875490196078424
branching on 1 with b.
469    245    30         33.2833    48.8755    46.8467    % 
LB close or above UB, fathomed
470    244    29         33.2833    48.8755    46.8467    % 
LB close or above UB, fathomed
471    243    25         33.2833    48.8755    46.8467    % 
LB close or above UB, fathomed
472    242    25         33.2833    48.8755    46.8467    % 
UB: 48.875490196078424
branching on 3 with b.
473    243    26         33.2833    48.8755    46.8467    % 
UB: 48.875490196078424
branching on 1 with b.
474    244    27         33.2833    48.8755    46.8467    % 
UB: 48.875490196078424
branching on 2 with b.
475    245    27         33.2833    48.8755    46.8467    % 
UB: 48.875490196078424
branching on 2 with b.
476    246    26         33.2833    48.8755    46.8467    % 
LB close or above UB, fathomed
477    245    27         33.2833    48.8755    46.8467    % 
LB close or above UB, fathomed
478    244    27         33.2833    48.8755    46.8467    % 
UB: 48.875490196078424
branching on 3 with b.
479    245    13         33.2833    48.8755    46.8467    % 
LB close or above UB, fathomed
480    244    13         33.2833    48.8755    46.8467    % 
UB: 48.875490196078424
branching on 2 with b.
481    245    25         33.2833    48.8755    46.8467    % 
LB close or above UB, fathomed
482    244    25         33.2833    48.8755    46.8467    % 
UB: 48.875490196078424
branching on 3 with b.
483    245    9          35.1824    48.8755    38.9205    % 
UB: 48.875490196078424
branching on CartesianIndex(3, 1) with a.
484    246    9          35.1824    48.8755    38.9205    % 
UB: 48.875490196078424
branching on CartesianIndex(1, 2) with a.
485    247    15         35.2232    48.8755    38.7593    % 
UB: 48.875490196078424
branching on CartesianIndex(3, 3) with a.
486    248    15         35.2232    48.8755    38.7593    % 
UB: 48.875490196078424
branching on CartesianIndex(3, 3) with a.
487    249    31         35.2324    48.8755    38.7233    % 
LB close or above UB, fathomed
488    248    31         35.2324    48.8755    38.7233    % 
UB: 48.875490196078424
branching on 3 with b.
489    249    13         35.2324    48.8755    38.7233    % 
LB close or above UB, fathomed
490    248    13         35.2324    48.8755    38.7233    % 
UB: 48.875490196078424
branching on 2 with b.
491    249    14         35.2324    48.8755    38.7233    % 
UB: 48.875490196078424
branching on CartesianIndex(1, 5) with c.
492    250    14         35.2324    48.8755    38.7233    % 
LB close or above UB, fathomed
493    249    34         35.2324    48.8755    38.7233    % 
UB: 48.875490196078424
branching on 3 with b.
494    250    35         35.2324    48.8755    38.7233    % 
UB: 48.875490196078424
branching on 1 with b.
495    251    35         35.2324    48.8755    38.7233    % 
UB: 48.875490196078424
branching on 1 with b.
496    252    34         35.2324    48.8755    38.7233    % 
LB close or above UB, fathomed
497    251    15         35.2324    48.8755    38.7233    % 
UB: 48.875490196078424
branching on 2 with b.
498    252    15         35.2324    48.8755    38.7233    % 
LB close or above UB, fathomed
499    251    29         35.2324    48.8755    38.7233    % 
UB: 48.875490196078424
branching on 3 with b.
500    252    30         35.2324    48.8755    38.7233    % 
UB: 48.875490196078424
branching on 1 with b.
501    253    30         35.2324    48.8755    38.7233    % 
LB close or above UB, fathomed
502    252    29         35.2324    48.8755    38.7233    % 
LB close or above UB, fathomed
503    251    22         35.2324    48.8755    38.7233    % 
UB: 48.875490196078424
branching on CartesianIndex(1, 7) with c.
504    252    23         35.2324    48.8755    38.7233    % 
UB: 48.875490196078424
branching on 1 with b.
505    253    24         35.2324    48.8755    38.7233    % 
UB: 48.875490196078424
branching on 2 with b.
506    254    24         35.2324    48.8755    38.7233    % 
UB: 48.875490196078424
branching on 2 with b.
507    255    23         35.2324    48.8755    38.7233    % 
LB close or above UB, fathomed
508    254    22         35.2324    48.8755    38.7233    % 
LB close or above UB, fathomed
509    253    8          35.2324    48.8755    38.7233    % 
UB: 48.875490196078424
branching on 1 with b.
510    254    9          35.2324    48.8755    38.7233    % 
LB close or above UB, fathomed
511    253    9          35.2324    48.8755    38.7233    % 
UB: 48.875490196078424
branching on CartesianIndex(1, 3) with a.
512    254    10         35.2324    48.8755    38.7233    % 
UB: 48.875490196078424
branching on 2 with b.
513    255    11         35.2324    48.8755    38.7233    % 
UB: 48.875490196078424
branching on 3 with b.
514    256    12         35.2324    48.8755    38.7233    % 
UB: 48.875490196078424
branching on CartesianIndex(2, 3) with a.
515    257    12         35.2324    48.8755    38.7233    % 
LB close or above UB, fathomed
516    256    11         35.2324    48.8755    38.7233    % 
UB: 48.875490196078424
branching on 3 with b.
517    257    10         35.2324    48.8755    38.7233    % 
LB close or above UB, fathomed
518    256    8          35.2324    48.8755    38.7233    % 
LB close or above UB, fathomed
519    255    16         35.2324    48.8755    38.7233    % 
UB: 48.875490196078424
branching on 2 with b.
520    256    16         35.2324    48.8755    38.7233    % 
LB close or above UB, fathomed
521    255    7          35.2324    48.8755    38.7233    % 
UB: 48.875490196078424
branching on 1 with b.
522    256    8          35.2324    48.8755    38.7233    % 
UB: 48.875490196078424
branching on 1 with b.
523    257    9          35.2324    48.8755    38.7233    % 
LB close or above UB, fathomed
524    256    9          35.2324    48.8755    38.7233    % 
UB: 48.875490196078424
branching on CartesianIndex(2, 3) with a.
525    257    8          35.2324    48.8755    38.7233    % 
LB close or above UB, fathomed
526    256    7          35.2324    48.8755    38.7233    % 
LB close or above UB, fathomed
527    255    31         35.2324    48.8755    38.7233    % 
UB: 48.875490196078424
branching on 2 with b.
528    256    31         35.2324    48.8755    38.7233    % 
UB: 48.875490196078424
branching on 2 with b.
529    257    30         35.2324    48.8755    38.7233    % 
LB close or above UB, fathomed
530    256    30         35.2324    48.8755    38.7233    % 
UB: 48.875490196078424
branching on 3 with b.
531    257    31         35.2324    48.8755    38.7233    % 
UB: 48.875490196078424
branching on 1 with b.
532    258    31         35.2324    48.8755    38.7233    % 
UB: 48.875490196078424
branching on 1 with b.
533    259    15         35.2324    48.8755    38.7233    % 
UB: 48.875490196078424
branching on CartesianIndex(1, 3) with a.
534    260    15         35.2324    48.8755    38.7233    % 
UB: 48.875490196078424
branching on CartesianIndex(1, 3) with a.
535    261    18         35.2324    48.8755    38.7233    % 
UB: 48.875490196078424
branching on CartesianIndex(1, 6) with c.
536    262    18         35.2324    48.8755    38.7233    % 
LB close or above UB, fathomed
537    261    33         35.2324    48.8755    38.7233    % 
UB: 48.875490196078424
branching on 2 with b.
538    262    33         35.2324    48.8755    38.7233    % 
UB: 48.875490196078424
branching on 2 with b.
539    263    20         35.2324    48.8755    38.7233    % 
LB close or above UB, fathomed
540    262    20         35.2324    48.8755    38.7233    % 
UB: 48.875490196078424
branching on CartesianIndex(1, 7) with c.
541    263    21         35.2324    48.8755    38.7233    % 
UB: 48.875490196078424
branching on 2 with b.
542    264    22         35.2324    48.8755    38.7233    % 
UB: 48.875490196078424
branching on 3 with b.
543    265    23         35.2324    48.8755    38.7233    % 
LB close or above UB, fathomed
544    264    23         35.2324    48.8755    38.7233    % 
UB: 48.875490196078424
branching on 1 with b.
545    265    24         35.2324    48.8755    38.7233    % 
UB: 48.875490196078424
branching on 2 with b.
546    266    24         35.2324    48.8755    38.7233    % 
UB: 48.875490196078424
branching on 2 with b.
547    267    22         35.2324    48.8755    38.7233    % 
UB: 48.875490196078424
branching on 3 with b.
548    268    21         35.2324    48.8755    38.7233    % 
LB close or above UB, fathomed
549    267    22         35.2324    48.8755    38.7233    % 
LB close or above UB, fathomed
550    266    22         35.2324    48.8755    38.7233    % 
UB: 48.875490196078424
branching on CartesianIndex(1, 5) with c.
551    267    23         35.2324    48.8755    38.7233    % 
UB: 48.875490196078424
branching on 3 with b.
552    268    24         35.2324    48.8755    38.7233    % 
LB close or above UB, fathomed
553    267    24         35.2324    48.8755    38.7233    % 
UB: 48.875490196078424
branching on CartesianIndex(1, 6) with c.
554    268    25         35.2324    48.8755    38.7233    % 
LB close or above UB, fathomed
555    267    25         35.2324    48.8755    38.7233    % 
UB: 48.875490196078424
branching on CartesianIndex(1, 7) with c.
556    268    26         35.2324    48.8755    38.7233    % 
UB: 48.875490196078424
branching on 1 with b.
557    269    27         35.2324    48.8755    38.7233    % 
UB: 48.875490196078424
branching on 2 with b.
558    270    27         35.2324    48.8755    38.7233    % 
UB: 48.875490196078424
branching on 2 with b.
559    271    26         35.2324    48.8755    38.7233    % 
LB close or above UB, fathomed
560    270    23         35.2324    48.8755    38.7233    % 
LB close or above UB, fathomed
561    269    30         35.2324    48.8755    38.7233    % 
LB close or above UB, fathomed
562    268    30         35.2324    48.8755    38.7233    % 
UB: 48.875490196078424
branching on 3 with b.
563    269    31         35.2324    48.8755    38.7233    % 
UB: 48.875490196078424
branching on 1 with b.
564    270    31         35.2324    48.8755    38.7233    % 
UB: 48.875490196078424
branching on 1 with b.
565    271    18         35.2324    48.8755    38.7233    % 
UB: 48.875490196078424
branching on 2 with b.
566    272    18         35.2324    48.8755    38.7233    % 
UB: 48.875490196078424
branching on 2 with b.
567    273    13         35.2324    48.8755    38.7233    % 
UB: 48.875490196078424
branching on CartesianIndex(3, 3) with a.
568    274    14         35.2324    48.8755    38.7233    % 
LB close or above UB, fathomed
569    273    14         35.2324    48.8755    38.7233    % 
UB: 48.875490196078424
branching on 3 with b.
570    274    13         35.2324    48.8755    38.7233    % 
UB: 48.875490196078424
branching on 3 with b.
571    275    17         35.2324    48.8755    38.7233    % 
LB close or above UB, fathomed
572    274    17         35.2324    48.8755    38.7233    % 
UB: 48.875490196078424
branching on CartesianIndex(1, 5) with c.
573    275    18         35.2324    48.8755    38.7233    % 
UB: 48.875490196078424
branching on 1 with b.
574    276    19         35.2324    48.8755    38.7233    % 
UB: 48.875490196078424
branching on 2 with b.
575    277    19         35.2324    48.8755    38.7233    % 
UB: 48.875490196078424
branching on CartesianIndex(1, 6) with c.
576    278    18         35.2324    48.8755    38.7233    % 
LB close or above UB, fathomed
577    277    10         35.2324    48.8755    38.7233    % 
UB: 48.875490196078424
branching on CartesianIndex(1, 2) with a.
578    278    10         35.2324    48.8755    38.7233    % 
UB: 48.875490196078424
branching on 2 with b.
579    279    19         35.2324    48.8755    38.7233    % 
LB close or above UB, fathomed
580    278    19         35.2324    48.8755    38.7233    % 
UB: 48.875490196078424
branching on 3 with b.
581    279    20         35.2324    48.8755    38.7233    % 
LB close or above UB, fathomed
582    278    20         35.2324    48.8755    38.7233    % 
UB: 48.875490196078424
branching on CartesianIndex(3, 3) with a.
583    279    21         35.2324    48.8755    38.7233    % 
UB: 48.875490196078424
branching on CartesianIndex(4, 3) with a.
584    280    21         35.2324    48.8755    38.7233    % 
UB: 48.875490196078424
branching on CartesianIndex(1, 4) with c.
585    281    14         35.2324    48.8755    38.7233    % 
UB: 48.875490196078424
branching on CartesianIndex(2, 2) with a.
586    282    15         35.2324    48.8755    38.7233    % 
LB close or above UB, fathomed
587    281    15         35.2324    48.8755    38.7233    % 
UB: 48.875490196078424
branching on CartesianIndex(1, 3) with a.
588    282    16         35.2324    48.8755    38.7233    % 
UB: 48.875490196078424
branching on CartesianIndex(2, 3) with a.
589    283    17         35.2324    48.8755    38.7233    % 
UB: 48.875490196078424
branching on CartesianIndex(3, 3) with a.
590    284    17         35.2324    48.8755    38.7233    % 
LB close or above UB, fathomed
591    283    16         35.2324    48.8755    38.7233    % 
LB close or above UB, fathomed
592    282    14         35.2324    48.8755    38.7233    % 
LB close or above UB, fathomed
593    281    21         35.2324    48.8755    38.7233    % 
UB: 48.875490196078424
branching on CartesianIndex(4, 3) with a.
594    282    21         35.2324    48.8755    38.7233    % 
UB: 48.875490196078424
branching on CartesianIndex(1, 4) with c.
595    283    17         35.7196    48.8755    36.8310    % 
LB close or above UB, fathomed
596    282    17         35.7196    48.8755    36.8310    % 
LB close or above UB, fathomed
597    281    16         36.2069    48.8755    34.9896    % 
LB close or above UB, fathomed
598    280    16         36.2069    48.8755    34.9896    % 
UB: 48.875490196078424
branching on CartesianIndex(3, 2) with a.
599    281    18         36.4018    48.8755    34.2668    % 
UB: 48.875490196078424
branching on CartesianIndex(2, 3) with a.
600    282    18         36.4018    48.8755    34.2668    % 
LB close or above UB, fathomed
601    281    31         37.1814    48.8755    31.4515    % 
UB: 48.875490196078424
branching on 3 with b.
602    282    32         37.1814    48.8755    31.4515    % 
UB: 48.875490196078424
branching on 1 with b.
603    283    32         37.1814    48.8755    31.4515    % 
UB: 48.875490196078424
branching on 1 with b.
604    284    31         37.1814    48.8755    31.4515    % 
LB close or above UB, fathomed
605    283    34         37.1814    48.8755    31.4515    % 
UB: 48.875490196078424
branching on 3 with b.
606    284    35         37.1814    48.8755    31.4515    % 
UB: 48.875490196078424
branching on 1 with b.
607    285    35         37.1814    48.8755    31.4515    % 
UB: 48.875490196078424
branching on 1 with b.
608    286    34         37.1814    48.8755    31.4515    % 
LB close or above UB, fathomed
609    285    34         37.1814    48.8755    31.4515    % 
UB: 48.875490196078424
branching on 3 with b.
610    286    35         37.1814    48.8755    31.4515    % 
UB: 48.875490196078424
branching on 1 with b.
611    287    35         37.1814    48.8755    31.4515    % 
UB: 48.875490196078424
branching on 1 with b.
612    288    34         37.1814    48.8755    31.4515    % 
LB close or above UB, fathomed
613    287    34         37.1814    48.8755    31.4515    % 
UB: 48.875490196078424
branching on 3 with b.
614    288    34         37.1814    48.8755    31.4515    % 
LB close or above UB, fathomed
615    287    32         37.1814    48.8755    31.4515    % 
UB: 48.875490196078424
branching on 3 with b.
616    288    33         37.1814    48.8755    31.4515    % 
UB: 48.875490196078424
branching on 1 with b.
617    289    33         37.1814    48.8755    31.4515    % 
UB: 48.875490196078424
branching on 1 with b.
618    290    32         37.1814    48.8755    31.4515    % 
LB close or above UB, fathomed
619    289    31         37.1814    48.8755    31.4515    % 
UB: 48.875490196078424
branching on 2 with b.
620    290    31         37.1814    48.8755    31.4515    % 
UB: 48.875490196078424
branching on 2 with b.
621    291    32         37.1814    48.8755    31.4515    % 
UB: 48.875490196078424
branching on 1 with b.
622    292    32         37.1814    48.8755    31.4515    % 
UB: 48.875490196078424
branching on 1 with b.
623    293    35         37.1814    48.8755    31.4515    % 
UB: 48.875490196078424
branching on 1 with b.
624    294    36         37.1814    48.8755    31.4515    % 
UB: 48.875490196078424
branching on 2 with b.
625    295    36         37.1814    48.8755    31.4515    % 
UB: 48.875490196078424
branching on 2 with b.
626    296    35         37.1814    48.8755    31.4515    % 
LB close or above UB, fathomed
627    295    36         37.1814    48.8755    31.4515    % 
UB: 48.875490196078424
branching on 2 with b.
628    296    36         37.1814    48.8755    31.4515    % 
UB: 46.92647058823529
branching on 2 with b.
629    297    37         37.1814    46.9265    26.2096    % 
UB: 46.92647058823529
branching on 3 with b.
630    270    37         37.1814    46.9265    26.2096    % 
UB: 46.92647058823529
branching on 3 with b.
631    271    38         37.1814    46.9265    26.2096    % 
UB: 46.92647058823529
branching on 1 with b.
632    272    39         37.1814    46.9265    26.2096    % 
UB: 46.92647058823529
branching on 2 with b.
633    273    40         37.1814    46.9265    26.2096    % 
UB: 46.92647058823529
branching on 3 with b.
634    274    40         37.1814    46.9265    26.2096    % 
UB: 46.92647058823529
branching on 3 with b.
635    275    39         37.1814    46.9265    26.2096    % 
UB: 46.92647058823529
branching on 2 with b.
636    276    38         37.1814    46.9265    26.2096    % 
UB: 46.92647058823529
branching on 1 with b.
637    277    15         37.1814    46.9265    26.2096    % 
UB: 46.92647058823529
branching on CartesianIndex(1, 4) with c.
638    278    15         37.1814    46.9265    26.2096    % 
LB close or above UB, fathomed
639    277    32         37.1814    46.9265    26.2096    % 
UB: 46.92647058823529
branching on 2 with b.
640    278    32         37.1814    46.9265    26.2096    % 
UB: 46.92647058823529
branching on 2 with b.
641    279    32         37.1814    46.9265    26.2096    % 
UB: 46.92647058823529
branching on 2 with b.
642    280    32         37.1814    46.9265    26.2096    % 
UB: 46.92647058823529
branching on 2 with b.
643    281    32         37.1814    46.9265    26.2096    % 
UB: 46.92647058823529
branching on 2 with b.
644    282    32         37.1814    46.9265    26.2096    % 
UB: 46.92647058823529
branching on 2 with b.
645    283    10         37.1814    46.9265    26.2096    % 
UB: 46.92647058823529
branching on 2 with b.
646    284    10         37.1814    46.9265    26.2096    % 
LB close or above UB, fathomed
647    283    17         37.1814    46.9265    26.2096    % 
LB close or above UB, fathomed
648    282    17         37.1814    46.9265    26.2096    % 
UB: 46.92647058823529
branching on CartesianIndex(3, 3) with a.
649    283    13         37.1814    46.9265    26.2096    % 
UB: 46.92647058823529
branching on 1 with b.
650    284    14         37.1814    46.9265    26.2096    % 
LB close or above UB, fathomed
651    283    14         37.1814    46.9265    26.2096    % 
UB: 46.92647058823529
branching on CartesianIndex(3, 3) with a.
652    284    13         37.1814    46.9265    26.2096    % 
LB close or above UB, fathomed
653    283    15         37.1814    46.9265    26.2096    % 
UB: 46.92647058823529
branching on CartesianIndex(1, 6) with c.
654    284    16         37.1814    46.9265    26.2096    % 
LB close or above UB, fathomed
655    283    16         37.1814    46.9265    26.2096    % 
UB: 46.92647058823529
branching on 3 with b.
656    284    17         37.1814    46.9265    26.2096    % 
UB: 46.92647058823529
branching on 1 with b.
657    285    17         37.1814    46.9265    26.2096    % 
LB close or above UB, fathomed
658    284    15         37.1814    46.9265    26.2096    % 
LB close or above UB, fathomed
659    283    28         37.1814    46.9265    26.2096    % 
LB close or above UB, fathomed
660    282    28         37.1814    46.9265    26.2096    % 
UB: 46.92647058823529
branching on 3 with b.
661    283    13         37.1814    46.9265    26.2096    % 
UB: 46.92647058823529
branching on 3 with b.
662    284    14         37.1814    46.9265    26.2096    % 
UB: 46.92647058823529
branching on CartesianIndex(2, 3) with a.
663    285    14         37.1814    46.9265    26.2096    % 
UB: 46.92647058823529
branching on 1 with b.
664    286    15         37.1814    46.9265    26.2096    % 
UB: 46.92647058823529
branching on CartesianIndex(2, 3) with a.
665    287    16         37.1814    46.9265    26.2096    % 
UB: 46.92647058823529
branching on CartesianIndex(3, 3) with a.
666    288    16         37.1814    46.9265    26.2096    % 
UB: 46.92647058823529
branching on CartesianIndex(1, 4) with c.
667    289    15         37.1814    46.9265    26.2096    % 
LB close or above UB, fathomed
668    288    13         37.1814    46.9265    26.2096    % 
UB: 46.92647058823529
branching on CartesianIndex(1, 4) with c.
669    289    24         37.1814    46.9265    26.2096    % 
UB: 46.92647058823529
branching on 3 with b.
670    290    24         37.1814    46.9265    26.2096    % 
LB close or above UB, fathomed
671    289    14         37.1814    46.9265    26.2096    % 
UB: 46.92647058823529
branching on CartesianIndex(1, 3) with a.
672    290    14         37.1814    46.9265    26.2096    % 
LB close or above UB, fathomed
673    289    19         37.1814    46.9265    26.2096    % 
LB close or above UB, fathomed
674    288    19         37.1814    46.9265    26.2096    % 
UB: 46.92647058823529
branching on CartesianIndex(1, 4) with c.
675    289    15         37.1814    46.9265    26.2096    % 
UB: 46.92647058823529
branching on 2 with b.
676    290    16         37.1814    46.9265    26.2096    % 
LB close or above UB, fathomed
677    289    16         37.1814    46.9265    26.2096    % 
UB: 46.92647058823529
branching on CartesianIndex(3, 2) with a.
678    290    15         37.1814    46.9265    26.2096    % 
LB close or above UB, fathomed
679    289    14         37.1814    46.9265    26.2096    % 
UB: 46.92647058823529
branching on CartesianIndex(2, 3) with a.
680    290    14         37.1814    46.9265    26.2096    % 
LB close or above UB, fathomed
681    289    25         37.1814    46.9265    26.2096    % 
LB close or above UB, fathomed
682    288    25         37.1814    46.9265    26.2096    % 
UB: 46.92647058823529
branching on 3 with b.
683    289    26         37.1814    46.9265    26.2096    % 
UB: 46.92647058823529
branching on 1 with b.
684    290    27         37.1814    46.9265    26.2096    % 
LB close or above UB, fathomed
685    289    27         37.1814    46.9265    26.2096    % 
UB: 46.92647058823529
branching on 2 with b.
686    290    26         37.1814    46.9265    26.2096    % 
LB close or above UB, fathomed
687    289    15         37.1814    46.9265    26.2096    % 
LB close or above UB, fathomed
688    288    15         37.1814    46.9265    26.2096    % 
UB: 46.92647058823529
branching on 2 with b.
689    289    28         37.1814    46.9265    26.2096    % 
UB: 46.92647058823529
branching on 1 with b.
690    290    28         37.1814    46.9265    26.2096    % 
LB close or above UB, fathomed
691    289    9          37.1814    46.9265    26.2096    % 
UB: 46.92647058823529
branching on CartesianIndex(4, 1) with a.
692    290    9          37.1814    46.9265    26.2096    % 
LB close or above UB, fathomed
693    289    28         37.1814    46.9265    26.2096    % 
LB close or above UB, fathomed
694    288    28         37.1814    46.9265    26.2096    % 
UB: 46.92647058823529
branching on 3 with b.
695    289    29         37.1814    46.9265    26.2096    % 
UB: 46.92647058823529
branching on 1 with b.
696    290    30         37.1814    46.9265    26.2096    % 
LB close or above UB, fathomed
697    289    30         37.1814    46.9265    26.2096    % 
UB: 46.92647058823529
branching on 2 with b.
698    290    31         37.1814    46.9265    26.2096    % 
UB: 46.92647058823529
branching on 3 with b.
699    291    31         37.1814    46.9265    26.2096    % 
UB: 46.92647058823529
branching on 3 with b.
700    292    29         37.1814    46.9265    26.2096    % 
LB close or above UB, fathomed
701    291    9          37.1814    46.9265    26.2096    % 
UB: 46.92647058823529
branching on CartesianIndex(2, 3) with a.
702    292    10         37.1814    46.9265    26.2096    % 
UB: 46.92647058823529
branching on CartesianIndex(3, 3) with a.
703    293    10         37.1814    46.9265    26.2096    % 
LB close or above UB, fathomed
704    292    9          37.1814    46.9265    26.2096    % 
LB close or above UB, fathomed
705    291    18         37.1814    46.9265    26.2096    % 
LB close or above UB, fathomed
706    290    18         37.1814    46.9265    26.2096    % 
UB: 46.92647058823529
branching on CartesianIndex(1, 4) with c.
707    291    19         37.1814    46.9265    26.2096    % 
LB close or above UB, fathomed
708    290    19         37.1814    46.9265    26.2096    % 
UB: 46.92647058823529
branching on 3 with b.
709    291    20         37.1814    46.9265    26.2096    % 
UB: 46.92647058823529
branching on CartesianIndex(1, 5) with c.
710    292    21         37.1814    46.9265    26.2096    % 
UB: 46.92647058823529
branching on CartesianIndex(1, 6) with c.
711    293    22         37.1814    46.9265    26.2096    % 
LB close or above UB, fathomed
712    292    22         37.1814    46.9265    26.2096    % 
UB: 46.92647058823529
branching on CartesianIndex(1, 7) with c.
713    293    23         37.1814    46.9265    26.2096    % 
UB: 46.92647058823529
branching on 1 with b.
714    294    24         37.1814    46.9265    26.2096    % 
UB: 46.92647058823529
branching on 2 with b.
715    295    24         37.1814    46.9265    26.2096    % 
LB close or above UB, fathomed
716    294    23         37.1814    46.9265    26.2096    % 
LB close or above UB, fathomed
717    293    21         37.1814    46.9265    26.2096    % 
LB close or above UB, fathomed
718    292    20         37.1814    46.9265    26.2096    % 
LB close or above UB, fathomed
719    291    16         37.1814    46.9265    26.2096    % 
UB: 46.92647058823529
branching on CartesianIndex(1, 5) with c.
720    292    16         37.1814    46.9265    26.2096    % 
UB: 46.92647058823529
branching on 1 with b.
721    293    17         37.1814    46.9265    26.2096    % 
LB close or above UB, fathomed
722    292    17         37.1814    46.9265    26.2096    % 
UB: 46.92647058823529
branching on CartesianIndex(1, 5) with c.
723    293    20         37.1814    46.9265    26.2096    % 
LB close or above UB, fathomed
724    292    20         37.1814    46.9265    26.2096    % 
UB: 46.92647058823529
branching on CartesianIndex(1, 7) with c.
725    293    21         37.1814    46.9265    26.2096    % 
UB: 46.92647058823529
branching on 2 with b.
726    294    22         37.1814    46.9265    26.2096    % 
LB close or above UB, fathomed
727    293    22         37.1814    46.9265    26.2096    % 
UB: 46.92647058823529
branching on 3 with b.
728    294    23         37.1814    46.9265    26.2096    % 
LB close or above UB, fathomed
729    293    23         37.1814    46.9265    26.2096    % 
UB: 46.92647058823529
branching on 1 with b.
730    294    24         37.1814    46.9265    26.2096    % 
UB: 46.92647058823529
branching on 2 with b.
731    295    25         37.1814    46.9265    26.2096    % 
UB: 46.92647058823529
branching on 3 with b.
732    296    25         37.1814    46.9265    26.2096    % 
LB close or above UB, fathomed
733    295    24         37.1814    46.9265    26.2096    % 
UB: 46.92647058823529
branching on 2 with b.
734    296    21         37.1814    46.9265    26.2096    % 
LB close or above UB, fathomed
735    295    34         37.1814    46.9265    26.2096    % 
UB: 46.92647058823529
branching on 3 with b.
736    296    35         37.1814    46.9265    26.2096    % 
UB: 46.92647058823529
branching on 1 with b.
737    297    35         37.1814    46.9265    26.2096    % 
UB: 46.92647058823529
branching on 1 with b.
738    298    34         37.1814    46.9265    26.2096    % 
LB close or above UB, fathomed
739    297    19         37.1814    46.9265    26.2096    % 
LB close or above UB, fathomed
740    296    19         37.1814    46.9265    26.2096    % 
UB: 46.92647058823529
branching on CartesianIndex(1, 7) with c.
741    297    20         37.1814    46.9265    26.2096    % 
UB: 46.92647058823529
branching on 1 with b.
742    298    21         37.1814    46.9265    26.2096    % 
LB close or above UB, fathomed
743    297    21         37.1814    46.9265    26.2096    % 
UB: 46.92647058823529
branching on 2 with b.
744    298    20         37.1814    46.9265    26.2096    % 
LB close or above UB, fathomed
745    297    18         37.1814    46.9265    26.2096    % 
UB: 46.92647058823529
branching on 1 with b.
746    298    19         37.1814    46.9265    26.2096    % 
LB close or above UB, fathomed
747    297    19         37.1814    46.9265    26.2096    % 
UB: 46.92647058823529
branching on CartesianIndex(1, 5) with c.
748    298    18         37.1814    46.9265    26.2096    % 
UB: 46.92647058823529
branching on CartesianIndex(1, 5) with c.
749    299    26         37.1814    46.9265    26.2096    % 
UB: 46.92647058823529
branching on 1 with b.
750    300    27         37.1814    46.9265    26.2096    % 
UB: 46.92647058823529
branching on 2 with b.
751    301    27         37.1814    46.9265    26.2096    % 
UB: 46.92647058823529
branching on 2 with b.
752    302    26         37.1814    46.9265    26.2096    % 
LB close or above UB, fathomed
753    301    19         37.1814    46.9265    26.2096    % 
LB close or above UB, fathomed
754    300    19         37.1814    46.9265    26.2096    % 
UB: 46.92647058823529
branching on CartesianIndex(1, 5) with c.
755    301    20         37.1814    46.9265    26.2096    % 
UB: 46.92647058823529
branching on CartesianIndex(1, 6) with c.
756    302    21         37.1814    46.9265    26.2096    % 
LB close or above UB, fathomed
757    301    21         37.1814    46.9265    26.2096    % 
UB: 46.92647058823529
branching on CartesianIndex(1, 7) with c.
758    302    22         37.1814    46.9265    26.2096    % 
UB: 46.92647058823529
branching on 2 with b.
759    303    23         37.1814    46.9265    26.2096    % 
LB close or above UB, fathomed
760    302    23         37.1814    46.9265    26.2096    % 
UB: 46.92647058823529
branching on 3 with b.
761    303    24         37.1814    46.9265    26.2096    % 
UB: 46.92647058823529
branching on 1 with b.
762    304    25         37.1814    46.9265    26.2096    % 
UB: 46.92647058823529
branching on 2 with b.
763    305    25         37.1814    46.9265    26.2096    % 
UB: 46.92647058823529
branching on 2 with b.
764    306    24         37.1814    46.9265    26.2096    % 
LB close or above UB, fathomed
765    305    22         37.1814    46.9265    26.2096    % 
LB close or above UB, fathomed
766    304    20         37.1814    46.9265    26.2096    % 
LB close or above UB, fathomed
767    303    21         37.1814    46.9265    26.2096    % 
UB: 46.92647058823529
branching on CartesianIndex(3, 3) with a.
768    304    22         37.1814    46.9265    26.2096    % 
LB close or above UB, fathomed
769    303    22         37.1814    46.9265    26.2096    % 
UB: 46.92647058823529
branching on CartesianIndex(1, 4) with c.
770    304    23         37.1814    46.9265    26.2096    % 
LB close or above UB, fathomed
771    303    23         37.1814    46.9265    26.2096    % 
UB: 46.92647058823529
branching on CartesianIndex(1, 5) with c.
772    304    24         37.1814    46.9265    26.2096    % 
UB: 46.92647058823529
branching on CartesianIndex(1, 6) with c.
773    305    25         37.1814    46.9265    26.2096    % 
LB close or above UB, fathomed
774    304    25         37.1814    46.9265    26.2096    % 
UB: 46.92647058823529
branching on 1 with b.
775    305    26         37.1814    46.9265    26.2096    % 
UB: 46.92647058823529
branching on 2 with b.
776    306    27         37.1814    46.9265    26.2096    % 
LB close or above UB, fathomed
777    305    27         37.1814    46.9265    26.2096    % 
UB: 46.92647058823529
branching on 3 with b.
778    306    28         37.1814    46.9265    26.2096    % 
UB: 46.92647058823529
branching on CartesianIndex(1, 7) with c.
779    307    28         37.1814    46.9265    26.2096    % 
LB close or above UB, fathomed
780    306    26         37.1814    46.9265    26.2096    % 
LB close or above UB, fathomed
781    305    24         37.1814    46.9265    26.2096    % 
LB close or above UB, fathomed
782    304    21         37.1814    46.9265    26.2096    % 
LB close or above UB, fathomed
783    303    15         37.1814    46.9265    26.2096    % 
LB close or above UB, fathomed
784    302    15         37.1814    46.9265    26.2096    % 
UB: 46.92647058823529
branching on CartesianIndex(1, 5) with c.
785    303    20         37.1814    46.9265    26.2096    % 
LB close or above UB, fathomed
786    302    20         37.1814    46.9265    26.2096    % 
UB: 46.92647058823529
branching on CartesianIndex(1, 5) with c.
787    303    21         37.1814    46.9265    26.2096    % 
UB: 46.92647058823529
branching on 2 with b.
788    304    22         37.1814    46.9265    26.2096    % 
LB close or above UB, fathomed
789    303    22         37.1814    46.9265    26.2096    % 
UB: 46.92647058823529
branching on CartesianIndex(1, 6) with c.
790    304    23         37.1814    46.9265    26.2096    % 
LB close or above UB, fathomed
791    303    23         37.1814    46.9265    26.2096    % 
UB: 46.92647058823529
branching on CartesianIndex(1, 7) with c.
792    304    24         37.1814    46.9265    26.2096    % 
UB: 46.92647058823529
branching on 3 with b.
793    305    25         37.1814    46.9265    26.2096    % 
UB: 46.92647058823529
branching on 1 with b.
794    306    26         37.1814    46.9265    26.2096    % 
UB: 46.92647058823529
branching on 2 with b.
795    307    27         37.1814    46.9265    26.2096    % 
UB: 46.92647058823529
branching on 3 with b.
796    308    28         37.1814    46.9265    26.2096    % 
UB: 46.92647058823529
branching on 1 with b.
797    309    29         37.1814    46.9265    26.2096    % 
UB: 46.92647058823529
branching on 2 with b.
798    310    29         37.1814    46.9265    26.2096    % 
UB: 46.92647058823529
branching on 2 with b.
799    311    28         37.1814    46.9265    26.2096    % 
LB close or above UB, fathomed
800    310    27         37.1814    46.9265    26.2096    % 
LB close or above UB, fathomed
801    309    26         37.1814    46.9265    26.2096    % 
LB close or above UB, fathomed
802    308    25         37.1814    46.9265    26.2096    % 
LB close or above UB, fathomed
803    307    24         37.1814    46.9265    26.2096    % 
LB close or above UB, fathomed
804    306    21         37.1814    46.9265    26.2096    % 
LB close or above UB, fathomed
805    305    18         37.1814    46.9265    26.2096    % 
UB: 46.92647058823529
branching on CartesianIndex(4, 3) with a.
806    306    18         37.1814    46.9265    26.2096    % 
UB: 46.92647058823529
branching on CartesianIndex(1, 4) with c.
807    307    19         37.1814    46.9265    26.2096    % 
LB close or above UB, fathomed
808    306    19         37.1814    46.9265    26.2096    % 
UB: 46.92647058823529
branching on 2 with b.
809    307    20         37.1814    46.9265    26.2096    % 
LB close or above UB, fathomed
810    306    20         37.1814    46.9265    26.2096    % 
UB: 46.92647058823529
branching on CartesianIndex(1, 5) with c.
811    307    21         37.1814    46.9265    26.2096    % 
UB: 46.92647058823529
branching on 3 with b.
812    308    22         37.1814    46.9265    26.2096    % 
LB close or above UB, fathomed
813    307    22         37.1814    46.9265    26.2096    % 
UB: 46.92647058823529
branching on CartesianIndex(1, 6) with c.
814    308    23         37.1814    46.9265    26.2096    % 
LB close or above UB, fathomed
815    307    23         37.1814    46.9265    26.2096    % 
UB: 46.92647058823529
branching on CartesianIndex(1, 7) with c.
816    308    24         37.1814    46.9265    26.2096    % 
UB: 46.92647058823529
branching on 1 with b.
817    309    25         37.1814    46.9265    26.2096    % 
UB: 46.92647058823529
branching on 2 with b.
818    310    26         37.1814    46.9265    26.2096    % 
UB: 46.92647058823529
branching on 3 with b.
819    311    27         37.1814    46.9265    26.2096    % 
LB close or above UB, fathomed
820    310    27         37.1814    46.9265    26.2096    % 
UB: 46.92647058823529
branching on 1 with b.
821    311    28         37.1814    46.9265    26.2096    % 
UB: 46.92647058823529
branching on 2 with b.
822    312    29         37.1814    46.9265    26.2096    % 
UB: 46.92647058823529
branching on 3 with b.
823    313    30         37.1814    46.9265    26.2096    % 
LB close or above UB, fathomed
824    312    30         37.1814    46.9265    26.2096    % 
UB: 46.92647058823529
branching on 1 with b.
825    313    31         37.1814    46.9265    26.2096    % 
UB: 46.92647058823529
branching on 2 with b.
826    314    31         37.1814    46.9265    26.2096    % 
UB: 46.92647058823529
branching on 2 with b.
827    315    29         37.1814    46.9265    26.2096    % 
LB close or above UB, fathomed
828    314    28         37.1814    46.9265    26.2096    % 
UB: 46.92647058823529
branching on 2 with b.
829    315    26         37.1814    46.9265    26.2096    % 
LB close or above UB, fathomed
830    314    25         37.1814    46.9265    26.2096    % 
LB close or above UB, fathomed
831    313    24         37.1814    46.9265    26.2096    % 
LB close or above UB, fathomed
832    312    21         37.1814    46.9265    26.2096    % 
LB close or above UB, fathomed
833    311    11         37.1883    46.9265    26.1860    % 
UB: 46.92647058823529
branching on 2 with b.
834    312    12         37.1883    46.9265    26.1860    % 
UB: 46.92647058823529
branching on CartesianIndex(2, 2) with a.
835    313    13         37.1883    46.9265    26.1860    % 
UB: 46.92647058823529
branching on CartesianIndex(3, 2) with a.
836    314    14         37.1883    46.9265    26.1860    % 
UB: 46.92647058823529
branching on CartesianIndex(4, 2) with a.
837    315    15         37.1883    46.9265    26.1860    % 
UB: 46.92647058823529
branching on CartesianIndex(1, 3) with a.
838    316    15         37.1883    46.9265    26.1860    % 
UB: 46.92647058823529
branching on CartesianIndex(1, 3) with a.
839    317    16         37.1883    46.9265    26.1860    % 
UB: 46.92647058823529
branching on 3 with b.
840    318    17         37.1883    46.9265    26.1860    % 
LB close or above UB, fathomed
841    317    17         37.1883    46.9265    26.1860    % 
LB close or above UB, fathomed
842    316    16         37.1883    46.9265    26.1860    % 
LB close or above UB, fathomed
843    315    14         37.1883    46.9265    26.1860    % 
UB: 46.92647058823529
branching on CartesianIndex(1, 3) with a.
844    316    15         37.1883    46.9265    26.1860    % 
UB: 46.92647058823529
branching on CartesianIndex(2, 3) with a.
845    317    15         37.1883    46.9265    26.1860    % 
LB close or above UB, fathomed
846    316    13         37.1883    46.9265    26.1860    % 
LB close or above UB, fathomed
847    315    12         37.1883    46.9265    26.1860    % 
UB: 46.92647058823529
branching on CartesianIndex(2, 2) with a.
848    316    11         37.1883    46.9265    26.1860    % 
UB: 46.92647058823529
branching on 2 with b.
849    317    12         37.2239    46.9265    26.0654    % 
UB: 46.92647058823529
branching on CartesianIndex(2, 3) with a.
850    318    13         37.2239    46.9265    26.0654    % 
LB close or above UB, fathomed
851    317    13         37.2239    46.9265    26.0654    % 
UB: 46.92647058823529
branching on CartesianIndex(1, 4) with c.
852    318    12         37.2239    46.9265    26.0654    % 
LB close or above UB, fathomed
853    317    17         37.2267    46.9265    26.0559    % 
LB close or above UB, fathomed
854    316    17         37.2267    46.9265    26.0559    % 
UB: 46.92647058823529
branching on CartesianIndex(1, 4) with c.
855    317    15         37.5714    46.9265    24.8996    % 
LB close or above UB, fathomed
856    316    15         37.5714    46.9265    24.8996    % 
LB close or above UB, fathomed
857    315    12         37.8310    46.9265    24.0422    % 
UB: 46.92647058823529
branching on 1 with b.
858    316    12         37.8310    46.9265    24.0422    % 
LB close or above UB, fathomed
859    315    19         38.6107    46.9265    21.5376    % 
LB close or above UB, fathomed
860    314    19         38.6107    46.9265    21.5376    % 
LB close or above UB, fathomed
861    313    8          39.0719    46.9265    20.1027    % 
LB close or above UB, fathomed
862    312    8          39.0719    46.9265    20.1027    % 
UB: 46.92647058823529
branching on CartesianIndex(1, 3) with a.
863    313    7          39.0762    46.9265    20.0895    % 
UB: 46.92647058823529
branching on CartesianIndex(1, 3) with a.
864    314    7          39.0762    46.9265    20.0895    % 
LB close or above UB, fathomed
865    313    7          39.0804    46.9265    20.0768    % 
LB close or above UB, fathomed
866    312    7          39.0804    46.9265    20.0768    % 
UB: 46.92647058823529
branching on CartesianIndex(2, 1) with a.
867    313    24         39.1210    46.9265    19.9520    % 
UB: 46.92647058823529
branching on 1 with b.
868    314    25         39.1210    46.9265    19.9520    % 
UB: 46.92647058823529
branching on 2 with b.
869    315    26         39.1210    46.9265    19.9520    % 
LB close or above UB, fathomed
870    314    26         39.1210    46.9265    19.9520    % 
UB: 46.92647058823529
branching on 3 with b.
871    315    27         39.1210    46.9265    19.9520    % 
UB: 46.92647058823529
branching on 1 with b.
872    316    28         39.1210    46.9265    19.9520    % 
UB: 46.92647058823529
branching on 2 with b.
873    317    28         39.1210    46.9265    19.9520    % 
LB close or above UB, fathomed
874    316    27         39.1210    46.9265    19.9520    % 
LB close or above UB, fathomed
875    315    25         39.1210    46.9265    19.9520    % 
LB close or above UB, fathomed
876    314    24         39.1210    46.9265    19.9520    % 
LB close or above UB, fathomed
877    313    33         39.1304    46.9265    19.9233    % 
UB: 46.92647058823529
branching on 2 with b.
878    314    33         39.1304    46.9265    19.9233    % 
UB: 46.92647058823529
branching on 2 with b.
879    315    30         39.1304    46.9265    19.9233    % 
LB close or above UB, fathomed
880    314    30         39.1304    46.9265    19.9233    % 
UB: 46.92647058823529
branching on 2 with b.
881    315    34         39.1304    46.9265    19.9233    % 
UB: 46.92647058823529
branching on 2 with b.
882    316    34         39.1304    46.9265    19.9233    % 
UB: 46.92647058823529
branching on 2 with b.
883    317    33         39.1304    46.9265    19.9233    % 
UB: 46.92647058823529
branching on 2 with b.
884    318    33         39.1304    46.9265    19.9233    % 
UB: 46.92647058823529
branching on 2 with b.
885    319    33         39.1304    46.9265    19.9233    % 
UB: 46.92647058823529
branching on 2 with b.
886    320    33         39.1304    46.9265    19.9233    % 
UB: 46.92647058823529
branching on 2 with b.
887    321    35         39.1304    46.9265    19.9233    % 
UB: 46.92647058823529
branching on 3 with b.
888    322    35         39.1304    46.9265    19.9233    % 
UB: 46.92647058823529
branching on 3 with b.
889    323    36         39.1304    46.9265    19.9233    % 
UB: 46.92647058823529
branching on 1 with b.
890    324    36         39.1304    46.9265    19.9233    % 
LB close or above UB, fathomed
891    323    16         39.1304    46.9265    19.9233    % 
LB close or above UB, fathomed
892    322    16         39.1304    46.9265    19.9233    % 
LB close or above UB, fathomed
893    321    28         39.1304    46.9265    19.9233    % 
LB close or above UB, fathomed
894    320    28         39.1304    46.9265    19.9233    % 
UB: 46.92647058823529
branching on 3 with b.
895    321    29         39.1304    46.9265    19.9233    % 
UB: 46.92647058823529
branching on 1 with b.
896    322    30         39.1304    46.9265    19.9233    % 
LB close or above UB, fathomed
897    321    30         39.1304    46.9265    19.9233    % 
UB: 46.92647058823529
branching on 2 with b.
898    322    31         39.1304    46.9265    19.9233    % 
LB close or above UB, fathomed
899    321    31         39.1304    46.9265    19.9233    % 
UB: 46.92647058823529
branching on 3 with b.
900    322    29         39.1304    46.9265    19.9233    % 
LB close or above UB, fathomed
901    321    10         39.1304    46.9265    19.9233    % 
UB: 46.92647058823529
branching on 2 with b.
902    322    11         39.1304    46.9265    19.9233    % 
UB: 46.92647058823529
branching on CartesianIndex(1, 2) with a.
903    323    12         39.1304    46.9265    19.9233    % 
UB: 46.92647058823529
branching on CartesianIndex(2, 2) with a.
904    324    12         39.1304    46.9265    19.9233    % 
LB close or above UB, fathomed
905    323    11         39.1304    46.9265    19.9233    % 
LB close or above UB, fathomed
906    322    10         39.1304    46.9265    19.9233    % 
LB close or above UB, fathomed
907    321    29         39.1304    46.9265    19.9233    % 
UB: 46.92647058823529
branching on 2 with b.
908    322    29         39.1304    46.9265    19.9233    % 
UB: 46.92647058823529
branching on 2 with b.
909    323    16         39.1304    46.9265    19.9233    % 
UB: 46.92647058823529
branching on CartesianIndex(1, 4) with c.
910    324    16         39.1304    46.9265    19.9233    % 
UB: 46.92647058823529
branching on CartesianIndex(1, 4) with c.
911    325    29         39.1304    46.9265    19.9233    % 
UB: 46.92647058823529
branching on 1 with b.
912    326    29         39.1304    46.9265    19.9233    % 
LB close or above UB, fathomed
913    325    33         39.1304    46.9265    19.9233    % 
LB close or above UB, fathomed
914    324    33         39.1304    46.9265    19.9233    % 
UB: 46.92647058823529
branching on 3 with b.
915    325    33         39.1304    46.9265    19.9233    % 
LB close or above UB, fathomed
916    324    33         39.1304    46.9265    19.9233    % 
UB: 46.92647058823529
branching on 3 with b.
917    325    33         39.1304    46.9265    19.9233    % 
LB close or above UB, fathomed
918    324    33         39.1304    46.9265    19.9233    % 
UB: 46.92647058823529
branching on 3 with b.
919    325    37         39.1304    46.9265    19.9233    % 
UB: 46.92647058823529
branching on 3 with b.
920    326    37         39.1304    46.9265    19.9233    % 
UB: 46.92647058823529
branching on 3 with b.
921    327    38         39.1304    46.9265    19.9233    % 
UB: 46.92647058823529
branching on 1 with b.
922    328    39         39.1304    46.9265    19.9233    % 
UB: 46.92647058823529
branching on 2 with b.
923    329    40         39.1304    46.9265    19.9233    % 
UB: 46.92647058823529
branching on 3 with b.
924    330    40         39.1304    46.9265    19.9233    % 
LB close or above UB, fathomed
925    329    39         39.1304    46.9265    19.9233    % 
UB: 46.92647058823529
branching on 2 with b.
926    330    40         39.1304    46.9265    19.9233    % 
UB: 46.92647058823529
branching on 3 with b.
927    331    40         39.1304    46.9265    19.9233    % 
LB close or above UB, fathomed
928    330    38         39.1304    46.9265    19.9233    % 
UB: 46.92647058823529
branching on 1 with b.
929    331    37         39.1304    46.9265    19.9233    % 
UB: 46.92647058823529
branching on 3 with b.
930    332    37         39.1304    46.9265    19.9233    % 
UB: 46.92647058823529
branching on 3 with b.
931    333    32         39.1304    46.9265    19.9233    % 
UB: 46.92647058823529
branching on 3 with b.
932    334    33         39.1304    46.9265    19.9233    % 
UB: 46.92647058823529
branching on 1 with b.
933    335    33         39.1304    46.9265    19.9233    % 
UB: 46.92647058823529
branching on 1 with b.
934    336    32         39.1304    46.9265    19.9233    % 
LB close or above UB, fathomed
935    335    34         39.1304    46.9265    19.9233    % 
UB: 46.92647058823529
branching on 3 with b.
936    336    35         39.1304    46.9265    19.9233    % 
UB: 46.92647058823529
branching on 1 with b.
937    337    35         39.1304    46.9265    19.9233    % 
UB: 46.92647058823529
branching on 1 with b.
938    338    34         39.1304    46.9265    19.9233    % 
LB close or above UB, fathomed
939    337    30         39.1304    46.9265    19.9233    % 
LB close or above UB, fathomed
940    336    30         39.1304    46.9265    19.9233    % 
UB: 46.92647058823529
branching on 3 with b.
941    337    31         39.1304    46.9265    19.9233    % 
LB close or above UB, fathomed
942    336    31         39.1304    46.9265    19.9233    % 
UB: 46.92647058823529
branching on 3 with b.
943    337    12         39.1304    46.9265    19.9233    % 
UB: 46.92647058823529
branching on 3 with b.
944    338    12         39.1304    46.9265    19.9233    % 
LB close or above UB, fathomed
945    337    13         39.1304    46.9265    19.9233    % 
LB close or above UB, fathomed
946    336    13         39.1304    46.9265    19.9233    % 
UB: 46.92647058823529
branching on CartesianIndex(1, 5) with c.
947    337    14         39.1304    46.9265    19.9233    % 
UB: 46.92647058823529
branching on CartesianIndex(1, 6) with c.
948    338    15         39.1304    46.9265    19.9233    % 
LB close or above UB, fathomed
949    337    15         39.1304    46.9265    19.9233    % 
UB: 46.92647058823529
branching on 1 with b.
950    338    16         39.1304    46.9265    19.9233    % 
LB close or above UB, fathomed
951    337    16         39.1304    46.9265    19.9233    % 
UB: 46.92647058823529
branching on 2 with b.
952    338    17         39.1304    46.9265    19.9233    % 
UB: 46.92647058823529
branching on 3 with b.
953    339    18         39.1304    46.9265    19.9233    % 
LB close or above UB, fathomed
954    338    18         39.1304    46.9265    19.9233    % 
LB close or above UB, fathomed
955    337    17         39.1304    46.9265    19.9233    % 
LB close or above UB, fathomed
956    336    14         39.1304    46.9265    19.9233    % 
LB close or above UB, fathomed
957    335    16         39.1304    46.9265    19.9233    % 
UB: 46.92647058823529
branching on 1 with b.
958    336    17         39.1304    46.9265    19.9233    % 
UB: 46.92647058823529
branching on 2 with b.
959    337    17         39.1304    46.9265    19.9233    % 
UB: 46.92647058823529
branching on CartesianIndex(1, 6) with c.
960    338    16         39.1304    46.9265    19.9233    % 
LB close or above UB, fathomed
961    337    26         39.1304    46.9265    19.9233    % 
UB: 46.92647058823529
branching on 3 with b.
962    338    26         39.1304    46.9265    19.9233    % 
LB close or above UB, fathomed
963    337    11         39.1304    46.9265    19.9233    % 
LB close or above UB, fathomed
964    336    11         39.1304    46.9265    19.9233    % 
LB close or above UB, fathomed
965    335    28         39.1304    46.9265    19.9233    % 
LB close or above UB, fathomed
966    334    28         39.1304    46.9265    19.9233    % 
UB: 46.92647058823529
branching on 3 with b.
967    335    17         39.1304    46.9265    19.9233    % 
UB: 46.92647058823529
branching on CartesianIndex(4, 2) with a.
968    336    17         39.1304    46.9265    19.9233    % 
UB: 46.92647058823529
branching on CartesianIndex(1, 3) with a.
969    337    15         39.1304    46.9265    19.9233    % 
UB: 46.92647058823529
branching on CartesianIndex(3, 3) with a.
970    338    16         39.1304    46.9265    19.9233    % 
UB: 46.92647058823529
branching on CartesianIndex(4, 3) with a.
971    339    16         39.1304    46.9265    19.9233    % 
UB: 46.92647058823529
branching on 1 with b.
972    340    15         39.1304    46.9265    19.9233    % 
LB close or above UB, fathomed
973    339    33         39.1304    46.9265    19.9233    % 
LB close or above UB, fathomed
974    338    33         39.1304    46.9265    19.9233    % 
UB: 46.92647058823529
branching on 3 with b.
975    339    41         39.1304    46.9265    19.9233    % 
UB: 46.92647058823529
branching on 1 with b.
976    340    41         39.1304    46.9265    19.9233    % 
UB: 46.92647058823529
branching on 1 with b.
977    341    42         39.1304    46.9265    19.9233    % 
UB: 46.92647058823529
branching on 2 with b.
978    342    42         39.1304    46.9265    19.9233    % 
UB: 46.92647058823529
branching on 2 with b.
979    343    37         39.1304    46.9265    19.9233    % 
UB: 46.92647058823529
branching on 3 with b.
980    344    37         39.1304    46.9265    19.9233    % 
UB: 46.92647058823529
branching on 3 with b.
981    345    25         39.1304    46.9265    19.9233    % 
UB: 46.92647058823529
branching on 3 with b.
982    346    26         39.1304    46.9265    19.9233    % 
UB: 46.92647058823529
branching on 1 with b.
983    347    27         39.1304    46.9265    19.9233    % 
UB: 46.92647058823529
branching on 2 with b.
984    348    27         39.1304    46.9265    19.9233    % 
UB: 46.92647058823529
branching on 2 with b.
985    349    26         39.1304    46.9265    19.9233    % 
LB close or above UB, fathomed
986    348    25         39.1304    46.9265    19.9233    % 
LB close or above UB, fathomed
987    347    36         39.1304    46.9265    19.9233    % 
UB: 46.92647058823529
branching on 2 with b.
988    348    36         39.1304    46.9265    19.9233    % 
UB: 46.92647058823529
branching on 2 with b.
989    349    18         39.1304    46.9265    19.9233    % 
UB: 46.92647058823529
branching on 2 with b.
990    350    19         39.1304    46.9265    19.9233    % 
UB: 46.92647058823529
branching on CartesianIndex(2, 3) with a.
991    351    19         39.1304    46.9265    19.9233    % 
UB: 46.92647058823529
branching on CartesianIndex(2, 3) with a.
992    352    20         39.1304    46.9265    19.9233    % 
UB: 46.92647058823529
branching on 3 with b.
993    353    20         39.1304    46.9265    19.9233    % 
LB close or above UB, fathomed
994    352    18         39.1304    46.9265    19.9233    % 
LB close or above UB, fathomed
995    351    16         39.1304    46.9265    19.9233    % 
UB: 46.92647058823529
branching on CartesianIndex(2, 3) with a.
996    352    17         39.1304    46.9265    19.9233    % 
UB: 46.92647058823529
branching on 2 with b.
997    353    18         39.1304    46.9265    19.9233    % 
LB close or above UB, fathomed
998    352    18         39.1304    46.9265    19.9233    % 
UB: 46.92647058823529
branching on CartesianIndex(3, 3) with a.
999    353    19         39.1304    46.9265    19.9233    % 
LB close or above UB, fathomed
1000   352    19         39.1304    46.9265    19.9233    % 
UB: 46.92647058823529
branching on CartesianIndex(1, 4) with c.
1001   353    17         39.1304    46.9265    19.9233    % 
LB close or above UB, fathomed
1002   352    16         39.1304    46.9265    19.9233    % 
LB close or above UB, fathomed
1003   351    31         39.1304    46.9265    19.9233    % 
UB: 46.92647058823529
branching on 3 with b.
1004   352    32         39.1304    46.9265    19.9233    % 
UB: 46.92647058823529
branching on 1 with b.
1005   353    32         39.1304    46.9265    19.9233    % 
LB close or above UB, fathomed
1006   352    31         39.1304    46.9265    19.9233    % 
LB close or above UB, fathomed
1007   351    12         39.1304    46.9265    19.9233    % 
UB: 46.92647058823529
branching on 1 with b.
1008   352    13         39.1304    46.9265    19.9233    % 
LB close or above UB, fathomed
1009   351    13         39.1304    46.9265    19.9233    % 
UB: 46.92647058823529
branching on 2 with b.
1010   352    14         39.1304    46.9265    19.9233    % 
UB: 46.92647058823529
branching on CartesianIndex(2, 3) with a.
1011   353    15         39.1304    46.9265    19.9233    % 
UB: 46.92647058823529
branching on 3 with b.
1012   354    16         39.1304    46.9265    19.9233    % 
UB: 46.92647058823529
branching on CartesianIndex(3, 3) with a.
1013   355    17         39.1304    46.9265    19.9233    % 
LB close or above UB, fathomed
1014   354    17         39.1304    46.9265    19.9233    % 
UB: 46.92647058823529
branching on 1 with b.
1015   355    16         39.1304    46.9265    19.9233    % 
LB close or above UB, fathomed
1016   354    15         39.1304    46.9265    19.9233    % 
LB close or above UB, fathomed
1017   353    14         39.1304    46.9265    19.9233    % 
UB: 46.92647058823529
branching on 3 with b.
1018   354    12         39.1304    46.9265    19.9233    % 
LB close or above UB, fathomed
1019   353    26         39.1304    46.9265    19.9233    % 
UB: 46.92647058823529
branching on 1 with b.
1020   354    27         39.1304    46.9265    19.9233    % 
UB: 46.92647058823529
branching on 2 with b.
1021   355    27         39.1304    46.9265    19.9233    % 
UB: 46.92647058823529
branching on 2 with b.
1022   356    26         39.1304    46.9265    19.9233    % 
LB close or above UB, fathomed
1023   355    21         39.1304    46.9265    19.9233    % 
LB close or above UB, fathomed
1024   354    21         39.1304    46.9265    19.9233    % 
UB: 46.92647058823529
branching on CartesianIndex(3, 3) with a.
1025   355    22         39.1304    46.9265    19.9233    % 
LB close or above UB, fathomed
1026   354    22         39.1304    46.9265    19.9233    % 
UB: 46.92647058823529
branching on CartesianIndex(1, 4) with c.
1027   355    20         39.1304    46.9265    19.9233    % 
UB: 46.92647058823529
branching on CartesianIndex(1, 5) with c.
1028   356    20         39.1304    46.9265    19.9233    % 
UB: 46.92647058823529
branching on CartesianIndex(1, 5) with c.
1029   357    29         39.1304    46.9265    19.9233    % 
UB: 46.92647058823529
branching on 1 with b.
1030   358    30         39.1304    46.9265    19.9233    % 
UB: 46.92647058823529
branching on 2 with b.
1031   359    30         39.1304    46.9265    19.9233    % 
LB close or above UB, fathomed
1032   358    29         39.1304    46.9265    19.9233    % 
LB close or above UB, fathomed
1033   357    25         39.1304    46.9265    19.9233    % 
UB: 46.92647058823529
branching on 3 with b.
1034   358    26         39.1304    46.9265    19.9233    % 
UB: 46.92647058823529
branching on 1 with b.
1035   359    27         39.1304    46.9265    19.9233    % 
UB: 46.92647058823529
branching on 2 with b.
1036   360    27         39.1304    46.9265    19.9233    % 
LB close or above UB, fathomed
1037   359    26         39.1304    46.9265    19.9233    % 
LB close or above UB, fathomed
1038   358    25         39.1304    46.9265    19.9233    % 
LB close or above UB, fathomed
1039   357    18         39.1304    46.9265    19.9233    % 
UB: 46.92647058823529
branching on CartesianIndex(1, 7) with c.
1040   358    18         39.1304    46.9265    19.9233    % 
LB close or above UB, fathomed
1041   357    22         39.1304    46.9265    19.9233    % 
LB close or above UB, fathomed
1042   356    22         39.1304    46.9265    19.9233    % 
UB: 46.92647058823529
branching on CartesianIndex(1, 4) with c.
1043   357    23         39.1304    46.9265    19.9233    % 
LB close or above UB, fathomed
1044   356    23         39.1304    46.9265    19.9233    % 
UB: 46.92647058823529
branching on CartesianIndex(1, 5) with c.
1045   357    24         39.1304    46.9265    19.9233    % 
UB: 46.92647058823529
branching on CartesianIndex(1, 6) with c.
1046   358    25         39.1304    46.9265    19.9233    % 
LB close or above UB, fathomed
1047   357    25         39.1304    46.9265    19.9233    % 
UB: 46.92647058823529
branching on CartesianIndex(1, 7) with c.
1048   358    26         39.1304    46.9265    19.9233    % 
UB: 46.92647058823529
branching on 1 with b.
1049   359    27         39.1304    46.9265    19.9233    % 
UB: 46.92647058823529
branching on 2 with b.
1050   360    28         39.1304    46.9265    19.9233    % 
LB close or above UB, fathomed
1051   359    28         39.1304    46.9265    19.9233    % 
LB close or above UB, fathomed
1052   358    27         39.1304    46.9265    19.9233    % 
UB: 46.92647058823529
branching on 2 with b.
1053   359    26         39.1304    46.9265    19.9233    % 
LB close or above UB, fathomed
1054   358    24         39.1304    46.9265    19.9233    % 
LB close or above UB, fathomed
1055   357    13         39.1304    46.9265    19.9233    % 
UB: 46.92647058823529
branching on CartesianIndex(1, 2) with a.
1056   358    13         39.1304    46.9265    19.9233    % 
LB close or above UB, fathomed
1057   357    13         39.1304    46.9265    19.9233    % 
UB: 46.92647058823529
branching on CartesianIndex(2, 2) with a.
1058   358    14         39.1304    46.9265    19.9233    % 
LB close or above UB, fathomed
1059   357    14         39.1304    46.9265    19.9233    % 
UB: 46.92647058823529
branching on CartesianIndex(1, 3) with a.
1060   358    15         39.1304    46.9265    19.9233    % 
UB: 46.92647058823529
branching on CartesianIndex(2, 3) with a.
1061   359    16         39.1304    46.9265    19.9233    % 
LB close or above UB, fathomed
1062   358    16         39.1304    46.9265    19.9233    % 
UB: 46.92647058823529
branching on CartesianIndex(1, 4) with c.
1063   359    15         39.1304    46.9265    19.9233    % 
LB close or above UB, fathomed
1064   358    13         39.1304    46.9265    19.9233    % 
LB close or above UB, fathomed
1065   357    22         39.1304    46.9265    19.9233    % 
LB close or above UB, fathomed
1066   356    22         39.1304    46.9265    19.9233    % 
UB: 46.92647058823529
branching on CartesianIndex(1, 5) with c.
1067   357    23         39.1304    46.9265    19.9233    % 
UB: 46.92647058823529
branching on CartesianIndex(1, 6) with c.
1068   358    24         39.1304    46.9265    19.9233    % 
LB close or above UB, fathomed
1069   357    24         39.1304    46.9265    19.9233    % 
UB: 46.92647058823529
branching on CartesianIndex(1, 7) with c.
1070   358    25         39.1304    46.9265    19.9233    % 
UB: 46.92647058823529
branching on 3 with b.
1071   359    26         39.1304    46.9265    19.9233    % 
LB close or above UB, fathomed
1072   358    26         39.1304    46.9265    19.9233    % 
UB: 46.92647058823529
branching on 1 with b.
1073   359    27         39.1304    46.9265    19.9233    % 
UB: 46.92647058823529
branching on 2 with b.
1074   360    28         39.1304    46.9265    19.9233    % 
UB: 46.92647058823529
branching on 3 with b.
1075   361    29         39.1304    46.9265    19.9233    % 
LB close or above UB, fathomed
1076   360    29         39.1304    46.9265    19.9233    % 
UB: 46.92647058823529
branching on 1 with b.
1077   361    30         39.1304    46.9265    19.9233    % 
UB: 46.92647058823529
branching on 2 with b.
1078   362    30         39.1304    46.9265    19.9233    % 
LB close or above UB, fathomed
1079   361    28         39.1304    46.9265    19.9233    % 
LB close or above UB, fathomed
1080   360    27         39.1304    46.9265    19.9233    % 
LB close or above UB, fathomed
1081   359    25         39.1304    46.9265    19.9233    % 
LB close or above UB, fathomed
1082   358    23         39.1304    46.9265    19.9233    % 
LB close or above UB, fathomed
1083   357    22         39.1304    46.9265    19.9233    % 
LB close or above UB, fathomed
1084   356    22         39.1304    46.9265    19.9233    % 
UB: 46.92647058823529
branching on CartesianIndex(1, 4) with c.
1085   357    23         39.1304    46.9265    19.9233    % 
LB close or above UB, fathomed
1086   356    23         39.1304    46.9265    19.9233    % 
UB: 46.92647058823529
branching on CartesianIndex(1, 5) with c.
1087   357    24         39.1304    46.9265    19.9233    % 
UB: 46.92647058823529
branching on CartesianIndex(1, 6) with c.
1088   358    25         39.1304    46.9265    19.9233    % 
LB close or above UB, fathomed
1089   357    25         39.1304    46.9265    19.9233    % 
UB: 46.92647058823529
branching on 3 with b.
1090   358    26         39.1304    46.9265    19.9233    % 
LB close or above UB, fathomed
1091   357    26         39.1304    46.9265    19.9233    % 
UB: 46.92647058823529
branching on CartesianIndex(1, 7) with c.
1092   358    27         39.1304    46.9265    19.9233    % 
UB: 46.92647058823529
branching on 1 with b.
1093   359    28         39.1304    46.9265    19.9233    % 
UB: 46.92647058823529
branching on 2 with b.
1094   360    29         39.1304    46.9265    19.9233    % 
UB: 46.92647058823529
branching on 3 with b.
1095   361    30         39.1304    46.9265    19.9233    % 
LB close or above UB, fathomed
1096   360    30         39.1304    46.9265    19.9233    % 
UB: 46.92647058823529
branching on 1 with b.
1097   361    31         39.1304    46.9265    19.9233    % 
UB: 46.92647058823529
branching on 2 with b.
1098   362    31         39.1304    46.9265    19.9233    % 
LB close or above UB, fathomed
1099   361    29         39.1304    46.9265    19.9233    % 
LB close or above UB, fathomed
1100   360    28         39.1304    46.9265    19.9233    % 
LB close or above UB, fathomed
1101   359    27         39.1304    46.9265    19.9233    % 
LB close or above UB, fathomed
1102   358    24         39.1304    46.9265    19.9233    % 
LB close or above UB, fathomed
1103   357    12         39.1373    46.9265    19.9020    % 
UB: 46.92647058823529
branching on 3 with b.
1104   358    13         39.1373    46.9265    19.9020    % 
UB: 46.92647058823529
branching on CartesianIndex(1, 3) with a.
1105   359    13         39.1373    46.9265    19.9020    % 
LB close or above UB, fathomed
1106   358    12         39.1373    46.9265    19.9020    % 
LB close or above UB, fathomed
1107   357    14         39.4346    46.9265    18.9982    % 
UB: 46.92647058823529
branching on CartesianIndex(2, 3) with a.
1108   358    15         39.4346    46.9265    18.9982    % 
LB close or above UB, fathomed
1109   357    15         39.4346    46.9265    18.9982    % 
LB close or above UB, fathomed
1110   356    14         39.4346    46.9265    18.9982    % 
LB close or above UB, fathomed
1111   355    15         39.9100    46.9265    17.5807    % 
UB: 46.92647058823529
branching on CartesianIndex(2, 3) with a.
1112   356    16         39.9100    46.9265    17.5807    % 
UB: 46.92647058823529
branching on 1 with b.
1113   357    16         39.9100    46.9265    17.5807    % 
LB close or above UB, fathomed
1114   356    15         39.9100    46.9265    17.5807    % 
LB close or above UB, fathomed
1115   355    14         40.1651    46.9265    16.8338    % 
LB close or above UB, fathomed
1116   354    14         40.1651    46.9265    16.8338    % 
UB: 46.92647058823529
branching on 3 with b.
1117   355    15         40.6896    46.9265    15.3279    % 
LB close or above UB, fathomed
1118   354    15         40.6896    46.9265    15.3279    % 
UB: 46.92647058823529
branching on CartesianIndex(1, 5) with c.
1119   355    8          41.0151    46.9265    14.4126    % 
UB: 46.92647058823529
branching on 1 with b.
1120   356    9          41.0151    46.9265    14.4126    % 
UB: 46.92647058823529
branching on 1 with b.
1121   357    10         41.0151    46.9265    14.4126    % 
LB close or above UB, fathomed
1122   356    10         41.0151    46.9265    14.4126    % 
UB: 46.92647058823529
branching on CartesianIndex(2, 3) with a.
1123   357    11         41.0151    46.9265    14.4126    % 
LB close or above UB, fathomed
1124   356    11         41.0151    46.9265    14.4126    % 
UB: 46.92647058823529
branching on 3 with b.
1125   357    12         41.0151    46.9265    14.4126    % 
UB: 46.92647058823529
branching on 1 with b.
1126   358    12         41.0151    46.9265    14.4126    % 
LB close or above UB, fathomed
1127   357    9          41.0151    46.9265    14.4126    % 
LB close or above UB, fathomed
1128   356    8          41.0151    46.9265    14.4126    % 
LB close or above UB, fathomed
1129   355    8          41.0253    46.9265    14.3843    % 
UB: 46.92647058823529
branching on 1 with b.
1130   356    9          41.0253    46.9265    14.3843    % 
LB close or above UB, fathomed
1131   355    9          41.0253    46.9265    14.3843    % 
UB: 46.92647058823529
branching on CartesianIndex(2, 3) with a.
1132   356    10         41.0253    46.9265    14.3843    % 
UB: 46.92647058823529
branching on 3 with b.
1133   357    11         41.0253    46.9265    14.3843    % 
UB: 46.92647058823529
branching on CartesianIndex(3, 3) with a.
1134   358    12         41.0253    46.9265    14.3843    % 
LB close or above UB, fathomed
1135   357    12         41.0253    46.9265    14.3843    % 
UB: 46.92647058823529
branching on CartesianIndex(1, 5) with c.
1136   358    11         41.0253    46.9265    14.3843    % 
LB close or above UB, fathomed
1137   357    10         41.0253    46.9265    14.3843    % 
LB close or above UB, fathomed
1138   356    8          41.0253    46.9265    14.3843    % 
LB close or above UB, fathomed
1139   355    8          41.0294    46.9265    14.3728    % 
UB: 46.92647058823529
branching on CartesianIndex(3, 1) with a.
1140   356    9          41.0294    46.9265    14.3728    % 
UB: 46.92647058823529
branching on CartesianIndex(4, 1) with a.
1141   357    9          41.0294    46.9265    14.3728    % 
UB: 46.92647058823529
branching on 2 with b.
1142   358    8          41.0294    46.9265    14.3728    % 
LB close or above UB, fathomed
1143   357    16         41.0703    46.9265    14.2590    % 
LB close or above UB, fathomed
1144   356    16         41.0703    46.9265    14.2590    % 
LB close or above UB, fathomed
1145   355    34         41.0794    46.9265    14.2336    % 
UB: 46.92647058823529
branching on 3 with b.
1146   356    35         41.0794    46.9265    14.2336    % 
LB close or above UB, fathomed
1147   355    35         41.0794    46.9265    14.2336    % 
UB: 46.92647058823529
branching on 1 with b.
1148   356    34         41.0794    46.9265    14.2336    % 
LB close or above UB, fathomed
1149   355    34         41.0794    46.9265    14.2336    % 
UB: 46.92647058823529
branching on 3 with b.
1150   356    35         41.0794    46.9265    14.2336    % 
UB: 46.92647058823529
branching on 1 with b.
1151   357    35         41.0794    46.9265    14.2336    % 
LB close or above UB, fathomed
1152   356    34         41.0794    46.9265    14.2336    % 
LB close or above UB, fathomed
1153   355    32         41.0794    46.9265    14.2336    % 
UB: 46.92647058823529
branching on 3 with b.
1154   356    32         41.0794    46.9265    14.2336    % 
LB close or above UB, fathomed
1155   355    32         41.0794    46.9265    14.2336    % 
UB: 46.92647058823529
branching on 3 with b.
1156   356    33         41.0794    46.9265    14.2336    % 
UB: 46.92647058823529
branching on 1 with b.
1157   357    34         41.0794    46.9265    14.2336    % 
UB: 46.92647058823529
branching on 2 with b.
1158   358    34         41.0794    46.9265    14.2336    % 
UB: 46.92647058823529
branching on 2 with b.
1159   359    35         41.0794    46.9265    14.2336    % 
UB: 46.92647058823529
branching on 3 with b.
1160   360    35         41.0794    46.9265    14.2336    % 
UB: 46.92647058823529
branching on 3 with b.
1161   361    33         41.0794    46.9265    14.2336    % 
UB: 46.92647058823529
branching on 1 with b.
1162   362    32         41.0794    46.9265    14.2336    % 
LB close or above UB, fathomed
1163   361    34         41.0794    46.9265    14.2336    % 
UB: 46.92647058823529
branching on 2 with b.
1164   362    34         41.0794    46.9265    14.2336    % 
UB: 46.92647058823529
branching on 2 with b.
1165   363    17         41.0794    46.9265    14.2336    % 
UB: 46.92647058823529
branching on CartesianIndex(1, 5) with c.
1166   364    17         41.0794    46.9265    14.2336    % 
UB: 46.92647058823529
branching on CartesianIndex(1, 5) with c.
1167   365    18         41.0794    46.9265    14.2336    % 
UB: 46.92647058823529
branching on 3 with b.
1168   366    18         41.0794    46.9265    14.2336    % 
LB close or above UB, fathomed
1169   365    30         41.0794    46.9265    14.2336    % 
UB: 46.92647058823529
branching on 3 with b.
1170   366    30         41.0794    46.9265    14.2336    % 
LB close or above UB, fathomed
1171   365    33         41.0794    46.9265    14.2336    % 
LB close or above UB, fathomed
1172   364    33         41.0794    46.9265    14.2336    % 
UB: 46.92647058823529
branching on 3 with b.
1173   365    36         41.0794    46.9265    14.2336    % 
UB: 46.92647058823529
branching on 2 with b.
1174   366    36         41.0794    46.9265    14.2336    % 
UB: 46.92647058823529
branching on 2 with b.
1175   367    16         41.0794    46.9265    14.2336    % 
LB close or above UB, fathomed
1176   366    16         41.0794    46.9265    14.2336    % 
LB close or above UB, fathomed
1177   365    13         41.0794    46.9265    14.2336    % 
UB: 46.92647058823529
branching on 1 with b.
1178   366    13         41.0794    46.9265    14.2336    % 
LB close or above UB, fathomed
1179   365    13         41.0794    46.9265    14.2336    % 
LB close or above UB, fathomed
1180   364    13         41.0794    46.9265    14.2336    % 
LB close or above UB, fathomed
1181   363    31         41.0794    46.9265    14.2336    % 
LB close or above UB, fathomed
1182   362    31         41.0794    46.9265    14.2336    % 
LB close or above UB, fathomed
1183   361    36         41.0794    46.9265    14.2336    % 
LB close or above UB, fathomed
1184   360    36         41.0794    46.9265    14.2336    % 
UB: 46.92647058823529
branching on 1 with b.
1185   361    36         41.0794    46.9265    14.2336    % 
UB: 46.92647058823529
branching on 2 with b.
1186   362    37         41.0794    46.9265    14.2336    % 
UB: 46.92647058823529
branching on 3 with b.
1187   363    37         41.0794    46.9265    14.2336    % 
UB: 46.92647058823529
branching on 3 with b.
1188   364    38         41.0794    46.9265    14.2336    % 
UB: 46.92647058823529
branching on 1 with b.
1189   365    39         41.0794    46.9265    14.2336    % 
UB: 46.92647058823529
branching on 2 with b.
1190   366    40         41.0794    46.9265    14.2336    % 
UB: 46.92647058823529
branching on 3 with b.
1191   367    40         41.0794    46.9265    14.2336    % 
LB close or above UB, fathomed
1192   366    39         41.0794    46.9265    14.2336    % 
UB: 46.92647058823529
branching on 2 with b.
1193   367    38         41.0794    46.9265    14.2336    % 
UB: 46.92647058823529
branching on 1 with b.
1194   368    36         41.0794    46.9265    14.2336    % 
UB: 46.92647058823529
branching on 2 with b.
1195   369    15         41.0794    46.9265    14.2336    % 
UB: 46.92647058823529
branching on CartesianIndex(1, 5) with c.
1196   370    15         41.0794    46.9265    14.2336    % 
LB close or above UB, fathomed
1197   369    28         41.0794    46.9265    14.2336    % 
UB: 46.92647058823529
branching on 3 with b.
1198   370    28         41.0794    46.9265    14.2336    % 
LB close or above UB, fathomed
1199   369    31         41.0794    46.9265    14.2336    % 
LB close or above UB, fathomed
1200   368    31         41.0794    46.9265    14.2336    % 
UB: 46.92647058823529
branching on 3 with b.
1201   369    32         41.0794    46.9265    14.2336    % 
UB: 46.92647058823529
branching on 1 with b.
1202   370    32         41.0794    46.9265    14.2336    % 
UB: 46.92647058823529
branching on 1 with b.
1203   371    28         41.0794    46.9265    14.2336    % 
UB: 46.92647058823529
branching on 3 with b.
1204   372    29         41.0794    46.9265    14.2336    % 
UB: 46.92647058823529
branching on 1 with b.
1205   373    29         41.0794    46.9265    14.2336    % 
LB close or above UB, fathomed
1206   372    28         41.0794    46.9265    14.2336    % 
LB close or above UB, fathomed
1207   371    33         41.0794    46.9265    14.2336    % 
UB: 46.92647058823529
branching on 2 with b.
1208   372    33         41.0794    46.9265    14.2336    % 
UB: 46.92647058823529
branching on 2 with b.
1209   373    37         41.0794    46.9265    14.2336    % 
UB: 46.92647058823529
branching on 3 with b.
1210   374    37         41.0794    46.9265    14.2336    % 
UB: 46.92647058823529
branching on 3 with b.
1211   375    37         41.0794    46.9265    14.2336    % 
UB: 46.92647058823529
branching on 3 with b.
1212   376    37         41.0794    46.9265    14.2336    % 
UB: 46.92647058823529
branching on 3 with b.
1213   377    28         41.0794    46.9265    14.2336    % 
UB: 46.92647058823529
branching on 3 with b.
1214   378    29         41.0794    46.9265    14.2336    % 
UB: 46.92647058823529
branching on 1 with b.
1215   379    29         41.0794    46.9265    14.2336    % 
LB close or above UB, fathomed
1216   378    28         41.0794    46.9265    14.2336    % 
LB close or above UB, fathomed
1217   377    38         41.0794    46.9265    14.2336    % 
UB: 46.92647058823529
branching on 1 with b.
1218   378    39         41.0794    46.9265    14.2336    % 
UB: 46.92647058823529
branching on 2 with b.
1219   379    40         41.0794    46.9265    14.2336    % 
UB: 46.92647058823529
branching on 3 with b.
1220   380    40         41.0794    46.9265    14.2336    % 
LB close or above UB, fathomed
1221   379    39         41.0794    46.9265    14.2336    % 
UB: 46.92647058823529
branching on 2 with b.
1222   380    40         41.0794    46.9265    14.2336    % 
UB: 46.92647058823529
branching on 3 with b.
1223   381    40         41.0794    46.9265    14.2336    % 
LB close or above UB, fathomed
1224   380    38         41.0794    46.9265    14.2336    % 
LB close or above UB, fathomed
1225   379    43         41.0794    46.9265    14.2336    % 
UB: 46.92647058823529
branching on 3 with b.
1226   379    44         41.0794    46.9265    14.2336    % 
UB: 46.92647058823529
branching on 1 with b.
1227   380    45         41.0794    46.9265    14.2336    % 
UB: 46.92647058823529
branching on 2 with b.
1228   381    46         41.0794    46.9265    14.2336    % 
UB: 46.92647058823529
branching on 3 with b.
1229   382    46         41.0794    46.9265    14.2336    % 
UB: 46.92647058823529
branching on 3 with b.
1230   383    45         41.0794    46.9265    14.2336    % 
UB: 46.92647058823529
branching on 2 with b.
1231   384    43         41.0794    46.9265    14.2336    % 
UB: 46.92647058823529
branching on 3 with b.
1232   384    42         41.0794    46.9265    14.2336    % 
UB: 46.92647058823529
branching on 2 with b.
1233   385    42         41.0794    46.9265    14.2336    % 
UB: 46.92647058823529
branching on 2 with b.
1234   386    29         41.0794    46.9265    14.2336    % 
UB: 46.92647058823529
branching on 1 with b.
1235   387    29         41.0794    46.9265    14.2336    % 
LB close or above UB, fathomed
1236   386    13         41.0794    46.9265    14.2336    % 
UB: 46.92647058823529
branching on CartesianIndex(1, 3) with a.
1237   387    14         41.0794    46.9265    14.2336    % 
UB: 46.92647058823529
branching on CartesianIndex(2, 3) with a.
1238   388    15         41.0794    46.9265    14.2336    % 
LB close or above UB, fathomed
1239   387    15         41.0794    46.9265    14.2336    % 
LB close or above UB, fathomed
1240   386    14         41.0794    46.9265    14.2336    % 
LB close or above UB, fathomed
1241   385    13         41.0794    46.9265    14.2336    % 
LB close or above UB, fathomed
1242   384    32         41.0794    46.9265    14.2336    % 
UB: 46.92647058823529
branching on 1 with b.
1243   385    32         41.0794    46.9265    14.2336    % 
LB close or above UB, fathomed
1244   384    31         41.0794    46.9265    14.2336    % 
UB: 46.92647058823529
branching on 1 with b.
1245   385    31         41.0794    46.9265    14.2336    % 
LB close or above UB, fathomed
1246   384    38         41.0794    46.9265    14.2336    % 
UB: 46.92647058823529
branching on 1 with b.
1247   385    39         41.0794    46.9265    14.2336    % 
UB: 46.92647058823529
branching on 2 with b.
1248   386    39         41.0794    46.9265    14.2336    % 
UB: 46.92647058823529
branching on 2 with b.
1249   387    38         41.0794    46.9265    14.2336    % 
LB close or above UB, fathomed
1250   386    41         41.0794    46.9265    14.2336    % 
UB: 46.92647058823529
branching on 1 with b.
1251   387    41         41.0794    46.9265    14.2336    % 
UB: 46.92647058823529
branching on 1 with b.
1252   388    41         41.0794    46.9265    14.2336    % 
UB: 46.92647058823529
branching on 1 with b.
1253   389    41         41.0794    46.9265    14.2336    % 
UB: 46.92647058823529
branching on 1 with b.
1254   390    30         41.0794    46.9265    14.2336    % 
UB: 46.92647058823529
branching on 2 with b.
1255   391    30         41.0794    46.9265    14.2336    % 
UB: 46.92647058823529
branching on 2 with b.
1256   392    30         41.0794    46.9265    14.2336    % 
UB: 46.92647058823529
branching on 3 with b.
1257   393    31         41.0794    46.9265    14.2336    % 
UB: 46.92647058823529
branching on 1 with b.
1258   394    31         41.0794    46.9265    14.2336    % 
UB: 46.92647058823529
branching on 1 with b.
1259   395    30         41.0794    46.9265    14.2336    % 
LB close or above UB, fathomed
1260   394    37         41.0794    46.9265    14.2336    % 
UB: 46.92647058823529
branching on 2 with b.
1261   395    37         41.0794    46.9265    14.2336    % 
UB: 46.92647058823529
branching on 2 with b.
1262   396    34         41.0794    46.9265    14.2336    % 
LB close or above UB, fathomed
1263   395    34         41.0794    46.9265    14.2336    % 
UB: 46.92647058823529
branching on 3 with b.
1264   396    36         41.0794    46.9265    14.2336    % 
UB: 46.92647058823529
branching on 2 with b.
1265   397    37         41.0794    46.9265    14.2336    % 
UB: 46.92647058823529
branching on 3 with b.
1266   398    37         41.0794    46.9265    14.2336    % 
UB: 46.92647058823529
branching on 3 with b.
1267   399    36         41.0794    46.9265    14.2336    % 
UB: 46.92647058823529
branching on 2 with b.
1268   400    37         41.0794    46.9265    14.2336    % 
UB: 46.92647058823529
branching on 3 with b.
1269   401    37         41.0794    46.9265    14.2336    % 
UB: 46.92647058823529
branching on 3 with b.
1270   402    26         41.0794    46.9265    14.2336    % 
LB close or above UB, fathomed
1271   401    26         41.0794    46.9265    14.2336    % 
UB: 46.92647058823529
branching on 1 with b.
1272   402    27         41.0794    46.9265    14.2336    % 
UB: 46.92647058823529
branching on 2 with b.
1273   403    28         41.0794    46.9265    14.2336    % 
LB close or above UB, fathomed
1274   402    28         41.0794    46.9265    14.2336    % 
UB: 46.92647058823529
branching on 3 with b.
1275   403    29         41.0794    46.9265    14.2336    % 
LB close or above UB, fathomed
1276   402    29         41.0794    46.9265    14.2336    % 
UB: 46.92647058823529
branching on 1 with b.
1277   403    30         41.0794    46.9265    14.2336    % 
LB close or above UB, fathomed
1278   402    30         41.0794    46.9265    14.2336    % 
UB: 46.92647058823529
branching on 2 with b.
1279   403    27         41.0794    46.9265    14.2336    % 
LB close or above UB, fathomed
1280   402    32         41.0794    46.9265    14.2336    % 
UB: 46.92647058823529
branching on 1 with b.
1281   403    32         41.0794    46.9265    14.2336    % 
LB close or above UB, fathomed
1282   402    20         41.0794    46.9265    14.2336    % 
LB close or above UB, fathomed
1283   401    20         41.0794    46.9265    14.2336    % 
UB: 46.92647058823529
branching on CartesianIndex(1, 5) with c.
1284   402    21         41.0794    46.9265    14.2336    % 
UB: 46.92647058823529
branching on CartesianIndex(1, 6) with c.
1285   403    21         41.0794    46.9265    14.2336    % 
LB close or above UB, fathomed
1286   402    25         41.0794    46.9265    14.2336    % 
UB: 46.92647058823529
branching on 1 with b.
1287   403    25         41.0794    46.9265    14.2336    % 
UB: 46.92647058823529
branching on 1 with b.
1288   404    15         41.0794    46.9265    14.2336    % 
LB close or above UB, fathomed
1289   403    15         41.0794    46.9265    14.2336    % 
LB close or above UB, fathomed
1290   402    11         41.0794    46.9265    14.2336    % 
UB: 46.92647058823529
branching on 3 with b.
1291   403    12         41.0794    46.9265    14.2336    % 
LB close or above UB, fathomed
1292   402    12         41.0794    46.9265    14.2336    % 
LB close or above UB, fathomed
1293   401    11         41.0794    46.9265    14.2336    % 
LB close or above UB, fathomed
1294   400    33         41.0794    46.9265    14.2336    % 
LB close or above UB, fathomed
1295   399    33         41.0794    46.9265    14.2336    % 
UB: 46.92647058823529
branching on 3 with b.
1296   400    39         41.0794    46.9265    14.2336    % 
UB: 46.92647058823529
branching on 2 with b.
1297   401    40         41.0794    46.9265    14.2336    % 
UB: 46.92647058823529
branching on 3 with b.
1298   402    40         41.0794    46.9265    14.2336    % 
LB close or above UB, fathomed
1299   401    39         41.0794    46.9265    14.2336    % 
UB: 46.92647058823529
branching on 2 with b.
1300   402    40         41.0794    46.9265    14.2336    % 
UB: 46.92647058823529
branching on 3 with b.
1301   403    40         41.0794    46.9265    14.2336    % 
LB close or above UB, fathomed
1302   402    38         41.0794    46.9265    14.2336    % 
UB: 46.92647058823529
branching on 1 with b.
1303   403    39         41.0794    46.9265    14.2336    % 
UB: 46.92647058823529
branching on 2 with b.
1304   404    40         41.0794    46.9265    14.2336    % 
UB: 46.92647058823529
branching on 3 with b.
1305   405    40         41.0794    46.9265    14.2336    % 
UB: 46.92647058823529
branching on 3 with b.
1306   406    39         41.0794    46.9265    14.2336    % 
UB: 46.92647058823529
branching on 2 with b.
1307   407    38         41.0794    46.9265    14.2336    % 
UB: 46.92647058823529
branching on 1 with b.
1308   408    36         41.0794    46.9265    14.2336    % 
UB: 46.92647058823529
branching on 2 with b.
1309   409    37         41.0794    46.9265    14.2336    % 
UB: 46.92647058823529
branching on 3 with b.
1310   410    37         41.0794    46.9265    14.2336    % 
UB: 46.92647058823529
branching on 3 with b.
1311   411    38         41.0794    46.9265    14.2336    % 
UB: 46.92647058823529
branching on 1 with b.
1312   412    38         41.0794    46.9265    14.2336    % 
UB: 46.92647058823529
branching on 1 with b.
1313   413    36         41.0794    46.9265    14.2336    % 
UB: 46.92647058823529
branching on 2 with b.
1314   414    37         41.0794    46.9265    14.2336    % 
UB: 46.92647058823529
branching on 3 with b.
1315   415    37         41.0794    46.9265    14.2336    % 
UB: 46.92647058823529
branching on 3 with b.
1316   416    38         41.0794    46.9265    14.2336    % 
UB: 46.92647058823529
branching on 1 with b.
1317   417    38         41.0794    46.9265    14.2336    % 
UB: 46.92647058823529
branching on 1 with b.
1318   418    39         41.0794    46.9265    14.2336    % 
UB: 46.92647058823529
branching on 2 with b.
1319   419    40         41.0794    46.9265    14.2336    % 
UB: 46.92647058823529
branching on 3 with b.
1320   420    40         41.0794    46.9265    14.2336    % 
LB close or above UB, fathomed
1321   419    39         41.0794    46.9265    14.2336    % 
UB: 46.92647058823529
branching on 2 with b.
1322   420    17         41.0794    46.9265    14.2336    % 
LB close or above UB, fathomed
1323   419    17         41.0794    46.9265    14.2336    % 
UB: 46.92647058823529
branching on CartesianIndex(1, 3) with a.
1324   420    18         41.0794    46.9265    14.2336    % 
UB: 46.92647058823529
branching on CartesianIndex(2, 3) with a.
1325   421    18         41.0794    46.9265    14.2336    % 
LB close or above UB, fathomed
1326   420    28         41.0794    46.9265    14.2336    % 
LB close or above UB, fathomed
1327   419    28         41.0794    46.9265    14.2336    % 
UB: 46.92647058823529
branching on 3 with b.
1328   420    29         41.0794    46.9265    14.2336    % 
LB close or above UB, fathomed
1329   419    29         41.0794    46.9265    14.2336    % 
UB: 46.92647058823529
branching on 1 with b.
1330   420    30         41.0794    46.9265    14.2336    % 
UB: 46.92647058823529
branching on 2 with b.
1331   421    30         41.0794    46.9265    14.2336    % 
LB close or above UB, fathomed
1332   420    28         41.0794    46.9265    14.2336    % 
LB close or above UB, fathomed
1333   419    28         41.0794    46.9265    14.2336    % 
UB: 46.92647058823529
branching on 3 with b.
1334   420    29         41.0794    46.9265    14.2336    % 
LB close or above UB, fathomed
1335   419    29         41.0794    46.9265    14.2336    % 
UB: 46.92647058823529
branching on 1 with b.
1336   420    30         41.0794    46.9265    14.2336    % 
UB: 46.92647058823529
branching on 2 with b.
1337   421    30         41.0794    46.9265    14.2336    % 
UB: 46.92647058823529
branching on 2 with b.
1338   422    31         41.0794    46.9265    14.2336    % 
LB close or above UB, fathomed
1339   421    31         41.0794    46.9265    14.2336    % 
UB: 46.92647058823529
branching on 3 with b.
1340   422    25         41.0794    46.9265    14.2336    % 
LB close or above UB, fathomed
1341   421    25         41.0794    46.9265    14.2336    % 
UB: 46.92647058823529
branching on 3 with b.
1342   422    26         41.0794    46.9265    14.2336    % 
LB close or above UB, fathomed
1343   421    26         41.0794    46.9265    14.2336    % 
UB: 46.92647058823529
branching on 1 with b.
1344   422    27         41.0794    46.9265    14.2336    % 
LB close or above UB, fathomed
1345   421    27         41.0794    46.9265    14.2336    % 
UB: 46.92647058823529
branching on 2 with b.
1346   422    28         41.0794    46.9265    14.2336    % 
UB: 46.92647058823529
branching on 1 with b.
1347   423    28         41.0794    46.9265    14.2336    % 
LB close or above UB, fathomed
1348   422    19         41.0794    46.9265    14.2336    % 
LB close or above UB, fathomed
1349   421    19         41.0794    46.9265    14.2336    % 
UB: 46.92647058823529
branching on CartesianIndex(3, 3) with a.
1350   422    33         41.0794    46.9265    14.2336    % 
UB: 46.92647058823529
branching on 2 with b.
1351   423    33         41.0794    46.9265    14.2336    % 
UB: 46.92647058823529
branching on 2 with b.
1352   424    24         41.0794    46.9265    14.2336    % 
UB: 46.92647058823529
branching on 3 with b.
1353   425    24         41.0794    46.9265    14.2336    % 
LB close or above UB, fathomed
1354   424    17         41.0794    46.9265    14.2336    % 
LB close or above UB, fathomed
1355   423    17         41.0794    46.9265    14.2336    % 
UB: 46.92647058823529
branching on CartesianIndex(1, 4) with c.
1356   424    18         41.0794    46.9265    14.2336    % 
LB close or above UB, fathomed
1357   423    18         41.0794    46.9265    14.2336    % 
UB: 46.92647058823529
branching on CartesianIndex(1, 5) with c.
1358   424    19         41.0794    46.9265    14.2336    % 
UB: 46.92647058823529
branching on CartesianIndex(1, 6) with c.
1359   425    20         41.0794    46.9265    14.2336    % 
LB close or above UB, fathomed
1360   424    20         41.0794    46.9265    14.2336    % 
UB: 46.92647058823529
branching on CartesianIndex(1, 7) with c.
1361   425    21         41.0794    46.9265    14.2336    % 
UB: 46.92647058823529
branching on 1 with b.
1362   426    22         41.0794    46.9265    14.2336    % 
LB close or above UB, fathomed
1363   425    22         41.0794    46.9265    14.2336    % 
LB close or above UB, fathomed
1364   424    21         41.0794    46.9265    14.2336    % 
LB close or above UB, fathomed
1365   423    19         41.0794    46.9265    14.2336    % 
LB close or above UB, fathomed
1366   422    16         41.0794    46.9265    14.2336    % 
UB: 46.92647058823529
branching on 1 with b.
1367   423    17         41.0794    46.9265    14.2336    % 
LB close or above UB, fathomed
1368   422    17         41.0794    46.9265    14.2336    % 
UB: 46.92647058823529
branching on CartesianIndex(4, 3) with a.
1369   423    16         41.0794    46.9265    14.2336    % 
LB close or above UB, fathomed
1370   422    22         41.0794    46.9265    14.2336    % 
LB close or above UB, fathomed
1371   421    22         41.0794    46.9265    14.2336    % 
UB: 46.92647058823529
branching on 2 with b.
1372   422    23         41.0794    46.9265    14.2336    % 
LB close or above UB, fathomed
1373   421    23         41.0794    46.9265    14.2336    % 
UB: 46.92647058823529
branching on CartesianIndex(1, 7) with c.
1374   422    24         41.0794    46.9265    14.2336    % 
UB: 46.92647058823529
branching on 3 with b.
1375   423    25         41.0794    46.9265    14.2336    % 
LB close or above UB, fathomed
1376   422    25         41.0794    46.9265    14.2336    % 
UB: 46.92647058823529
branching on 1 with b.
1377   423    26         41.0794    46.9265    14.2336    % 
UB: 46.92647058823529
branching on 2 with b.
1378   424    26         41.0794    46.9265    14.2336    % 
UB: 46.92647058823529
branching on 2 with b.
1379   425    24         41.0794    46.9265    14.2336    % 
LB close or above UB, fathomed
1380   424    31         41.0794    46.9265    14.2336    % 
UB: 46.92647058823529
branching on 3 with b.
1381   425    32         41.0794    46.9265    14.2336    % 
LB close or above UB, fathomed
1382   424    32         41.0794    46.9265    14.2336    % 
UB: 46.92647058823529
branching on 1 with b.
1383   425    33         41.0794    46.9265    14.2336    % 
UB: 46.92647058823529
branching on 2 with b.
1384   426    33         41.0794    46.9265    14.2336    % 
UB: 46.92647058823529
branching on 2 with b.
1385   427    31         41.0794    46.9265    14.2336    % 
LB close or above UB, fathomed
1386   426    15         41.0794    46.9265    14.2336    % 
UB: 46.92647058823529
branching on CartesianIndex(2, 3) with a.
1387   427    16         41.0794    46.9265    14.2336    % 
UB: 46.92647058823529
branching on CartesianIndex(3, 3) with a.
1388   428    17         41.0794    46.9265    14.2336    % 
LB close or above UB, fathomed
1389   427    17         41.0794    46.9265    14.2336    % 
UB: 46.92647058823529
branching on 1 with b.
1390   428    16         41.0794    46.9265    14.2336    % 
LB close or above UB, fathomed
1391   427    15         41.0794    46.9265    14.2336    % 
LB close or above UB, fathomed
1392   426    18         41.0794    46.9265    14.2336    % 
LB close or above UB, fathomed
1393   425    18         41.0794    46.9265    14.2336    % 
UB: 46.92647058823529
branching on CartesianIndex(1, 4) with c.
1394   426    19         41.0794    46.9265    14.2336    % 
UB: 46.92647058823529
branching on CartesianIndex(1, 5) with c.
1395   427    19         41.0794    46.9265    14.2336    % 
LB close or above UB, fathomed
1396   426    20         41.0794    46.9265    14.2336    % 
UB: 46.92647058823529
branching on CartesianIndex(3, 3) with a.
1397   427    20         41.0794    46.9265    14.2336    % 
LB close or above UB, fathomed
1398   426    13         41.0794    46.9265    14.2336    % 
LB close or above UB, fathomed
1399   425    13         41.0794    46.9265    14.2336    % 
LB close or above UB, fathomed
1400   424    26         41.0794    46.9265    14.2336    % 
LB close or above UB, fathomed
1401   423    26         41.0794    46.9265    14.2336    % 
LB close or above UB, fathomed
1402   422    14         41.0794    46.9265    14.2336    % 
UB: 46.92647058823529
branching on CartesianIndex(3, 3) with a.
1403   423    15         41.0794    46.9265    14.2336    % 
LB close or above UB, fathomed
1404   422    15         41.0794    46.9265    14.2336    % 
UB: 46.92647058823529
branching on 1 with b.
1405   423    14         41.0794    46.9265    14.2336    % 
LB close or above UB, fathomed
1406   422    16         41.0794    46.9265    14.2336    % 
UB: 46.92647058823529
branching on CartesianIndex(2, 3) with a.
1407   423    17         41.0794    46.9265    14.2336    % 
UB: 46.92647058823529
branching on CartesianIndex(3, 3) with a.
1408   424    18         41.0794    46.9265    14.2336    % 
LB close or above UB, fathomed
1409   423    18         41.0794    46.9265    14.2336    % 
LB close or above UB, fathomed
1410   422    17         41.0794    46.9265    14.2336    % 
LB close or above UB, fathomed
1411   421    16         41.0794    46.9265    14.2336    % 
LB close or above UB, fathomed
1412   420    12         41.0794    46.9265    14.2336    % 
UB: 46.92647058823529
branching on CartesianIndex(2, 2) with a.
1413   421    12         41.0794    46.9265    14.2336    % 
UB: 46.92647058823529
branching on CartesianIndex(2, 2) with a.
1414   422    20         41.0794    46.9265    14.2336    % 
LB close or above UB, fathomed
1415   421    20         41.0794    46.9265    14.2336    % 
UB: 46.92647058823529
branching on CartesianIndex(1, 4) with c.
1416   422    14         41.0794    46.9265    14.2336    % 
UB: 46.92647058823529
branching on CartesianIndex(4, 2) with a.
1417   423    15         41.0794    46.9265    14.2336    % 
UB: 46.92647058823529
branching on CartesianIndex(1, 3) with a.
1418   424    16         41.0794    46.9265    14.2336    % 
UB: 46.92647058823529
branching on CartesianIndex(2, 3) with a.
1419   425    17         41.0794    46.9265    14.2336    % 
LB close or above UB, fathomed
1420   424    17         41.0794    46.9265    14.2336    % 
UB: 46.92647058823529
branching on CartesianIndex(1, 4) with c.
1421   425    16         41.0794    46.9265    14.2336    % 
LB close or above UB, fathomed
1422   424    15         41.0794    46.9265    14.2336    % 
UB: 46.92647058823529
branching on CartesianIndex(1, 3) with a.
1423   425    16         41.0794    46.9265    14.2336    % 
UB: 46.92647058823529
branching on CartesianIndex(2, 3) with a.
1424   426    17         41.0794    46.9265    14.2336    % 
LB close or above UB, fathomed
1425   425    17         41.0794    46.9265    14.2336    % 
UB: 46.92647058823529
branching on CartesianIndex(1, 4) with c.
1426   426    16         41.0794    46.9265    14.2336    % 
LB close or above UB, fathomed
1427   425    14         41.0794    46.9265    14.2336    % 
UB: 46.92647058823529
branching on CartesianIndex(1, 3) with a.
1428   426    15         41.0794    46.9265    14.2336    % 
UB: 46.92647058823529
branching on CartesianIndex(2, 3) with a.
1429   427    16         41.0794    46.9265    14.2336    % 
LB close or above UB, fathomed
1430   426    16         41.0794    46.9265    14.2336    % 
UB: 46.92647058823529
branching on 1 with b.
1431   427    15         41.0794    46.9265    14.2336    % 
LB close or above UB, fathomed
1432   426    21         41.0794    46.9265    14.2336    % 
LB close or above UB, fathomed
1433   425    21         41.0794    46.9265    14.2336    % 
UB: 46.92647058823529
branching on CartesianIndex(1, 5) with c.
1434   426    22         41.0794    46.9265    14.2336    % 
UB: 46.92647058823529
branching on CartesianIndex(1, 6) with c.
1435   427    23         41.0794    46.9265    14.2336    % 
LB close or above UB, fathomed
1436   426    23         41.0794    46.9265    14.2336    % 
UB: 46.92647058823529
branching on 2 with b.
1437   427    24         41.0794    46.9265    14.2336    % 
LB close or above UB, fathomed
1438   426    24         41.0794    46.9265    14.2336    % 
UB: 46.92647058823529
branching on 3 with b.
1439   427    25         41.0794    46.9265    14.2336    % 
UB: 46.92647058823529
branching on CartesianIndex(1, 7) with c.
1440   428    26         41.0794    46.9265    14.2336    % 
UB: 46.92647058823529
branching on 1 with b.
1441   429    27         41.0794    46.9265    14.2336    % 
LB close or above UB, fathomed
1442   428    27         41.0794    46.9265    14.2336    % 
UB: 46.92647058823529
branching on 2 with b.
1443   429    26         41.0794    46.9265    14.2336    % 
LB close or above UB, fathomed
1444   428    25         41.0794    46.9265    14.2336    % 
LB close or above UB, fathomed
1445   427    22         41.0794    46.9265    14.2336    % 
LB close or above UB, fathomed
1446   426    13         41.0794    46.9265    14.2336    % 
LB close or above UB, fathomed
1447   425    13         41.0794    46.9265    14.2336    % 
UB: 46.92647058823529
branching on 1 with b.
1448   426    14         41.0794    46.9265    14.2336    % 
UB: 46.92647058823529
branching on 2 with b.
1449   427    15         41.0794    46.9265    14.2336    % 
UB: 46.92647058823529
branching on CartesianIndex(1, 3) with a.
1450   428    16         41.0794    46.9265    14.2336    % 
UB: 46.92647058823529
branching on CartesianIndex(2, 3) with a.
1451   429    17         41.0794    46.9265    14.2336    % 
UB: 46.92647058823529
branching on CartesianIndex(3, 3) with a.
1452   430    17         41.0794    46.9265    14.2336    % 
UB: 46.92647058823529
branching on CartesianIndex(1, 4) with c.
1453   431    16         41.0794    46.9265    14.2336    % 
LB close or above UB, fathomed
1454   430    15         41.0794    46.9265    14.2336    % 
LB close or above UB, fathomed
1455   429    14         41.0794    46.9265    14.2336    % 
LB close or above UB, fathomed
1456   428    19         41.0794    46.9265    14.2336    % 
UB: 46.92647058823529
branching on 3 with b.
1457   429    19         41.0794    46.9265    14.2336    % 
LB close or above UB, fathomed
1458   428    18         41.0794    46.9265    14.2336    % 
UB: 46.92647058823529
branching on CartesianIndex(2, 3) with a.
1459   429    19         41.0794    46.9265    14.2336    % 
UB: 46.92647058823529
branching on CartesianIndex(3, 3) with a.
1460   430    19         41.0794    46.9265    14.2336    % 
LB close or above UB, fathomed
1461   429    18         41.0794    46.9265    14.2336    % 
LB close or above UB, fathomed
1462   428    18         41.0794    46.9265    14.2336    % 
UB: 46.92647058823529
branching on 2 with b.
1463   429    19         41.0794    46.9265    14.2336    % 
LB close or above UB, fathomed
1464   428    19         41.0794    46.9265    14.2336    % 
UB: 46.92647058823529
branching on CartesianIndex(1, 6) with c.
1465   429    20         41.0794    46.9265    14.2336    % 
LB close or above UB, fathomed
1466   428    20         41.0794    46.9265    14.2336    % 
UB: 46.92647058823529
branching on CartesianIndex(1, 7) with c.
1467   429    21         41.0794    46.9265    14.2336    % 
UB: 46.92647058823529
branching on 3 with b.
1468   430    22         41.0794    46.9265    14.2336    % 
LB close or above UB, fathomed
1469   429    22         41.0794    46.9265    14.2336    % 
UB: 46.92647058823529
branching on 1 with b.
1470   430    23         41.0794    46.9265    14.2336    % 
UB: 46.92647058823529
branching on 2 with b.
1471   431    23         41.0794    46.9265    14.2336    % 
LB close or above UB, fathomed
1472   430    21         41.0794    46.9265    14.2336    % 
LB close or above UB, fathomed
1473   429    18         41.0794    46.9265    14.2336    % 
LB close or above UB, fathomed
1474   428    18         41.0794    46.9265    14.2336    % 
LB close or above UB, fathomed
1475   427    18         41.0794    46.9265    14.2336    % 
UB: 46.92647058823529
branching on 2 with b.
1476   428    19         41.0794    46.9265    14.2336    % 
LB close or above UB, fathomed
1477   427    19         41.0794    46.9265    14.2336    % 
UB: 46.92647058823529
branching on CartesianIndex(1, 3) with a.
1478   428    20         41.0794    46.9265    14.2336    % 
UB: 46.92647058823529
branching on CartesianIndex(2, 3) with a.
1479   429    20         41.0794    46.9265    14.2336    % 
LB close or above UB, fathomed
1480   428    24         41.0794    46.9265    14.2336    % 
UB: 46.92647058823529
branching on CartesianIndex(1, 6) with c.
1481   429    25         41.0794    46.9265    14.2336    % 
LB close or above UB, fathomed
1482   428    25         41.0794    46.9265    14.2336    % 
UB: 46.92647058823529
branching on CartesianIndex(1, 7) with c.
1483   429    26         41.0794    46.9265    14.2336    % 
UB: 46.92647058823529
branching on 2 with b.
1484   430    27         41.0794    46.9265    14.2336    % 
UB: 46.92647058823529
branching on 3 with b.
1485   431    28         41.0794    46.9265    14.2336    % 
UB: 46.92647058823529
branching on 1 with b.
1486   432    29         41.0794    46.9265    14.2336    % 
LB close or above UB, fathomed
1487   431    29         41.0794    46.9265    14.2336    % 
UB: 46.92647058823529
branching on 2 with b.
1488   432    30         41.0794    46.9265    14.2336    % 
LB close or above UB, fathomed
1489   431    30         41.0794    46.9265    14.2336    % 
UB: 46.92647058823529
branching on 3 with b.
1490   432    28         41.0794    46.9265    14.2336    % 
LB close or above UB, fathomed
1491   431    27         41.0794    46.9265    14.2336    % 
LB close or above UB, fathomed
1492   430    26         41.0794    46.9265    14.2336    % 
LB close or above UB, fathomed
1493   429    24         41.0794    46.9265    14.2336    % 
LB close or above UB, fathomed
1494   428    22         41.0794    46.9265    14.2336    % 
LB close or above UB, fathomed
1495   427    22         41.0794    46.9265    14.2336    % 
UB: 46.92647058823529
branching on CartesianIndex(1, 5) with c.
1496   428    23         41.0794    46.9265    14.2336    % 
UB: 46.92647058823529
branching on CartesianIndex(1, 6) with c.
1497   429    24         41.0794    46.9265    14.2336    % 
LB close or above UB, fathomed
1498   428    24         41.0794    46.9265    14.2336    % 
UB: 46.92647058823529
branching on CartesianIndex(1, 7) with c.
1499   429    25         41.0794    46.9265    14.2336    % 
UB: 46.92647058823529
branching on 1 with b.
1500   430    26         41.0794    46.9265    14.2336    % 
UB: 46.92647058823529
branching on 2 with b.
1501   431    27         41.0794    46.9265    14.2336    % 
UB: 46.92647058823529
branching on 3 with b.
1502   432    27         41.0794    46.9265    14.2336    % 
LB close or above UB, fathomed
1503   431    26         41.0794    46.9265    14.2336    % 
UB: 46.92647058823529
branching on 2 with b.
1504   432    25         41.0794    46.9265    14.2336    % 
LB close or above UB, fathomed
1505   431    23         41.0794    46.9265    14.2336    % 
LB close or above UB, fathomed
1506   430    19         41.0974    46.9265    14.1836    % 
LB close or above UB, fathomed
1507   429    19         41.0974    46.9265    14.1836    % 
LB close or above UB, fathomed
1508   428    29         43.0191    46.9265    9.0830     % 
LB close or above UB, fathomed
1509   427    29         43.0191    46.9265    9.0830     % 
UB: 46.92647058823529
branching on 3 with b.
1510   428    30         43.0191    46.9265    9.0830     % 
UB: 46.92647058823529
branching on 1 with b.
1511   429    30         43.0191    46.9265    9.0830     % 
LB close or above UB, fathomed
1512   428    33         43.0284    46.9265    9.0592     % 
LB close or above UB, fathomed
1513   427    33         43.0284    46.9265    9.0592     % 
UB: 46.92647058823529
branching on 1 with b.
1514   428    36         43.0284    46.9265    9.0592     % 
LB close or above UB, fathomed
1515   427    36         43.0284    46.9265    9.0592     % 
UB: 46.92647058823529
branching on 2 with b.
1516   428    34         43.0284    46.9265    9.0592     % 
UB: 46.92647058823529
branching on 3 with b.
1517   429    34         43.0284    46.9265    9.0592     % 
LB close or above UB, fathomed
1518   428    34         43.0284    46.9265    9.0592     % 
UB: 46.92647058823529
branching on 3 with b.
1519   429    34         43.0284    46.9265    9.0592     % 
LB close or above UB, fathomed
1520   428    36         43.0284    46.9265    9.0592     % 
UB: 46.92647058823529
branching on 2 with b.
1521   429    37         43.0284    46.9265    9.0592     % 
LB close or above UB, fathomed
1522   428    37         43.0284    46.9265    9.0592     % 
UB: 46.92647058823529
branching on 3 with b.
1523   429    36         43.0284    46.9265    9.0592     % 
UB: 46.92647058823529
branching on 2 with b.
1524   430    34         43.0284    46.9265    9.0592     % 
LB close or above UB, fathomed
1525   429    34         43.0284    46.9265    9.0592     % 
UB: 46.92647058823529
branching on 3 with b.
1526   430    19         43.0284    46.9265    9.0592     % 
UB: 46.92647058823529
branching on CartesianIndex(1, 4) with c.
1527   431    20         43.0284    46.9265    9.0592     % 
LB close or above UB, fathomed
1528   430    20         43.0284    46.9265    9.0592     % 
UB: 46.92647058823529
branching on CartesianIndex(1, 5) with c.
1529   431    21         43.0284    46.9265    9.0592     % 
UB: 46.92647058823529
branching on CartesianIndex(1, 6) with c.
1530   432    21         43.0284    46.9265    9.0592     % 
LB close or above UB, fathomed
1531   431    19         43.0284    46.9265    9.0592     % 
LB close or above UB, fathomed
1532   430    32         43.0284    46.9265    9.0592     % 
LB close or above UB, fathomed
1533   429    32         43.0284    46.9265    9.0592     % 
UB: 46.92647058823529
branching on 2 with b.
1534   430    37         43.0284    46.9265    9.0592     % 
LB close or above UB, fathomed
1535   429    37         43.0284    46.9265    9.0592     % 
UB: 46.92647058823529
branching on 3 with b.
1536   430    38         43.0284    46.9265    9.0592     % 
UB: 46.92647058823529
branching on 1 with b.
1537   431    39         43.0284    46.9265    9.0592     % 
UB: 46.92647058823529
branching on 2 with b.
1538   432    40         43.0284    46.9265    9.0592     % 
UB: 46.92647058823529
branching on 3 with b.
1539   433    40         43.0284    46.9265    9.0592     % 
LB close or above UB, fathomed
1540   432    39         43.0284    46.9265    9.0592     % 
LB close or above UB, fathomed
1541   431    38         43.0284    46.9265    9.0592     % 
LB close or above UB, fathomed
1542   430    38         43.0284    46.9265    9.0592     % 
UB: 46.92647058823529
branching on 1 with b.
1543   431    39         43.0284    46.9265    9.0592     % 
UB: 46.92647058823529
branching on 2 with b.
1544   432    40         43.0284    46.9265    9.0592     % 
UB: 46.92647058823529
branching on 3 with b.
1545   433    40         43.0284    46.9265    9.0592     % 
LB close or above UB, fathomed
1546   432    39         43.0284    46.9265    9.0592     % 
UB: 46.92647058823529
branching on 2 with b.
1547   433    40         43.0284    46.9265    9.0592     % 
UB: 46.92647058823529
branching on 3 with b.
1548   434    40         43.0284    46.9265    9.0592     % 
LB close or above UB, fathomed
1549   433    38         43.0284    46.9265    9.0592     % 
LB close or above UB, fathomed
1550   432    37         43.0284    46.9265    9.0592     % 
LB close or above UB, fathomed
1551   431    37         43.0284    46.9265    9.0592     % 
UB: 46.92647058823529
branching on 3 with b.
1552   432    38         43.0284    46.9265    9.0592     % 
UB: 46.92647058823529
branching on 1 with b.
1553   433    39         43.0284    46.9265    9.0592     % 
UB: 46.92647058823529
branching on 2 with b.
1554   434    40         43.0284    46.9265    9.0592     % 
UB: 46.92647058823529
branching on 3 with b.
1555   435    40         43.0284    46.9265    9.0592     % 
LB close or above UB, fathomed
1556   434    39         43.0284    46.9265    9.0592     % 
LB close or above UB, fathomed
1557   433    38         43.0284    46.9265    9.0592     % 
LB close or above UB, fathomed
1558   432    34         43.0284    46.9265    9.0592     % 
UB: 46.92647058823529
branching on 3 with b.
1559   433    35         43.0284    46.9265    9.0592     % 
UB: 46.92647058823529
branching on 1 with b.
1560   434    36         43.0284    46.9265    9.0592     % 
UB: 46.92647058823529
branching on 2 with b.
1561   435    37         43.0284    46.9265    9.0592     % 
LB close or above UB, fathomed
1562   434    37         43.0284    46.9265    9.0592     % 
UB: 46.92647058823529
branching on 3 with b.
1563   435    36         43.0284    46.9265    9.0592     % 
UB: 46.92647058823529
branching on 2 with b.
1564   436    37         43.0284    46.9265    9.0592     % 
LB close or above UB, fathomed
1565   435    37         43.0284    46.9265    9.0592     % 
UB: 46.92647058823529
branching on 3 with b.
1566   436    35         43.0284    46.9265    9.0592     % 
LB close or above UB, fathomed
1567   435    34         43.0284    46.9265    9.0592     % 
LB close or above UB, fathomed
1568   434    20         43.0284    46.9265    9.0592     % 
LB close or above UB, fathomed
1569   433    20         43.0284    46.9265    9.0592     % 
LB close or above UB, fathomed
1570   432    31         43.0284    46.9265    9.0592     % 
LB close or above UB, fathomed
1571   431    31         43.0284    46.9265    9.0592     % 
UB: 46.92647058823529
branching on 3 with b.
1572   432    41         43.0284    46.9265    9.0592     % 
UB: 46.92647058823529
branching on 1 with b.
1573   433    42         43.0284    46.9265    9.0592     % 
UB: 46.92647058823529
branching on 2 with b.
1574   434    42         43.0284    46.9265    9.0592     % 
LB close or above UB, fathomed
1575   433    41         43.0284    46.9265    9.0592     % 
UB: 46.92647058823529
branching on 1 with b.
1576   434    42         43.0284    46.9265    9.0592     % 
UB: 46.92647058823529
branching on 2 with b.
1577   435    42         43.0284    46.9265    9.0592     % 
LB close or above UB, fathomed
1578   434    39         43.0284    46.9265    9.0592     % 
UB: 46.92647058823529
branching on 2 with b.
1579   435    40         43.0284    46.9265    9.0592     % 
UB: 46.92647058823529
branching on 3 with b.
1580   436    40         43.0284    46.9265    9.0592     % 
LB close or above UB, fathomed
1581   435    39         43.0284    46.9265    9.0592     % 
LB close or above UB, fathomed
1582   434    39         43.0284    46.9265    9.0592     % 
UB: 46.92647058823529
branching on 2 with b.
1583   435    40         43.0284    46.9265    9.0592     % 
UB: 46.92647058823529
branching on 3 with b.
1584   436    40         43.0284    46.9265    9.0592     % 
LB close or above UB, fathomed
1585   435    39         43.0284    46.9265    9.0592     % 
UB: 46.92647058823529
branching on 2 with b.
1586   436    40         43.0284    46.9265    9.0592     % 
UB: 46.92647058823529
branching on 3 with b.
1587   437    40         43.0284    46.9265    9.0592     % 
LB close or above UB, fathomed
1588   436    39         43.0284    46.9265    9.0592     % 
UB: 46.92647058823529
branching on 2 with b.
1589   437    40         43.0284    46.9265    9.0592     % 
UB: 46.92647058823529
branching on 3 with b.
1590   438    40         43.0284    46.9265    9.0592     % 
LB close or above UB, fathomed
1591   437    39         43.0284    46.9265    9.0592     % 
UB: 46.92647058823529
branching on 2 with b.
1592   438    40         43.0284    46.9265    9.0592     % 
UB: 46.92647058823529
branching on 3 with b.
1593   439    40         43.0284    46.9265    9.0592     % 
LB close or above UB, fathomed
1594   438    34         43.0284    46.9265    9.0592     % 
LB close or above UB, fathomed
1595   437    34         43.0284    46.9265    9.0592     % 
LB close or above UB, fathomed
1596   436    26         43.0284    46.9265    9.0592     % 
LB close or above UB, fathomed
1597   435    26         43.0284    46.9265    9.0592     % 
LB close or above UB, fathomed
1598   434    31         43.0284    46.9265    9.0592     % 
LB close or above UB, fathomed
1599   433    31         43.0284    46.9265    9.0592     % 
LB close or above UB, fathomed
1600   432    38         43.0284    46.9265    9.0592     % 
UB: 46.92647058823529
branching on 1 with b.
1601   432    38         43.0284    46.9265    9.0592     % 
LB close or above UB, fathomed
1602   431    38         43.0284    46.9265    9.0592     % 
UB: 46.92647058823529
branching on 1 with b.
1603   432    38         43.0284    46.9265    9.0592     % 
LB close or above UB, fathomed
1604   431    35         43.0284    46.9265    9.0592     % 
LB close or above UB, fathomed
1605   430    35         43.0284    46.9265    9.0592     % 
LB close or above UB, fathomed
1606   429    38         43.0284    46.9265    9.0592     % 
UB: 46.92647058823529
branching on 3 with b.
1607   430    38         43.0284    46.9265    9.0592     % 
LB close or above UB, fathomed
1608   429    32         43.0284    46.9265    9.0592     % 
LB close or above UB, fathomed
1609   428    32         43.0284    46.9265    9.0592     % 
UB: 46.92647058823529
branching on 2 with b.
1610   429    33         43.0284    46.9265    9.0592     % 
UB: 46.92647058823529
branching on 3 with b.
1611   430    34         43.0284    46.9265    9.0592     % 
UB: 46.92647058823529
branching on 1 with b.
1612   431    35         43.0284    46.9265    9.0592     % 
UB: 46.92647058823529
branching on 2 with b.
1613   432    35         43.0284    46.9265    9.0592     % 
LB close or above UB, fathomed
1614   431    34         43.0284    46.9265    9.0592     % 
LB close or above UB, fathomed
1615   430    33         43.0284    46.9265    9.0592     % 
LB close or above UB, fathomed
1616   429    32         43.0284    46.9265    9.0592     % 
UB: 46.92647058823529
branching on 2 with b.
1617   430    32         43.0284    46.9265    9.0592     % 
UB: 46.92647058823529
branching on 2 with b.
1618   431    33         43.0284    46.9265    9.0592     % 
UB: 46.92647058823529
branching on 3 with b.
1619   432    34         43.0284    46.9265    9.0592     % 
LB close or above UB, fathomed
1620   431    34         43.0284    46.9265    9.0592     % 
LB close or above UB, fathomed
1621   430    33         43.0284    46.9265    9.0592     % 
LB close or above UB, fathomed
1622   429    42         43.0284    46.9265    9.0592     % 
UB: 46.92647058823529
branching on 2 with b.
1623   430    42         43.0284    46.9265    9.0592     % 
UB: 46.92647058823529
branching on 2 with b.
1624   431    43         43.0284    46.9265    9.0592     % 
UB: 46.92647058823529
branching on 3 with b.
1625   432    44         43.0284    46.9265    9.0592     % 
UB: 46.92647058823529
branching on 1 with b.
1626   433    44         43.0284    46.9265    9.0592     % 
UB: 46.92647058823529
branching on 1 with b.
1627   434    43         43.0284    46.9265    9.0592     % 
LB close or above UB, fathomed
1628   433    42         43.0284    46.9265    9.0592     % 
UB: 46.92647058823529
branching on 2 with b.
1629   434    43         43.0284    46.9265    9.0592     % 
UB: 46.92647058823529
branching on 3 with b.
1630   435    44         43.0284    46.9265    9.0592     % 
UB: 46.92647058823529
branching on 1 with b.
1631   435    44         43.0284    46.9265    9.0592     % 
UB: 46.92647058823529
branching on 1 with b.
1632   435    43         43.0284    46.9265    9.0592     % 
LB close or above UB, fathomed
1633   434    42         43.0284    46.9265    9.0592     % 
UB: 46.92647058823529
branching on 2 with b.
1634   435    43         43.0284    46.9265    9.0592     % 
UB: 46.92647058823529
branching on 3 with b.
1635   436    44         43.0284    46.9265    9.0592     % 
UB: 46.92647058823529
branching on 1 with b.
1636   436    44         43.0284    46.9265    9.0592     % 
UB: 46.92647058823529
branching on 1 with b.
1637   436    43         43.0284    46.9265    9.0592     % 
LB close or above UB, fathomed
1638   435    40         43.0284    46.9265    9.0592     % 
UB: 46.92647058823529
branching on 3 with b.
1639   436    40         43.0284    46.9265    9.0592     % 
LB close or above UB, fathomed
1640   435    32         43.0284    46.9265    9.0592     % 
UB: 46.92647058823529
branching on 2 with b.
1641   436    32         43.0284    46.9265    9.0592     % 
UB: 46.92647058823529
branching on 2 with b.
1642   437    33         43.0284    46.9265    9.0592     % 
LB close or above UB, fathomed
1643   436    33         43.0284    46.9265    9.0592     % 
LB close or above UB, fathomed
1644   435    30         43.0284    46.9265    9.0592     % 
UB: 46.92647058823529
branching on 2 with b.
1645   436    30         43.0284    46.9265    9.0592     % 
UB: 46.92647058823529
branching on 2 with b.
1646   437    31         43.0284    46.9265    9.0592     % 
LB close or above UB, fathomed
1647   436    31         43.0284    46.9265    9.0592     % 
LB close or above UB, fathomed
1648   435    43         43.0284    46.9265    9.0592     % 
UB: 46.92647058823529
branching on 3 with b.
1649   436    44         43.0284    46.9265    9.0592     % 
UB: 46.92647058823529
branching on 1 with b.
1650   437    44         43.0284    46.9265    9.0592     % 
UB: 46.92647058823529
branching on 1 with b.
1651   438    45         43.0284    46.9265    9.0592     % 
UB: 46.92647058823529
branching on 2 with b.
1652   439    46         43.0284    46.9265    9.0592     % 
UB: 46.92647058823529
branching on 3 with b.
1653   439    46         43.0284    46.9265    9.0592     % 
LB close or above UB, fathomed
1654   438    45         43.0284    46.9265    9.0592     % 
LB close or above UB, fathomed
1655   437    43         43.0284    46.9265    9.0592     % 
LB close or above UB, fathomed
1656   436    38         43.0284    46.9265    9.0592     % 
UB: 46.92647058823529
branching on 1 with b.
1657   437    38         43.0284    46.9265    9.0592     % 
UB: 46.92647058823529
branching on 1 with b.
1658   438    34         43.0284    46.9265    9.0592     % 
UB: 46.92647058823529
branching on 3 with b.
1659   439    35         43.0284    46.9265    9.0592     % 
LB close or above UB, fathomed
1660   438    35         43.0284    46.9265    9.0592     % 
LB close or above UB, fathomed
1661   437    34         43.0284    46.9265    9.0592     % 
LB close or above UB, fathomed
1662   436    40         43.0284    46.9265    9.0592     % 
UB: 46.92647058823529
branching on 3 with b.
1663   437    40         43.0284    46.9265    9.0592     % 
LB close or above UB, fathomed
1664   436    14         43.0284    46.9265    9.0592     % 
LB close or above UB, fathomed
1665   435    14         43.0284    46.9265    9.0592     % 
LB close or above UB, fathomed
1666   434    37         43.0284    46.9265    9.0592     % 
LB close or above UB, fathomed
1667   433    37         43.0284    46.9265    9.0592     % 
UB: 46.92647058823529
branching on 3 with b.
1668   434    37         43.0284    46.9265    9.0592     % 
LB close or above UB, fathomed
1669   433    37         43.0284    46.9265    9.0592     % 
UB: 46.92647058823529
branching on 3 with b.
1670   434    35         43.0284    46.9265    9.0592     % 
LB close or above UB, fathomed
1671   433    35         43.0284    46.9265    9.0592     % 
UB: 46.92647058823529
branching on 3 with b.
1672   434    36         43.0284    46.9265    9.0592     % 
UB: 46.92647058823529
branching on 1 with b.
1673   435    36         43.0284    46.9265    9.0592     % 
LB close or above UB, fathomed
1674   434    35         43.0284    46.9265    9.0592     % 
LB close or above UB, fathomed
1675   433    35         43.0284    46.9265    9.0592     % 
UB: 46.92647058823529
branching on 3 with b.
1676   434    36         43.0284    46.9265    9.0592     % 
LB close or above UB, fathomed
1677   433    36         43.0284    46.9265    9.0592     % 
UB: 46.92647058823529
branching on 1 with b.
1678   434    38         43.0284    46.9265    9.0592     % 
UB: 46.92647058823529
branching on 1 with b.
1679   435    39         43.0284    46.9265    9.0592     % 
UB: 46.92647058823529
branching on 2 with b.
1680   436    40         43.0284    46.9265    9.0592     % 
LB close or above UB, fathomed
1681   435    40         43.0284    46.9265    9.0592     % 
LB close or above UB, fathomed
1682   434    39         43.0284    46.9265    9.0592     % 
UB: 46.92647058823529
branching on 2 with b.
1683   435    38         43.0284    46.9265    9.0592     % 
LB close or above UB, fathomed
1684   434    34         43.0284    46.9265    9.0592     % 
UB: 46.92647058823529
branching on 1 with b.
1685   435    35         43.0284    46.9265    9.0592     % 
UB: 46.92647058823529
branching on 2 with b.
1686   436    35         43.0284    46.9265    9.0592     % 
LB close or above UB, fathomed
1687   435    34         43.0284    46.9265    9.0592     % 
LB close or above UB, fathomed
1688   434    17         43.0284    46.9265    9.0592     % 
UB: 46.92647058823529
branching on CartesianIndex(1, 4) with c.
1689   435    17         43.0284    46.9265    9.0592     % 
LB close or above UB, fathomed
1690   434    36         43.0284    46.9265    9.0592     % 
UB: 46.92647058823529
branching on 2 with b.
1691   435    36         43.0284    46.9265    9.0592     % 
UB: 46.92647058823529
branching on 2 with b.
1692   436    37         43.0284    46.9265    9.0592     % 
LB close or above UB, fathomed
1693   435    37         43.0284    46.9265    9.0592     % 
UB: 46.92647058823529
branching on 3 with b.
1694   436    34         43.0284    46.9265    9.0592     % 
LB close or above UB, fathomed
1695   435    34         43.0284    46.9265    9.0592     % 
LB close or above UB, fathomed
1696   434    34         43.0284    46.9265    9.0592     % 
LB close or above UB, fathomed
1697   433    34         43.0284    46.9265    9.0592     % 
LB close or above UB, fathomed
1698   432    34         43.0284    46.9265    9.0592     % 
LB close or above UB, fathomed
1699   431    34         43.0284    46.9265    9.0592     % 
LB close or above UB, fathomed
1700   430    13         43.0284    46.9265    9.0592     % 
UB: 46.92647058823529
branching on CartesianIndex(3, 2) with a.
1701   431    13         43.0284    46.9265    9.0592     % 
LB close or above UB, fathomed
1702   430    32         43.0284    46.9265    9.0592     % 
LB close or above UB, fathomed
1703   429    32         43.0284    46.9265    9.0592     % 
LB close or above UB, fathomed
1704   428    22         43.0284    46.9265    9.0592     % 
UB: 46.92647058823529
branching on 3 with b.
1705   429    22         43.0284    46.9265    9.0592     % 
LB close or above UB, fathomed
1706   428    17         43.0284    46.9265    9.0592     % 
LB close or above UB, fathomed
1707   427    17         43.0284    46.9265    9.0592     % 
UB: 46.92647058823529
branching on CartesianIndex(1, 5) with c.
1708   428    18         43.0284    46.9265    9.0592     % 
UB: 46.92647058823529
branching on 2 with b.
1709   429    19         43.0284    46.9265    9.0592     % 
LB close or above UB, fathomed
1710   428    19         43.0284    46.9265    9.0592     % 
UB: 46.92647058823529
branching on CartesianIndex(1, 6) with c.
1711   429    20         43.0284    46.9265    9.0592     % 
LB close or above UB, fathomed
1712   428    20         43.0284    46.9265    9.0592     % 
UB: 46.92647058823529
branching on CartesianIndex(1, 7) with c.
1713   429    21         43.0284    46.9265    9.0592     % 
UB: 46.92647058823529
branching on 3 with b.
1714   430    22         43.0284    46.9265    9.0592     % 
UB: 46.92647058823529
branching on 1 with b.
1715   431    23         43.0284    46.9265    9.0592     % 
LB close or above UB, fathomed
1716   430    23         43.0284    46.9265    9.0592     % 
LB close or above UB, fathomed
1717   429    22         43.0284    46.9265    9.0592     % 
LB close or above UB, fathomed
1718   428    21         43.0284    46.9265    9.0592     % 
LB close or above UB, fathomed
1719   427    18         43.0284    46.9265    9.0592     % 
LB close or above UB, fathomed
1720   426    34         43.0284    46.9265    9.0592     % 
UB: 46.92647058823529
branching on 2 with b.
1721   427    34         43.0284    46.9265    9.0592     % 
UB: 46.92647058823529
branching on 2 with b.
1722   428    35         43.0284    46.9265    9.0592     % 
LB close or above UB, fathomed
1723   427    35         43.0284    46.9265    9.0592     % 
UB: 46.92647058823529
branching on 3 with b.
1724   428    36         43.0284    46.9265    9.0592     % 
UB: 46.92647058823529
branching on 1 with b.
1725   429    36         43.0284    46.9265    9.0592     % 
UB: 46.92647058823529
branching on 1 with b.
1726   430    37         43.0284    46.9265    9.0592     % 
UB: 46.92647058823529
branching on 2 with b.
1727   431    37         43.0284    46.9265    9.0592     % 
LB close or above UB, fathomed
1728   430    25         43.0284    46.9265    9.0592     % 
LB close or above UB, fathomed
1729   429    25         43.0284    46.9265    9.0592     % 
UB: 46.92647058823529
branching on 3 with b.
1730   430    26         43.0284    46.9265    9.0592     % 
LB close or above UB, fathomed
1731   429    26         43.0284    46.9265    9.0592     % 
UB: 46.92647058823529
branching on 1 with b.
1732   430    27         43.0284    46.9265    9.0592     % 
UB: 46.92647058823529
branching on 2 with b.
1733   431    27         43.0284    46.9265    9.0592     % 
LB close or above UB, fathomed
1734   430    18         43.0284    46.9265    9.0592     % 
LB close or above UB, fathomed
1735   429    18         43.0284    46.9265    9.0592     % 
LB close or above UB, fathomed
1736   428    18         43.0284    46.9265    9.0592     % 
UB: 46.92647058823529
branching on 1 with b.
1737   429    18         43.0284    46.9265    9.0592     % 
LB close or above UB, fathomed
1738   428    16         43.0284    46.9265    9.0592     % 
UB: 46.92647058823529
branching on 3 with b.
1739   429    16         43.0284    46.9265    9.0592     % 
LB close or above UB, fathomed
1740   428    16         43.0284    46.9265    9.0592     % 
LB close or above UB, fathomed
1741   427    16         43.0284    46.9265    9.0592     % 
LB close or above UB, fathomed
1742   426    18         43.0284    46.9265    9.0592     % 
LB close or above UB, fathomed
1743   425    18         43.0284    46.9265    9.0592     % 
UB: 46.92647058823529
branching on CartesianIndex(1, 5) with c.
1744   426    19         43.0284    46.9265    9.0592     % 
UB: 46.92647058823529
branching on CartesianIndex(1, 6) with c.
1745   427    19         43.0284    46.9265    9.0592     % 
LB close or above UB, fathomed
1746   426    28         43.0284    46.9265    9.0592     % 
LB close or above UB, fathomed
1747   425    28         43.0284    46.9265    9.0592     % 
LB close or above UB, fathomed
1748   424    20         43.0284    46.9265    9.0592     % 
LB close or above UB, fathomed
1749   423    20         43.0284    46.9265    9.0592     % 
UB: 46.92647058823529
branching on 2 with b.
1750   424    21         43.0284    46.9265    9.0592     % 
UB: 46.92647058823529
branching on 3 with b.
1751   425    21         43.0284    46.9265    9.0592     % 
LB close or above UB, fathomed
1752   424    28         43.0284    46.9265    9.0592     % 
LB close or above UB, fathomed
1753   423    28         43.0284    46.9265    9.0592     % 
UB: 46.92647058823529
branching on 3 with b.
1754   424    41         43.0284    46.9265    9.0592     % 
UB: 46.92647058823529
branching on 1 with b.
1755   425    41         43.0284    46.9265    9.0592     % 
UB: 46.92647058823529
branching on 1 with b.
1756   426    42         43.0284    46.9265    9.0592     % 
UB: 46.92647058823529
branching on 2 with b.
1757   426    42         43.0284    46.9265    9.0592     % 
LB close or above UB, fathomed
1758   425    41         43.0284    46.9265    9.0592     % 
UB: 46.92647058823529
branching on 1 with b.
1759   425    41         43.0284    46.9265    9.0592     % 
UB: 46.92647058823529
branching on 1 with b.
1760   425    42         43.0284    46.9265    9.0592     % 
UB: 46.92647058823529
branching on 2 with b.
1761   426    43         43.0284    46.9265    9.0592     % 
UB: 46.92647058823529
branching on 3 with b.
1762   426    44         43.0284    46.9265    9.0592     % 
UB: 46.92647058823529
branching on 1 with b.
1763   427    45         43.0284    46.9265    9.0592     % 
UB: 46.92647058823529
branching on 2 with b.
1764   428    46         43.0284    46.9265    9.0592     % 
UB: 46.92647058823529
branching on 3 with b.
1765   429    46         43.0284    46.9265    9.0592     % 
LB close or above UB, fathomed
1766   428    45         43.0284    46.9265    9.0592     % 
UB: 46.92647058823529
branching on 2 with b.
1767   429    46         43.0284    46.9265    9.0592     % 
UB: 46.92647058823529
branching on 3 with b.
1768   430    46         43.0284    46.9265    9.0592     % 
LB close or above UB, fathomed
1769   429    43         43.0284    46.9265    9.0592     % 
LB close or above UB, fathomed
1770   428    41         43.0284    46.9265    9.0592     % 
UB: 46.92647058823529
branching on 1 with b.
1771   429    42         43.0284    46.9265    9.0592     % 
UB: 46.92647058823529
branching on 2 with b.
1772   430    42         43.0284    46.9265    9.0592     % 
LB close or above UB, fathomed
1773   429    41         43.0284    46.9265    9.0592     % 
UB: 46.92647058823529
branching on 1 with b.
1774   430    42         43.0284    46.9265    9.0592     % 
UB: 46.92647058823529
branching on 2 with b.
1775   431    42         43.0284    46.9265    9.0592     % 
LB close or above UB, fathomed
1776   430    33         43.0284    46.9265    9.0592     % 
UB: 46.92647058823529
branching on 2 with b.
1777   431    33         43.0284    46.9265    9.0592     % 
UB: 46.92647058823529
branching on 2 with b.
1778   432    34         43.0284    46.9265    9.0592     % 
LB close or above UB, fathomed
1779   431    34         43.0284    46.9265    9.0592     % 
UB: 46.92647058823529
branching on 3 with b.
1780   432    31         43.0284    46.9265    9.0592     % 
LB close or above UB, fathomed
1781   431    31         43.0284    46.9265    9.0592     % 
LB close or above UB, fathomed
1782   430    42         43.0284    46.9265    9.0592     % 
UB: 46.92647058823529
branching on 2 with b.
1783   431    42         43.0284    46.9265    9.0592     % 
UB: 46.92647058823529
branching on 2 with b.
1784   432    43         43.0284    46.9265    9.0592     % 
UB: 46.92647058823529
branching on 3 with b.
1785   432    44         43.0284    46.9265    9.0592     % 
UB: 46.92647058823529
branching on 1 with b.
1786   433    45         43.0284    46.9265    9.0592     % 
UB: 46.92647058823529
branching on 2 with b.
1787   434    46         43.0284    46.9265    9.0592     % 
UB: 46.92647058823529
branching on 3 with b.
1788   435    46         43.0284    46.9265    9.0592     % 
LB close or above UB, fathomed
1789   434    45         43.0284    46.9265    9.0592     % 
UB: 46.92647058823529
branching on 2 with b.
1790   435    46         43.0284    46.9265    9.0592     % 
UB: 46.92647058823529
branching on 3 with b.
1791   436    46         43.0284    46.9265    9.0592     % 
LB close or above UB, fathomed
1792   435    43         43.0284    46.9265    9.0592     % 
LB close or above UB, fathomed
1793   434    42         43.0284    46.9265    9.0592     % 
UB: 46.92647058823529
branching on 2 with b.
1794   435    43         43.0284    46.9265    9.0592     % 
UB: 46.92647058823529
branching on 3 with b.
1795   435    44         43.0284    46.9265    9.0592     % 
UB: 46.92647058823529
branching on 1 with b.
1796   435    45         43.0284    46.9265    9.0592     % 
UB: 46.92647058823529
branching on 2 with b.
1797   436    46         43.0284    46.9265    9.0592     % 
UB: 46.92647058823529
branching on 3 with b.
1798   437    46         43.0284    46.9265    9.0592     % 
LB close or above UB, fathomed
1799   436    43         43.0284    46.9265    9.0592     % 
LB close or above UB, fathomed
1800   435    42         43.0284    46.9265    9.0592     % 
UB: 46.92647058823529
branching on 2 with b.
1801   436    43         43.0284    46.9265    9.0592     % 
UB: 46.92647058823529
branching on 3 with b.
1802   436    44         43.0284    46.9265    9.0592     % 
UB: 46.92647058823529
branching on 1 with b.
1803   436    45         43.0284    46.9265    9.0592     % 
UB: 46.92647058823529
branching on 2 with b.
1804   437    46         43.0284    46.9265    9.0592     % 
UB: 46.92647058823529
branching on 3 with b.
1805   438    46         43.0284    46.9265    9.0592     % 
LB close or above UB, fathomed
1806   437    43         43.0284    46.9265    9.0592     % 
LB close or above UB, fathomed
1807   436    40         43.0284    46.9265    9.0592     % 
UB: 46.92647058823529
branching on 3 with b.
1808   437    40         43.0284    46.9265    9.0592     % 
LB close or above UB, fathomed
1809   436    47         43.0284    46.9265    9.0592     % 
UB: 46.92647058823529
branching on 1 with b.
1810   436    48         43.0284    46.9265    9.0592     % 
UB: 44.977450980392156
branching on 2 with b.
1811   436    49         43.0284    44.9775    4.5296     % 
UB: 44.977450980392156
branching on 3 with b.
1812   107    50         43.0284    44.9775    4.5296     % 
UB: 44.977450980392156
branching on 1 with b.
1813   108    51         43.0284    44.9775    4.5296     % 
UB: 44.977450980392156
branching on 2 with b.
1814   109    52         43.0284    44.9775    4.5296     % 
UB: 44.977450980392156
branching on 3 with b.
1815   110    53         43.0284    44.9775    4.5296     % 
LB close or above UB, fathomed
1816   109    53         43.0284    44.9775    4.5296     % 
UB: 44.977450980392156
branching on 1 with b.
1817   109    54         43.0284    44.9775    4.5296     % 
UB: 44.977450980392156
branching on 2 with b.
1818   110    55         43.0284    44.9775    4.5296     % 
LB close or above UB, fathomed
1819   109    55         43.0284    44.9775    4.5296     % 
UB: 44.977450980392156
branching on 3 with b.
1820   110    56         43.0284    44.9775    4.5296     % 
LB close or above UB, fathomed
1821   109    56         43.0284    44.9775    4.5296     % 
LB close or above UB, fathomed
1822   108    52         43.0284    44.9775    4.5296     % 
UB: 44.977450980392156
branching on 3 with b.
1823   109    53         43.0284    44.9775    4.5296     % 
LB close or above UB, fathomed
1824   108    53         43.0284    44.9775    4.5296     % 
UB: 44.977450980392156
branching on 1 with b.
1825   108    54         43.0284    44.9775    4.5296     % 
UB: 44.977450980392156
branching on 2 with b.
1826   108    55         43.0284    44.9775    4.5296     % 
UB: 44.977450980392156
branching on 3 with b.
1827   109    56         43.0284    44.9775    4.5296     % 
LB close or above UB, fathomed
1828   108    56         43.0284    44.9775    4.5296     % 
LB close or above UB, fathomed
1829   107    51         43.0284    44.9775    4.5296     % 
LB close or above UB, fathomed
1830   106    47         43.0284    44.9775    4.5296     % 
LB close or above UB, fathomed
1831   105    41         43.0284    44.9775    4.5296     % 
LB close or above UB, fathomed
1832   104    41         43.0284    44.9775    4.5296     % 
LB close or above UB, fathomed
1833   103    41         43.0284    44.9775    4.5296     % 
LB close or above UB, fathomed
1834   102    41         43.0284    44.9775    4.5296     % 
LB close or above UB, fathomed
1835   101    30         43.0284    44.9775    4.5296     % 
LB close or above UB, fathomed
1836   100    30         43.0284    44.9775    4.5296     % 
LB close or above UB, fathomed
1837   99     38         43.0284    44.9775    4.5296     % 
LB close or above UB, fathomed
1838   98     38         43.0284    44.9775    4.5296     % 
LB close or above UB, fathomed
1839   97     34         43.0284    44.9775    4.5296     % 
UB: 44.977450980392156
branching on 3 with b.
1840   98     35         43.0284    44.9775    4.5296     % 
LB close or above UB, fathomed
1841   97     35         43.0284    44.9775    4.5296     % 
LB close or above UB, fathomed
1842   96     34         43.0284    44.9775    4.5296     % 
LB close or above UB, fathomed
1843   95     30         43.0284    44.9775    4.5296     % 
LB close or above UB, fathomed
1844   94     30         43.0284    44.9775    4.5296     % 
LB close or above UB, fathomed
1845   93     33         43.0284    44.9775    4.5296     % 
LB close or above UB, fathomed
1846   92     33         43.0284    44.9775    4.5296     % 
LB close or above UB, fathomed
1847   91     33         43.0284    44.9775    4.5296     % 
LB close or above UB, fathomed
1848   90     33         43.0284    44.9775    4.5296     % 
LB close or above UB, fathomed
1849   89     41         43.0284    44.9775    4.5296     % 
LB close or above UB, fathomed
1850   88     41         43.0284    44.9775    4.5296     % 
UB: 44.977450980392156
branching on 1 with b.
1851   88     42         43.0284    44.9775    4.5296     % 
UB: 44.977450980392156
branching on 2 with b.
1852   89     43         43.0284    44.9775    4.5296     % 
UB: 44.977450980392156
branching on 3 with b.
1853   89     44         43.0284    44.9775    4.5296     % 
UB: 44.977450980392156
branching on 1 with b.
1854   89     45         43.0284    44.9775    4.5296     % 
UB: 44.977450980392156
branching on 2 with b.
1855   90     46         43.0284    44.9775    4.5296     % 
LB close or above UB, fathomed
1856   89     46         43.0284    44.9775    4.5296     % 
LB close or above UB, fathomed
1857   88     43         43.0284    44.9775    4.5296     % 
LB close or above UB, fathomed
1858   87     37         43.0284    44.9775    4.5296     % 
UB: 44.977450980392156
branching on 2 with b.
1859   88     38         43.0284    44.9775    4.5296     % 
LB close or above UB, fathomed
1860   87     38         43.0284    44.9775    4.5296     % 
LB close or above UB, fathomed
1861   86     37         43.0284    44.9775    4.5296     % 
LB close or above UB, fathomed
1862   85     34         43.0284    44.9775    4.5296     % 
LB close or above UB, fathomed
1863   84     34         43.0284    44.9775    4.5296     % 
UB: 44.977450980392156
branching on 2 with b.
1864   85     35         43.0284    44.9775    4.5296     % 
LB close or above UB, fathomed
1865   84     35         43.0284    44.9775    4.5296     % 
UB: 44.977450980392156
branching on 3 with b.
1866   85     36         43.0284    44.9775    4.5296     % 
UB: 44.977450980392156
branching on 1 with b.
1867   86     37         43.0284    44.9775    4.5296     % 
UB: 44.977450980392156
branching on 2 with b.
1868   87     38         43.0284    44.9775    4.5296     % 
LB close or above UB, fathomed
1869   86     38         43.0284    44.9775    4.5296     % 
LB close or above UB, fathomed
1870   85     37         43.0284    44.9775    4.5296     % 
LB close or above UB, fathomed
1871   84     36         43.0284    44.9775    4.5296     % 
LB close or above UB, fathomed
1872   83     16         43.0284    44.9775    4.5296     % 
UB: 44.977450980392156
branching on CartesianIndex(1, 6) with c.
1873   84     17         43.0284    44.9775    4.5296     % 
LB close or above UB, fathomed
1874   83     17         43.0284    44.9775    4.5296     % 
UB: 44.977450980392156
branching on CartesianIndex(1, 7) with c.
1875   84     18         43.0284    44.9775    4.5296     % 
UB: 44.977450980392156
branching on 1 with b.
1876   85     19         43.0284    44.9775    4.5296     % 
LB close or above UB, fathomed
1877   84     19         43.0284    44.9775    4.5296     % 
UB: 44.977450980392156
branching on 2 with b.
1878   85     20         43.0284    44.9775    4.5296     % 
LB close or above UB, fathomed
1879   84     20         43.0284    44.9775    4.5296     % 
UB: 44.977450980392156
branching on 3 with b.
1880   85     21         43.0284    44.9775    4.5296     % 
UB: 44.977450980392156
branching on 1 with b.
1881   86     22         43.0284    44.9775    4.5296     % 
LB close or above UB, fathomed
1882   85     22         43.0284    44.9775    4.5296     % 
LB close or above UB, fathomed
1883   84     21         43.0284    44.9775    4.5296     % 
LB close or above UB, fathomed
1884   83     18         43.0284    44.9775    4.5296     % 
LB close or above UB, fathomed
1885   82     16         43.0284    44.9775    4.5296     % 
LB close or above UB, fathomed
1886   81     17         43.0284    44.9775    4.5296     % 
LB close or above UB, fathomed
1887   80     17         43.0284    44.9775    4.5296     % 
LB close or above UB, fathomed
1888   79     21         43.0284    44.9775    4.5296     % 
UB: 44.977450980392156
branching on CartesianIndex(1, 6) with c.
1889   80     22         43.0284    44.9775    4.5296     % 
LB close or above UB, fathomed
1890   79     22         43.0284    44.9775    4.5296     % 
UB: 44.977450980392156
branching on CartesianIndex(1, 7) with c.
1891   80     23         43.0284    44.9775    4.5296     % 
UB: 44.977450980392156
branching on 3 with b.
1892   81     24         43.0284    44.9775    4.5296     % 
LB close or above UB, fathomed
1893   80     24         43.0284    44.9775    4.5296     % 
UB: 44.977450980392156
branching on 1 with b.
1894   81     25         43.0284    44.9775    4.5296     % 
LB close or above UB, fathomed
1895   80     25         43.0284    44.9775    4.5296     % 
LB close or above UB, fathomed
1896   79     23         43.0284    44.9775    4.5296     % 
LB close or above UB, fathomed
1897   78     21         43.0284    44.9775    4.5296     % 
LB close or above UB, fathomed
1898   77     28         43.0284    44.9775    4.5296     % 
UB: 44.977450980392156
branching on 3 with b.
1899   78     29         43.0284    44.9775    4.5296     % 
UB: 44.977450980392156
branching on 1 with b.
1900   79     30         43.0284    44.9775    4.5296     % 
LB close or above UB, fathomed
1901   78     30         43.0284    44.9775    4.5296     % 
UB: 44.977450980392156
branching on 2 with b.
1902   79     31         43.0284    44.9775    4.5296     % 
UB: 44.977450980392156
branching on 3 with b.
1903   80     32         43.0284    44.9775    4.5296     % 
LB close or above UB, fathomed
1904   79     32         43.0284    44.9775    4.5296     % 
LB close or above UB, fathomed
1905   78     31         43.0284    44.9775    4.5296     % 
LB close or above UB, fathomed
1906   77     29         43.0284    44.9775    4.5296     % 
LB close or above UB, fathomed
1907   76     28         43.0284    44.9775    4.5296     % 
LB close or above UB, fathomed
1908   75     43         43.0284    44.9775    4.5296     % 
UB: 44.977450980392156
branching on 3 with b.
1909   75     44         43.0284    44.9775    4.5296     % 
UB: 44.977450980392156
branching on 1 with b.
1910   76     45         43.0284    44.9775    4.5296     % 
LB close or above UB, fathomed
1911   75     45         43.0284    44.9775    4.5296     % 
UB: 44.977450980392156
branching on 2 with b.
1912   76     46         43.0284    44.9775    4.5296     % 
LB close or above UB, fathomed
1913   75     46         43.0284    44.9775    4.5296     % 
LB close or above UB, fathomed
1914   74     43         43.0284    44.9775    4.5296     % 
LB close or above UB, fathomed
1915   73     17         43.0284    44.9775    4.5296     % 
LB close or above UB, fathomed
1916   72     17         43.0284    44.9775    4.5296     % 
LB close or above UB, fathomed
1917   71     38         43.0284    44.9775    4.5296     % 
UB: 44.977450980392156
branching on 1 with b.
1918   72     39         43.0284    44.9775    4.5296     % 
LB close or above UB, fathomed
1919   71     39         43.0284    44.9775    4.5296     % 
LB close or above UB, fathomed
1920   70     38         43.0284    44.9775    4.5296     % 
LB close or above UB, fathomed
1921   69     38         43.0284    44.9775    4.5296     % 
UB: 44.977450980392156
branching on 1 with b.
1922   70     39         43.0284    44.9775    4.5296     % 
UB: 44.977450980392156
branching on 2 with b.
1923   71     40         43.0284    44.9775    4.5296     % 
LB close or above UB, fathomed
1924   70     40         43.0284    44.9775    4.5296     % 
LB close or above UB, fathomed
1925   69     39         43.0284    44.9775    4.5296     % 
UB: 44.977450980392156
branching on 2 with b.
1926   70     40         43.0284    44.9775    4.5296     % 
LB close or above UB, fathomed
1927   69     40         43.0284    44.9775    4.5296     % 
LB close or above UB, fathomed
1928   68     38         43.0284    44.9775    4.5296     % 
LB close or above UB, fathomed
1929   67     17         43.0284    44.9775    4.5296     % 
LB close or above UB, fathomed
1930   66     17         43.0284    44.9775    4.5296     % 
UB: 44.977450980392156
branching on CartesianIndex(1, 5) with c.
1931   67     18         43.0284    44.9775    4.5296     % 
UB: 44.977450980392156
branching on 3 with b.
1932   68     19         43.0284    44.9775    4.5296     % 
UB: 44.977450980392156
branching on CartesianIndex(1, 6) with c.
1933   69     20         43.0284    44.9775    4.5296     % 
LB close or above UB, fathomed
1934   68     20         43.0284    44.9775    4.5296     % 
UB: 44.977450980392156
branching on CartesianIndex(1, 7) with c.
1935   69     21         43.0284    44.9775    4.5296     % 
UB: 44.977450980392156
branching on 1 with b.
1936   70     22         43.0284    44.9775    4.5296     % 
LB close or above UB, fathomed
1937   69     22         43.0284    44.9775    4.5296     % 
LB close or above UB, fathomed
1938   68     21         43.0284    44.9775    4.5296     % 
LB close or above UB, fathomed
1939   67     19         43.0284    44.9775    4.5296     % 
LB close or above UB, fathomed
1940   66     18         43.0284    44.9775    4.5296     % 
LB close or above UB, fathomed
1941   65     30         43.0284    44.9775    4.5296     % 
UB: 44.977450980392156
branching on 3 with b.
1942   66     31         43.0284    44.9775    4.5296     % 
LB close or above UB, fathomed
1943   65     31         43.0284    44.9775    4.5296     % 
LB close or above UB, fathomed
1944   64     30         43.0284    44.9775    4.5296     % 
LB close or above UB, fathomed
1945   63     36         43.0284    44.9775    4.5296     % 
LB close or above UB, fathomed
1946   62     36         43.0284    44.9775    4.5296     % 
LB close or above UB, fathomed
1947   61     32         43.0284    44.9775    4.5296     % 
UB: 44.977450980392156
branching on 3 with b.
1948   62     33         43.0284    44.9775    4.5296     % 
UB: 44.977450980392156
branching on 1 with b.
1949   63     34         43.0284    44.9775    4.5296     % 
LB close or above UB, fathomed
1950   62     34         43.0284    44.9775    4.5296     % 
LB close or above UB, fathomed
1951   61     33         43.0284    44.9775    4.5296     % 
LB close or above UB, fathomed
1952   60     32         43.0284    44.9775    4.5296     % 
LB close or above UB, fathomed
1953   59     28         43.0284    44.9775    4.5296     % 
LB close or above UB, fathomed
1954   58     28         43.0284    44.9775    4.5296     % 
UB: 44.977450980392156
branching on 3 with b.
1955   59     29         43.0284    44.9775    4.5296     % 
LB close or above UB, fathomed
1956   58     29         43.0284    44.9775    4.5296     % 
LB close or above UB, fathomed
1957   57     36         43.0284    44.9775    4.5296     % 
UB: 44.977450980392156
branching on 2 with b.
1958   58     37         43.0284    44.9775    4.5296     % 
LB close or above UB, fathomed
1959   57     37         43.0284    44.9775    4.5296     % 
LB close or above UB, fathomed
1960   56     36         43.0284    44.9775    4.5296     % 
UB: 44.977450980392156
branching on 2 with b.
1961   57     37         43.0284    44.9775    4.5296     % 
LB close or above UB, fathomed
1962   56     37         43.0284    44.9775    4.5296     % 
LB close or above UB, fathomed
1963   55     25         43.0284    44.9775    4.5296     % 
LB close or above UB, fathomed
1964   54     25         43.0284    44.9775    4.5296     % 
LB close or above UB, fathomed
1965   53     19         43.0284    44.9775    4.5296     % 
LB close or above UB, fathomed
1966   52     19         43.0284    44.9775    4.5296     % 
UB: 44.977450980392156
branching on 3 with b.
1967   53     20         43.0284    44.9775    4.5296     % 
LB close or above UB, fathomed
1968   52     20         43.0284    44.9775    4.5296     % 
UB: 44.977450980392156
branching on CartesianIndex(1, 4) with c.
1969   53     21         43.0284    44.9775    4.5296     % 
LB close or above UB, fathomed
1970   52     21         43.0284    44.9775    4.5296     % 
UB: 44.977450980392156
branching on 1 with b.
1971   53     22         43.0284    44.9775    4.5296     % 
LB close or above UB, fathomed
1972   52     22         43.0284    44.9775    4.5296     % 
UB: 44.977450980392156
branching on CartesianIndex(1, 5) with c.
1973   53     23         43.0284    44.9775    4.5296     % 
UB: 44.977450980392156
branching on 2 with b.
1974   54     24         43.0284    44.9775    4.5296     % 
LB close or above UB, fathomed
1975   53     24         43.0284    44.9775    4.5296     % 
LB close or above UB, fathomed
1976   52     23         43.0284    44.9775    4.5296     % 
LB close or above UB, fathomed
1977   51     26         43.0284    44.9775    4.5296     % 
UB: 44.977450980392156
branching on 1 with b.
1978   52     27         43.0284    44.9775    4.5296     % 
UB: 44.977450980392156
branching on 2 with b.
1979   53     28         43.0284    44.9775    4.5296     % 
UB: 44.977450980392156
branching on 3 with b.
1980   54     29         43.0284    44.9775    4.5296     % 
LB close or above UB, fathomed
1981   53     29         43.0284    44.9775    4.5296     % 
LB close or above UB, fathomed
1982   52     28         43.0284    44.9775    4.5296     % 
LB close or above UB, fathomed
1983   51     27         43.0284    44.9775    4.5296     % 
LB close or above UB, fathomed
1984   50     26         43.0284    44.9775    4.5296     % 
LB close or above UB, fathomed
1985   49     28         43.0284    44.9775    4.5296     % 
LB close or above UB, fathomed
1986   48     28         43.0284    44.9775    4.5296     % 
UB: 44.977450980392156
branching on 3 with b.
1987   49     29         43.0284    44.9775    4.5296     % 
LB close or above UB, fathomed
1988   48     29         43.0284    44.9775    4.5296     % 
LB close or above UB, fathomed
1989   47     17         43.0284    44.9775    4.5296     % 
UB: 44.977450980392156
branching on 3 with b.
1990   48     18         43.0284    44.9775    4.5296     % 
LB close or above UB, fathomed
1991   47     18         43.0284    44.9775    4.5296     % 
LB close or above UB, fathomed
1992   46     17         43.0284    44.9775    4.5296     % 
LB close or above UB, fathomed
1993   45     14         43.0284    44.9775    4.5296     % 
LB close or above UB, fathomed
1994   44     14         43.0284    44.9775    4.5296     % 
UB: 44.977450980392156
branching on CartesianIndex(1, 3) with a.
1995   45     15         43.0284    44.9775    4.5296     % 
UB: 44.977450980392156
branching on 3 with b.
1996   46     16         43.0284    44.9775    4.5296     % 
LB close or above UB, fathomed
1997   45     16         43.0284    44.9775    4.5296     % 
UB: 44.977450980392156
branching on CartesianIndex(2, 3) with a.
1998   46     17         43.0284    44.9775    4.5296     % 
LB close or above UB, fathomed
1999   45     17         43.0284    44.9775    4.5296     % 
LB close or above UB, fathomed
2000   44     15         43.0284    44.9775    4.5296     % 
LB close or above UB, fathomed
2001   43     28         43.0284    44.9775    4.5296     % 
UB: 44.977450980392156
branching on 1 with b.
2002   44     29         43.0284    44.9775    4.5296     % 
LB close or above UB, fathomed
2003   43     29         43.0284    44.9775    4.5296     % 
LB close or above UB, fathomed
2004   42     28         43.0284    44.9775    4.5296     % 
LB close or above UB, fathomed
2005   41     28         43.0284    44.9775    4.5296     % 
UB: 44.977450980392156
branching on 3 with b.
2006   42     29         43.0284    44.9775    4.5296     % 
LB close or above UB, fathomed
2007   41     29         43.0284    44.9775    4.5296     % 
LB close or above UB, fathomed
2008   40     28         43.0284    44.9775    4.5296     % 
LB close or above UB, fathomed
2009   39     22         43.0284    44.9775    4.5296     % 
UB: 44.977450980392156
branching on CartesianIndex(1, 7) with c.
2010   40     23         43.0284    44.9775    4.5296     % 
LB close or above UB, fathomed
2011   39     23         43.0284    44.9775    4.5296     % 
UB: 44.977450980392156
branching on 3 with b.
2012   40     24         43.0284    44.9775    4.5296     % 
UB: 44.977450980392156
branching on 1 with b.
2013   41     25         43.0284    44.9775    4.5296     % 
LB close or above UB, fathomed
2014   40     25         43.0284    44.9775    4.5296     % 
LB close or above UB, fathomed
2015   39     24         43.0284    44.9775    4.5296     % 
LB close or above UB, fathomed
2016   38     22         43.0284    44.9775    4.5296     % 
LB close or above UB, fathomed
2017   37     21         43.0284    44.9775    4.5296     % 
LB close or above UB, fathomed
2018   36     21         43.0284    44.9775    4.5296     % 
LB close or above UB, fathomed
2019   35     24         43.0284    44.9775    4.5296     % 
LB close or above UB, fathomed
2020   34     24         43.0284    44.9775    4.5296     % 
LB close or above UB, fathomed
2021   33     28         43.0284    44.9775    4.5296     % 
LB close or above UB, fathomed
2022   32     28         43.0284    44.9775    4.5296     % 
LB close or above UB, fathomed
2023   31     23         43.0284    44.9775    4.5296     % 
LB close or above UB, fathomed
2024   30     23         43.0284    44.9775    4.5296     % 
UB: 44.977450980392156
branching on CartesianIndex(1, 5) with c.
2025   31     24         43.0284    44.9775    4.5296     % 
UB: 44.977450980392156
branching on CartesianIndex(1, 6) with c.
2026   32     25         43.0284    44.9775    4.5296     % 
LB close or above UB, fathomed
2027   31     25         43.0284    44.9775    4.5296     % 
UB: 44.977450980392156
branching on CartesianIndex(1, 7) with c.
2028   32     26         43.0284    44.9775    4.5296     % 
UB: 44.977450980392156
branching on 1 with b.
2029   33     27         43.0284    44.9775    4.5296     % 
LB close or above UB, fathomed
2030   32     27         43.0284    44.9775    4.5296     % 
LB close or above UB, fathomed
2031   31     26         43.0284    44.9775    4.5296     % 
LB close or above UB, fathomed
2032   30     24         43.0284    44.9775    4.5296     % 
LB close or above UB, fathomed
2033   29     21         43.0284    44.9775    4.5296     % 
LB close or above UB, fathomed
2034   28     21         43.0284    44.9775    4.5296     % 
UB: 44.977450980392156
branching on CartesianIndex(3, 3) with a.
2035   29     22         43.0284    44.9775    4.5296     % 
LB close or above UB, fathomed
2036   28     22         43.0284    44.9775    4.5296     % 
LB close or above UB, fathomed
2037   27     18         43.0284    44.9775    4.5296     % 
LB close or above UB, fathomed
2038   26     18         43.0284    44.9775    4.5296     % 
UB: 44.977450980392156
branching on CartesianIndex(1, 3) with a.
2039   27     19         43.0284    44.9775    4.5296     % 
LB close or above UB, fathomed
2040   26     19         43.0284    44.9775    4.5296     % 
UB: 44.977450980392156
branching on CartesianIndex(1, 5) with c.
2041   27     20         43.0284    44.9775    4.5296     % 
UB: 44.977450980392156
branching on CartesianIndex(1, 6) with c.
2042   28     21         43.0284    44.9775    4.5296     % 
LB close or above UB, fathomed
2043   27     21         43.0284    44.9775    4.5296     % 
LB close or above UB, fathomed
2044   26     20         43.0284    44.9775    4.5296     % 
LB close or above UB, fathomed
2045   25     20         43.0284    44.9775    4.5296     % 
LB close or above UB, fathomed
2046   24     20         43.0284    44.9775    4.5296     % 
UB: 44.977450980392156
branching on CartesianIndex(1, 6) with c.
2047   25     21         43.0284    44.9775    4.5296     % 
LB close or above UB, fathomed
2048   24     21         43.0284    44.9775    4.5296     % 
UB: 44.977450980392156
branching on CartesianIndex(1, 7) with c.
2049   25     22         43.0284    44.9775    4.5296     % 
UB: 44.977450980392156
branching on 2 with b.
2050   26     23         43.0284    44.9775    4.5296     % 
LB close or above UB, fathomed
2051   25     23         43.0284    44.9775    4.5296     % 
LB close or above UB, fathomed
2052   24     22         43.0284    44.9775    4.5296     % 
LB close or above UB, fathomed
2053   23     19         43.0284    44.9775    4.5296     % 
LB close or above UB, fathomed
2054   22     19         43.0284    44.9775    4.5296     % 
UB: 44.977450980392156
branching on 2 with b.
2055   23     20         43.0284    44.9775    4.5296     % 
LB close or above UB, fathomed
2056   22     20         43.0284    44.9775    4.5296     % 
UB: 44.977450980392156
branching on 3 with b.
2057   23     21         43.0284    44.9775    4.5296     % 
LB close or above UB, fathomed
2058   22     21         43.0284    44.9775    4.5296     % 
UB: 44.977450980392156
branching on 1 with b.
2059   23     22         43.0284    44.9775    4.5296     % 
LB close or above UB, fathomed
2060   22     22         43.0284    44.9775    4.5296     % 
LB close or above UB, fathomed
2061   21     22         43.0284    44.9775    4.5296     % 
LB close or above UB, fathomed
2062   20     22         43.0284    44.9775    4.5296     % 
UB: 44.977450980392156
branching on CartesianIndex(1, 4) with c.
2063   21     23         43.0284    44.9775    4.5296     % 
LB close or above UB, fathomed
2064   20     23         43.0284    44.9775    4.5296     % 
UB: 44.977450980392156
branching on 3 with b.
2065   21     24         43.0284    44.9775    4.5296     % 
UB: 44.977450980392156
branching on CartesianIndex(1, 5) with c.
2066   22     25         43.0284    44.9775    4.5296     % 
UB: 44.977450980392156
branching on CartesianIndex(1, 6) with c.
2067   23     26         43.0284    44.9775    4.5296     % 
LB close or above UB, fathomed
2068   22     26         43.0284    44.9775    4.5296     % 
UB: 44.977450980392156
branching on CartesianIndex(1, 7) with c.
2069   23     27         43.0284    44.9775    4.5296     % 
UB: 44.977450980392156
branching on 1 with b.
2070   24     28         43.0284    44.9775    4.5296     % 
LB close or above UB, fathomed
2071   23     28         43.0284    44.9775    4.5296     % 
LB close or above UB, fathomed
2072   22     27         43.0284    44.9775    4.5296     % 
LB close or above UB, fathomed
2073   21     25         43.0284    44.9775    4.5296     % 
LB close or above UB, fathomed
2074   20     24         43.0284    44.9775    4.5296     % 
LB close or above UB, fathomed
2075   19     19         43.0284    44.9775    4.5296     % 
UB: 44.977450980392156
branching on 3 with b.
2076   20     20         43.0284    44.9775    4.5296     % 
UB: 44.977450980392156
branching on CartesianIndex(2, 3) with a.
2077   21     21         43.0284    44.9775    4.5296     % 
LB close or above UB, fathomed
2078   20     21         43.0284    44.9775    4.5296     % 
LB close or above UB, fathomed
2079   19     20         43.0284    44.9775    4.5296     % 
LB close or above UB, fathomed
2080   18     19         43.0284    44.9775    4.5296     % 
LB close or above UB, fathomed
2081   17     13         43.0284    44.9775    4.5296     % 
LB close or above UB, fathomed
2082   16     13         43.0284    44.9775    4.5296     % 
UB: 44.977450980392156
branching on CartesianIndex(1, 3) with a.
2083   17     14         43.0284    44.9775    4.5296     % 
UB: 44.977450980392156
branching on 1 with b.
2084   18     15         43.0284    44.9775    4.5296     % 
UB: 44.977450980392156
branching on CartesianIndex(2, 3) with a.
2085   19     16         43.0284    44.9775    4.5296     % 
UB: 44.977450980392156
branching on 2 with b.
2086   20     17         43.0284    44.9775    4.5296     % 
UB: 44.977450980392156
branching on CartesianIndex(3, 3) with a.
2087   21     18         43.0284    44.9775    4.5296     % 
UB: 44.977450980392156
branching on 3 with b.
2088   22     19         43.0284    44.9775    4.5296     % 
UB: 44.977450980392156
branching on CartesianIndex(4, 3) with a.
2089   23     20         43.0284    44.9775    4.5296     % 
UB: 44.977450980392156
branching on CartesianIndex(1, 4) with c.
2090   24     21         43.0284    44.9775    4.5296     % 
LB close or above UB, fathomed
2091   23     21         43.0284    44.9775    4.5296     % 
UB: 44.977450980392156
branching on CartesianIndex(1, 5) with c.
2092   24     22         43.0284    44.9775    4.5296     % 
UB: 44.977450980392156
branching on CartesianIndex(1, 6) with c.
2093   25     23         43.0284    44.9775    4.5296     % 
UB: 44.977450980392156
branching on CartesianIndex(1, 7) with c.
2094   26     24         43.0284    44.9775    4.5296     % 
LB close or above UB, fathomed
2095   25     24         43.0284    44.9775    4.5296     % 
UB: 44.977450980392156
branching on 1 with b.
2096   26     25         43.0284    44.9775    4.5296     % 
LB close or above UB, fathomed
2097   25     25         43.0284    44.9775    4.5296     % 
LB close or above UB, fathomed
2098   24     23         43.0284    44.9775    4.5296     % 
LB close or above UB, fathomed
2099   23     22         43.0284    44.9775    4.5296     % 
LB close or above UB, fathomed
2100   22     20         43.0284    44.9775    4.5296     % 
LB close or above UB, fathomed
2101   21     19         43.0284    44.9775    4.5296     % 
LB close or above UB, fathomed
2102   20     18         43.0284    44.9775    4.5296     % 
LB close or above UB, fathomed
2103   19     17         43.0284    44.9775    4.5296     % 
LB close or above UB, fathomed
2104   18     16         43.0284    44.9775    4.5296     % 
LB close or above UB, fathomed
2105   17     15         43.0284    44.9775    4.5296     % 
LB close or above UB, fathomed
2106   16     14         43.0284    44.9775    4.5296     % 
LB close or above UB, fathomed
2107   15     11         43.0284    44.9775    4.5296     % 
UB: 44.977450980392156
branching on 3 with b.
2108   16     12         43.0284    44.9775    4.5296     % 
LB close or above UB, fathomed
2109   15     12         43.0284    44.9775    4.5296     % 
UB: 44.977450980392156
branching on CartesianIndex(3, 2) with a.
2110   16     13         43.0284    44.9775    4.5296     % 
LB close or above UB, fathomed
2111   15     13         43.0284    44.9775    4.5296     % 
UB: 44.977450980392156
branching on CartesianIndex(1, 3) with a.
2112   16     14         43.0284    44.9775    4.5296     % 
UB: 44.977450980392156
branching on CartesianIndex(2, 3) with a.
2113   17     15         43.0284    44.9775    4.5296     % 
LB close or above UB, fathomed
2114   16     15         43.0284    44.9775    4.5296     % 
LB close or above UB, fathomed
2115   15     14         43.0284    44.9775    4.5296     % 
LB close or above UB, fathomed
2116   14     11         43.0284    44.9775    4.5296     % 
LB close or above UB, fathomed
2117   13     17         43.0284    44.9775    4.5296     % 
LB close or above UB, fathomed
2118   12     17         43.0284    44.9775    4.5296     % 
UB: 44.977450980392156
branching on CartesianIndex(1, 5) with c.
2119   13     18         43.0284    44.9775    4.5296     % 
UB: 44.977450980392156
branching on CartesianIndex(1, 6) with c.
2120   14     19         43.0284    44.9775    4.5296     % 
LB close or above UB, fathomed
2121   13     19         43.0284    44.9775    4.5296     % 
UB: 44.977450980392156
branching on CartesianIndex(1, 7) with c.
2122   14     20         43.0284    44.9775    4.5296     % 
UB: 44.977450980392156
branching on 1 with b.
2123   15     21         43.0284    44.9775    4.5296     % 
LB close or above UB, fathomed
2124   14     21         43.0284    44.9775    4.5296     % 
LB close or above UB, fathomed
2125   13     20         43.0284    44.9775    4.5296     % 
LB close or above UB, fathomed
2126   12     18         43.0284    44.9775    4.5296     % 
LB close or above UB, fathomed
2127   11     15         43.1267    44.9775    4.2915     % 
UB: 44.977450980392156
branching on 2 with b.
2128   12     15         43.1267    44.9775    4.2915     % 
LB close or above UB, fathomed
2129   11     16         43.1284    44.9775    4.2874     % 
LB close or above UB, fathomed
2130   10     16         43.1284    44.9775    4.2874     % 
LB close or above UB, fathomed
2131   9      16         43.1551    44.9775    4.2228     % 
LB close or above UB, fathomed
2132   8      16         43.1551    44.9775    4.2228     % 
UB: 44.977450980392156
branching on 3 with b.
2133   9      17         43.2032    44.9775    4.1068     % 
LB close or above UB, fathomed
2134   8      17         43.2032    44.9775    4.1068     % 
LB close or above UB, fathomed
2135   7      15         43.3410    44.9775    3.7758     % 
UB: 44.977450980392156
branching on CartesianIndex(2, 3) with a.
2136   8      15         43.3410    44.9775    3.7758     % 
LB close or above UB, fathomed
2137   7      18         43.4182    44.9775    3.5912     % 
LB close or above UB, fathomed
2138   6      18         43.4182    44.9775    3.5912     % 
LB close or above UB, fathomed
2139   5      16         43.8080    44.9775    2.6694     % 
LB close or above UB, fathomed
2140   4      16         43.8080    44.9775    2.6694     % 
LB close or above UB, fathomed
2141   3      15         44.0029    44.9775    2.2146     % 
LB close or above UB, fathomed
2142   2      15         44.0029    44.9775    2.2146     % 
LB close or above UB, fathomed
2143   1      16         44.4902    44.9775    1.0952     % 
LB close or above UB, fathomed
2144   0      16         44.4902    44.9775    1.0952     % 
LB close or above UB, fathomed
all node solved
solved nodes:  2145
2145                                                  4.4885e+01     4.4977e+01     0.2061  % 
5×3 Matrix{Float64}:
 0.0  0.0  0.0
 0.0  0.0  1.0
 1.0  1.0  0.0
 0.0  0.0  0.0
 0.0  0.0  0.0
3-element Vector{Float64}:
 0.4041893529766417
 0.2757301735757737
 0.3773476713005498
2×7 Matrix{Float64}:
 0.0  0.0  0.0  1.0  1.0  1.0  0.0
 0.0  0.0  0.0  0.0  0.0  0.0  1.0
3-element Vector{Float64}:
 1.0
 1.0
 1.0
5×3 Matrix{Float64}:
 0.0  0.0  0.0
 0.0  0.0  0.0
 0.0  0.0  1.0
 0.0  1.0  0.0
 1.0  0.0  0.0
3-element Vector{Float64}:
 0.39909166737753426
 0.2674985017538455
 0.5722655849394599
2×7 Matrix{Float64}:
 0.0  0.0  0.0  1.0  0.0  1.0  0.0
 0.0  0.0  0.0  0.0  1.0  0.0  1.0
3-element Vector{Float64}:
 1.0
 1.0
 1.0
comparison (CRT and Glb)on prediction: Dict{Bool, Int64}(0 => 19, 1 => 105)
Dataname	 time	 objv	 lb	 gap	 train_w	 train_g	 test_w	 test_g
/work_bgfs/n/navarrodelacruz/odt/optimal_decision_tree/augmented_datasets/body/body_564.body	 143.13	 44.977450980392156	 44.885	 0.0021	 89.812	 93.834	 90.323	 89.516
