Running 6 processes.
Start training /work_bgfs/n/navarrodelacruz/odt/optimal_decision_tree/augmented_datasets/body/body_76.body with seed 1.
Any[]
(5, 497)
(5, 248)
(5, 124)
(5, 125)
dimension: 5, class: 2
cart cost: 71.7025291828794
size of X: (5, 372)
ngroups: 12
UB: 63.9671206225681
Iter	left	lev	LB	UB	gap	
0      0      1          3.9892     63.9671    1503.4977  % 
UB: 63.9671206225681
branching on 1 with d.
1      1      2          3.9892     63.9671    1503.4977  % 
LB close or above UB, fathomed
2      0      2          3.9892     63.9671    1503.4977  % 
UB: 63.9671206225681
branching on 2 with d.
3      1      3          3.9892     63.9671    1503.4977  % 
UB: 63.9671206225681
branching on 3 with d.
4      2      3          3.9892     63.9671    1503.4977  % 
UB: 63.9671206225681
branching on 3 with d.
5      3      4          3.9933     63.9671    1501.8474  % 
UB: 63.9671206225681
branching on CartesianIndex(1, 1) with a.
6      4      4          3.9933     63.9671    1501.8474  % 
UB: 63.9671206225681
branching on CartesianIndex(1, 1) with a.
7      5      5          4.0014     63.9671    1498.6190  % 
UB: 63.9671206225681
branching on CartesianIndex(2, 1) with a.
8      6      6          4.0014     63.9671    1498.6190  % 
UB: 63.9671206225681
branching on CartesianIndex(3, 1) with a.
9      7      6          4.0014     63.9671    1498.6190  % 
UB: 63.9671206225681
branching on 1 with b.
10     8      5          4.0014     63.9671    1498.6190  % 
UB: 63.9671206225681
branching on CartesianIndex(1, 2) with a.
11     9      7          5.9427     63.9671    976.3899   % 
UB: 63.9671206225681
branching on 1 with b.
12     10     8          5.9427     63.9671    976.3899   % 
UB: 63.9671206225681
branching on CartesianIndex(4, 1) with a.
13     11     9          5.9427     63.9671    976.3899   % 
UB: 63.9671206225681
branching on CartesianIndex(1, 2) with a.
14     12     9          5.9427     63.9671    976.3899   % 
UB: 63.9671206225681
branching on CartesianIndex(1, 2) with a.
15     13     8          5.9427     63.9671    976.3899   % 
UB: 63.9671206225681
branching on CartesianIndex(4, 1) with a.
16     14     7          5.9427     63.9671    976.3899   % 
UB: 63.9671206225681
branching on CartesianIndex(1, 2) with a.
17     15     10         5.9516     63.9671    974.7965   % 
UB: 63.9671206225681
branching on 1 with b.
18     16     10         5.9516     63.9671    974.7965   % 
UB: 63.9671206225681
branching on 1 with b.
19     17     11         7.8854     63.9671    711.2087   % 
UB: 63.9671206225681
branching on CartesianIndex(2, 2) with a.
20     18     11         7.8854     63.9671    711.2087   % 
UB: 63.9671206225681
branching on 2 with b.
21     19     12         7.8854     63.9671    711.2087   % 
UB: 63.9671206225681
branching on 3 with b.
22     20     13         7.8854     63.9671    711.2087   % 
UB: 54.29785992217899
branching on CartesianIndex(2, 2) with a.
23     21     13         7.8854     54.2979    588.5865   % 
UB: 54.29785992217899
branching on CartesianIndex(2, 2) with a.
24     22     12         7.8854     54.2979    588.5865   % 
UB: 54.29785992217899
branching on CartesianIndex(2, 2) with a.
25     23     9          7.8854     54.2979    588.5865   % 
UB: 54.29785992217899
branching on CartesianIndex(1, 2) with a.
26     24     9          7.8854     54.2979    588.5865   % 
UB: 54.29785992217899
branching on 1 with b.
27     25     14         9.8193     54.2979    452.9730   % 
UB: 54.29785992217899
branching on CartesianIndex(3, 2) with a.
28     26     14         9.8193     54.2979    452.9730   % 
UB: 54.29785992217899
branching on CartesianIndex(1, 3) with a.
29     27     10         9.8193     54.2979    452.9730   % 
UB: 54.29785992217899
branching on 1 with b.
30     28     10         9.8193     54.2979    452.9730   % 
UB: 54.29785992217899
branching on 1 with b.
31     29     14         9.8193     54.2979    452.9730   % 
UB: 54.29785992217899
branching on CartesianIndex(3, 2) with a.
32     30     15         9.8193     54.2979    452.9730   % 
UB: 54.29785992217899
branching on CartesianIndex(4, 2) with a.
33     31     16         9.8193     54.2979    452.9730   % 
UB: 54.29785992217899
branching on CartesianIndex(1, 3) with a.
34     32     16         9.8193     54.2979    452.9730   % 
UB: 54.29785992217899
branching on CartesianIndex(1, 3) with a.
35     33     17         9.8193     54.2979    452.9730   % 
UB: 54.29785992217899
branching on CartesianIndex(2, 3) with a.
36     34     17         9.8193     54.2979    452.9730   % 
UB: 54.29785992217899
branching on CartesianIndex(1, 4) with c.
37     35     15         9.8193     54.2979    452.9730   % 
UB: 54.29785992217899
branching on CartesianIndex(1, 3) with a.
38     36     14         9.8193     54.2979    452.9730   % 
UB: 54.29785992217899
branching on 1 with b.
39     37     11         11.7531    54.2979    361.9871   % 
UB: 54.29785992217899
branching on CartesianIndex(2, 2) with a.
40     38     12         11.7531    54.2979    361.9871   % 
UB: 54.29785992217899
branching on 2 with b.
41     39     13         11.7531    54.2979    361.9871   % 
UB: 54.29785992217899
branching on CartesianIndex(3, 2) with a.
42     40     13         11.7531    54.2979    361.9871   % 
LB close or above UB, fathomed
43     39     12         11.7531    54.2979    361.9871   % 
LB close or above UB, fathomed
44     38     11         11.7531    54.2979    361.9871   % 
UB: 54.29785992217899
branching on CartesianIndex(2, 2) with a.
45     39     15         11.7531    54.2979    361.9871   % 
UB: 54.29785992217899
branching on CartesianIndex(4, 2) with a.
46     40     16         11.7531    54.2979    361.9871   % 
UB: 54.29785992217899
branching on CartesianIndex(1, 3) with a.
47     41     16         11.7531    54.2979    361.9871   % 
UB: 54.29785992217899
branching on 1 with b.
48     42     15         11.7531    54.2979    361.9871   % 
UB: 54.29785992217899
branching on CartesianIndex(1, 3) with a.
49     43     17         13.6870    54.2979    296.7122   % 
UB: 54.29785992217899
branching on CartesianIndex(1, 3) with a.
50     44     17         13.6870    54.2979    296.7122   % 
UB: 54.29785992217899
branching on 2 with b.
51     45     14         13.6870    54.2979    296.7122   % 
UB: 54.29785992217899
branching on CartesianIndex(4, 2) with a.
52     46     14         13.6870    54.2979    296.7122   % 
UB: 54.29785992217899
branching on 3 with b.
53     47     18         15.6208    54.2979    247.5994   % 
UB: 54.29785992217899
branching on CartesianIndex(1, 3) with a.
54     48     18         15.6208    54.2979    247.5994   % 
UB: 54.29785992217899
branching on CartesianIndex(1, 3) with a.
55     49     15         15.6208    54.2979    247.5994   % 
LB close or above UB, fathomed
56     48     15         15.6208    54.2979    247.5994   % 
UB: 54.29785992217899
branching on 3 with b.
57     49     10         17.5459    54.2979    209.4625   % 
UB: 54.29785992217899
branching on 1 with b.
58     50     11         17.5459    54.2979    209.4625   % 
UB: 54.29785992217899
branching on 2 with b.
59     51     11         17.5459    54.2979    209.4625   % 
UB: 54.29785992217899
branching on 2 with b.
60     52     10         17.5459    54.2979    209.4625   % 
UB: 54.29785992217899
branching on 1 with b.
61     53     7          17.5472    54.2979    209.4393   % 
UB: 54.29785992217899
branching on 1 with b.
62     54     7          17.5472    54.2979    209.4393   % 
UB: 54.29785992217899
branching on CartesianIndex(1, 2) with a.
63     55     8          17.5547    54.2979    209.3072   % 
UB: 54.29785992217899
branching on 1 with b.
64     56     9          17.5547    54.2979    209.3072   % 
UB: 54.29785992217899
branching on 1 with b.
65     57     9          17.5547    54.2979    209.3072   % 
UB: 54.29785992217899
branching on 1 with b.
66     58     8          17.5547    54.2979    209.3072   % 
UB: 54.29785992217899
branching on CartesianIndex(1, 3) with a.
67     59     16         17.5547    54.2979    209.3072   % 
UB: 54.29785992217899
branching on CartesianIndex(1, 3) with a.
68     60     16         17.5547    54.2979    209.3072   % 
UB: 54.29785992217899
branching on CartesianIndex(1, 3) with a.
69     61     17         17.5547    54.2979    209.3072   % 
UB: 52.36400778210117
branching on CartesianIndex(2, 3) with a.
70     62     17         17.5547    52.3640    198.2911   % 
UB: 52.36400778210117
branching on CartesianIndex(1, 4) with c.
71     63     18         17.5547    52.3640    198.2911   % 
UB: 52.36400778210117
branching on CartesianIndex(3, 3) with a.
72     64     18         17.5547    52.3640    198.2911   % 
UB: 52.36400778210117
branching on CartesianIndex(1, 4) with c.
73     65     19         18.9427    52.3640    176.4338   % 
LB close or above UB, fathomed
74     64     19         18.9427    52.3640    176.4338   % 
UB: 52.36400778210117
branching on CartesianIndex(1, 4) with c.
75     65     12         19.4797    52.3640    168.8131   % 
UB: 52.36400778210117
branching on 3 with b.
76     66     12         19.4797    52.3640    168.8131   % 
UB: 52.36400778210117
branching on CartesianIndex(2, 2) with a.
77     67     19         19.4885    52.3640    168.6915   % 
UB: 52.36400778210117
branching on CartesianIndex(2, 3) with a.
78     68     19         19.4885    52.3640    168.6915   % 
UB: 52.36400778210117
branching on CartesianIndex(1, 4) with c.
79     69     10         19.4885    52.3640    168.6915   % 
UB: 52.36400778210117
branching on 2 with b.
80     70     10         19.4885    52.3640    168.6915   % 
UB: 52.36400778210117
branching on 2 with b.
81     71     11         19.4885    52.3640    168.6915   % 
UB: 52.36400778210117
branching on 3 with b.
82     72     12         19.4885    52.3640    168.6915   % 
UB: 52.36400778210117
branching on CartesianIndex(2, 2) with a.
83     73     12         19.4885    52.3640    168.6915   % 
UB: 52.36400778210117
branching on 1 with b.
84     74     11         19.4885    52.3640    168.6915   % 
UB: 52.36400778210117
branching on CartesianIndex(2, 2) with a.
85     75     11         19.4885    52.3640    168.6915   % 
UB: 52.36400778210117
branching on CartesianIndex(1, 3) with a.
86     76     11         19.4885    52.3640    168.6915   % 
UB: 52.36400778210117
branching on CartesianIndex(1, 3) with a.
87     77     12         19.4885    52.3640    168.6915   % 
UB: 52.36400778210117
branching on CartesianIndex(2, 3) with a.
88     78     13         19.4885    52.3640    168.6915   % 
UB: 52.36400778210117
branching on 2 with b.
89     79     13         19.4885    52.3640    168.6915   % 
UB: 52.36400778210117
branching on 2 with b.
90     80     12         19.4885    52.3640    168.6915   % 
UB: 52.36400778210117
branching on CartesianIndex(1, 4) with c.
91     81     8          21.4149    52.3640    144.5216   % 
UB: 52.36400778210117
branching on 2 with b.
92     82     8          21.4149    52.3640    144.5216   % 
UB: 52.36400778210117
branching on 2 with b.
93     83     9          21.4149    52.3640    144.5216   % 
UB: 52.36400778210117
branching on CartesianIndex(1, 2) with a.
94     84     10         21.4149    52.3640    144.5216   % 
UB: 52.36400778210117
branching on CartesianIndex(2, 2) with a.
95     85     11         21.4149    52.3640    144.5216   % 
UB: 52.36400778210117
branching on 3 with b.
96     86     11         21.4149    52.3640    144.5216   % 
UB: 52.36400778210117
branching on CartesianIndex(1, 3) with a.
97     87     10         21.4149    52.3640    144.5216   % 
UB: 52.36400778210117
branching on 3 with b.
98     88     9          21.4149    52.3640    144.5216   % 
UB: 52.36400778210117
branching on 3 with b.
99     89     20         21.4224    52.3640    144.4361   % 
LB close or above UB, fathomed
100    88     20         21.4224    52.3640    144.4361   % 
UB: 52.36400778210117
branching on CartesianIndex(1, 5) with c.
101    89     21         21.4224    52.3640    144.4361   % 
UB: 52.36400778210117
branching on CartesianIndex(1, 6) with c.
102    90     22         21.4224    52.3640    144.4361   % 
LB close or above UB, fathomed
103    89     22         21.4224    52.3640    144.4361   % 
UB: 52.36400778210117
branching on CartesianIndex(1, 7) with c.
104    90     23         21.4224    52.3640    144.4361   % 
UB: 52.36400778210117
branching on 1 with b.
105    91     24         21.4224    52.3640    144.4361   % 
UB: 52.36400778210117
branching on 2 with b.
106    92     24         21.4224    52.3640    144.4361   % 
UB: 52.36400778210117
branching on 2 with b.
107    93     23         21.4224    52.3640    144.4361   % 
LB close or above UB, fathomed
108    92     21         21.4224    52.3640    144.4361   % 
LB close or above UB, fathomed
109    91     18         21.4224    52.3640    144.4361   % 
LB close or above UB, fathomed
110    90     18         21.4224    52.3640    144.4361   % 
UB: 52.36400778210117
branching on 1 with b.
111    91     18         21.4224    52.3640    144.4361   % 
UB: 52.36400778210117
branching on CartesianIndex(3, 3) with a.
112    92     19         21.4224    52.3640    144.4361   % 
UB: 52.36400778210117
branching on 1 with b.
113    93     19         21.4224    52.3640    144.4361   % 
UB: 52.36400778210117
branching on CartesianIndex(1, 4) with c.
114    94     18         21.4224    52.3640    144.4361   % 
UB: 52.36400778210117
branching on CartesianIndex(1, 4) with c.
115    95     16         21.4224    52.3640    144.4361   % 
UB: 52.36400778210117
branching on 1 with b.
116    96     16         21.4224    52.3640    144.4361   % 
UB: 52.36400778210117
branching on CartesianIndex(1, 4) with c.
117    97     17         21.6690    52.3640    141.6538   % 
UB: 52.36400778210117
branching on CartesianIndex(2, 3) with a.
118    98     17         21.6690    52.3640    141.6538   % 
UB: 52.36400778210117
branching on CartesianIndex(2, 3) with a.
119    99     13         23.3474    52.3640    124.2818   % 
UB: 52.36400778210117
branching on CartesianIndex(2, 2) with a.
120    100    13         23.3474    52.3640    124.2818   % 
UB: 52.36400778210117
branching on 1 with b.
121    101    12         23.3487    52.3640    124.2691   % 
UB: 52.36400778210117
branching on 1 with b.
122    102    12         23.3487    52.3640    124.2691   % 
UB: 52.36400778210117
branching on 1 with b.
123    103    20         23.3562    52.3640    124.1972   % 
UB: 52.36400778210117
branching on 3 with b.
124    104    20         23.3562    52.3640    124.1972   % 
LB close or above UB, fathomed
125    103    19         23.3562    52.3640    124.1972   % 
UB: 52.36400778210117
branching on 3 with b.
126    104    19         23.3562    52.3640    124.1972   % 
UB: 52.36400778210117
branching on CartesianIndex(1, 4) with c.
127    105    25         23.3562    52.3640    124.1972   % 
UB: 52.36400778210117
branching on 3 with b.
128    106    25         23.3562    52.3640    124.1972   % 
UB: 52.36400778210117
branching on 3 with b.
129    107    13         23.3562    52.3640    124.1972   % 
UB: 52.36400778210117
branching on 3 with b.
130    108    13         23.3562    52.3640    124.1972   % 
UB: 52.36400778210117
branching on 3 with b.
131    109    17         23.3562    52.3640    124.1972   % 
UB: 52.36400778210117
branching on 1 with b.
132    110    18         23.3562    52.3640    124.1972   % 
UB: 52.36400778210117
branching on CartesianIndex(2, 3) with a.
133    111    19         23.3562    52.3640    124.1972   % 
UB: 52.36400778210117
branching on CartesianIndex(3, 3) with a.
134    112    19         23.3562    52.3640    124.1972   % 
UB: 52.36400778210117
branching on CartesianIndex(1, 4) with c.
135    113    18         23.3562    52.3640    124.1972   % 
LB close or above UB, fathomed
136    112    17         23.3562    52.3640    124.1972   % 
UB: 52.36400778210117
branching on 1 with b.
137    113    16         23.3562    52.3640    124.1972   % 
UB: 52.36400778210117
branching on CartesianIndex(2, 3) with a.
138    114    16         23.3562    52.3640    124.1972   % 
UB: 52.36400778210117
branching on 1 with b.
139    115    6          23.3562    52.3640    124.1972   % 
UB: 52.36400778210117
branching on CartesianIndex(2, 2) with a.
140    116    7          23.3562    52.3640    124.1972   % 
UB: 52.36400778210117
branching on CartesianIndex(3, 2) with a.
141    117    8          23.3562    52.3640    124.1972   % 
UB: 52.36400778210117
branching on CartesianIndex(4, 2) with a.
142    118    8          23.3562    52.3640    124.1972   % 
UB: 52.36400778210117
branching on CartesianIndex(1, 3) with a.
143    119    7          23.3562    52.3640    124.1972   % 
UB: 52.36400778210117
branching on 1 with b.
144    120    6          23.3562    52.3640    124.1972   % 
UB: 52.36400778210117
branching on CartesianIndex(1, 3) with a.
145    121    14         23.3594    52.3640    124.1663   % 
UB: 52.36400778210117
branching on CartesianIndex(3, 2) with a.
146    122    14         23.3594    52.3640    124.1663   % 
UB: 52.36400778210117
branching on CartesianIndex(1, 3) with a.
147    123    12         25.2901    52.3640    107.0536   % 
UB: 52.36400778210117
branching on CartesianIndex(2, 3) with a.
148    124    12         25.2901    52.3640    107.0536   % 
LB close or above UB, fathomed
149    123    20         25.2901    52.3640    107.0536   % 
UB: 52.36400778210117
branching on 2 with b.
150    124    20         25.2901    52.3640    107.0536   % 
UB: 52.36400778210117
branching on CartesianIndex(1, 4) with c.
151    125    18         25.2901    52.3640    107.0536   % 
LB close or above UB, fathomed
152    124    18         25.2901    52.3640    107.0536   % 
UB: 52.36400778210117
branching on CartesianIndex(1, 5) with c.
153    125    19         25.2901    52.3640    107.0536   % 
UB: 52.36400778210117
branching on 1 with b.
154    126    19         25.2901    52.3640    107.0536   % 
LB close or above UB, fathomed
155    125    17         25.2901    52.3640    107.0536   % 
UB: 52.36400778210117
branching on CartesianIndex(3, 3) with a.
156    126    17         25.2901    52.3640    107.0536   % 
LB close or above UB, fathomed
157    125    20         25.2901    52.3640    107.0536   % 
LB close or above UB, fathomed
158    124    20         25.2901    52.3640    107.0536   % 
UB: 52.36400778210117
branching on 1 with b.
159    125    21         25.2901    52.3640    107.0536   % 
UB: 52.36400778210117
branching on 2 with b.
160    126    22         25.2901    52.3640    107.0536   % 
UB: 52.36400778210117
branching on CartesianIndex(1, 5) with c.
161    127    22         25.2901    52.3640    107.0536   % 
UB: 52.36400778210117
branching on CartesianIndex(1, 5) with c.
162    128    21         25.2901    52.3640    107.0536   % 
LB close or above UB, fathomed
163    127    19         25.2901    52.3640    107.0536   % 
UB: 52.36400778210117
branching on CartesianIndex(1, 5) with c.
164    128    20         25.2901    52.3640    107.0536   % 
UB: 52.36400778210117
branching on 2 with b.
165    129    21         25.2901    52.3640    107.0536   % 
UB: 52.36400778210117
branching on CartesianIndex(1, 6) with c.
166    130    21         25.2901    52.3640    107.0536   % 
UB: 52.36400778210117
branching on CartesianIndex(1, 6) with c.
167    131    20         25.2901    52.3640    107.0536   % 
LB close or above UB, fathomed
168    130    19         25.2901    52.3640    107.0536   % 
LB close or above UB, fathomed
169    129    13         25.2901    52.3640    107.0536   % 
UB: 52.36400778210117
branching on 1 with b.
170    130    14         25.2901    52.3640    107.0536   % 
UB: 52.36400778210117
branching on 2 with b.
171    131    14         25.2901    52.3640    107.0536   % 
UB: 52.36400778210117
branching on CartesianIndex(3, 2) with a.
172    132    15         25.2901    52.3640    107.0536   % 
UB: 52.36400778210117
branching on CartesianIndex(4, 2) with a.
173    133    15         25.2901    52.3640    107.0536   % 
UB: 52.36400778210117
branching on CartesianIndex(1, 3) with a.
174    134    13         25.2901    52.3640    107.0536   % 
UB: 52.36400778210117
branching on CartesianIndex(1, 3) with a.
175    135    15         27.2151    52.3640    92.4078    % 
UB: 52.36400778210117
branching on CartesianIndex(4, 2) with a.
176    136    15         27.2151    52.3640    92.4078    % 
UB: 52.36400778210117
branching on 1 with b.
177    137    26         27.2239    52.3640    92.3455    % 
UB: 52.36400778210117
branching on 1 with b.
178    138    27         27.2239    52.3640    92.3455    % 
UB: 52.36400778210117
branching on 2 with b.
179    139    27         27.2239    52.3640    92.3455    % 
UB: 52.36400778210117
branching on 2 with b.
180    140    26         27.2239    52.3640    92.3455    % 
LB close or above UB, fathomed
181    139    20         27.2239    52.3640    92.3455    % 
LB close or above UB, fathomed
182    138    20         27.2239    52.3640    92.3455    % 
UB: 52.36400778210117
branching on CartesianIndex(2, 3) with a.
183    139    21         27.2239    52.3640    92.3455    % 
UB: 52.36400778210117
branching on CartesianIndex(3, 3) with a.
184    140    21         27.2239    52.3640    92.3455    % 
LB close or above UB, fathomed
185    139    21         27.2239    52.3640    92.3455    % 
LB close or above UB, fathomed
186    138    21         27.2239    52.3640    92.3455    % 
UB: 52.36400778210117
branching on CartesianIndex(3, 3) with a.
187    139    22         27.2239    52.3640    92.3455    % 
UB: 52.36400778210117
branching on 1 with b.
188    140    22         27.2239    52.3640    92.3455    % 
UB: 52.36400778210117
branching on CartesianIndex(1, 4) with c.
189    141    10         27.2239    52.3640    92.3455    % 
UB: 52.36400778210117
branching on CartesianIndex(1, 2) with a.
190    142    10         27.2239    52.3640    92.3455    % 
UB: 52.36400778210117
branching on CartesianIndex(1, 2) with a.
191    143    20         27.2239    52.3640    92.3455    % 
LB close or above UB, fathomed
192    142    20         27.2239    52.3640    92.3455    % 
UB: 52.36400778210117
branching on CartesianIndex(1, 6) with c.
193    143    21         27.2239    52.3640    92.3455    % 
LB close or above UB, fathomed
194    142    21         27.2239    52.3640    92.3455    % 
UB: 52.36400778210117
branching on 2 with b.
195    143    22         27.2239    52.3640    92.3455    % 
UB: 52.36400778210117
branching on CartesianIndex(1, 7) with c.
196    144    22         27.2239    52.3640    92.3455    % 
UB: 52.36400778210117
branching on CartesianIndex(1, 7) with c.
197    145    18         27.2239    52.3640    92.3455    % 
UB: 52.36400778210117
branching on CartesianIndex(3, 3) with a.
198    146    18         27.2239    52.3640    92.3455    % 
UB: 52.36400778210117
branching on 2 with b.
199    147    12         27.2239    52.3640    92.3455    % 
UB: 52.36400778210117
branching on 3 with b.
200    148    13         27.2239    52.3640    92.3455    % 
UB: 52.36400778210117
branching on CartesianIndex(3, 2) with a.
201    149    13         27.2239    52.3640    92.3455    % 
LB close or above UB, fathomed
202    148    12         27.2239    52.3640    92.3455    % 
UB: 52.36400778210117
branching on 3 with b.
203    149    18         27.2239    52.3640    92.3455    % 
UB: 52.36400778210117
branching on CartesianIndex(2, 3) with a.
204    150    18         27.2239    52.3640    92.3455    % 
UB: 52.36400778210117
branching on CartesianIndex(1, 4) with c.
205    151    13         29.1503    52.3640    79.6346    % 
UB: 52.36400778210117
branching on CartesianIndex(3, 2) with a.
206    152    13         29.1503    52.3640    79.6346    % 
UB: 52.36400778210117
branching on CartesianIndex(3, 2) with a.
207    153    14         29.1503    52.3640    79.6346    % 
UB: 52.36400778210117
branching on CartesianIndex(4, 2) with a.
208    154    15         29.1503    52.3640    79.6346    % 
UB: 52.36400778210117
branching on CartesianIndex(1, 3) with a.
209    155    15         29.1503    52.3640    79.6346    % 
UB: 52.36400778210117
branching on CartesianIndex(1, 3) with a.
210    156    14         29.1503    52.3640    79.6346    % 
UB: 52.36400778210117
branching on CartesianIndex(1, 3) with a.
211    157    13         29.1578    52.3640    79.5885    % 
UB: 52.36400778210117
branching on CartesianIndex(3, 3) with a.
212    158    13         29.1578    52.3640    79.5885    % 
UB: 52.36400778210117
branching on 3 with b.
213    159    13         29.1578    52.3640    79.5884    % 
UB: 52.36400778210117
branching on CartesianIndex(1, 3) with a.
214    160    13         29.1578    52.3640    79.5884    % 
UB: 52.36400778210117
branching on CartesianIndex(1, 3) with a.
215    161    21         29.1578    52.3640    79.5884    % 
UB: 52.36400778210117
branching on CartesianIndex(4, 3) with a.
216    162    21         29.1578    52.3640    79.5884    % 
UB: 52.36400778210117
branching on CartesianIndex(4, 3) with a.
217    163    9          29.1578    52.3640    79.5884    % 
UB: 52.36400778210117
branching on CartesianIndex(1, 3) with a.
218    164    9          29.1578    52.3640    79.5884    % 
UB: 52.36400778210117
branching on CartesianIndex(1, 3) with a.
219    165    13         29.1578    52.3640    79.5884    % 
UB: 52.36400778210117
branching on CartesianIndex(2, 2) with a.
220    166    13         29.1578    52.3640    79.5884    % 
UB: 52.36400778210117
branching on CartesianIndex(2, 2) with a.
221    167    16         29.1578    52.3640    79.5884    % 
UB: 52.36400778210117
branching on CartesianIndex(2, 3) with a.
222    168    17         29.1578    52.3640    79.5884    % 
UB: 52.36400778210117
branching on 2 with b.
223    169    17         29.1578    52.3640    79.5884    % 
LB close or above UB, fathomed
224    168    16         29.1578    52.3640    79.5884    % 
LB close or above UB, fathomed
225    167    16         29.1578    52.3640    79.5884    % 
UB: 52.36400778210117
branching on CartesianIndex(1, 3) with a.
226    168    16         29.1578    52.3640    79.5884    % 
UB: 52.36400778210117
branching on CartesianIndex(1, 3) with a.
227    169    16         29.1578    52.3640    79.5884    % 
UB: 52.36400778210117
branching on CartesianIndex(1, 3) with a.
228    170    16         29.1578    52.3640    79.5884    % 
UB: 52.36400778210117
branching on CartesianIndex(1, 3) with a.
229    171    13         29.1578    52.3640    79.5884    % 
LB close or above UB, fathomed
230    170    13         29.1578    52.3640    79.5884    % 
UB: 52.36400778210117
branching on CartesianIndex(1, 5) with c.
231    171    14         29.1578    52.3640    79.5884    % 
UB: 52.36400778210117
branching on 2 with b.
232    172    15         29.1578    52.3640    79.5884    % 
UB: 52.36400778210117
branching on CartesianIndex(1, 6) with c.
233    173    16         29.1578    52.3640    79.5884    % 
LB close or above UB, fathomed
234    172    16         29.1578    52.3640    79.5884    % 
UB: 52.36400778210117
branching on CartesianIndex(1, 7) with c.
235    173    17         29.1578    52.3640    79.5884    % 
UB: 52.36400778210117
branching on 3 with b.
236    174    18         29.1578    52.3640    79.5884    % 
UB: 52.36400778210117
branching on 1 with b.
237    175    18         29.1578    52.3640    79.5884    % 
UB: 52.36400778210117
branching on 1 with b.
238    176    17         29.1578    52.3640    79.5884    % 
LB close or above UB, fathomed
239    175    15         29.1578    52.3640    79.5884    % 
LB close or above UB, fathomed
240    174    14         29.1578    52.3640    79.5884    % 
LB close or above UB, fathomed
241    173    14         29.1578    52.3640    79.5884    % 
UB: 52.36400778210117
branching on 3 with b.
242    174    15         29.1578    52.3640    79.5884    % 
UB: 52.36400778210117
branching on 1 with b.
243    175    15         29.1578    52.3640    79.5884    % 
UB: 52.36400778210117
branching on 1 with b.
244    176    14         29.1578    52.3640    79.5884    % 
LB close or above UB, fathomed
245    175    9          29.1578    52.3640    79.5884    % 
UB: 52.36400778210117
branching on 1 with b.
246    176    10         29.1578    52.3640    79.5884    % 
UB: 52.36400778210117
branching on CartesianIndex(2, 3) with a.
247    177    11         29.1578    52.3640    79.5884    % 
LB close or above UB, fathomed
248    176    11         29.1578    52.3640    79.5884    % 
UB: 52.36400778210117
branching on 1 with b.
249    177    10         29.1578    52.3640    79.5884    % 
LB close or above UB, fathomed
250    176    9          29.1578    52.3640    79.5884    % 
LB close or above UB, fathomed
251    175    8          29.1578    52.3640    79.5884    % 
UB: 52.36400778210117
branching on CartesianIndex(2, 2) with a.
252    176    8          29.1578    52.3640    79.5884    % 
UB: 52.36400778210117
branching on CartesianIndex(1, 3) with a.
253    177    20         29.3727    52.3640    78.2747    % 
UB: 52.36400778210117
branching on CartesianIndex(4, 3) with a.
254    178    20         29.3727    52.3640    78.2747    % 
LB close or above UB, fathomed
255    177    22         31.0916    52.3640    68.4183    % 
UB: 52.36400778210117
branching on CartesianIndex(4, 3) with a.
256    178    22         31.0916    52.3640    68.4183    % 
UB: 52.36400778210117
branching on CartesianIndex(1, 4) with c.
257    179    18         31.0916    52.3640    68.4183    % 
UB: 52.36400778210117
branching on CartesianIndex(4, 3) with a.
258    180    18         31.0916    52.3640    68.4183    % 
UB: 52.36400778210117
branching on 1 with b.
259    181    26         31.0916    52.3640    68.4183    % 
UB: 52.36400778210117
branching on 1 with b.
260    182    26         31.0916    52.3640    68.4183    % 
LB close or above UB, fathomed
261    181    27         31.0916    52.3640    68.4183    % 
UB: 52.36400778210117
branching on 2 with b.
262    182    27         31.0916    52.3640    68.4183    % 
UB: 52.36400778210117
branching on 2 with b.
263    183    9          31.0916    52.3640    68.4183    % 
UB: 52.36400778210117
branching on CartesianIndex(3, 2) with a.
264    184    10         31.0916    52.3640    68.4183    % 
UB: 52.36400778210117
branching on CartesianIndex(4, 2) with a.
265    185    10         31.0916    52.3640    68.4183    % 
UB: 52.36400778210117
branching on 1 with b.
266    186    9          31.0916    52.3640    68.4183    % 
LB close or above UB, fathomed
267    185    16         31.0916    52.3640    68.4183    % 
UB: 52.36400778210117
branching on CartesianIndex(3, 3) with a.
268    186    16         31.0916    52.3640    68.4183    % 
UB: 52.36400778210117
branching on CartesianIndex(3, 3) with a.
269    187    16         31.0916    52.3640    68.4183    % 
UB: 52.36400778210117
branching on 2 with b.
270    188    16         31.0916    52.3640    68.4183    % 
UB: 52.36400778210117
branching on 2 with b.
271    189    18         31.0916    52.3640    68.4183    % 
UB: 52.36400778210117
branching on 3 with b.
272    190    18         31.0916    52.3640    68.4183    % 
UB: 52.36400778210117
branching on CartesianIndex(3, 3) with a.
273    191    19         31.0916    52.3640    68.4183    % 
UB: 52.36400778210117
branching on 3 with b.
274    192    19         31.0916    52.3640    68.4183    % 
UB: 52.36400778210117
branching on CartesianIndex(1, 4) with c.
275    193    10         31.0916    52.3640    68.4183    % 
UB: 52.36400778210117
branching on CartesianIndex(2, 3) with a.
276    194    10         31.0916    52.3640    68.4183    % 
LB close or above UB, fathomed
277    193    9          31.0916    52.3640    68.4183    % 
UB: 52.36400778210117
branching on CartesianIndex(2, 3) with a.
278    194    9          31.0916    52.3640    68.4183    % 
UB: 52.36400778210117
branching on 1 with b.
279    195    14         31.0916    52.3640    68.4183    % 
UB: 52.36400778210117
branching on CartesianIndex(2, 2) with a.
280    196    14         31.0916    52.3640    68.4183    % 
UB: 52.36400778210117
branching on CartesianIndex(2, 2) with a.
281    197    10         31.0916    52.3640    68.4183    % 
UB: 52.36400778210117
branching on CartesianIndex(2, 2) with a.
282    198    10         31.0916    52.3640    68.4183    % 
LB close or above UB, fathomed
283    197    11         31.0916    52.3640    68.4183    % 
UB: 52.36400778210117
branching on CartesianIndex(1, 3) with a.
284    198    11         31.0916    52.3640    68.4183    % 
LB close or above UB, fathomed
285    197    14         31.1386    52.3640    68.1646    % 
UB: 52.36400778210117
branching on CartesianIndex(2, 3) with a.
286    198    14         31.1386    52.3640    68.1646    % 
LB close or above UB, fathomed
287    197    15         31.2561    52.3640    67.5323    % 
UB: 52.36400778210117
branching on 2 with b.
288    198    15         31.2561    52.3640    67.5323    % 
LB close or above UB, fathomed
289    197    28         33.0255    52.3640    58.5564    % 
UB: 52.36400778210117
branching on 3 with b.
290    198    29         33.0255    52.3640    58.5564    % 
UB: 52.36400778210117
branching on 1 with b.
291    199    29         33.0255    52.3640    58.5564    % 
UB: 52.36400778210117
branching on 1 with b.
292    200    28         33.0255    52.3640    58.5564    % 
LB close or above UB, fathomed
293    199    14         33.0255    52.3640    58.5564    % 
UB: 52.36400778210117
branching on CartesianIndex(2, 3) with a.
294    200    15         33.0255    52.3640    58.5564    % 
UB: 52.36400778210117
branching on CartesianIndex(3, 3) with a.
295    201    15         33.0255    52.3640    58.5564    % 
UB: 52.36400778210117
branching on CartesianIndex(1, 4) with c.
296    202    14         33.0255    52.3640    58.5564    % 
UB: 52.36400778210117
branching on CartesianIndex(1, 4) with c.
297    203    19         33.0255    52.3640    58.5564    % 
UB: 52.36400778210117
branching on CartesianIndex(3, 3) with a.
298    204    19         33.0255    52.3640    58.5564    % 
LB close or above UB, fathomed
299    203    23         33.0255    52.3640    58.5564    % 
LB close or above UB, fathomed
300    202    23         33.0255    52.3640    58.5564    % 
UB: 52.36400778210117
branching on 1 with b.
301    203    24         33.0255    52.3640    58.5564    % 
UB: 52.36400778210117
branching on 2 with b.
302    204    24         33.0255    52.3640    58.5564    % 
UB: 52.36400778210117
branching on CartesianIndex(1, 5) with c.
303    205    15         33.0255    52.3640    58.5564    % 
UB: 52.36400778210117
branching on CartesianIndex(3, 2) with a.
304    206    15         33.0255    52.3640    58.5564    % 
UB: 52.36400778210117
branching on CartesianIndex(3, 2) with a.
305    207    22         33.0255    52.3640    58.5564    % 
LB close or above UB, fathomed
306    206    22         33.0255    52.3640    58.5564    % 
UB: 52.36400778210117
branching on CartesianIndex(1, 7) with c.
307    207    23         33.0255    52.3640    58.5564    % 
UB: 52.36400778210117
branching on 3 with b.
308    208    24         33.0255    52.3640    58.5564    % 
UB: 52.36400778210117
branching on 1 with b.
309    209    24         33.0255    52.3640    58.5564    % 
LB close or above UB, fathomed
310    208    23         33.0255    52.3640    58.5564    % 
LB close or above UB, fathomed
311    207    17         33.0255    52.3640    58.5564    % 
LB close or above UB, fathomed
312    206    17         33.0255    52.3640    58.5564    % 
UB: 52.36400778210117
branching on CartesianIndex(1, 4) with c.
313    207    18         33.0255    52.3640    58.5564    % 
LB close or above UB, fathomed
314    206    18         33.0255    52.3640    58.5564    % 
UB: 52.36400778210117
branching on 2 with b.
315    207    15         33.0255    52.3640    58.5564    % 
UB: 52.36400778210117
branching on CartesianIndex(1, 3) with a.
316    208    15         33.0255    52.3640    58.5564    % 
UB: 52.36400778210117
branching on CartesianIndex(1, 3) with a.
317    209    16         33.0255    52.3640    58.5564    % 
UB: 52.36400778210117
branching on CartesianIndex(2, 3) with a.
318    210    17         33.0255    52.3640    58.5564    % 
UB: 52.36400778210117
branching on CartesianIndex(3, 3) with a.
319    211    17         33.0255    52.3640    58.5564    % 
UB: 52.36400778210117
branching on 1 with b.
320    212    16         33.0255    52.3640    58.5564    % 
UB: 52.36400778210117
branching on CartesianIndex(1, 4) with c.
321    213    25         33.0255    52.3640    58.5564    % 
UB: 52.36400778210117
branching on 2 with b.
322    214    26         33.0255    52.3640    58.5564    % 
UB: 52.36400778210117
branching on 3 with b.
323    215    27         33.0255    52.3640    58.5564    % 
UB: 52.36400778210117
branching on 1 with b.
324    216    28         33.0255    52.3640    58.5564    % 
UB: 52.36400778210117
branching on 2 with b.
325    217    28         33.0255    52.3640    58.5564    % 
UB: 52.36400778210117
branching on 2 with b.
326    218    27         33.0255    52.3640    58.5564    % 
LB close or above UB, fathomed
327    217    26         33.0255    52.3640    58.5564    % 
LB close or above UB, fathomed
328    216    25         33.0255    52.3640    58.5564    % 
UB: 52.36400778210117
branching on 2 with b.
329    217    10         33.0255    52.3640    58.5564    % 
UB: 52.36400778210117
branching on 1 with b.
330    218    10         33.0255    52.3640    58.5564    % 
UB: 52.36400778210117
branching on CartesianIndex(1, 4) with c.
331    219    11         33.0255    52.3640    58.5564    % 
UB: 52.36400778210117
branching on CartesianIndex(3, 3) with a.
332    220    11         33.0255    52.3640    58.5564    % 
UB: 52.36400778210117
branching on CartesianIndex(1, 4) with c.
333    221    17         33.0255    52.3640    58.5564    % 
UB: 52.36400778210117
branching on CartesianIndex(3, 3) with a.
334    222    17         33.0255    52.3640    58.5564    % 
UB: 52.36400778210117
branching on CartesianIndex(3, 3) with a.
335    223    11         33.0255    52.3640    58.5564    % 
UB: 52.36400778210117
branching on CartesianIndex(1, 3) with a.
336    224    12         33.0255    52.3640    58.5564    % 
UB: 52.36400778210117
branching on CartesianIndex(2, 3) with a.
337    225    12         33.0255    52.3640    58.5564    % 
UB: 52.36400778210117
branching on CartesianIndex(1, 4) with c.
338    226    11         33.0255    52.3640    58.5564    % 
LB close or above UB, fathomed
339    225    11         33.0255    52.3640    58.5564    % 
LB close or above UB, fathomed
340    224    11         33.0255    52.3640    58.5564    % 
UB: 52.36400778210117
branching on 1 with b.
341    225    19         33.0255    52.3640    58.5564    % 
LB close or above UB, fathomed
342    224    19         33.0255    52.3640    58.5564    % 
UB: 52.36400778210117
branching on 2 with b.
343    225    17         33.0255    52.3640    58.5564    % 
UB: 52.36400778210117
branching on CartesianIndex(2, 3) with a.
344    226    18         33.0255    52.3640    58.5564    % 
UB: 52.36400778210117
branching on CartesianIndex(3, 3) with a.
345    227    18         33.0255    52.3640    58.5564    % 
UB: 52.36400778210117
branching on CartesianIndex(1, 4) with c.
346    228    17         33.0255    52.3640    58.5564    % 
LB close or above UB, fathomed
347    227    14         33.0255    52.3640    58.5564    % 
UB: 52.36400778210117
branching on CartesianIndex(3, 2) with a.
348    228    15         33.0255    52.3640    58.5564    % 
UB: 52.36400778210117
branching on CartesianIndex(4, 2) with a.
349    229    15         33.0255    52.3640    58.5564    % 
UB: 52.36400778210117
branching on 2 with b.
350    230    14         33.0255    52.3640    58.5564    % 
UB: 52.36400778210117
branching on CartesianIndex(1, 3) with a.
351    231    14         33.0255    52.3640    58.5564    % 
UB: 52.36400778210117
branching on 3 with b.
352    232    14         33.0255    52.3640    58.5564    % 
UB: 52.36400778210117
branching on CartesianIndex(1, 4) with c.
353    233    15         33.0255    52.3640    58.5564    % 
UB: 52.36400778210117
branching on CartesianIndex(1, 5) with c.
354    234    15         33.0255    52.3640    58.5564    % 
UB: 52.36400778210117
branching on 3 with b.
355    235    16         33.0255    52.3640    58.5564    % 
UB: 52.36400778210117
branching on CartesianIndex(2, 3) with a.
356    236    16         33.0255    52.3640    58.5564    % 
LB close or above UB, fathomed
357    235    23         33.0255    52.3640    58.5564    % 
UB: 52.36400778210117
branching on CartesianIndex(1, 6) with c.
358    236    24         33.0255    52.3640    58.5564    % 
LB close or above UB, fathomed
359    235    24         33.0255    52.3640    58.5564    % 
UB: 52.36400778210117
branching on CartesianIndex(1, 7) with c.
360    236    25         33.0255    52.3640    58.5564    % 
UB: 52.36400778210117
branching on 3 with b.
361    237    26         33.0255    52.3640    58.5564    % 
UB: 52.36400778210117
branching on 1 with b.
362    238    27         33.0255    52.3640    58.5564    % 
UB: 52.36400778210117
branching on 2 with b.
363    239    28         33.0255    52.3640    58.5564    % 
UB: 52.36400778210117
branching on 3 with b.
364    240    29         33.0255    52.3640    58.5564    % 
UB: 52.36400778210117
branching on 1 with b.
365    241    29         33.0255    52.3640    58.5564    % 
UB: 52.36400778210117
branching on 1 with b.
366    242    28         33.0255    52.3640    58.5564    % 
LB close or above UB, fathomed
367    241    27         33.0255    52.3640    58.5564    % 
UB: 52.36400778210117
branching on 2 with b.
368    242    26         33.0255    52.3640    58.5564    % 
LB close or above UB, fathomed
369    241    25         33.0255    52.3640    58.5564    % 
LB close or above UB, fathomed
370    240    23         33.0255    52.3640    58.5564    % 
LB close or above UB, fathomed
371    239    14         33.0255    52.3640    58.5564    % 
UB: 52.36400778210117
branching on CartesianIndex(1, 3) with a.
372    240    14         33.0255    52.3640    58.5564    % 
UB: 52.36400778210117
branching on CartesianIndex(1, 3) with a.
373    241    16         33.2013    52.3640    57.7165    % 
LB close or above UB, fathomed
374    240    16         33.2013    52.3640    57.7165    % 
UB: 52.36400778210117
branching on 3 with b.
375    241    5          34.9093    52.3640    50.0000    % 
UB: 52.36400778210117
branching on 1 with b.
376    242    6          34.9093    52.3640    50.0000    % 
UB: 52.36400778210117
branching on 1 with b.
377    243    7          34.9093    52.3640    50.0000    % 
LB close or above UB, fathomed
378    242    7          34.9093    52.3640    50.0000    % 
UB: 52.36400778210117
branching on CartesianIndex(2, 1) with a.
379    243    8          34.9093    52.3640    50.0000    % 
UB: 52.36400778210117
branching on 2 with b.
380    244    8          34.9093    52.3640    50.0000    % 
LB close or above UB, fathomed
381    243    6          34.9093    52.3640    50.0000    % 
UB: 52.36400778210117
branching on 1 with b.
382    244    7          34.9093    52.3640    50.0000    % 
UB: 52.36400778210117
branching on 2 with b.
383    245    8          34.9093    52.3640    50.0000    % 
UB: 52.36400778210117
branching on CartesianIndex(2, 1) with a.
384    246    8          34.9093    52.3640    50.0000    % 
UB: 52.36400778210117
branching on CartesianIndex(2, 1) with a.
385    247    7          34.9093    52.3640    50.0000    % 
UB: 52.36400778210117
branching on CartesianIndex(2, 1) with a.
386    248    5          34.9093    52.3640    50.0000    % 
UB: 52.36400778210117
branching on CartesianIndex(1, 2) with a.
387    249    30         34.9593    52.3640    49.7855    % 
UB: 52.36400778210117
branching on 2 with b.
388    250    30         34.9593    52.3640    49.7855    % 
UB: 52.36400778210117
branching on 2 with b.
389    251    15         34.9593    52.3640    49.7855    % 
UB: 52.36400778210117
branching on CartesianIndex(2, 3) with a.
390    252    15         34.9593    52.3640    49.7855    % 
UB: 52.36400778210117
branching on CartesianIndex(1, 4) with c.
391    253    19         34.9593    52.3640    49.7855    % 
LB close or above UB, fathomed
392    252    19         34.9593    52.3640    49.7855    % 
UB: 52.36400778210117
branching on CartesianIndex(1, 5) with c.
393    253    16         34.9593    52.3640    49.7855    % 
LB close or above UB, fathomed
394    252    16         34.9593    52.3640    49.7855    % 
UB: 52.36400778210117
branching on CartesianIndex(1, 5) with c.
395    253    17         34.9593    52.3640    49.7855    % 
UB: 52.36400778210117
branching on CartesianIndex(1, 6) with c.
396    254    18         34.9593    52.3640    49.7855    % 
LB close or above UB, fathomed
397    253    18         34.9593    52.3640    49.7855    % 
UB: 52.36400778210117
branching on CartesianIndex(1, 7) with c.
398    254    19         34.9593    52.3640    49.7855    % 
UB: 52.36400778210117
branching on 1 with b.
399    255    20         34.9593    52.3640    49.7855    % 
UB: 52.36400778210117
branching on 2 with b.
400    256    20         34.9593    52.3640    49.7855    % 
UB: 52.36400778210117
branching on 2 with b.
401    257    19         34.9593    52.3640    49.7855    % 
LB close or above UB, fathomed
402    256    17         34.9593    52.3640    49.7855    % 
UB: 52.36400778210117
branching on CartesianIndex(1, 6) with c.
403    257    20         34.9593    52.3640    49.7855    % 
LB close or above UB, fathomed
404    256    20         34.9593    52.3640    49.7855    % 
UB: 52.36400778210117
branching on CartesianIndex(1, 5) with c.
405    257    21         34.9593    52.3640    49.7855    % 
UB: 52.36400778210117
branching on CartesianIndex(1, 6) with c.
406    258    22         34.9593    52.3640    49.7855    % 
LB close or above UB, fathomed
407    257    22         34.9593    52.3640    49.7855    % 
UB: 52.36400778210117
branching on CartesianIndex(1, 7) with c.
408    258    23         34.9593    52.3640    49.7855    % 
UB: 52.36400778210117
branching on 3 with b.
409    259    24         34.9593    52.3640    49.7855    % 
LB close or above UB, fathomed
410    258    24         34.9593    52.3640    49.7855    % 
UB: 52.36400778210117
branching on 1 with b.
411    259    25         34.9593    52.3640    49.7855    % 
UB: 52.36400778210117
branching on 2 with b.
412    260    25         34.9593    52.3640    49.7855    % 
UB: 52.36400778210117
branching on 2 with b.
413    261    23         34.9593    52.3640    49.7855    % 
LB close or above UB, fathomed
414    260    21         34.9593    52.3640    49.7855    % 
LB close or above UB, fathomed
415    259    20         34.9593    52.3640    49.7855    % 
LB close or above UB, fathomed
416    258    20         34.9593    52.3640    49.7855    % 
UB: 52.36400778210117
branching on 3 with b.
417    259    21         34.9593    52.3640    49.7855    % 
LB close or above UB, fathomed
418    258    21         34.9593    52.3640    49.7855    % 
UB: 52.36400778210117
branching on CartesianIndex(1, 5) with c.
419    259    22         34.9593    52.3640    49.7855    % 
UB: 52.36400778210117
branching on CartesianIndex(1, 6) with c.
420    260    22         34.9593    52.3640    49.7855    % 
LB close or above UB, fathomed
421    259    21         34.9593    52.3640    49.7855    % 
UB: 52.36400778210117
branching on 3 with b.
422    260    22         34.9593    52.3640    49.7855    % 
UB: 52.36400778210117
branching on 1 with b.
423    261    22         34.9593    52.3640    49.7855    % 
UB: 52.36400778210117
branching on 1 with b.
424    262    23         34.9593    52.3640    49.7855    % 
UB: 52.36400778210117
branching on 2 with b.
425    263    23         34.9593    52.3640    49.7855    % 
UB: 52.36400778210117
branching on 2 with b.
426    264    21         34.9593    52.3640    49.7855    % 
UB: 52.36400778210117
branching on 3 with b.
427    265    20         34.9593    52.3640    49.7855    % 
UB: 52.36400778210117
branching on 3 with b.
428    266    21         34.9593    52.3640    49.7855    % 
LB close or above UB, fathomed
429    265    21         34.9593    52.3640    49.7855    % 
UB: 52.36400778210117
branching on CartesianIndex(1, 6) with c.
430    266    22         34.9593    52.3640    49.7855    % 
LB close or above UB, fathomed
431    265    22         34.9593    52.3640    49.7855    % 
UB: 52.36400778210117
branching on CartesianIndex(1, 7) with c.
432    266    23         34.9593    52.3640    49.7855    % 
UB: 52.36400778210117
branching on 1 with b.
433    267    24         34.9593    52.3640    49.7855    % 
UB: 52.36400778210117
branching on 2 with b.
434    268    24         34.9593    52.3640    49.7855    % 
UB: 52.36400778210117
branching on 2 with b.
435    269    23         34.9593    52.3640    49.7855    % 
LB close or above UB, fathomed
436    268    20         34.9593    52.3640    49.7855    % 
LB close or above UB, fathomed
437    267    30         34.9593    52.3640    49.7855    % 
UB: 52.36400778210117
branching on 2 with b.
438    268    30         34.9593    52.3640    49.7855    % 
UB: 52.36400778210117
branching on 2 with b.
439    269    17         34.9593    52.3640    49.7855    % 
UB: 52.36400778210117
branching on 2 with b.
440    270    17         34.9593    52.3640    49.7855    % 
UB: 52.36400778210117
branching on 2 with b.
441    271    19         34.9593    52.3640    49.7855    % 
UB: 52.36400778210117
branching on CartesianIndex(1, 5) with c.
442    272    19         34.9593    52.3640    49.7855    % 
UB: 52.36400778210117
branching on CartesianIndex(1, 5) with c.
443    273    20         34.9593    52.3640    49.7855    % 
UB: 52.36400778210117
branching on CartesianIndex(1, 6) with c.
444    274    21         34.9593    52.3640    49.7855    % 
LB close or above UB, fathomed
445    273    21         34.9593    52.3640    49.7855    % 
UB: 52.36400778210117
branching on CartesianIndex(1, 7) with c.
446    274    22         34.9593    52.3640    49.7855    % 
UB: 52.36400778210117
branching on 2 with b.
447    275    23         34.9593    52.3640    49.7855    % 
LB close or above UB, fathomed
448    274    23         34.9593    52.3640    49.7855    % 
UB: 52.36400778210117
branching on 3 with b.
449    275    22         34.9593    52.3640    49.7855    % 
LB close or above UB, fathomed
450    274    20         34.9593    52.3640    49.7855    % 
UB: 52.36400778210117
branching on CartesianIndex(1, 6) with c.
451    275    20         34.9593    52.3640    49.7855    % 
UB: 52.36400778210117
branching on 3 with b.
452    276    20         34.9593    52.3640    49.7855    % 
UB: 52.36400778210117
branching on 3 with b.
453    277    21         34.9593    52.3640    49.7855    % 
LB close or above UB, fathomed
454    276    21         34.9593    52.3640    49.7855    % 
UB: 52.36400778210117
branching on 1 with b.
455    277    22         34.9593    52.3640    49.7855    % 
UB: 52.36400778210117
branching on 2 with b.
456    278    22         34.9593    52.3640    49.7855    % 
UB: 52.36400778210117
branching on 2 with b.
457    279    13         34.9593    52.3640    49.7855    % 
UB: 52.36400778210117
branching on 2 with b.
458    280    13         34.9593    52.3640    49.7855    % 
UB: 52.36400778210117
branching on CartesianIndex(1, 4) with c.
459    281    11         34.9593    52.3640    49.7855    % 
LB close or above UB, fathomed
460    280    11         34.9593    52.3640    49.7855    % 
UB: 52.36400778210117
branching on CartesianIndex(1, 5) with c.
461    281    12         34.9593    52.3640    49.7855    % 
UB: 52.36400778210117
branching on 1 with b.
462    282    13         34.9593    52.3640    49.7855    % 
UB: 52.36400778210117
branching on CartesianIndex(1, 6) with c.
463    283    14         34.9593    52.3640    49.7855    % 
LB close or above UB, fathomed
464    282    14         34.9593    52.3640    49.7855    % 
UB: 52.36400778210117
branching on 1 with b.
465    283    15         34.9593    52.3640    49.7855    % 
LB close or above UB, fathomed
466    282    15         34.9593    52.3640    49.7855    % 
UB: 52.36400778210117
branching on CartesianIndex(1, 7) with c.
467    283    16         34.9593    52.3640    49.7855    % 
UB: 52.36400778210117
branching on 2 with b.
468    284    17         34.9593    52.3640    49.7855    % 
UB: 52.36400778210117
branching on 3 with b.
469    285    17         34.9593    52.3640    49.7855    % 
LB close or above UB, fathomed
470    284    16         34.9593    52.3640    49.7855    % 
LB close or above UB, fathomed
471    283    13         34.9593    52.3640    49.7855    % 
LB close or above UB, fathomed
472    282    12         34.9593    52.3640    49.7855    % 
LB close or above UB, fathomed
473    281    17         34.9593    52.3640    49.7855    % 
LB close or above UB, fathomed
474    280    17         34.9593    52.3640    49.7855    % 
UB: 52.36400778210117
branching on 1 with b.
475    281    18         34.9593    52.3640    49.7855    % 
UB: 52.36400778210117
branching on CartesianIndex(1, 5) with c.
476    282    19         34.9593    52.3640    49.7855    % 
UB: 52.36400778210117
branching on CartesianIndex(1, 6) with c.
477    283    20         34.9593    52.3640    49.7855    % 
LB close or above UB, fathomed
478    282    20         34.9593    52.3640    49.7855    % 
UB: 52.36400778210117
branching on CartesianIndex(1, 7) with c.
479    283    21         34.9593    52.3640    49.7855    % 
UB: 52.36400778210117
branching on 2 with b.
480    284    22         34.9593    52.3640    49.7855    % 
LB close or above UB, fathomed
481    283    22         34.9593    52.3640    49.7855    % 
UB: 52.36400778210117
branching on 3 with b.
482    284    23         34.9593    52.3640    49.7855    % 
UB: 52.36400778210117
branching on 1 with b.
483    285    24         34.9593    52.3640    49.7855    % 
UB: 52.36400778210117
branching on 2 with b.
484    286    25         34.9593    52.3640    49.7855    % 
UB: 52.36400778210117
branching on 3 with b.
485    287    25         34.9593    52.3640    49.7855    % 
UB: 52.36400778210117
branching on 3 with b.
486    288    24         34.9593    52.3640    49.7855    % 
UB: 52.36400778210117
branching on 2 with b.
487    289    23         34.9593    52.3640    49.7855    % 
LB close or above UB, fathomed
488    288    21         34.9593    52.3640    49.7855    % 
LB close or above UB, fathomed
489    287    19         34.9593    52.3640    49.7855    % 
LB close or above UB, fathomed
490    286    18         34.9593    52.3640    49.7855    % 
UB: 52.36400778210117
branching on CartesianIndex(1, 5) with c.
491    287    16         34.9593    52.3640    49.7855    % 
UB: 52.36400778210117
branching on CartesianIndex(4, 2) with a.
492    288    17         34.9593    52.3640    49.7855    % 
UB: 52.36400778210117
branching on CartesianIndex(1, 3) with a.
493    289    17         34.9593    52.3640    49.7855    % 
UB: 52.36400778210117
branching on CartesianIndex(1, 3) with a.
494    290    16         34.9593    52.3640    49.7855    % 
UB: 52.36400778210117
branching on CartesianIndex(1, 3) with a.
495    291    25         34.9593    52.3640    49.7855    % 
LB close or above UB, fathomed
496    290    25         34.9593    52.3640    49.7855    % 
UB: 52.36400778210117
branching on CartesianIndex(1, 5) with c.
497    291    26         34.9593    52.3640    49.7855    % 
UB: 52.36400778210117
branching on CartesianIndex(1, 6) with c.
498    292    26         34.9593    52.3640    49.7855    % 
LB close or above UB, fathomed
499    291    12         34.9593    52.3640    49.7855    % 
UB: 52.36400778210117
branching on CartesianIndex(2, 3) with a.
500    292    13         34.9593    52.3640    49.7855    % 
UB: 52.36400778210117
branching on 1 with b.
501    293    13         34.9593    52.3640    49.7855    % 
LB close or above UB, fathomed
502    292    12         34.9593    52.3640    49.7855    % 
LB close or above UB, fathomed
503    291    11         34.9593    52.3640    49.7855    % 
UB: 52.36400778210117
branching on 2 with b.
504    292    11         34.9593    52.3640    49.7855    % 
UB: 52.36400778210117
branching on CartesianIndex(1, 3) with a.
505    293    17         34.9593    52.3640    49.7855    % 
LB close or above UB, fathomed
506    292    17         34.9593    52.3640    49.7855    % 
UB: 52.36400778210117
branching on CartesianIndex(1, 4) with c.
507    293    18         34.9593    52.3640    49.7855    % 
LB close or above UB, fathomed
508    292    18         34.9593    52.3640    49.7855    % 
UB: 52.36400778210117
branching on CartesianIndex(1, 5) with c.
509    293    19         34.9593    52.3640    49.7855    % 
UB: 52.36400778210117
branching on CartesianIndex(1, 6) with c.
510    294    20         34.9593    52.3640    49.7855    % 
LB close or above UB, fathomed
511    293    20         34.9593    52.3640    49.7855    % 
UB: 52.36400778210117
branching on CartesianIndex(1, 7) with c.
512    294    21         34.9593    52.3640    49.7855    % 
UB: 52.36400778210117
branching on 2 with b.
513    295    22         34.9593    52.3640    49.7855    % 
UB: 52.36400778210117
branching on 3 with b.
514    296    22         34.9593    52.3640    49.7855    % 
UB: 52.36400778210117
branching on 3 with b.
515    297    21         34.9593    52.3640    49.7855    % 
LB close or above UB, fathomed
516    296    19         34.9593    52.3640    49.7855    % 
LB close or above UB, fathomed
517    295    15         34.9593    52.3640    49.7855    % 
UB: 52.36400778210117
branching on CartesianIndex(2, 3) with a.
518    296    16         34.9593    52.3640    49.7855    % 
UB: 52.36400778210117
branching on CartesianIndex(3, 3) with a.
519    297    17         34.9593    52.3640    49.7855    % 
UB: 52.36400778210117
branching on 2 with b.
520    298    17         34.9593    52.3640    49.7855    % 
UB: 52.36400778210117
branching on CartesianIndex(1, 4) with c.
521    299    16         34.9593    52.3640    49.7855    % 
LB close or above UB, fathomed
522    298    15         34.9593    52.3640    49.7855    % 
LB close or above UB, fathomed
523    297    19         34.9593    52.3640    49.7855    % 
LB close or above UB, fathomed
524    296    19         34.9593    52.3640    49.7855    % 
UB: 52.36400778210117
branching on CartesianIndex(1, 4) with c.
525    297    20         34.9593    52.3640    49.7855    % 
LB close or above UB, fathomed
526    296    20         34.9593    52.3640    49.7855    % 
UB: 52.36400778210117
branching on 2 with b.
527    297    21         34.9593    52.3640    49.7855    % 
LB close or above UB, fathomed
528    296    21         34.9593    52.3640    49.7855    % 
UB: 52.36400778210117
branching on CartesianIndex(1, 5) with c.
529    297    22         34.9593    52.3640    49.7855    % 
UB: 52.36400778210117
branching on 3 with b.
530    298    23         34.9593    52.3640    49.7855    % 
UB: 52.36400778210117
branching on 1 with b.
531    299    24         34.9593    52.3640    49.7855    % 
UB: 52.36400778210117
branching on CartesianIndex(1, 6) with c.
532    300    24         34.9593    52.3640    49.7855    % 
UB: 52.36400778210117
branching on CartesianIndex(1, 6) with c.
533    301    23         34.9593    52.3640    49.7855    % 
LB close or above UB, fathomed
534    300    22         34.9593    52.3640    49.7855    % 
LB close or above UB, fathomed
535    299    23         34.9593    52.3640    49.7855    % 
UB: 52.36400778210117
branching on 3 with b.
536    300    24         34.9593    52.3640    49.7855    % 
UB: 52.36400778210117
branching on 1 with b.
537    301    25         34.9593    52.3640    49.7855    % 
LB close or above UB, fathomed
538    300    25         34.9593    52.3640    49.7855    % 
UB: 52.36400778210117
branching on 2 with b.
539    301    26         34.9593    52.3640    49.7855    % 
UB: 52.36400778210117
branching on 3 with b.
540    302    27         34.9593    52.3640    49.7855    % 
UB: 52.36400778210117
branching on 1 with b.
541    303    28         34.9593    52.3640    49.7855    % 
LB close or above UB, fathomed
542    302    28         34.9593    52.3640    49.7855    % 
UB: 52.36400778210117
branching on 2 with b.
543    303    27         34.9593    52.3640    49.7855    % 
LB close or above UB, fathomed
544    302    26         34.9593    52.3640    49.7855    % 
LB close or above UB, fathomed
545    301    24         34.9593    52.3640    49.7855    % 
LB close or above UB, fathomed
546    300    23         34.9593    52.3640    49.7855    % 
LB close or above UB, fathomed
547    299    11         34.9593    52.3640    49.7855    % 
UB: 52.36400778210117
branching on CartesianIndex(2, 2) with a.
548    300    12         34.9593    52.3640    49.7855    % 
UB: 52.36400778210117
branching on CartesianIndex(3, 2) with a.
549    301    13         34.9593    52.3640    49.7855    % 
UB: 52.36400778210117
branching on CartesianIndex(4, 2) with a.
550    302    13         34.9593    52.3640    49.7855    % 
UB: 52.36400778210117
branching on CartesianIndex(1, 3) with a.
551    303    14         34.9593    52.3640    49.7855    % 
UB: 52.36400778210117
branching on 1 with b.
552    304    15         34.9593    52.3640    49.7855    % 
UB: 52.36400778210117
branching on CartesianIndex(2, 3) with a.
553    305    15         34.9593    52.3640    49.7855    % 
UB: 52.36400778210117
branching on CartesianIndex(2, 3) with a.
554    306    16         34.9593    52.3640    49.7855    % 
UB: 52.36400778210117
branching on CartesianIndex(3, 3) with a.
555    307    17         34.9593    52.3640    49.7855    % 
UB: 52.36400778210117
branching on CartesianIndex(4, 3) with a.
556    308    17         34.9593    52.3640    49.7855    % 
UB: 52.36400778210117
branching on 2 with b.
557    309    16         34.9593    52.3640    49.7855    % 
LB close or above UB, fathomed
558    308    14         34.9593    52.3640    49.7855    % 
LB close or above UB, fathomed
559    307    12         34.9593    52.3640    49.7855    % 
UB: 52.36400778210117
branching on CartesianIndex(1, 3) with a.
560    308    11         34.9593    52.3640    49.7855    % 
UB: 52.36400778210117
branching on CartesianIndex(1, 3) with a.
561    309    28         34.9593    52.3640    49.7855    % 
LB close or above UB, fathomed
562    308    28         34.9593    52.3640    49.7855    % 
UB: 52.36400778210117
branching on 3 with b.
563    309    29         34.9593    52.3640    49.7855    % 
UB: 52.36400778210117
branching on 1 with b.
564    310    30         34.9593    52.3640    49.7855    % 
UB: 52.36400778210117
branching on 2 with b.
565    311    30         34.9593    52.3640    49.7855    % 
UB: 52.36400778210117
branching on 2 with b.
566    312    29         34.9593    52.3640    49.7855    % 
LB close or above UB, fathomed
567    311    21         34.9593    52.3640    49.7855    % 
LB close or above UB, fathomed
568    310    21         34.9593    52.3640    49.7855    % 
UB: 52.36400778210117
branching on 2 with b.
569    311    22         34.9593    52.3640    49.7855    % 
LB close or above UB, fathomed
570    310    22         34.9593    52.3640    49.7855    % 
UB: 52.36400778210117
branching on 3 with b.
571    311    18         34.9593    52.3640    49.7855    % 
UB: 52.36400778210117
branching on CartesianIndex(1, 4) with c.
572    312    19         34.9593    52.3640    49.7855    % 
LB close or above UB, fathomed
573    311    19         34.9593    52.3640    49.7855    % 
UB: 52.36400778210117
branching on 2 with b.
574    312    20         34.9593    52.3640    49.7855    % 
LB close or above UB, fathomed
575    311    20         34.9593    52.3640    49.7855    % 
UB: 52.36400778210117
branching on CartesianIndex(1, 5) with c.
576    312    18         34.9593    52.3640    49.7855    % 
LB close or above UB, fathomed
577    311    14         34.9593    52.3640    49.7855    % 
UB: 52.36400778210117
branching on CartesianIndex(3, 3) with a.
578    312    14         34.9593    52.3640    49.7855    % 
UB: 52.36400778210117
branching on 3 with b.
579    313    16         34.9593    52.3640    49.7855    % 
UB: 52.36400778210117
branching on CartesianIndex(1, 5) with c.
580    314    17         34.9593    52.3640    49.7855    % 
UB: 52.36400778210117
branching on 1 with b.
581    315    18         34.9593    52.3640    49.7855    % 
UB: 52.36400778210117
branching on CartesianIndex(1, 6) with c.
582    316    18         34.9593    52.3640    49.7855    % 
UB: 52.36400778210117
branching on CartesianIndex(1, 6) with c.
583    317    17         34.9593    52.3640    49.7855    % 
UB: 52.36400778210117
branching on CartesianIndex(1, 6) with c.
584    318    16         34.9593    52.3640    49.7855    % 
LB close or above UB, fathomed
585    317    12         34.9593    52.3640    49.7855    % 
LB close or above UB, fathomed
586    316    12         34.9593    52.3640    49.7855    % 
UB: 52.36400778210117
branching on 2 with b.
587    317    11         34.9593    52.3640    49.7855    % 
UB: 52.36400778210117
branching on CartesianIndex(1, 3) with a.
588    318    12         34.9593    52.3640    49.7855    % 
UB: 52.36400778210117
branching on CartesianIndex(2, 3) with a.
589    319    13         34.9593    52.3640    49.7855    % 
UB: 52.36400778210117
branching on CartesianIndex(3, 3) with a.
590    320    14         34.9593    52.3640    49.7855    % 
UB: 52.36400778210117
branching on CartesianIndex(4, 3) with a.
591    321    14         34.9593    52.3640    49.7855    % 
UB: 52.36400778210117
branching on 2 with b.
592    322    13         34.9593    52.3640    49.7855    % 
UB: 52.36400778210117
branching on 2 with b.
593    323    12         34.9593    52.3640    49.7855    % 
UB: 52.36400778210117
branching on CartesianIndex(1, 4) with c.
594    324    11         34.9593    52.3640    49.7855    % 
LB close or above UB, fathomed
595    323    16         35.0143    52.3640    49.5502    % 
UB: 52.36400778210117
branching on CartesianIndex(1, 3) with a.
596    324    16         35.0143    52.3640    49.5502    % 
UB: 52.36400778210117
branching on CartesianIndex(1, 3) with a.
597    325    9          35.1511    52.3640    48.9685    % 
UB: 52.36400778210117
branching on CartesianIndex(3, 1) with a.
598    326    9          35.1511    52.3640    48.9685    % 
UB: 52.36400778210117
branching on CartesianIndex(3, 1) with a.
599    327    13         35.3840    52.3640    47.9877    % 
LB close or above UB, fathomed
600    326    13         35.3840    52.3640    47.9877    % 
UB: 52.36400778210117
branching on CartesianIndex(1, 5) with c.
601    327    17         35.6300    52.3640    46.9660    % 
UB: 52.36400778210117
branching on 1 with b.
602    328    17         35.6300    52.3640    46.9660    % 
LB close or above UB, fathomed
603    327    4          36.7926    52.3640    42.3222    % 
LB close or above UB, fathomed
604    326    4          36.7926    52.3640    42.3222    % 
UB: 52.36400778210117
branching on CartesianIndex(1, 1) with a.
605    327    5          36.8090    52.3640    42.2588    % 
UB: 52.36400778210117
branching on CartesianIndex(2, 1) with a.
606    328    6          36.8090    52.3640    42.2588    % 
UB: 52.36400778210117
branching on 1 with b.
607    329    7          36.8090    52.3640    42.2588    % 
UB: 52.36400778210117
branching on CartesianIndex(3, 1) with a.
608    330    8          36.8090    52.3640    42.2588    % 
LB close or above UB, fathomed
609    329    8          36.8090    52.3640    42.2588    % 
UB: 52.36400778210117
branching on CartesianIndex(1, 3) with a.
610    330    9          36.8090    52.3640    42.2588    % 
UB: 52.36400778210117
branching on 1 with b.
611    331    10         36.8090    52.3640    42.2588    % 
LB close or above UB, fathomed
612    330    10         36.8090    52.3640    42.2588    % 
UB: 52.36400778210117
branching on CartesianIndex(2, 3) with a.
613    331    9          36.8090    52.3640    42.2588    % 
LB close or above UB, fathomed
614    330    7          36.8090    52.3640    42.2588    % 
LB close or above UB, fathomed
615    329    6          36.8090    52.3640    42.2588    % 
UB: 52.36400778210117
branching on 1 with b.
616    330    5          36.8090    52.3640    42.2588    % 
LB close or above UB, fathomed
617    329    11         36.8166    52.3640    42.2295    % 
LB close or above UB, fathomed
618    328    11         36.8166    52.3640    42.2295    % 
UB: 52.36400778210117
branching on CartesianIndex(1, 5) with c.
619    329    9          36.8432    52.3640    42.1267    % 
UB: 52.36400778210117
branching on 1 with b.
620    330    9          36.8432    52.3640    42.1267    % 
UB: 52.36400778210117
branching on CartesianIndex(1, 2) with a.
621    331    16         36.8844    52.3640    41.9680    % 
UB: 52.36400778210117
branching on CartesianIndex(1, 3) with a.
622    332    16         36.8844    52.3640    41.9680    % 
UB: 52.36400778210117
branching on CartesianIndex(1, 3) with a.
623    333    20         36.8932    52.3640    41.9341    % 
LB close or above UB, fathomed
624    332    20         36.8932    52.3640    41.9341    % 
UB: 52.36400778210117
branching on CartesianIndex(1, 5) with c.
625    333    21         36.8932    52.3640    41.9341    % 
UB: 52.36400778210117
branching on CartesianIndex(1, 6) with c.
626    334    21         36.8932    52.3640    41.9341    % 
UB: 52.36400778210117
branching on 3 with b.
627    335    29         36.8932    52.3640    41.9341    % 
UB: 52.36400778210117
branching on 3 with b.
628    336    30         36.8932    52.3640    41.9341    % 
UB: 52.36400778210117
branching on 1 with b.
629    337    31         36.8932    52.3640    41.9341    % 
UB: 52.36400778210117
branching on 2 with b.
630    338    31         36.8932    52.3640    41.9341    % 
UB: 52.36400778210117
branching on 2 with b.
631    339    32         36.8932    52.3640    41.9341    % 
UB: 52.36400778210117
branching on 3 with b.
632    340    32         36.8932    52.3640    41.9341    % 
UB: 52.36400778210117
branching on 3 with b.
633    341    30         36.8932    52.3640    41.9341    % 
LB close or above UB, fathomed
634    340    29         36.8932    52.3640    41.9341    % 
LB close or above UB, fathomed
635    339    23         36.8932    52.3640    41.9341    % 
UB: 52.36400778210117
branching on 1 with b.
636    340    24         36.8932    52.3640    41.9341    % 
UB: 52.36400778210117
branching on 2 with b.
637    341    24         36.8932    52.3640    41.9341    % 
UB: 52.36400778210117
branching on 2 with b.
638    342    23         36.8932    52.3640    41.9341    % 
LB close or above UB, fathomed
639    341    27         36.8932    52.3640    41.9341    % 
LB close or above UB, fathomed
640    340    27         36.8932    52.3640    41.9341    % 
UB: 52.36400778210117
branching on CartesianIndex(1, 7) with c.
641    341    28         36.8932    52.3640    41.9341    % 
UB: 52.36400778210117
branching on 3 with b.
642    342    29         36.8932    52.3640    41.9341    % 
LB close or above UB, fathomed
643    341    29         36.8932    52.3640    41.9341    % 
UB: 52.36400778210117
branching on 1 with b.
644    342    30         36.8932    52.3640    41.9341    % 
UB: 52.36400778210117
branching on 2 with b.
645    343    31         36.8932    52.3640    41.9341    % 
LB close or above UB, fathomed
646    342    31         36.8932    52.3640    41.9341    % 
UB: 52.36400778210117
branching on 3 with b.
647    343    30         36.8932    52.3640    41.9341    % 
UB: 52.36400778210117
branching on 2 with b.
648    344    28         36.8932    52.3640    41.9341    % 
LB close or above UB, fathomed
649    343    17         36.8932    52.3640    41.9341    % 
UB: 52.36400778210117
branching on 3 with b.
650    344    18         36.8932    52.3640    41.9341    % 
LB close or above UB, fathomed
651    343    18         36.8932    52.3640    41.9341    % 
UB: 52.36400778210117
branching on CartesianIndex(2, 3) with a.
652    344    19         36.8932    52.3640    41.9341    % 
LB close or above UB, fathomed
653    343    19         36.8932    52.3640    41.9341    % 
UB: 52.36400778210117
branching on CartesianIndex(1, 4) with c.
654    344    17         36.8932    52.3640    41.9341    % 
LB close or above UB, fathomed
655    343    18         36.8932    52.3640    41.9341    % 
UB: 52.36400778210117
branching on CartesianIndex(2, 3) with a.
656    344    19         36.8932    52.3640    41.9341    % 
LB close or above UB, fathomed
657    343    19         36.8932    52.3640    41.9341    % 
UB: 52.36400778210117
branching on CartesianIndex(1, 4) with c.
658    344    18         36.8932    52.3640    41.9341    % 
LB close or above UB, fathomed
659    343    24         36.8932    52.3640    41.9341    % 
LB close or above UB, fathomed
660    342    24         36.8932    52.3640    41.9341    % 
UB: 52.36400778210117
branching on 1 with b.
661    343    25         36.8932    52.3640    41.9341    % 
UB: 52.36400778210117
branching on 2 with b.
662    344    26         36.8932    52.3640    41.9341    % 
UB: 52.36400778210117
branching on 3 with b.
663    345    26         36.8932    52.3640    41.9341    % 
UB: 52.36400778210117
branching on 3 with b.
664    346    25         36.8932    52.3640    41.9341    % 
UB: 52.36400778210117
branching on 2 with b.
665    347    18         36.8932    52.3640    41.9341    % 
UB: 52.36400778210117
branching on CartesianIndex(1, 4) with c.
666    348    18         36.8932    52.3640    41.9341    % 
UB: 52.36400778210117
branching on CartesianIndex(1, 4) with c.
667    349    24         36.8932    52.3640    41.9341    % 
UB: 52.36400778210117
branching on 3 with b.
668    350    24         36.8932    52.3640    41.9341    % 
UB: 52.36400778210117
branching on 3 with b.
669    351    23         36.8932    52.3640    41.9341    % 
LB close or above UB, fathomed
670    350    23         36.8932    52.3640    41.9341    % 
UB: 52.36400778210117
branching on CartesianIndex(1, 7) with c.
671    351    24         36.8932    52.3640    41.9341    % 
UB: 52.36400778210117
branching on 1 with b.
672    352    25         36.8932    52.3640    41.9341    % 
UB: 52.36400778210117
branching on 2 with b.
673    353    25         36.8932    52.3640    41.9341    % 
UB: 52.36400778210117
branching on 2 with b.
674    354    24         36.8932    52.3640    41.9341    % 
LB close or above UB, fathomed
675    353    26         36.8932    52.3640    41.9341    % 
UB: 52.36400778210117
branching on 3 with b.
676    354    27         36.8932    52.3640    41.9341    % 
LB close or above UB, fathomed
677    353    27         36.8932    52.3640    41.9341    % 
UB: 52.36400778210117
branching on 1 with b.
678    354    28         36.8932    52.3640    41.9341    % 
UB: 52.36400778210117
branching on 2 with b.
679    355    28         36.8932    52.3640    41.9341    % 
UB: 52.36400778210117
branching on 2 with b.
680    356    26         36.8932    52.3640    41.9341    % 
LB close or above UB, fathomed
681    355    16         36.8932    52.3640    41.9341    % 
UB: 52.36400778210117
branching on CartesianIndex(3, 3) with a.
682    356    16         36.8932    52.3640    41.9341    % 
UB: 52.36400778210117
branching on CartesianIndex(1, 4) with c.
683    357    16         36.8932    52.3640    41.9341    % 
LB close or above UB, fathomed
684    356    16         36.8932    52.3640    41.9341    % 
UB: 52.36400778210117
branching on CartesianIndex(1, 3) with a.
685    357    29         36.8932    52.3640    41.9341    % 
UB: 52.36400778210117
branching on 3 with b.
686    358    29         36.8932    52.3640    41.9341    % 
LB close or above UB, fathomed
687    357    29         36.8932    52.3640    41.9341    % 
UB: 52.36400778210117
branching on 3 with b.
688    358    29         36.8932    52.3640    41.9341    % 
LB close or above UB, fathomed
689    357    18         36.8932    52.3640    41.9341    % 
UB: 52.36400778210117
branching on CartesianIndex(4, 3) with a.
690    358    18         36.8932    52.3640    41.9341    % 
UB: 52.36400778210117
branching on CartesianIndex(1, 4) with c.
691    359    16         36.8932    52.3640    41.9341    % 
UB: 52.36400778210117
branching on CartesianIndex(2, 3) with a.
692    360    17         36.8932    52.3640    41.9341    % 
UB: 52.36400778210117
branching on 1 with b.
693    361    17         36.8932    52.3640    41.9341    % 
UB: 52.36400778210117
branching on 1 with b.
694    362    16         36.8932    52.3640    41.9341    % 
UB: 52.36400778210117
branching on CartesianIndex(1, 4) with c.
695    363    20         36.8932    52.3640    41.9341    % 
LB close or above UB, fathomed
696    362    20         36.8932    52.3640    41.9341    % 
UB: 52.36400778210117
branching on CartesianIndex(1, 4) with c.
697    363    21         36.8932    52.3640    41.9341    % 
LB close or above UB, fathomed
698    362    21         36.8932    52.3640    41.9341    % 
UB: 52.36400778210117
branching on CartesianIndex(1, 5) with c.
699    363    22         36.8932    52.3640    41.9341    % 
UB: 52.36400778210117
branching on CartesianIndex(1, 6) with c.
700    364    23         36.8932    52.3640    41.9341    % 
LB close or above UB, fathomed
701    363    23         36.8932    52.3640    41.9341    % 
UB: 52.36400778210117
branching on CartesianIndex(1, 7) with c.
702    364    24         36.8932    52.3640    41.9341    % 
UB: 52.36400778210117
branching on 2 with b.
703    365    25         36.8932    52.3640    41.9341    % 
UB: 52.36400778210117
branching on 3 with b.
704    366    26         36.8932    52.3640    41.9341    % 
LB close or above UB, fathomed
705    365    26         36.8932    52.3640    41.9341    % 
UB: 52.36400778210117
branching on 1 with b.
706    366    27         36.8932    52.3640    41.9341    % 
LB close or above UB, fathomed
707    365    27         36.8932    52.3640    41.9341    % 
UB: 52.36400778210117
branching on 2 with b.
708    366    25         36.8932    52.3640    41.9341    % 
UB: 52.36400778210117
branching on 3 with b.
709    367    24         36.8932    52.3640    41.9341    % 
LB close or above UB, fathomed
710    366    22         36.8932    52.3640    41.9341    % 
LB close or above UB, fathomed
711    365    17         36.8932    52.3640    41.9341    % 
UB: 52.36400778210117
branching on CartesianIndex(2, 3) with a.
712    366    18         36.8932    52.3640    41.9341    % 
UB: 52.36400778210117
branching on CartesianIndex(3, 3) with a.
713    367    18         36.8932    52.3640    41.9341    % 
UB: 52.36400778210117
branching on CartesianIndex(1, 4) with c.
714    368    17         36.8932    52.3640    41.9341    % 
LB close or above UB, fathomed
715    367    22         36.8932    52.3640    41.9341    % 
LB close or above UB, fathomed
716    366    22         36.8932    52.3640    41.9341    % 
UB: 52.36400778210117
branching on CartesianIndex(1, 4) with c.
717    367    23         36.8932    52.3640    41.9341    % 
LB close or above UB, fathomed
718    366    23         36.8932    52.3640    41.9341    % 
UB: 52.36400778210117
branching on CartesianIndex(1, 5) with c.
719    367    24         36.8932    52.3640    41.9341    % 
UB: 52.36400778210117
branching on CartesianIndex(1, 6) with c.
720    368    25         36.8932    52.3640    41.9341    % 
LB close or above UB, fathomed
721    367    25         36.8932    52.3640    41.9341    % 
UB: 52.36400778210117
branching on CartesianIndex(1, 7) with c.
722    368    26         36.8932    52.3640    41.9341    % 
UB: 52.36400778210117
branching on 3 with b.
723    369    27         36.8932    52.3640    41.9341    % 
LB close or above UB, fathomed
724    368    27         36.8932    52.3640    41.9341    % 
UB: 52.36400778210117
branching on 1 with b.
725    369    28         36.8932    52.3640    41.9341    % 
UB: 52.36400778210117
branching on 2 with b.
726    370    29         36.8932    52.3640    41.9341    % 
UB: 52.36400778210117
branching on 3 with b.
727    371    30         36.8932    52.3640    41.9341    % 
LB close or above UB, fathomed
728    370    30         36.8932    52.3640    41.9341    % 
UB: 52.36400778210117
branching on 1 with b.
729    371    31         36.8932    52.3640    41.9341    % 
UB: 52.36400778210117
branching on 2 with b.
730    372    31         36.8932    52.3640    41.9341    % 
UB: 52.36400778210117
branching on 2 with b.
731    373    29         36.8932    52.3640    41.9341    % 
LB close or above UB, fathomed
732    372    28         36.8932    52.3640    41.9341    % 
LB close or above UB, fathomed
733    371    26         36.8932    52.3640    41.9341    % 
LB close or above UB, fathomed
734    370    24         36.8932    52.3640    41.9341    % 
LB close or above UB, fathomed
735    369    14         36.8932    52.3640    41.9341    % 
UB: 52.36400778210117
branching on CartesianIndex(2, 3) with a.
736    370    14         36.8932    52.3640    41.9341    % 
UB: 52.36400778210117
branching on CartesianIndex(1, 4) with c.
737    371    23         36.8932    52.3640    41.9341    % 
UB: 52.36400778210117
branching on CartesianIndex(4, 3) with a.
738    372    23         36.8932    52.3640    41.9341    % 
UB: 52.36400778210117
branching on CartesianIndex(4, 3) with a.
739    373    18         36.8932    52.3640    41.9341    % 
LB close or above UB, fathomed
740    372    18         36.8932    52.3640    41.9341    % 
LB close or above UB, fathomed
741    371    14         36.8932    52.3640    41.9341    % 
UB: 52.36400778210117
branching on 3 with b.
742    372    14         36.8932    52.3640    41.9341    % 
LB close or above UB, fathomed
743    371    15         36.8932    52.3640    41.9341    % 
UB: 52.36400778210117
branching on CartesianIndex(2, 3) with a.
744    372    15         36.8932    52.3640    41.9341    % 
LB close or above UB, fathomed
745    371    13         36.8932    52.3640    41.9341    % 
UB: 52.36400778210117
branching on 3 with b.
746    372    14         36.8932    52.3640    41.9341    % 
UB: 52.36400778210117
branching on CartesianIndex(1, 4) with c.
747    373    14         36.8932    52.3640    41.9341    % 
LB close or above UB, fathomed
748    372    13         36.8932    52.3640    41.9341    % 
UB: 52.36400778210117
branching on CartesianIndex(1, 4) with c.
749    373    14         36.8932    52.3640    41.9341    % 
UB: 52.36400778210117
branching on CartesianIndex(3, 3) with a.
750    374    14         36.8932    52.3640    41.9341    % 
UB: 52.36400778210117
branching on CartesianIndex(3, 3) with a.
751    375    15         36.8932    52.3640    41.9341    % 
UB: 52.36400778210117
branching on CartesianIndex(4, 3) with a.
752    376    15         36.8932    52.3640    41.9341    % 
UB: 52.36400778210117
branching on CartesianIndex(1, 4) with c.
753    377    14         36.8932    52.3640    41.9341    % 
LB close or above UB, fathomed
754    376    14         36.8932    52.3640    41.9341    % 
UB: 52.36400778210117
branching on 2 with b.
755    377    15         36.8932    52.3640    41.9341    % 
UB: 52.36400778210117
branching on 3 with b.
756    378    15         36.8932    52.3640    41.9341    % 
UB: 52.36400778210117
branching on CartesianIndex(1, 5) with c.
757    379    17         36.8932    52.3640    41.9341    % 
UB: 52.36400778210117
branching on CartesianIndex(3, 2) with a.
758    380    18         36.8932    52.3640    41.9341    % 
UB: 52.36400778210117
branching on 1 with b.
759    381    18         36.8932    52.3640    41.9341    % 
UB: 52.36400778210117
branching on 1 with b.
760    382    17         36.8932    52.3640    41.9341    % 
LB close or above UB, fathomed
761    381    12         36.8932    52.3640    41.9341    % 
UB: 52.36400778210117
branching on 2 with b.
762    382    13         36.8932    52.3640    41.9341    % 
UB: 52.36400778210117
branching on 3 with b.
763    383    13         36.8932    52.3640    41.9341    % 
LB close or above UB, fathomed
764    382    12         36.8932    52.3640    41.9341    % 
LB close or above UB, fathomed
765    381    18         36.8932    52.3640    41.9341    % 
UB: 52.36400778210117
branching on CartesianIndex(4, 3) with a.
766    382    18         36.8932    52.3640    41.9341    % 
UB: 52.36400778210117
branching on CartesianIndex(1, 4) with c.
767    383    21         36.8932    52.3640    41.9341    % 
LB close or above UB, fathomed
768    382    21         36.8932    52.3640    41.9341    % 
UB: 52.36400778210117
branching on CartesianIndex(1, 4) with c.
769    383    7          36.8932    52.3640    41.9341    % 
UB: 52.36400778210117
branching on CartesianIndex(2, 3) with a.
770    384    8          36.8932    52.3640    41.9341    % 
UB: 52.36400778210117
branching on 1 with b.
771    385    8          36.8932    52.3640    41.9341    % 
LB close or above UB, fathomed
772    384    7          36.8932    52.3640    41.9341    % 
LB close or above UB, fathomed
773    383    13         36.8932    52.3640    41.9341    % 
LB close or above UB, fathomed
774    382    13         36.8932    52.3640    41.9341    % 
UB: 52.36400778210117
branching on 2 with b.
775    383    19         36.8932    52.3640    41.9341    % 
LB close or above UB, fathomed
776    382    19         36.8932    52.3640    41.9341    % 
UB: 52.36400778210117
branching on CartesianIndex(1, 5) with c.
777    383    20         36.8932    52.3640    41.9341    % 
UB: 52.36400778210117
branching on 1 with b.
778    384    21         36.8932    52.3640    41.9341    % 
UB: 52.36400778210117
branching on CartesianIndex(1, 6) with c.
779    385    22         36.8932    52.3640    41.9341    % 
LB close or above UB, fathomed
780    384    22         36.8932    52.3640    41.9341    % 
UB: 52.36400778210117
branching on 2 with b.
781    385    21         36.8932    52.3640    41.9341    % 
LB close or above UB, fathomed
782    384    20         36.8932    52.3640    41.9341    % 
LB close or above UB, fathomed
783    383    17         36.9199    52.3640    41.8313    % 
UB: 52.36400778210117
branching on CartesianIndex(2, 3) with a.
784    384    18         36.9199    52.3640    41.8313    % 
UB: 52.36400778210117
branching on CartesianIndex(3, 3) with a.
785    385    18         36.9199    52.3640    41.8313    % 
UB: 52.36400778210117
branching on CartesianIndex(1, 4) with c.
786    386    17         36.9199    52.3640    41.8313    % 
LB close or above UB, fathomed
787    385    19         37.5378    52.3640    39.4967    % 
LB close or above UB, fathomed
788    384    19         37.5378    52.3640    39.4967    % 
UB: 52.36400778210117
branching on CartesianIndex(1, 5) with c.
789    385    14         38.8196    52.3640    34.8908    % 
UB: 52.36400778210117
branching on CartesianIndex(4, 2) with a.
790    386    15         38.8196    52.3640    34.8908    % 
UB: 52.36400778210117
branching on CartesianIndex(1, 3) with a.
791    387    15         38.8196    52.3640    34.8908    % 
UB: 52.36400778210117
branching on CartesianIndex(1, 3) with a.
792    388    14         38.8196    52.3640    34.8908    % 
UB: 52.36400778210117
branching on CartesianIndex(1, 3) with a.
793    389    31         38.8270    52.3640    34.8648    % 
UB: 52.36400778210117
branching on 3 with b.
794    390    31         38.8270    52.3640    34.8648    % 
LB close or above UB, fathomed
795    389    15         38.8270    52.3640    34.8648    % 
UB: 52.36400778210117
branching on 1 with b.
796    390    15         38.8270    52.3640    34.8648    % 
UB: 52.36400778210117
branching on 1 with b.
797    391    28         38.8270    52.3640    34.8648    % 
LB close or above UB, fathomed
798    390    28         38.8270    52.3640    34.8648    % 
UB: 52.36400778210117
branching on 3 with b.
799    391    29         38.8270    52.3640    34.8648    % 
LB close or above UB, fathomed
800    390    29         38.8270    52.3640    34.8648    % 
UB: 52.36400778210117
branching on 1 with b.
801    391    30         38.8270    52.3640    34.8648    % 
UB: 52.36400778210117
branching on 2 with b.
802    392    30         38.8270    52.3640    34.8648    % 
UB: 52.36400778210117
branching on 2 with b.
803    393    18         38.8270    52.3640    34.8648    % 
UB: 52.36400778210117
branching on CartesianIndex(3, 3) with a.
804    394    19         38.8270    52.3640    34.8648    % 
UB: 52.36400778210117
branching on 2 with b.
805    395    19         38.8270    52.3640    34.8648    % 
UB: 52.36400778210117
branching on CartesianIndex(1, 4) with c.
806    396    18         38.8270    52.3640    34.8648    % 
LB close or above UB, fathomed
807    395    19         38.8270    52.3640    34.8648    % 
LB close or above UB, fathomed
808    394    19         38.8270    52.3640    34.8648    % 
UB: 52.36400778210117
branching on 1 with b.
809    395    20         38.8270    52.3640    34.8648    % 
UB: 52.36400778210117
branching on CartesianIndex(1, 5) with c.
810    396    21         38.8270    52.3640    34.8648    % 
UB: 52.36400778210117
branching on CartesianIndex(1, 6) with c.
811    397    22         38.8270    52.3640    34.8648    % 
LB close or above UB, fathomed
812    396    22         38.8270    52.3640    34.8648    % 
UB: 52.36400778210117
branching on 2 with b.
813    397    23         38.8270    52.3640    34.8648    % 
LB close or above UB, fathomed
814    396    23         38.8270    52.3640    34.8648    % 
UB: 52.36400778210117
branching on 3 with b.
815    397    24         38.8270    52.3640    34.8648    % 
UB: 52.36400778210117
branching on CartesianIndex(1, 7) with c.
816    398    25         38.8270    52.3640    34.8648    % 
UB: 52.36400778210117
branching on 1 with b.
817    399    26         38.8270    52.3640    34.8648    % 
UB: 52.36400778210117
branching on 2 with b.
818    400    27         38.8270    52.3640    34.8648    % 
UB: 52.36400778210117
branching on 3 with b.
819    401    27         38.8270    52.3640    34.8648    % 
UB: 52.36400778210117
branching on 3 with b.
820    402    26         38.8270    52.3640    34.8648    % 
UB: 52.36400778210117
branching on 2 with b.
821    403    25         38.8270    52.3640    34.8648    % 
LB close or above UB, fathomed
822    402    24         38.8270    52.3640    34.8648    % 
LB close or above UB, fathomed
823    401    21         38.8270    52.3640    34.8648    % 
LB close or above UB, fathomed
824    400    20         38.8270    52.3640    34.8648    % 
UB: 52.36400778210117
branching on CartesianIndex(1, 5) with c.
825    401    17         38.8270    52.3640    34.8648    % 
LB close or above UB, fathomed
826    400    17         38.8270    52.3640    34.8648    % 
UB: 52.36400778210117
branching on CartesianIndex(1, 5) with c.
827    401    18         38.8270    52.3640    34.8648    % 
UB: 52.36400778210117
branching on CartesianIndex(1, 6) with c.
828    402    19         38.8270    52.3640    34.8648    % 
LB close or above UB, fathomed
829    401    19         38.8270    52.3640    34.8648    % 
UB: 52.36400778210117
branching on CartesianIndex(1, 7) with c.
830    402    20         38.8270    52.3640    34.8648    % 
UB: 52.36400778210117
branching on 1 with b.
831    403    21         38.8270    52.3640    34.8648    % 
UB: 52.36400778210117
branching on 2 with b.
832    404    21         38.8270    52.3640    34.8648    % 
UB: 52.36400778210117
branching on 2 with b.
833    405    20         38.8270    52.3640    34.8648    % 
LB close or above UB, fathomed
834    404    18         38.8270    52.3640    34.8648    % 
LB close or above UB, fathomed
835    403    25         38.8270    52.3640    34.8648    % 
UB: 52.36400778210117
branching on 1 with b.
836    404    25         38.8270    52.3640    34.8648    % 
UB: 52.36400778210117
branching on 1 with b.
837    405    19         38.8270    52.3640    34.8648    % 
LB close or above UB, fathomed
838    404    19         38.8270    52.3640    34.8648    % 
UB: 52.36400778210117
branching on CartesianIndex(1, 5) with c.
839    405    20         38.8270    52.3640    34.8648    % 
UB: 52.36400778210117
branching on 3 with b.
840    406    21         38.8270    52.3640    34.8648    % 
LB close or above UB, fathomed
841    405    21         38.8270    52.3640    34.8648    % 
UB: 52.36400778210117
branching on CartesianIndex(1, 6) with c.
842    406    22         38.8270    52.3640    34.8648    % 
LB close or above UB, fathomed
843    405    22         38.8270    52.3640    34.8648    % 
UB: 52.36400778210117
branching on CartesianIndex(1, 7) with c.
844    406    23         38.8270    52.3640    34.8648    % 
UB: 52.36400778210117
branching on 1 with b.
845    407    24         38.8270    52.3640    34.8648    % 
UB: 52.36400778210117
branching on 2 with b.
846    408    25         38.8270    52.3640    34.8648    % 
UB: 52.36400778210117
branching on 3 with b.
847    409    25         38.8270    52.3640    34.8648    % 
UB: 52.36400778210117
branching on 3 with b.
848    410    24         38.8270    52.3640    34.8648    % 
UB: 52.36400778210117
branching on 2 with b.
849    411    23         38.8270    52.3640    34.8648    % 
LB close or above UB, fathomed
850    410    20         38.8270    52.3640    34.8648    % 
UB: 52.36400778210117
branching on CartesianIndex(1, 6) with c.
851    411    12         38.8270    52.3640    34.8648    % 
UB: 52.36400778210117
branching on CartesianIndex(2, 3) with a.
852    412    13         38.8270    52.3640    34.8648    % 
UB: 52.36400778210117
branching on CartesianIndex(3, 3) with a.
853    413    14         38.8270    52.3640    34.8648    % 
UB: 52.36400778210117
branching on CartesianIndex(4, 3) with a.
854    414    14         38.8270    52.3640    34.8648    % 
UB: 52.36400778210117
branching on CartesianIndex(1, 4) with c.
855    415    13         38.8270    52.3640    34.8648    % 
LB close or above UB, fathomed
856    414    12         38.8270    52.3640    34.8648    % 
LB close or above UB, fathomed
857    413    14         38.8270    52.3640    34.8648    % 
UB: 52.36400778210117
branching on 1 with b.
858    414    15         38.8270    52.3640    34.8648    % 
UB: 52.36400778210117
branching on CartesianIndex(1, 3) with a.
859    415    15         38.8270    52.3640    34.8648    % 
UB: 52.36400778210117
branching on CartesianIndex(1, 3) with a.
860    416    14         38.8270    52.3640    34.8648    % 
UB: 52.36400778210117
branching on CartesianIndex(1, 3) with a.
861    417    15         38.8270    52.3640    34.8648    % 
UB: 52.36400778210117
branching on CartesianIndex(2, 3) with a.
862    418    16         38.8270    52.3640    34.8648    % 
UB: 52.36400778210117
branching on CartesianIndex(3, 3) with a.
863    419    17         38.8270    52.3640    34.8648    % 
UB: 52.36400778210117
branching on CartesianIndex(4, 3) with a.
864    420    17         38.8270    52.3640    34.8648    % 
UB: 52.36400778210117
branching on CartesianIndex(1, 4) with c.
865    421    16         38.8270    52.3640    34.8648    % 
LB close or above UB, fathomed
866    420    15         38.8270    52.3640    34.8648    % 
LB close or above UB, fathomed
867    419    25         38.8270    52.3640    34.8648    % 
LB close or above UB, fathomed
868    418    25         38.8270    52.3640    34.8648    % 
UB: 52.36400778210117
branching on CartesianIndex(1, 7) with c.
869    419    26         38.8270    52.3640    34.8648    % 
UB: 52.36400778210117
branching on 2 with b.
870    420    27         38.8270    52.3640    34.8648    % 
UB: 52.36400778210117
branching on 3 with b.
871    421    28         38.8270    52.3640    34.8648    % 
UB: 52.36400778210117
branching on 1 with b.
872    422    28         38.8270    52.3640    34.8648    % 
LB close or above UB, fathomed
873    421    27         38.8270    52.3640    34.8648    % 
UB: 52.36400778210117
branching on 3 with b.
874    422    26         38.8270    52.3640    34.8648    % 
LB close or above UB, fathomed
875    421    18         38.8270    52.3640    34.8648    % 
UB: 52.36400778210117
branching on 2 with b.
876    422    18         38.8270    52.3640    34.8648    % 
UB: 52.36400778210117
branching on CartesianIndex(1, 5) with c.
877    423    19         38.8270    52.3640    34.8648    % 
UB: 52.36400778210117
branching on CartesianIndex(1, 6) with c.
878    424    19         38.8270    52.3640    34.8648    % 
UB: 52.36400778210117
branching on CartesianIndex(1, 6) with c.
879    425    26         38.8270    52.3640    34.8648    % 
UB: 52.36400778210117
branching on 1 with b.
880    426    27         38.8270    52.3640    34.8648    % 
UB: 52.36400778210117
branching on 2 with b.
881    427    27         38.8270    52.3640    34.8648    % 
UB: 52.36400778210117
branching on 2 with b.
882    428    26         38.8270    52.3640    34.8648    % 
LB close or above UB, fathomed
883    427    31         38.8270    52.3640    34.8648    % 
UB: 52.36400778210117
branching on 3 with b.
884    428    31         38.8270    52.3640    34.8648    % 
LB close or above UB, fathomed
885    427    15         38.8270    52.3640    34.8648    % 
UB: 52.36400778210117
branching on CartesianIndex(2, 3) with a.
886    428    16         38.8270    52.3640    34.8648    % 
UB: 52.36400778210117
branching on CartesianIndex(3, 3) with a.
887    429    16         38.8270    52.3640    34.8648    % 
LB close or above UB, fathomed
888    428    15         38.8270    52.3640    34.8648    % 
LB close or above UB, fathomed
889    427    18         38.8270    52.3640    34.8648    % 
UB: 52.36400778210117
branching on CartesianIndex(1, 4) with c.
890    428    18         38.8270    52.3640    34.8648    % 
UB: 52.36400778210117
branching on CartesianIndex(1, 4) with c.
891    429    16         38.8270    52.3640    34.8648    % 
UB: 52.36400778210117
branching on 3 with b.
892    430    17         38.8270    52.3640    34.8648    % 
LB close or above UB, fathomed
893    429    17         38.8270    52.3640    34.8648    % 
UB: 52.36400778210117
branching on 1 with b.
894    430    18         38.8270    52.3640    34.8648    % 
UB: 52.36400778210117
branching on CartesianIndex(4, 2) with a.
895    431    18         38.8270    52.3640    34.8648    % 
UB: 52.36400778210117
branching on CartesianIndex(4, 2) with a.
896    432    16         38.8270    52.3640    34.8648    % 
UB: 52.36400778210117
branching on CartesianIndex(1, 3) with a.
897    433    19         38.8270    52.3640    34.8648    % 
UB: 52.36400778210117
branching on CartesianIndex(1, 4) with c.
898    434    19         38.8270    52.3640    34.8648    % 
UB: 52.36400778210117
branching on CartesianIndex(1, 4) with c.
899    435    19         38.8270    52.3640    34.8648    % 
LB close or above UB, fathomed
900    434    19         38.8270    52.3640    34.8648    % 
UB: 52.36400778210117
branching on CartesianIndex(1, 4) with c.
901    435    23         38.8270    52.3640    34.8648    % 
LB close or above UB, fathomed
902    434    23         38.8270    52.3640    34.8648    % 
UB: 52.36400778210117
branching on CartesianIndex(1, 5) with c.
903    435    24         38.8270    52.3640    34.8648    % 
UB: 52.36400778210117
branching on CartesianIndex(1, 6) with c.
904    436    25         38.8270    52.3640    34.8648    % 
LB close or above UB, fathomed
905    435    25         38.8270    52.3640    34.8648    % 
UB: 52.36400778210117
branching on CartesianIndex(1, 7) with c.
906    436    26         38.8270    52.3640    34.8648    % 
UB: 52.36400778210117
branching on 1 with b.
907    437    27         38.8270    52.3640    34.8648    % 
UB: 52.36400778210117
branching on 2 with b.
908    438    27         38.8270    52.3640    34.8648    % 
UB: 52.36400778210117
branching on 2 with b.
909    439    26         38.8270    52.3640    34.8648    % 
LB close or above UB, fathomed
910    438    24         38.8270    52.3640    34.8648    % 
LB close or above UB, fathomed
911    437    23         38.8270    52.3640    34.8648    % 
LB close or above UB, fathomed
912    436    23         38.8270    52.3640    34.8648    % 
UB: 52.36400778210117
branching on 1 with b.
913    437    24         38.8270    52.3640    34.8648    % 
UB: 52.36400778210117
branching on CartesianIndex(1, 4) with c.
914    438    24         38.8270    52.3640    34.8648    % 
UB: 52.36400778210117
branching on CartesianIndex(1, 4) with c.
915    439    28         38.8270    52.3640    34.8648    % 
LB close or above UB, fathomed
916    438    28         38.8270    52.3640    34.8648    % 
UB: 52.36400778210117
branching on 3 with b.
917    439    29         38.8270    52.3640    34.8648    % 
UB: 52.36400778210117
branching on 1 with b.
918    440    29         38.8270    52.3640    34.8648    % 
LB close or above UB, fathomed
919    439    20         38.8270    52.3640    34.8648    % 
LB close or above UB, fathomed
920    438    20         38.8270    52.3640    34.8648    % 
UB: 52.36400778210117
branching on CartesianIndex(1, 5) with c.
921    439    32         38.8270    52.3640    34.8648    % 
UB: 52.36400778210117
branching on 1 with b.
922    440    32         38.8270    52.3640    34.8648    % 
UB: 52.36400778210117
branching on 1 with b.
923    441    22         38.8270    52.3640    34.8648    % 
LB close or above UB, fathomed
924    440    22         38.8270    52.3640    34.8648    % 
UB: 52.36400778210117
branching on CartesianIndex(1, 5) with c.
925    441    23         38.8270    52.3640    34.8648    % 
UB: 52.36400778210117
branching on CartesianIndex(1, 6) with c.
926    442    24         38.8270    52.3640    34.8648    % 
LB close or above UB, fathomed
927    441    24         38.8270    52.3640    34.8648    % 
UB: 52.36400778210117
branching on CartesianIndex(1, 7) with c.
928    442    25         38.8270    52.3640    34.8648    % 
UB: 52.36400778210117
branching on 2 with b.
929    443    26         38.8270    52.3640    34.8648    % 
LB close or above UB, fathomed
930    442    26         38.8270    52.3640    34.8648    % 
UB: 52.36400778210117
branching on 3 with b.
931    443    25         38.8270    52.3640    34.8648    % 
LB close or above UB, fathomed
932    442    23         38.8270    52.3640    34.8648    % 
LB close or above UB, fathomed
933    441    14         38.8270    52.3640    34.8648    % 
UB: 52.36400778210117
branching on CartesianIndex(1, 3) with a.
934    442    14         38.8270    52.3640    34.8648    % 
UB: 52.36400778210117
branching on CartesianIndex(1, 3) with a.
935    443    15         38.8270    52.3640    34.8648    % 
LB close or above UB, fathomed
936    442    15         38.8270    52.3640    34.8648    % 
UB: 52.36400778210117
branching on CartesianIndex(1, 4) with c.
937    443    17         38.8270    52.3640    34.8648    % 
UB: 52.36400778210117
branching on 2 with b.
938    444    18         38.8270    52.3640    34.8648    % 
LB close or above UB, fathomed
939    443    18         38.8270    52.3640    34.8648    % 
UB: 52.36400778210117
branching on 3 with b.
940    444    17         38.8270    52.3640    34.8648    % 
LB close or above UB, fathomed
941    443    32         38.8270    52.3640    34.8648    % 
UB: 52.36400778210117
branching on 1 with b.
942    444    32         38.8270    52.3640    34.8648    % 
UB: 52.36400778210117
branching on 1 with b.
943    445    33         38.8270    52.3640    34.8648    % 
UB: 52.36400778210117
branching on 1 with b.
944    446    33         38.8270    52.3640    34.8648    % 
UB: 52.36400778210117
branching on 1 with b.
945    447    15         38.8270    52.3640    34.8648    % 
UB: 52.36400778210117
branching on 3 with b.
946    448    15         38.8270    52.3640    34.8648    % 
LB close or above UB, fathomed
947    447    31         38.8270    52.3640    34.8648    % 
LB close or above UB, fathomed
948    446    31         38.8270    52.3640    34.8648    % 
UB: 52.36400778210117
branching on 3 with b.
949    447    12         38.8270    52.3640    34.8648    % 
UB: 52.36400778210117
branching on 2 with b.
950    448    13         38.8270    52.3640    34.8648    % 
LB close or above UB, fathomed
951    447    13         38.8270    52.3640    34.8648    % 
UB: 52.36400778210117
branching on 3 with b.
952    448    12         38.8270    52.3640    34.8648    % 
UB: 52.36400778210117
branching on 2 with b.
953    449    18         38.8270    52.3640    34.8648    % 
UB: 52.36400778210117
branching on CartesianIndex(4, 3) with a.
954    450    18         38.8270    52.3640    34.8648    % 
UB: 52.36400778210117
branching on CartesianIndex(1, 4) with c.
955    451    15         38.8270    52.3640    34.8648    % 
LB close or above UB, fathomed
956    450    15         38.8270    52.3640    34.8648    % 
UB: 52.36400778210117
branching on CartesianIndex(1, 4) with c.
957    451    28         38.8270    52.3640    34.8648    % 
UB: 52.36400778210117
branching on 3 with b.
958    452    29         38.8270    52.3640    34.8648    % 
UB: 52.36400778210117
branching on 1 with b.
959    453    29         38.8270    52.3640    34.8648    % 
LB close or above UB, fathomed
960    452    28         38.8270    52.3640    34.8648    % 
LB close or above UB, fathomed
961    451    19         38.8270    52.3640    34.8648    % 
LB close or above UB, fathomed
962    450    19         38.8270    52.3640    34.8648    % 
UB: 52.36400778210117
branching on 2 with b.
963    451    17         38.8270    52.3640    34.8648    % 
LB close or above UB, fathomed
964    450    17         38.8270    52.3640    34.8648    % 
UB: 52.36400778210117
branching on CartesianIndex(1, 5) with c.
965    451    18         38.8270    52.3640    34.8648    % 
UB: 52.36400778210117
branching on CartesianIndex(1, 6) with c.
966    452    19         38.8270    52.3640    34.8648    % 
LB close or above UB, fathomed
967    451    19         38.8270    52.3640    34.8648    % 
UB: 52.36400778210117
branching on CartesianIndex(1, 7) with c.
968    452    20         38.8270    52.3640    34.8648    % 
UB: 52.36400778210117
branching on 1 with b.
969    453    21         38.8270    52.3640    34.8648    % 
LB close or above UB, fathomed
970    452    21         38.8270    52.3640    34.8648    % 
UB: 52.36400778210117
branching on 2 with b.
971    453    22         38.8270    52.3640    34.8648    % 
LB close or above UB, fathomed
972    452    22         38.8270    52.3640    34.8648    % 
UB: 52.36400778210117
branching on 3 with b.
973    453    23         38.8270    52.3640    34.8648    % 
UB: 52.36400778210117
branching on 1 with b.
974    454    24         38.8270    52.3640    34.8648    % 
LB close or above UB, fathomed
975    453    24         38.8270    52.3640    34.8648    % 
UB: 52.36400778210117
branching on 2 with b.
976    454    25         38.8270    52.3640    34.8648    % 
UB: 52.36400778210117
branching on 3 with b.
977    455    25         38.8270    52.3640    34.8648    % 
UB: 52.36400778210117
branching on 3 with b.
978    456    23         38.8270    52.3640    34.8648    % 
LB close or above UB, fathomed
979    455    20         38.8270    52.3640    34.8648    % 
LB close or above UB, fathomed
980    454    18         38.8270    52.3640    34.8648    % 
LB close or above UB, fathomed
981    453    14         38.8270    52.3640    34.8648    % 
UB: 52.36400778210117
branching on CartesianIndex(1, 6) with c.
982    454    15         38.8270    52.3640    34.8648    % 
LB close or above UB, fathomed
983    453    15         38.8270    52.3640    34.8648    % 
UB: 52.36400778210117
branching on CartesianIndex(1, 7) with c.
984    454    16         38.8270    52.3640    34.8648    % 
UB: 52.36400778210117
branching on 2 with b.
985    455    17         38.8270    52.3640    34.8648    % 
UB: 52.36400778210117
branching on 3 with b.
986    456    18         38.8270    52.3640    34.8648    % 
UB: 52.36400778210117
branching on 1 with b.
987    457    18         38.8270    52.3640    34.8648    % 
UB: 52.36400778210117
branching on 1 with b.
988    458    17         38.8270    52.3640    34.8648    % 
LB close or above UB, fathomed
989    457    16         38.8270    52.3640    34.8648    % 
LB close or above UB, fathomed
990    456    14         38.8270    52.3640    34.8648    % 
LB close or above UB, fathomed
991    455    18         38.8270    52.3640    34.8648    % 
UB: 52.36400778210117
branching on 1 with b.
992    456    18         38.8270    52.3640    34.8648    % 
LB close or above UB, fathomed
993    455    13         38.8270    52.3640    34.8648    % 
LB close or above UB, fathomed
994    454    13         38.8270    52.3640    34.8648    % 
UB: 52.36400778210117
branching on CartesianIndex(1, 5) with c.
995    455    13         38.8270    52.3640    34.8648    % 
LB close or above UB, fathomed
996    454    13         38.8270    52.3640    34.8648    % 
UB: 52.36400778210117
branching on 3 with b.
997    455    12         40.7020    52.3640    28.6522    % 
LB close or above UB, fathomed
998    454    12         40.7020    52.3640    28.6522    % 
UB: 52.36400778210117
branching on 3 with b.
999    455    13         40.7020    52.3640    28.6522    % 
UB: 52.36400778210117
branching on 1 with b.
1000   456    13         40.7020    52.3640    28.6522    % 
LB close or above UB, fathomed
1001   455    7          40.7069    52.3640    28.6368    % 
UB: 52.36400778210117
branching on 1 with b.
1002   456    8          40.7069    52.3640    28.6368    % 
UB: 52.36400778210117
branching on 3 with b.
1003   457    8          40.7069    52.3640    28.6368    % 
UB: 52.36400778210117
branching on CartesianIndex(1, 3) with a.
1004   458    9          40.7069    52.3640    28.6368    % 
UB: 52.36400778210117
branching on CartesianIndex(2, 3) with a.
1005   459    10         40.7069    52.3640    28.6368    % 
UB: 52.36400778210117
branching on CartesianIndex(3, 3) with a.
1006   460    11         40.7069    52.3640    28.6368    % 
LB close or above UB, fathomed
1007   459    11         40.7069    52.3640    28.6368    % 
UB: 52.36400778210117
branching on 3 with b.
1008   460    12         40.7069    52.3640    28.6368    % 
UB: 52.36400778210117
branching on CartesianIndex(1, 5) with c.
1009   461    12         40.7069    52.3640    28.6368    % 
LB close or above UB, fathomed
1010   460    10         40.7069    52.3640    28.6368    % 
LB close or above UB, fathomed
1011   459    9          40.7069    52.3640    28.6368    % 
LB close or above UB, fathomed
1012   458    7          40.7069    52.3640    28.6368    % 
LB close or above UB, fathomed
1013   457    10         40.7109    52.3640    28.6241    % 
UB: 52.36400778210117
branching on CartesianIndex(2, 2) with a.
1014   458    11         40.7109    52.3640    28.6241    % 
UB: 52.36400778210117
branching on 1 with b.
1015   459    12         40.7109    52.3640    28.6241    % 
UB: 52.36400778210117
branching on CartesianIndex(3, 2) with a.
1016   460    12         40.7109    52.3640    28.6241    % 
LB close or above UB, fathomed
1017   459    11         40.7109    52.3640    28.6241    % 
LB close or above UB, fathomed
1018   458    10         40.7109    52.3640    28.6241    % 
LB close or above UB, fathomed
1019   457    18         40.7609    52.3640    28.4663    % 
UB: 52.36400778210117
branching on 3 with b.
1020   458    19         40.7609    52.3640    28.4663    % 
LB close or above UB, fathomed
1021   457    19         40.7609    52.3640    28.4663    % 
UB: 52.36400778210117
branching on CartesianIndex(1, 4) with c.
1022   458    20         40.7609    52.3640    28.4663    % 
LB close or above UB, fathomed
1023   457    20         40.7609    52.3640    28.4663    % 
UB: 52.36400778210117
branching on CartesianIndex(1, 5) with c.
1024   458    21         40.7609    52.3640    28.4663    % 
UB: 52.36400778210117
branching on CartesianIndex(1, 6) with c.
1025   459    22         40.7609    52.3640    28.4663    % 
LB close or above UB, fathomed
1026   458    22         40.7609    52.3640    28.4663    % 
UB: 52.36400778210117
branching on CartesianIndex(1, 7) with c.
1027   459    23         40.7609    52.3640    28.4663    % 
UB: 52.36400778210117
branching on 1 with b.
1028   460    24         40.7609    52.3640    28.4663    % 
UB: 52.36400778210117
branching on 2 with b.
1029   461    24         40.7609    52.3640    28.4663    % 
UB: 52.36400778210117
branching on 2 with b.
1030   462    23         40.7609    52.3640    28.4663    % 
LB close or above UB, fathomed
1031   461    21         40.7609    52.3640    28.4663    % 
UB: 52.36400778210117
branching on CartesianIndex(1, 6) with c.
1032   462    18         40.7609    52.3640    28.4663    % 
UB: 52.36400778210117
branching on 3 with b.
1033   463    16         40.7609    52.3640    28.4663    % 
UB: 52.36400778210117
branching on CartesianIndex(1, 5) with c.
1034   464    16         40.7609    52.3640    28.4663    % 
UB: 52.36400778210117
branching on 1 with b.
1035   465    17         40.7609    52.3640    28.4663    % 
UB: 52.36400778210117
branching on CartesianIndex(1, 5) with c.
1036   466    17         40.7609    52.3640    28.4663    % 
UB: 52.36400778210117
branching on CartesianIndex(1, 5) with c.
1037   467    25         40.7609    52.3640    28.4663    % 
LB close or above UB, fathomed
1038   466    25         40.7609    52.3640    28.4663    % 
UB: 52.36400778210117
branching on CartesianIndex(1, 5) with c.
1039   467    26         40.7609    52.3640    28.4663    % 
UB: 52.36400778210117
branching on CartesianIndex(1, 6) with c.
1040   468    27         40.7609    52.3640    28.4663    % 
LB close or above UB, fathomed
1041   467    27         40.7609    52.3640    28.4663    % 
UB: 52.36400778210117
branching on CartesianIndex(1, 7) with c.
1042   468    28         40.7609    52.3640    28.4663    % 
UB: 52.36400778210117
branching on 2 with b.
1043   469    29         40.7609    52.3640    28.4663    % 
UB: 52.36400778210117
branching on 3 with b.
1044   470    30         40.7609    52.3640    28.4663    % 
LB close or above UB, fathomed
1045   469    30         40.7609    52.3640    28.4663    % 
UB: 52.36400778210117
branching on 1 with b.
1046   470    29         40.7609    52.3640    28.4663    % 
LB close or above UB, fathomed
1047   469    28         40.7609    52.3640    28.4663    % 
LB close or above UB, fathomed
1048   468    26         40.7609    52.3640    28.4663    % 
LB close or above UB, fathomed
1049   467    19         40.7609    52.3640    28.4663    % 
UB: 52.36400778210117
branching on CartesianIndex(1, 3) with a.
1050   468    19         40.7609    52.3640    28.4663    % 
UB: 52.36400778210117
branching on CartesianIndex(1, 3) with a.
1051   469    20         40.7609    52.3640    28.4663    % 
UB: 52.36400778210117
branching on CartesianIndex(1, 6) with c.
1052   470    20         40.7609    52.3640    28.4663    % 
LB close or above UB, fathomed
1053   469    19         40.7609    52.3640    28.4663    % 
LB close or above UB, fathomed
1054   468    19         40.7609    52.3640    28.4663    % 
UB: 52.36400778210117
branching on CartesianIndex(1, 7) with c.
1055   469    20         40.7609    52.3640    28.4663    % 
UB: 52.36400778210117
branching on 2 with b.
1056   470    21         40.7609    52.3640    28.4663    % 
LB close or above UB, fathomed
1057   469    21         40.7609    52.3640    28.4663    % 
UB: 52.36400778210117
branching on 3 with b.
1058   470    22         40.7609    52.3640    28.4663    % 
LB close or above UB, fathomed
1059   469    22         40.7609    52.3640    28.4663    % 
UB: 52.36400778210117
branching on 1 with b.
1060   470    23         40.7609    52.3640    28.4663    % 
UB: 52.36400778210117
branching on 2 with b.
1061   471    24         40.7609    52.3640    28.4663    % 
UB: 52.36400778210117
branching on 3 with b.
1062   472    24         40.7609    52.3640    28.4663    % 
UB: 52.36400778210117
branching on 3 with b.
1063   473    23         40.7609    52.3640    28.4663    % 
LB close or above UB, fathomed
1064   472    20         40.7609    52.3640    28.4663    % 
LB close or above UB, fathomed
1065   471    25         40.7609    52.3640    28.4663    % 
LB close or above UB, fathomed
1066   470    25         40.7609    52.3640    28.4663    % 
UB: 52.36400778210117
branching on CartesianIndex(1, 7) with c.
1067   471    26         40.7609    52.3640    28.4663    % 
UB: 52.36400778210117
branching on 2 with b.
1068   472    27         40.7609    52.3640    28.4663    % 
UB: 52.36400778210117
branching on 3 with b.
1069   473    28         40.7609    52.3640    28.4663    % 
UB: 52.36400778210117
branching on 1 with b.
1070   474    28         40.7609    52.3640    28.4663    % 
LB close or above UB, fathomed
1071   473    27         40.7609    52.3640    28.4663    % 
LB close or above UB, fathomed
1072   472    26         40.7609    52.3640    28.4663    % 
LB close or above UB, fathomed
1073   471    25         40.7609    52.3640    28.4663    % 
LB close or above UB, fathomed
1074   470    25         40.7609    52.3640    28.4663    % 
UB: 52.36400778210117
branching on 3 with b.
1075   471    31         40.7609    52.3640    28.4663    % 
UB: 52.36400778210117
branching on 3 with b.
1076   472    31         40.7609    52.3640    28.4663    % 
LB close or above UB, fathomed
1077   471    17         40.7609    52.3640    28.4663    % 
UB: 52.36400778210117
branching on CartesianIndex(3, 3) with a.
1078   472    18         40.7609    52.3640    28.4663    % 
LB close or above UB, fathomed
1079   471    18         40.7609    52.3640    28.4663    % 
UB: 52.36400778210117
branching on CartesianIndex(1, 4) with c.
1080   472    19         40.7609    52.3640    28.4663    % 
LB close or above UB, fathomed
1081   471    19         40.7609    52.3640    28.4663    % 
UB: 52.36400778210117
branching on 3 with b.
1082   472    20         40.7609    52.3640    28.4663    % 
LB close or above UB, fathomed
1083   471    20         40.7609    52.3640    28.4663    % 
UB: 52.36400778210117
branching on CartesianIndex(1, 5) with c.
1084   472    21         40.7609    52.3640    28.4663    % 
UB: 52.36400778210117
branching on CartesianIndex(1, 6) with c.
1085   473    22         40.7609    52.3640    28.4663    % 
LB close or above UB, fathomed
1086   472    22         40.7609    52.3640    28.4663    % 
UB: 52.36400778210117
branching on CartesianIndex(1, 7) with c.
1087   473    23         40.7609    52.3640    28.4663    % 
UB: 52.36400778210117
branching on 1 with b.
1088   474    23         40.7609    52.3640    28.4663    % 
LB close or above UB, fathomed
1089   473    21         40.7609    52.3640    28.4663    % 
LB close or above UB, fathomed
1090   472    17         40.7609    52.3640    28.4663    % 
UB: 52.36400778210117
branching on 3 with b.
1091   473    14         40.7609    52.3640    28.4663    % 
UB: 52.36400778210117
branching on CartesianIndex(3, 2) with a.
1092   474    14         40.7609    52.3640    28.4663    % 
LB close or above UB, fathomed
1093   473    24         40.7609    52.3640    28.4663    % 
LB close or above UB, fathomed
1094   472    24         40.7609    52.3640    28.4663    % 
UB: 52.36400778210117
branching on 2 with b.
1095   473    32         40.7609    52.3640    28.4663    % 
UB: 52.36400778210117
branching on 1 with b.
1096   474    32         40.7609    52.3640    28.4663    % 
UB: 52.36400778210117
branching on 1 with b.
1097   475    19         40.7609    52.3640    28.4663    % 
UB: 52.36400778210117
branching on 2 with b.
1098   476    20         40.7609    52.3640    28.4663    % 
LB close or above UB, fathomed
1099   475    20         40.7609    52.3640    28.4663    % 
UB: 52.36400778210117
branching on 3 with b.
1100   476    21         40.7609    52.3640    28.4663    % 
UB: 52.36400778210117
branching on 1 with b.
1101   477    22         40.7609    52.3640    28.4663    % 
UB: 52.36400778210117
branching on 2 with b.
1102   478    23         40.7609    52.3640    28.4663    % 
UB: 52.36400778210117
branching on 3 with b.
1103   479    24         40.7609    52.3640    28.4663    % 
UB: 52.36400778210117
branching on 1 with b.
1104   480    25         40.7609    52.3640    28.4663    % 
UB: 52.36400778210117
branching on 2 with b.
1105   481    25         40.7609    52.3640    28.4663    % 
UB: 52.36400778210117
branching on 2 with b.
1106   482    24         40.7609    52.3640    28.4663    % 
LB close or above UB, fathomed
1107   481    23         40.7609    52.3640    28.4663    % 
LB close or above UB, fathomed
1108   480    22         40.7609    52.3640    28.4663    % 
LB close or above UB, fathomed
1109   479    21         40.7609    52.3640    28.4663    % 
LB close or above UB, fathomed
1110   478    19         40.7609    52.3640    28.4663    % 
LB close or above UB, fathomed
1111   477    20         40.7609    52.3640    28.4663    % 
LB close or above UB, fathomed
1112   476    20         40.7609    52.3640    28.4663    % 
UB: 52.36400778210117
branching on 3 with b.
1113   477    21         40.7609    52.3640    28.4663    % 
UB: 52.36400778210117
branching on 1 with b.
1114   478    22         40.7609    52.3640    28.4663    % 
LB close or above UB, fathomed
1115   477    22         40.7609    52.3640    28.4663    % 
UB: 52.36400778210117
branching on 2 with b.
1116   478    21         40.7609    52.3640    28.4663    % 
LB close or above UB, fathomed
1117   477    19         40.7609    52.3640    28.4663    % 
UB: 52.36400778210117
branching on CartesianIndex(2, 3) with a.
1118   478    20         40.7609    52.3640    28.4663    % 
UB: 52.36400778210117
branching on CartesianIndex(3, 3) with a.
1119   479    20         40.7609    52.3640    28.4663    % 
UB: 52.36400778210117
branching on CartesianIndex(1, 4) with c.
1120   480    19         40.7609    52.3640    28.4663    % 
LB close or above UB, fathomed
1121   479    28         40.7609    52.3640    28.4663    % 
UB: 52.36400778210117
branching on 3 with b.
1122   480    29         40.7609    52.3640    28.4663    % 
LB close or above UB, fathomed
1123   479    29         40.7609    52.3640    28.4663    % 
UB: 52.36400778210117
branching on 1 with b.
1124   480    30         40.7609    52.3640    28.4663    % 
UB: 52.36400778210117
branching on 2 with b.
1125   481    30         40.7609    52.3640    28.4663    % 
UB: 52.36400778210117
branching on 2 with b.
1126   482    28         40.7609    52.3640    28.4663    % 
LB close or above UB, fathomed
1127   481    20         40.7609    52.3640    28.4663    % 
LB close or above UB, fathomed
1128   480    20         40.7609    52.3640    28.4663    % 
UB: 52.36400778210117
branching on CartesianIndex(1, 5) with c.
1129   481    21         40.7609    52.3640    28.4663    % 
UB: 52.36400778210117
branching on CartesianIndex(1, 6) with c.
1130   482    22         40.7609    52.3640    28.4663    % 
LB close or above UB, fathomed
1131   481    22         40.7609    52.3640    28.4663    % 
UB: 52.36400778210117
branching on CartesianIndex(1, 7) with c.
1132   482    23         40.7609    52.3640    28.4663    % 
UB: 52.36400778210117
branching on 1 with b.
1133   483    23         40.7609    52.3640    28.4663    % 
LB close or above UB, fathomed
1134   482    21         40.7609    52.3640    28.4663    % 
LB close or above UB, fathomed
1135   481    28         40.7609    52.3640    28.4663    % 
UB: 52.36400778210117
branching on 3 with b.
1136   482    28         40.7609    52.3640    28.4663    % 
LB close or above UB, fathomed
1137   481    31         40.7609    52.3640    28.4663    % 
UB: 52.36400778210117
branching on 3 with b.
1138   482    31         40.7609    52.3640    28.4663    % 
UB: 52.36400778210117
branching on 3 with b.
1139   483    16         40.7609    52.3640    28.4663    % 
UB: 52.36400778210117
branching on CartesianIndex(2, 3) with a.
1140   484    17         40.7609    52.3640    28.4663    % 
UB: 52.36400778210117
branching on CartesianIndex(3, 3) with a.
1141   485    17         40.7609    52.3640    28.4663    % 
LB close or above UB, fathomed
1142   484    16         40.7609    52.3640    28.4663    % 
LB close or above UB, fathomed
1143   483    19         40.7609    52.3640    28.4663    % 
UB: 52.36400778210117
branching on CartesianIndex(1, 3) with a.
1144   484    19         40.7609    52.3640    28.4663    % 
UB: 52.36400778210117
branching on CartesianIndex(1, 3) with a.
1145   485    14         40.7609    52.3640    28.4663    % 
LB close or above UB, fathomed
1146   484    14         40.7609    52.3640    28.4663    % 
UB: 52.36400778210117
branching on CartesianIndex(1, 5) with c.
1147   485    15         40.7609    52.3640    28.4663    % 
UB: 52.36400778210117
branching on CartesianIndex(1, 5) with c.
1148   486    15         40.7609    52.3640    28.4663    % 
UB: 52.36400778210117
branching on CartesianIndex(1, 5) with c.
1149   487    16         40.7609    52.3640    28.4663    % 
UB: 52.36400778210117
branching on 1 with b.
1150   488    17         40.7609    52.3640    28.4663    % 
UB: 52.36400778210117
branching on CartesianIndex(1, 6) with c.
1151   489    17         40.7609    52.3640    28.4663    % 
UB: 52.36400778210117
branching on CartesianIndex(1, 6) with c.
1152   490    16         40.7609    52.3640    28.4663    % 
UB: 52.36400778210117
branching on CartesianIndex(1, 6) with c.
1153   491    32         40.7609    52.3640    28.4663    % 
UB: 52.36400778210117
branching on 3 with b.
1154   492    32         40.7609    52.3640    28.4663    % 
LB close or above UB, fathomed
1155   491    29         40.7609    52.3640    28.4663    % 
UB: 52.36400778210117
branching on 3 with b.
1156   492    30         40.7609    52.3640    28.4663    % 
UB: 52.36400778210117
branching on 1 with b.
1157   493    30         40.7609    52.3640    28.4663    % 
UB: 52.36400778210117
branching on 1 with b.
1158   494    29         40.7609    52.3640    28.4663    % 
LB close or above UB, fathomed
1159   493    13         40.7609    52.3640    28.4663    % 
UB: 52.36400778210117
branching on CartesianIndex(2, 3) with a.
1160   494    14         40.7609    52.3640    28.4663    % 
UB: 52.36400778210117
branching on CartesianIndex(3, 3) with a.
1161   495    15         40.7609    52.3640    28.4663    % 
LB close or above UB, fathomed
1162   494    15         40.7609    52.3640    28.4663    % 
UB: 52.36400778210117
branching on CartesianIndex(1, 4) with c.
1163   495    14         40.7609    52.3640    28.4663    % 
LB close or above UB, fathomed
1164   494    13         40.7609    52.3640    28.4663    % 
LB close or above UB, fathomed
1165   493    23         40.7609    52.3640    28.4663    % 
UB: 52.36400778210117
branching on 1 with b.
1166   494    24         40.7609    52.3640    28.4663    % 
UB: 52.36400778210117
branching on 2 with b.
1167   495    24         40.7609    52.3640    28.4663    % 
LB close or above UB, fathomed
1168   494    23         40.7609    52.3640    28.4663    % 
LB close or above UB, fathomed
1169   493    16         40.7609    52.3640    28.4663    % 
UB: 52.36400778210117
branching on CartesianIndex(2, 3) with a.
1170   494    17         40.7609    52.3640    28.4663    % 
UB: 52.36400778210117
branching on CartesianIndex(3, 3) with a.
1171   495    18         40.7609    52.3640    28.4663    % 
LB close or above UB, fathomed
1172   494    18         40.7609    52.3640    28.4663    % 
UB: 52.36400778210117
branching on CartesianIndex(1, 4) with c.
1173   495    17         40.7609    52.3640    28.4663    % 
LB close or above UB, fathomed
1174   494    16         40.7609    52.3640    28.4663    % 
LB close or above UB, fathomed
1175   493    20         40.7609    52.3640    28.4663    % 
LB close or above UB, fathomed
1176   492    20         40.7609    52.3640    28.4663    % 
UB: 52.36400778210117
branching on CartesianIndex(1, 5) with c.
1177   493    21         40.7609    52.3640    28.4663    % 
UB: 52.36400778210117
branching on 2 with b.
1178   494    22         40.7609    52.3640    28.4663    % 
LB close or above UB, fathomed
1179   493    22         40.7609    52.3640    28.4663    % 
UB: 52.36400778210117
branching on CartesianIndex(1, 6) with c.
1180   494    21         40.7609    52.3640    28.4663    % 
LB close or above UB, fathomed
1181   493    15         40.7609    52.3640    28.4663    % 
UB: 52.36400778210117
branching on CartesianIndex(1, 6) with c.
1182   494    16         40.7609    52.3640    28.4663    % 
LB close or above UB, fathomed
1183   493    16         40.7609    52.3640    28.4663    % 
UB: 52.36400778210117
branching on 3 with b.
1184   494    17         40.7609    52.3640    28.4663    % 
UB: 52.36400778210117
branching on CartesianIndex(1, 7) with c.
1185   495    17         40.7609    52.3640    28.4663    % 
LB close or above UB, fathomed
1186   494    15         40.7609    52.3640    28.4663    % 
UB: 52.36400778210117
branching on CartesianIndex(1, 6) with c.
1187   495    16         40.7609    52.3640    28.4663    % 
LB close or above UB, fathomed
1188   494    16         40.7609    52.3640    28.4663    % 
UB: 52.36400778210117
branching on 3 with b.
1189   495    17         40.7609    52.3640    28.4663    % 
UB: 52.36400778210117
branching on CartesianIndex(1, 7) with c.
1190   496    17         40.7609    52.3640    28.4663    % 
LB close or above UB, fathomed
1191   495    29         40.7609    52.3640    28.4663    % 
UB: 52.36400778210117
branching on 1 with b.
1192   496    29         40.7609    52.3640    28.4663    % 
UB: 52.36400778210117
branching on 1 with b.
1193   497    24         40.7609    52.3640    28.4663    % 
LB close or above UB, fathomed
1194   496    24         40.7609    52.3640    28.4663    % 
UB: 52.36400778210117
branching on 2 with b.
1195   497    25         40.7609    52.3640    28.4663    % 
LB close or above UB, fathomed
1196   496    25         40.7609    52.3640    28.4663    % 
UB: 52.36400778210117
branching on 3 with b.
1197   497    26         40.7609    52.3640    28.4663    % 
LB close or above UB, fathomed
1198   496    26         40.7609    52.3640    28.4663    % 
UB: 52.36400778210117
branching on 1 with b.
1199   497    27         40.7609    52.3640    28.4663    % 
UB: 52.36400778210117
branching on 2 with b.
1200   498    27         40.7609    52.3640    28.4663    % 
UB: 52.36400778210117
branching on 2 with b.
1201   499    25         40.7609    52.3640    28.4663    % 
LB close or above UB, fathomed
1202   498    25         40.7609    52.3640    28.4663    % 
UB: 52.36400778210117
branching on 3 with b.
1203   499    26         40.7609    52.3640    28.4663    % 
LB close or above UB, fathomed
1204   498    26         40.7609    52.3640    28.4663    % 
UB: 52.36400778210117
branching on 1 with b.
1205   499    27         40.7609    52.3640    28.4663    % 
UB: 52.36400778210117
branching on 2 with b.
1206   500    27         40.7609    52.3640    28.4663    % 
UB: 52.36400778210117
branching on 2 with b.
1207   501    31         40.7609    52.3640    28.4663    % 
UB: 52.36400778210117
branching on 2 with b.
1208   502    31         40.7609    52.3640    28.4663    % 
UB: 52.36400778210117
branching on 2 with b.
1209   503    30         40.7609    52.3640    28.4663    % 
UB: 52.36400778210117
branching on 2 with b.
1210   504    30         40.7609    52.3640    28.4663    % 
UB: 52.36400778210117
branching on 2 with b.
1211   505    31         40.7609    52.3640    28.4663    % 
UB: 52.36400778210117
branching on 3 with b.
1212   506    32         40.7609    52.3640    28.4663    % 
UB: 52.36400778210117
branching on 1 with b.
1213   507    32         40.7609    52.3640    28.4663    % 
UB: 52.36400778210117
branching on 1 with b.
1214   508    31         40.7609    52.3640    28.4663    % 
LB close or above UB, fathomed
1215   507    14         40.7609    52.3640    28.4663    % 
UB: 52.36400778210117
branching on CartesianIndex(2, 3) with a.
1216   508    14         40.7609    52.3640    28.4663    % 
UB: 52.36400778210117
branching on CartesianIndex(2, 3) with a.
1217   509    32         40.7609    52.3640    28.4663    % 
UB: 52.36400778210117
branching on 1 with b.
1218   510    32         40.7609    52.3640    28.4663    % 
LB close or above UB, fathomed
1219   509    16         40.7609    52.3640    28.4663    % 
LB close or above UB, fathomed
1220   508    16         40.7609    52.3640    28.4663    % 
UB: 52.36400778210117
branching on CartesianIndex(1, 4) with c.
1221   509    34         40.7609    52.3640    28.4663    % 
UB: 52.36400778210117
branching on 2 with b.
1222   510    34         40.7609    52.3640    28.4663    % 
UB: 52.36400778210117
branching on 2 with b.
1223   511    35         40.7609    52.3640    28.4663    % 
UB: 52.36400778210117
branching on 3 with b.
1224   512    35         40.7609    52.3640    28.4663    % 
UB: 52.36400778210117
branching on 3 with b.
1225   513    33         40.7609    52.3640    28.4663    % 
UB: 52.36400778210117
branching on 2 with b.
1226   514    33         40.7609    52.3640    28.4663    % 
UB: 52.36400778210117
branching on 2 with b.
1227   515    34         40.7609    52.3640    28.4663    % 
UB: 52.36400778210117
branching on 3 with b.
1228   516    34         40.7609    52.3640    28.4663    % 
LB close or above UB, fathomed
1229   515    33         40.7609    52.3640    28.4663    % 
UB: 52.36400778210117
branching on 2 with b.
1230   516    33         40.7609    52.3640    28.4663    % 
UB: 52.36400778210117
branching on 2 with b.
1231   517    34         40.7609    52.3640    28.4663    % 
UB: 52.36400778210117
branching on 3 with b.
1232   518    34         40.7609    52.3640    28.4663    % 
LB close or above UB, fathomed
1233   517    21         40.7609    52.3640    28.4663    % 
UB: 52.36400778210117
branching on 2 with b.
1234   518    22         40.7609    52.3640    28.4663    % 
LB close or above UB, fathomed
1235   517    22         40.7609    52.3640    28.4663    % 
UB: 52.36400778210117
branching on CartesianIndex(1, 6) with c.
1236   518    23         40.7609    52.3640    28.4663    % 
LB close or above UB, fathomed
1237   517    23         40.7609    52.3640    28.4663    % 
UB: 52.36400778210117
branching on CartesianIndex(1, 7) with c.
1238   518    24         40.7609    52.3640    28.4663    % 
UB: 52.36400778210117
branching on 3 with b.
1239   519    25         40.7609    52.3640    28.4663    % 
LB close or above UB, fathomed
1240   518    25         40.7609    52.3640    28.4663    % 
UB: 52.36400778210117
branching on 1 with b.
1241   519    26         40.7609    52.3640    28.4663    % 
UB: 52.36400778210117
branching on 2 with b.
1242   520    26         40.7609    52.3640    28.4663    % 
UB: 52.36400778210117
branching on 2 with b.
1243   521    24         40.7609    52.3640    28.4663    % 
LB close or above UB, fathomed
1244   520    21         40.7609    52.3640    28.4663    % 
LB close or above UB, fathomed
1245   519    30         40.7609    52.3640    28.4663    % 
UB: 52.36400778210117
branching on 2 with b.
1246   520    30         40.7609    52.3640    28.4663    % 
UB: 52.36400778210117
branching on 2 with b.
1247   521    29         40.7609    52.3640    28.4663    % 
UB: 52.36400778210117
branching on 2 with b.
1248   522    29         40.7609    52.3640    28.4663    % 
UB: 52.36400778210117
branching on 2 with b.
1249   523    15         40.7609    52.3640    28.4663    % 
UB: 52.36400778210117
branching on CartesianIndex(2, 3) with a.
1250   524    16         40.7609    52.3640    28.4663    % 
UB: 52.36400778210117
branching on CartesianIndex(3, 3) with a.
1251   525    16         40.7609    52.3640    28.4663    % 
LB close or above UB, fathomed
1252   524    15         40.7609    52.3640    28.4663    % 
LB close or above UB, fathomed
1253   523    14         40.7609    52.3640    28.4663    % 
LB close or above UB, fathomed
1254   522    14         40.7609    52.3640    28.4663    % 
UB: 52.36400778210117
branching on CartesianIndex(3, 2) with a.
1255   523    15         40.7609    52.3640    28.4663    % 
UB: 52.36400778210117
branching on 3 with b.
1256   524    16         40.7609    52.3640    28.4663    % 
UB: 52.36400778210117
branching on CartesianIndex(4, 2) with a.
1257   525    16         40.7609    52.3640    28.4663    % 
LB close or above UB, fathomed
1258   524    15         40.7609    52.3640    28.4663    % 
UB: 52.36400778210117
branching on CartesianIndex(1, 3) with a.
1259   525    30         40.7609    52.3640    28.4663    % 
UB: 52.36400778210117
branching on 1 with b.
1260   526    31         40.7609    52.3640    28.4663    % 
UB: 52.36400778210117
branching on 2 with b.
1261   527    31         40.7609    52.3640    28.4663    % 
UB: 52.36400778210117
branching on 2 with b.
1262   528    32         40.7609    52.3640    28.4663    % 
UB: 52.36400778210117
branching on 3 with b.
1263   529    32         40.7609    52.3640    28.4663    % 
UB: 52.36400778210117
branching on 3 with b.
1264   530    30         40.7609    52.3640    28.4663    % 
LB close or above UB, fathomed
1265   529    30         40.7609    52.3640    28.4663    % 
UB: 52.36400778210117
branching on 1 with b.
1266   530    30         40.7609    52.3640    28.4663    % 
UB: 52.36400778210117
branching on 1 with b.
1267   531    27         40.7609    52.3640    28.4663    % 
UB: 52.36400778210117
branching on 1 with b.
1268   532    27         40.7609    52.3640    28.4663    % 
UB: 52.36400778210117
branching on 1 with b.
1269   533    25         40.7609    52.3640    28.4663    % 
UB: 52.36400778210117
branching on 3 with b.
1270   534    26         40.7609    52.3640    28.4663    % 
UB: 52.36400778210117
branching on 1 with b.
1271   535    26         40.7609    52.3640    28.4663    % 
LB close or above UB, fathomed
1272   534    25         40.7609    52.3640    28.4663    % 
LB close or above UB, fathomed
1273   533    31         40.7609    52.3640    28.4663    % 
LB close or above UB, fathomed
1274   532    31         40.7609    52.3640    28.4663    % 
UB: 52.36400778210117
branching on 3 with b.
1275   533    31         40.7609    52.3640    28.4663    % 
UB: 52.36400778210117
branching on 3 with b.
1276   534    31         40.7609    52.3640    28.4663    % 
LB close or above UB, fathomed
1277   533    12         40.7609    52.3640    28.4663    % 
LB close or above UB, fathomed
1278   532    12         40.7609    52.3640    28.4663    % 
UB: 52.36400778210117
branching on CartesianIndex(1, 5) with c.
1279   533    13         40.7609    52.3640    28.4663    % 
UB: 52.36400778210117
branching on 1 with b.
1280   534    14         40.7609    52.3640    28.4663    % 
UB: 52.36400778210117
branching on CartesianIndex(1, 6) with c.
1281   535    15         40.7609    52.3640    28.4663    % 
LB close or above UB, fathomed
1282   534    15         40.7609    52.3640    28.4663    % 
UB: 52.36400778210117
branching on 1 with b.
1283   535    16         40.7609    52.3640    28.4663    % 
LB close or above UB, fathomed
1284   534    16         40.7609    52.3640    28.4663    % 
UB: 52.36400778210117
branching on CartesianIndex(1, 7) with c.
1285   535    14         40.7609    52.3640    28.4663    % 
LB close or above UB, fathomed
1286   534    13         40.7609    52.3640    28.4663    % 
LB close or above UB, fathomed
1287   533    11         40.7609    52.3640    28.4663    % 
UB: 52.36400778210117
branching on CartesianIndex(3, 3) with a.
1288   534    12         40.7609    52.3640    28.4663    % 
UB: 52.36400778210117
branching on 1 with b.
1289   535    12         40.7609    52.3640    28.4663    % 
UB: 52.36400778210117
branching on 1 with b.
1290   536    11         40.7609    52.3640    28.4663    % 
LB close or above UB, fathomed
1291   535    15         40.7609    52.3640    28.4663    % 
UB: 52.36400778210117
branching on CartesianIndex(3, 2) with a.
1292   536    15         40.7609    52.3640    28.4663    % 
LB close or above UB, fathomed
1293   535    23         40.7609    52.3640    28.4663    % 
UB: 52.36400778210117
branching on 3 with b.
1294   536    24         40.7609    52.3640    28.4663    % 
UB: 52.36400778210117
branching on 1 with b.
1295   537    25         40.7609    52.3640    28.4663    % 
LB close or above UB, fathomed
1296   536    25         40.7609    52.3640    28.4663    % 
UB: 52.36400778210117
branching on 2 with b.
1297   537    24         40.7609    52.3640    28.4663    % 
LB close or above UB, fathomed
1298   536    23         40.7609    52.3640    28.4663    % 
LB close or above UB, fathomed
1299   535    8          40.7609    52.3640    28.4663    % 
UB: 52.36400778210117
branching on 1 with b.
1300   536    9          40.7609    52.3640    28.4663    % 
LB close or above UB, fathomed
1301   535    9          40.7609    52.3640    28.4663    % 
UB: 52.36400778210117
branching on 2 with b.
1302   536    8          40.7609    52.3640    28.4663    % 
LB close or above UB, fathomed
1303   535    19         40.7609    52.3640    28.4663    % 
LB close or above UB, fathomed
1304   534    19         40.7609    52.3640    28.4663    % 
UB: 52.36400778210117
branching on CartesianIndex(1, 5) with c.
1305   535    20         40.7609    52.3640    28.4663    % 
UB: 52.36400778210117
branching on CartesianIndex(1, 6) with c.
1306   536    21         40.7609    52.3640    28.4663    % 
LB close or above UB, fathomed
1307   535    21         40.7609    52.3640    28.4663    % 
UB: 52.36400778210117
branching on CartesianIndex(1, 7) with c.
1308   536    22         40.7609    52.3640    28.4663    % 
UB: 52.36400778210117
branching on 1 with b.
1309   537    23         40.7609    52.3640    28.4663    % 
LB close or above UB, fathomed
1310   536    23         40.7609    52.3640    28.4663    % 
UB: 52.36400778210117
branching on 2 with b.
1311   537    24         40.7609    52.3640    28.4663    % 
UB: 52.36400778210117
branching on 3 with b.
1312   538    24         40.7609    52.3640    28.4663    % 
UB: 52.36400778210117
branching on 3 with b.
1313   539    22         40.7609    52.3640    28.4663    % 
LB close or above UB, fathomed
1314   538    20         40.7609    52.3640    28.4663    % 
LB close or above UB, fathomed
1315   537    11         40.7609    52.3640    28.4663    % 
LB close or above UB, fathomed
1316   536    11         40.7609    52.3640    28.4663    % 
UB: 52.36400778210117
branching on CartesianIndex(1, 3) with a.
1317   537    15         41.2028    52.3640    27.0884    % 
LB close or above UB, fathomed
1318   536    15         41.2028    52.3640    27.0884    % 
UB: 52.36400778210117
branching on 2 with b.
1319   537    16         41.2028    52.3640    27.0884    % 
UB: 52.36400778210117
branching on 3 with b.
1320   538    16         41.2028    52.3640    27.0884    % 
LB close or above UB, fathomed
1321   537    14         42.6358    52.3640    22.8169    % 
LB close or above UB, fathomed
1322   536    14         42.6358    52.3640    22.8169    % 
UB: 52.36400778210117
branching on CartesianIndex(1, 6) with c.
1323   537    13         42.6407    52.3640    22.8028    % 
LB close or above UB, fathomed
1324   536    13         42.6407    52.3640    22.8028    % 
UB: 52.36400778210117
branching on CartesianIndex(1, 6) with c.
1325   537    14         42.6407    52.3640    22.8028    % 
LB close or above UB, fathomed
1326   536    14         42.6407    52.3640    22.8028    % 
UB: 52.36400778210117
branching on 1 with b.
1327   537    15         42.6407    52.3640    22.8028    % 
UB: 52.36400778210117
branching on 3 with b.
1328   538    15         42.6407    52.3640    22.8028    % 
UB: 52.36400778210117
branching on CartesianIndex(1, 7) with c.
1329   539    13         42.6447    52.3640    22.7912    % 
UB: 52.36400778210117
branching on CartesianIndex(4, 2) with a.
1330   540    13         42.6447    52.3640    22.7912    % 
LB close or above UB, fathomed
1331   539    16         42.6873    52.3640    22.6689    % 
UB: 52.36400778210117
branching on CartesianIndex(2, 3) with a.
1332   540    17         42.6873    52.3640    22.6689    % 
UB: 52.36400778210117
branching on CartesianIndex(3, 3) with a.
1333   541    17         42.6873    52.3640    22.6689    % 
LB close or above UB, fathomed
1334   540    16         42.6873    52.3640    22.6689    % 
LB close or above UB, fathomed
1335   539    16         42.6947    52.3640    22.6474    % 
LB close or above UB, fathomed
1336   538    16         42.6947    52.3640    22.6474    % 
UB: 52.36400778210117
branching on CartesianIndex(1, 5) with c.
1337   539    17         42.6947    52.3640    22.6474    % 
UB: 52.36400778210117
branching on 1 with b.
1338   540    18         42.6947    52.3640    22.6474    % 
UB: 52.36400778210117
branching on CartesianIndex(1, 6) with c.
1339   541    18         42.6947    52.3640    22.6474    % 
UB: 52.36400778210117
branching on CartesianIndex(1, 6) with c.
1340   542    17         42.6947    52.3640    22.6474    % 
UB: 52.36400778210117
branching on CartesianIndex(1, 6) with c.
1341   543    18         42.6947    52.3640    22.6474    % 
LB close or above UB, fathomed
1342   542    18         42.6947    52.3640    22.6474    % 
UB: 52.36400778210117
branching on 1 with b.
1343   543    19         42.6947    52.3640    22.6474    % 
UB: 52.36400778210117
branching on 2 with b.
1344   544    19         42.6947    52.3640    22.6474    % 
UB: 52.36400778210117
branching on CartesianIndex(1, 7) with c.
1345   545    16         42.6947    52.3640    22.6474    % 
LB close or above UB, fathomed
1346   544    16         42.6947    52.3640    22.6474    % 
UB: 52.36400778210117
branching on CartesianIndex(1, 6) with c.
1347   545    17         42.6947    52.3640    22.6474    % 
LB close or above UB, fathomed
1348   544    17         42.6947    52.3640    22.6474    % 
UB: 52.36400778210117
branching on CartesianIndex(1, 7) with c.
1349   545    18         42.6947    52.3640    22.6474    % 
UB: 52.36400778210117
branching on 1 with b.
1350   546    19         42.6947    52.3640    22.6474    % 
LB close or above UB, fathomed
1351   545    19         42.6947    52.3640    22.6474    % 
UB: 52.36400778210117
branching on 2 with b.
1352   546    18         42.6947    52.3640    22.6474    % 
LB close or above UB, fathomed
1353   545    26         42.6947    52.3640    22.6474    % 
UB: 52.36400778210117
branching on 1 with b.
1354   546    27         42.6947    52.3640    22.6474    % 
UB: 52.36400778210117
branching on 2 with b.
1355   547    27         42.6947    52.3640    22.6474    % 
UB: 52.36400778210117
branching on 2 with b.
1356   548    26         42.6947    52.3640    22.6474    % 
LB close or above UB, fathomed
1357   547    17         42.6947    52.3640    22.6474    % 
LB close or above UB, fathomed
1358   546    17         42.6947    52.3640    22.6474    % 
UB: 52.36400778210117
branching on CartesianIndex(1, 6) with c.
1359   547    18         42.6947    52.3640    22.6474    % 
LB close or above UB, fathomed
1360   546    18         42.6947    52.3640    22.6474    % 
UB: 52.36400778210117
branching on CartesianIndex(1, 5) with c.
1361   547    19         42.6947    52.3640    22.6474    % 
UB: 52.36400778210117
branching on CartesianIndex(1, 6) with c.
1362   548    20         42.6947    52.3640    22.6474    % 
LB close or above UB, fathomed
1363   547    20         42.6947    52.3640    22.6474    % 
UB: 52.36400778210117
branching on CartesianIndex(1, 7) with c.
1364   548    21         42.6947    52.3640    22.6474    % 
UB: 52.36400778210117
branching on 1 with b.
1365   549    22         42.6947    52.3640    22.6474    % 
UB: 52.36400778210117
branching on 2 with b.
1366   550    22         42.6947    52.3640    22.6474    % 
UB: 52.36400778210117
branching on 2 with b.
1367   551    21         42.6947    52.3640    22.6474    % 
LB close or above UB, fathomed
1368   550    19         42.6947    52.3640    22.6474    % 
UB: 52.36400778210117
branching on CartesianIndex(1, 6) with c.
1369   551    20         42.6947    52.3640    22.6474    % 
LB close or above UB, fathomed
1370   550    20         42.6947    52.3640    22.6474    % 
UB: 52.36400778210117
branching on 1 with b.
1371   551    21         42.6947    52.3640    22.6474    % 
UB: 52.36400778210117
branching on 2 with b.
1372   552    21         42.6947    52.3640    22.6474    % 
UB: 52.36400778210117
branching on 2 with b.
1373   553    20         42.6947    52.3640    22.6474    % 
LB close or above UB, fathomed
1374   552    20         42.6947    52.3640    22.6474    % 
UB: 52.36400778210117
branching on CartesianIndex(4, 3) with a.
1375   553    21         42.6947    52.3640    22.6474    % 
LB close or above UB, fathomed
1376   552    21         42.6947    52.3640    22.6474    % 
UB: 52.36400778210117
branching on CartesianIndex(1, 4) with c.
1377   553    22         42.6947    52.3640    22.6474    % 
LB close or above UB, fathomed
1378   552    22         42.6947    52.3640    22.6474    % 
UB: 52.36400778210117
branching on CartesianIndex(1, 5) with c.
1379   553    23         42.6947    52.3640    22.6474    % 
UB: 52.36400778210117
branching on CartesianIndex(1, 6) with c.
1380   554    24         42.6947    52.3640    22.6474    % 
LB close or above UB, fathomed
1381   553    24         42.6947    52.3640    22.6474    % 
UB: 52.36400778210117
branching on CartesianIndex(1, 7) with c.
1382   554    25         42.6947    52.3640    22.6474    % 
UB: 52.36400778210117
branching on 3 with b.
1383   555    25         42.6947    52.3640    22.6474    % 
LB close or above UB, fathomed
1384   554    23         42.6947    52.3640    22.6474    % 
LB close or above UB, fathomed
1385   553    24         42.6947    52.3640    22.6474    % 
LB close or above UB, fathomed
1386   552    24         42.6947    52.3640    22.6474    % 
UB: 52.36400778210117
branching on CartesianIndex(1, 4) with c.
1387   553    25         42.6947    52.3640    22.6474    % 
LB close or above UB, fathomed
1388   552    25         42.6947    52.3640    22.6474    % 
UB: 52.36400778210117
branching on CartesianIndex(1, 5) with c.
1389   553    26         42.6947    52.3640    22.6474    % 
UB: 52.36400778210117
branching on 2 with b.
1390   554    26         42.6947    52.3640    22.6474    % 
LB close or above UB, fathomed
1391   553    20         42.6947    52.3640    22.6474    % 
UB: 52.36400778210117
branching on 1 with b.
1392   554    20         42.6947    52.3640    22.6474    % 
UB: 52.36400778210117
branching on CartesianIndex(4, 3) with a.
1393   555    14         42.6947    52.3640    22.6474    % 
UB: 52.36400778210117
branching on CartesianIndex(4, 2) with a.
1394   556    15         42.6947    52.3640    22.6474    % 
UB: 52.36400778210117
branching on CartesianIndex(1, 3) with a.
1395   557    16         42.6947    52.3640    22.6474    % 
UB: 52.36400778210117
branching on CartesianIndex(2, 3) with a.
1396   558    17         42.6947    52.3640    22.6474    % 
LB close or above UB, fathomed
1397   557    17         42.6947    52.3640    22.6474    % 
UB: 52.36400778210117
branching on CartesianIndex(1, 4) with c.
1398   558    18         42.6947    52.3640    22.6474    % 
LB close or above UB, fathomed
1399   557    18         42.6947    52.3640    22.6474    % 
UB: 52.36400778210117
branching on CartesianIndex(1, 5) with c.
1400   558    19         42.6947    52.3640    22.6474    % 
UB: 52.36400778210117
branching on CartesianIndex(1, 6) with c.
1401   559    20         42.6947    52.3640    22.6474    % 
LB close or above UB, fathomed
1402   558    20         42.6947    52.3640    22.6474    % 
UB: 52.36400778210117
branching on CartesianIndex(1, 7) with c.
1403   559    21         42.6947    52.3640    22.6474    % 
UB: 52.36400778210117
branching on 1 with b.
1404   560    21         42.6947    52.3640    22.6474    % 
LB close or above UB, fathomed
1405   559    19         42.6947    52.3640    22.6474    % 
UB: 52.36400778210117
branching on CartesianIndex(1, 6) with c.
1406   560    20         42.6947    52.3640    22.6474    % 
LB close or above UB, fathomed
1407   559    20         42.6947    52.3640    22.6474    % 
UB: 52.36400778210117
branching on CartesianIndex(1, 7) with c.
1408   560    21         42.6947    52.3640    22.6474    % 
UB: 52.36400778210117
branching on 1 with b.
1409   561    22         42.6947    52.3640    22.6474    % 
LB close or above UB, fathomed
1410   560    22         42.6947    52.3640    22.6474    % 
UB: 52.36400778210117
branching on 2 with b.
1411   561    21         42.6947    52.3640    22.6474    % 
LB close or above UB, fathomed
1412   560    16         42.6947    52.3640    22.6474    % 
LB close or above UB, fathomed
1413   559    15         42.6947    52.3640    22.6474    % 
UB: 52.36400778210117
branching on CartesianIndex(1, 3) with a.
1414   560    16         42.6947    52.3640    22.6474    % 
UB: 52.36400778210117
branching on CartesianIndex(2, 3) with a.
1415   561    17         42.6947    52.3640    22.6474    % 
LB close or above UB, fathomed
1416   560    17         42.6947    52.3640    22.6474    % 
UB: 52.36400778210117
branching on CartesianIndex(1, 4) with c.
1417   561    18         42.6947    52.3640    22.6474    % 
LB close or above UB, fathomed
1418   560    18         42.6947    52.3640    22.6474    % 
UB: 52.36400778210117
branching on CartesianIndex(1, 5) with c.
1419   561    19         42.6947    52.3640    22.6474    % 
UB: 52.36400778210117
branching on CartesianIndex(1, 6) with c.
1420   562    20         42.6947    52.3640    22.6474    % 
LB close or above UB, fathomed
1421   561    20         42.6947    52.3640    22.6474    % 
UB: 52.36400778210117
branching on CartesianIndex(1, 7) with c.
1422   562    21         42.6947    52.3640    22.6474    % 
UB: 52.36400778210117
branching on 1 with b.
1423   563    21         42.6947    52.3640    22.6474    % 
LB close or above UB, fathomed
1424   562    19         42.6947    52.3640    22.6474    % 
UB: 52.36400778210117
branching on CartesianIndex(1, 6) with c.
1425   563    20         42.6947    52.3640    22.6474    % 
LB close or above UB, fathomed
1426   562    20         42.6947    52.3640    22.6474    % 
UB: 52.36400778210117
branching on CartesianIndex(1, 7) with c.
1427   563    21         42.6947    52.3640    22.6474    % 
UB: 52.36400778210117
branching on 1 with b.
1428   564    21         42.6947    52.3640    22.6474    % 
LB close or above UB, fathomed
1429   563    16         42.6947    52.3640    22.6474    % 
LB close or above UB, fathomed
1430   562    14         42.6947    52.3640    22.6474    % 
UB: 52.36400778210117
branching on 1 with b.
1431   563    15         42.6947    52.3640    22.6474    % 
UB: 52.36400778210117
branching on CartesianIndex(1, 3) with a.
1432   564    15         42.6947    52.3640    22.6474    % 
UB: 52.36400778210117
branching on CartesianIndex(1, 3) with a.
1433   565    25         42.6947    52.3640    22.6474    % 
UB: 52.36400778210117
branching on 3 with b.
1434   566    26         42.6947    52.3640    22.6474    % 
UB: 52.36400778210117
branching on 1 with b.
1435   567    27         42.6947    52.3640    22.6474    % 
LB close or above UB, fathomed
1436   566    27         42.6947    52.3640    22.6474    % 
UB: 52.36400778210117
branching on 2 with b.
1437   567    26         42.6947    52.3640    22.6474    % 
LB close or above UB, fathomed
1438   566    25         42.6947    52.3640    22.6474    % 
LB close or above UB, fathomed
1439   565    28         42.6947    52.3640    22.6474    % 
UB: 52.36400778210117
branching on 3 with b.
1440   566    28         42.6947    52.3640    22.6474    % 
LB close or above UB, fathomed
1441   565    21         42.6947    52.3640    22.6474    % 
LB close or above UB, fathomed
1442   564    21         42.6947    52.3640    22.6474    % 
UB: 52.36400778210117
branching on CartesianIndex(1, 7) with c.
1443   565    22         42.6947    52.3640    22.6474    % 
UB: 52.36400778210117
branching on 2 with b.
1444   566    23         42.6947    52.3640    22.6474    % 
LB close or above UB, fathomed
1445   565    23         42.6947    52.3640    22.6474    % 
UB: 52.36400778210117
branching on 3 with b.
1446   566    24         42.6947    52.3640    22.6474    % 
LB close or above UB, fathomed
1447   565    24         42.6947    52.3640    22.6474    % 
UB: 52.36400778210117
branching on 1 with b.
1448   566    22         42.6947    52.3640    22.6474    % 
LB close or above UB, fathomed
1449   565    19         42.6947    52.3640    22.6474    % 
LB close or above UB, fathomed
1450   564    19         42.6947    52.3640    22.6474    % 
UB: 52.36400778210117
branching on CartesianIndex(1, 5) with c.
1451   565    20         42.6947    52.3640    22.6474    % 
UB: 52.36400778210117
branching on CartesianIndex(1, 6) with c.
1452   566    21         42.6947    52.3640    22.6474    % 
LB close or above UB, fathomed
1453   565    21         42.6947    52.3640    22.6474    % 
UB: 52.36400778210117
branching on CartesianIndex(1, 7) with c.
1454   566    22         42.6947    52.3640    22.6474    % 
UB: 52.36400778210117
branching on 3 with b.
1455   567    22         42.6947    52.3640    22.6474    % 
LB close or above UB, fathomed
1456   566    20         42.6947    52.3640    22.6474    % 
LB close or above UB, fathomed
1457   565    32         42.6947    52.3640    22.6474    % 
UB: 52.36400778210117
branching on 1 with b.
1458   566    32         42.6947    52.3640    22.6474    % 
UB: 52.36400778210117
branching on 1 with b.
1459   567    19         42.6947    52.3640    22.6474    % 
LB close or above UB, fathomed
1460   566    19         42.6947    52.3640    22.6474    % 
UB: 52.36400778210117
branching on CartesianIndex(1, 5) with c.
1461   567    20         42.6947    52.3640    22.6474    % 
UB: 52.36400778210117
branching on CartesianIndex(1, 6) with c.
1462   568    21         42.6947    52.3640    22.6474    % 
LB close or above UB, fathomed
1463   567    21         42.6947    52.3640    22.6474    % 
UB: 52.36400778210117
branching on 3 with b.
1464   568    22         42.6947    52.3640    22.6474    % 
LB close or above UB, fathomed
1465   567    22         42.6947    52.3640    22.6474    % 
UB: 52.36400778210117
branching on CartesianIndex(1, 7) with c.
1466   568    23         42.6947    52.3640    22.6474    % 
UB: 52.36400778210117
branching on 1 with b.
1467   569    24         42.6947    52.3640    22.6474    % 
UB: 52.36400778210117
branching on 2 with b.
1468   570    24         42.6947    52.3640    22.6474    % 
UB: 52.36400778210117
branching on 2 with b.
1469   571    23         42.6947    52.3640    22.6474    % 
LB close or above UB, fathomed
1470   570    20         42.6947    52.3640    22.6474    % 
LB close or above UB, fathomed
1471   569    16         42.6947    52.3640    22.6474    % 
UB: 52.36400778210117
branching on 2 with b.
1472   570    16         42.6947    52.3640    22.6474    % 
UB: 52.36400778210117
branching on 2 with b.
1473   571    17         42.6947    52.3640    22.6474    % 
UB: 52.36400778210117
branching on 3 with b.
1474   572    17         42.6947    52.3640    22.6474    % 
UB: 52.36400778210117
branching on CartesianIndex(1, 5) with c.
1475   573    18         42.6947    52.3640    22.6474    % 
UB: 52.36400778210117
branching on 3 with b.
1476   574    18         42.6947    52.3640    22.6474    % 
UB: 52.36400778210117
branching on CartesianIndex(1, 6) with c.
1477   575    26         42.6947    52.3640    22.6474    % 
LB close or above UB, fathomed
1478   574    26         42.6947    52.3640    22.6474    % 
UB: 52.36400778210117
branching on 3 with b.
1479   575    27         42.6947    52.3640    22.6474    % 
LB close or above UB, fathomed
1480   574    27         42.6947    52.3640    22.6474    % 
UB: 52.36400778210117
branching on 1 with b.
1481   575    28         42.6947    52.3640    22.6474    % 
LB close or above UB, fathomed
1482   574    28         42.6947    52.3640    22.6474    % 
UB: 52.36400778210117
branching on 2 with b.
1483   575    22         42.6947    52.3640    22.6474    % 
LB close or above UB, fathomed
1484   574    22         42.6947    52.3640    22.6474    % 
UB: 52.36400778210117
branching on 3 with b.
1485   575    23         42.6947    52.3640    22.6474    % 
LB close or above UB, fathomed
1486   574    23         42.6947    52.3640    22.6474    % 
UB: 52.36400778210117
branching on CartesianIndex(1, 7) with c.
1487   575    24         42.6947    52.3640    22.6474    % 
UB: 52.36400778210117
branching on 1 with b.
1488   576    24         42.6947    52.3640    22.6474    % 
LB close or above UB, fathomed
1489   575    17         42.6947    52.3640    22.6474    % 
UB: 52.36400778210117
branching on CartesianIndex(2, 3) with a.
1490   576    17         42.6947    52.3640    22.6474    % 
LB close or above UB, fathomed
1491   575    25         42.6947    52.3640    22.6474    % 
UB: 52.36400778210117
branching on 2 with b.
1492   576    25         42.6947    52.3640    22.6474    % 
UB: 52.36400778210117
branching on 2 with b.
1493   577    23         42.6947    52.3640    22.6474    % 
LB close or above UB, fathomed
1494   576    23         42.6947    52.3640    22.6474    % 
UB: 52.36400778210117
branching on 1 with b.
1495   577    24         42.6947    52.3640    22.6474    % 
UB: 52.36400778210117
branching on 2 with b.
1496   578    25         42.6947    52.3640    22.6474    % 
LB close or above UB, fathomed
1497   577    25         42.6947    52.3640    22.6474    % 
UB: 52.36400778210117
branching on 3 with b.
1498   578    26         42.6947    52.3640    22.6474    % 
LB close or above UB, fathomed
1499   577    26         42.6947    52.3640    22.6474    % 
UB: 52.36400778210117
branching on 1 with b.
1500   578    27         42.6947    52.3640    22.6474    % 
UB: 52.36400778210117
branching on 2 with b.
1501   579    28         42.6947    52.3640    22.6474    % 
LB close or above UB, fathomed
1502   578    28         42.6947    52.3640    22.6474    % 
UB: 52.36400778210117
branching on 3 with b.
1503   579    29         42.6947    52.3640    22.6474    % 
LB close or above UB, fathomed
1504   578    29         42.6947    52.3640    22.6474    % 
UB: 52.36400778210117
branching on 1 with b.
1505   579    27         42.6947    52.3640    22.6474    % 
UB: 52.36400778210117
branching on 2 with b.
1506   580    24         42.6947    52.3640    22.6474    % 
LB close or above UB, fathomed
1507   579    25         42.6947    52.3640    22.6474    % 
UB: 52.36400778210117
branching on 2 with b.
1508   580    25         42.6947    52.3640    22.6474    % 
UB: 52.36400778210117
branching on 2 with b.
1509   581    22         42.6947    52.3640    22.6474    % 
LB close or above UB, fathomed
1510   580    22         42.6947    52.3640    22.6474    % 
UB: 52.36400778210117
branching on 2 with b.
1511   581    22         42.6947    52.3640    22.6474    % 
LB close or above UB, fathomed
1512   580    22         42.6947    52.3640    22.6474    % 
UB: 52.36400778210117
branching on 2 with b.
1513   581    22         42.6947    52.3640    22.6474    % 
LB close or above UB, fathomed
1514   580    22         42.6947    52.3640    22.6474    % 
UB: 52.36400778210117
branching on 2 with b.
1515   581    26         42.6947    52.3640    22.6474    % 
LB close or above UB, fathomed
1516   580    26         42.6947    52.3640    22.6474    % 
UB: 52.36400778210117
branching on 1 with b.
1517   581    27         42.6947    52.3640    22.6474    % 
UB: 52.36400778210117
branching on 2 with b.
1518   582    28         42.6947    52.3640    22.6474    % 
UB: 52.36400778210117
branching on 3 with b.
1519   583    28         42.6947    52.3640    22.6474    % 
UB: 52.36400778210117
branching on 3 with b.
1520   584    27         42.6947    52.3640    22.6474    % 
UB: 52.36400778210117
branching on 2 with b.
1521   585    18         42.6947    52.3640    22.6474    % 
LB close or above UB, fathomed
1522   584    18         42.6947    52.3640    22.6474    % 
UB: 52.36400778210117
branching on CartesianIndex(1, 7) with c.
1523   585    19         42.6947    52.3640    22.6474    % 
UB: 52.36400778210117
branching on 1 with b.
1524   586    20         42.6947    52.3640    22.6474    % 
LB close or above UB, fathomed
1525   585    20         42.6947    52.3640    22.6474    % 
UB: 52.36400778210117
branching on 2 with b.
1526   586    19         42.6947    52.3640    22.6474    % 
LB close or above UB, fathomed
1527   585    12         42.6947    52.3640    22.6474    % 
UB: 52.36400778210117
branching on CartesianIndex(2, 3) with a.
1528   586    13         42.6947    52.3640    22.6474    % 
LB close or above UB, fathomed
1529   585    13         42.6947    52.3640    22.6474    % 
UB: 52.36400778210117
branching on 2 with b.
1530   586    12         42.6947    52.3640    22.6474    % 
LB close or above UB, fathomed
1531   585    26         42.6947    52.3640    22.6474    % 
LB close or above UB, fathomed
1532   584    26         42.6947    52.3640    22.6474    % 
UB: 52.36400778210117
branching on 3 with b.
1533   585    27         42.6947    52.3640    22.6474    % 
UB: 52.36400778210117
branching on 1 with b.
1534   586    28         42.6947    52.3640    22.6474    % 
LB close or above UB, fathomed
1535   585    28         42.6947    52.3640    22.6474    % 
UB: 52.36400778210117
branching on 2 with b.
1536   586    27         42.6947    52.3640    22.6474    % 
LB close or above UB, fathomed
1537   585    17         42.6947    52.3640    22.6474    % 
UB: 52.36400778210117
branching on 2 with b.
1538   586    18         42.6947    52.3640    22.6474    % 
UB: 52.36400778210117
branching on 3 with b.
1539   587    19         42.6947    52.3640    22.6474    % 
UB: 52.36400778210117
branching on 1 with b.
1540   588    19         42.6947    52.3640    22.6474    % 
LB close or above UB, fathomed
1541   587    18         42.6947    52.3640    22.6474    % 
LB close or above UB, fathomed
1542   586    17         42.6947    52.3640    22.6474    % 
LB close or above UB, fathomed
1543   585    32         42.6947    52.3640    22.6474    % 
UB: 52.36400778210117
branching on 1 with b.
1544   586    32         42.6947    52.3640    22.6474    % 
LB close or above UB, fathomed
1545   585    27         42.6947    52.3640    22.6474    % 
UB: 52.36400778210117
branching on 2 with b.
1546   586    27         42.6947    52.3640    22.6474    % 
UB: 52.36400778210117
branching on 2 with b.
1547   587    31         42.6947    52.3640    22.6474    % 
UB: 52.36400778210117
branching on 2 with b.
1548   588    32         42.6947    52.3640    22.6474    % 
UB: 52.36400778210117
branching on 3 with b.
1549   589    32         42.6947    52.3640    22.6474    % 
LB close or above UB, fathomed
1550   588    31         42.6947    52.3640    22.6474    % 
UB: 52.36400778210117
branching on 2 with b.
1551   589    33         42.6947    52.3640    22.6474    % 
UB: 52.36400778210117
branching on 1 with b.
1552   590    33         42.6947    52.3640    22.6474    % 
UB: 52.36400778210117
branching on 1 with b.
1553   591    32         42.6947    52.3640    22.6474    % 
UB: 52.36400778210117
branching on 3 with b.
1554   592    32         42.6947    52.3640    22.6474    % 
LB close or above UB, fathomed
1555   591    17         42.6947    52.3640    22.6474    % 
LB close or above UB, fathomed
1556   590    17         42.6947    52.3640    22.6474    % 
UB: 52.36400778210117
branching on 1 with b.
1557   591    18         42.6947    52.3640    22.6474    % 
LB close or above UB, fathomed
1558   590    18         42.6947    52.3640    22.6474    % 
UB: 52.36400778210117
branching on CartesianIndex(1, 3) with a.
1559   591    35         42.6947    52.3640    22.6474    % 
UB: 52.36400778210117
branching on 1 with b.
1560   592    36         42.6947    52.3640    22.6474    % 
UB: 50.43015564202335
branching on 2 with b.
1561   593    36         42.6947    50.4302    18.1179    % 
UB: 50.43015564202335
branching on 2 with b.
1562   524    37         42.6947    50.4302    18.1179    % 
UB: 50.43015564202335
branching on 3 with b.
1563   525    37         42.6947    50.4302    18.1179    % 
UB: 50.43015564202335
branching on 3 with b.
1564   526    35         42.6947    50.4302    18.1179    % 
UB: 50.43015564202335
branching on 1 with b.
1565   527    35         42.6947    50.4302    18.1179    % 
UB: 50.43015564202335
branching on 1 with b.
1566   528    36         42.6947    50.4302    18.1179    % 
UB: 50.43015564202335
branching on 2 with b.
1567   529    36         42.6947    50.4302    18.1179    % 
UB: 50.43015564202335
branching on 2 with b.
1568   530    37         42.6947    50.4302    18.1179    % 
UB: 50.43015564202335
branching on 3 with b.
1569   531    37         42.6947    50.4302    18.1179    % 
UB: 50.43015564202335
branching on 3 with b.
1570   532    35         42.6947    50.4302    18.1179    % 
UB: 50.43015564202335
branching on 1 with b.
1571   533    36         42.6947    50.4302    18.1179    % 
UB: 50.43015564202335
branching on 1 with b.
1572   534    36         42.6947    50.4302    18.1179    % 
LB close or above UB, fathomed
1573   533    36         42.6947    50.4302    18.1179    % 
UB: 50.43015564202335
branching on 1 with b.
1574   534    36         42.6947    50.4302    18.1179    % 
LB close or above UB, fathomed
1575   533    17         42.6947    50.4302    18.1179    % 
LB close or above UB, fathomed
1576   532    17         42.6947    50.4302    18.1179    % 
UB: 50.43015564202335
branching on CartesianIndex(1, 5) with c.
1577   533    18         42.6947    50.4302    18.1179    % 
UB: 50.43015564202335
branching on 1 with b.
1578   534    19         42.6947    50.4302    18.1179    % 
UB: 50.43015564202335
branching on CartesianIndex(1, 6) with c.
1579   535    19         42.6947    50.4302    18.1179    % 
LB close or above UB, fathomed
1580   534    18         42.6947    50.4302    18.1179    % 
LB close or above UB, fathomed
1581   533    32         42.6947    50.4302    18.1179    % 
UB: 50.43015564202335
branching on 3 with b.
1582   534    33         42.6947    50.4302    18.1179    % 
LB close or above UB, fathomed
1583   533    33         42.6947    50.4302    18.1179    % 
UB: 50.43015564202335
branching on 1 with b.
1584   534    32         42.6947    50.4302    18.1179    % 
LB close or above UB, fathomed
1585   533    28         42.6947    50.4302    18.1179    % 
LB close or above UB, fathomed
1586   532    28         42.6947    50.4302    18.1179    % 
UB: 50.43015564202335
branching on 3 with b.
1587   533    29         42.6947    50.4302    18.1179    % 
LB close or above UB, fathomed
1588   532    29         42.6947    50.4302    18.1179    % 
UB: 50.43015564202335
branching on 1 with b.
1589   533    30         42.6947    50.4302    18.1179    % 
UB: 50.43015564202335
branching on 2 with b.
1590   534    31         42.6947    50.4302    18.1179    % 
UB: 50.43015564202335
branching on 3 with b.
1591   535    31         42.6947    50.4302    18.1179    % 
LB close or above UB, fathomed
1592   534    30         42.6947    50.4302    18.1179    % 
UB: 50.43015564202335
branching on 2 with b.
1593   535    31         42.6947    50.4302    18.1179    % 
UB: 50.43015564202335
branching on 3 with b.
1594   536    31         42.6947    50.4302    18.1179    % 
LB close or above UB, fathomed
1595   535    18         42.6947    50.4302    18.1179    % 
UB: 50.43015564202335
branching on 1 with b.
1596   536    19         42.6947    50.4302    18.1179    % 
LB close or above UB, fathomed
1597   535    19         42.6947    50.4302    18.1179    % 
UB: 50.43015564202335
branching on 2 with b.
1598   536    18         42.6947    50.4302    18.1179    % 
LB close or above UB, fathomed
1599   535    18         42.6947    50.4302    18.1179    % 
UB: 50.43015564202335
branching on 1 with b.
1600   536    18         42.6947    50.4302    18.1179    % 
LB close or above UB, fathomed
1601   535    25         42.6947    50.4302    18.1179    % 
LB close or above UB, fathomed
1602   534    25         42.6947    50.4302    18.1179    % 
UB: 50.43015564202335
branching on 3 with b.
1603   535    26         42.6947    50.4302    18.1179    % 
UB: 50.43015564202335
branching on 1 with b.
1604   536    27         42.6947    50.4302    18.1179    % 
UB: 50.43015564202335
branching on 2 with b.
1605   537    27         42.6947    50.4302    18.1179    % 
LB close or above UB, fathomed
1606   536    26         42.6947    50.4302    18.1179    % 
LB close or above UB, fathomed
1607   535    31         42.6947    50.4302    18.1179    % 
UB: 50.43015564202335
branching on 2 with b.
1608   536    31         42.6947    50.4302    18.1179    % 
UB: 50.43015564202335
branching on 2 with b.
1609   537    32         42.6947    50.4302    18.1179    % 
UB: 50.43015564202335
branching on 3 with b.
1610   538    32         42.6947    50.4302    18.1179    % 
LB close or above UB, fathomed
1611   537    17         42.6947    50.4302    18.1179    % 
LB close or above UB, fathomed
1612   536    17         42.6947    50.4302    18.1179    % 
UB: 50.43015564202335
branching on 1 with b.
1613   537    18         42.6947    50.4302    18.1179    % 
LB close or above UB, fathomed
1614   536    18         42.6947    50.4302    18.1179    % 
UB: 50.43015564202335
branching on CartesianIndex(1, 7) with c.
1615   537    18         42.6947    50.4302    18.1179    % 
LB close or above UB, fathomed
1616   536    18         42.6947    50.4302    18.1179    % 
UB: 50.43015564202335
branching on 2 with b.
1617   537    19         42.6947    50.4302    18.1179    % 
LB close or above UB, fathomed
1618   536    19         42.6947    50.4302    18.1179    % 
UB: 50.43015564202335
branching on CartesianIndex(1, 7) with c.
1619   537    20         42.6947    50.4302    18.1179    % 
UB: 50.43015564202335
branching on 3 with b.
1620   538    21         42.6947    50.4302    18.1179    % 
LB close or above UB, fathomed
1621   537    21         42.6947    50.4302    18.1179    % 
UB: 50.43015564202335
branching on 1 with b.
1622   538    22         42.6947    50.4302    18.1179    % 
UB: 50.43015564202335
branching on 2 with b.
1623   539    23         42.6947    50.4302    18.1179    % 
LB close or above UB, fathomed
1624   538    23         42.6947    50.4302    18.1179    % 
UB: 50.43015564202335
branching on 3 with b.
1625   539    24         42.6947    50.4302    18.1179    % 
UB: 50.43015564202335
branching on 1 with b.
1626   540    24         42.6947    50.4302    18.1179    % 
UB: 50.43015564202335
branching on 1 with b.
1627   541    22         42.6947    50.4302    18.1179    % 
LB close or above UB, fathomed
1628   540    20         42.6947    50.4302    18.1179    % 
LB close or above UB, fathomed
1629   539    32         42.6947    50.4302    18.1179    % 
LB close or above UB, fathomed
1630   538    32         42.6947    50.4302    18.1179    % 
UB: 50.43015564202335
branching on 1 with b.
1631   539    31         42.6947    50.4302    18.1179    % 
UB: 50.43015564202335
branching on 3 with b.
1632   540    32         42.6947    50.4302    18.1179    % 
LB close or above UB, fathomed
1633   539    32         42.6947    50.4302    18.1179    % 
UB: 50.43015564202335
branching on 1 with b.
1634   540    31         42.6947    50.4302    18.1179    % 
LB close or above UB, fathomed
1635   539    31         42.6947    50.4302    18.1179    % 
UB: 50.43015564202335
branching on 3 with b.
1636   540    32         42.6947    50.4302    18.1179    % 
LB close or above UB, fathomed
1637   539    32         42.6947    50.4302    18.1179    % 
UB: 50.43015564202335
branching on 1 with b.
1638   540    31         42.6947    50.4302    18.1179    % 
LB close or above UB, fathomed
1639   539    23         42.6947    50.4302    18.1179    % 
UB: 50.43015564202335
branching on 3 with b.
1640   540    24         42.6947    50.4302    18.1179    % 
UB: 50.43015564202335
branching on 1 with b.
1641   541    25         42.6947    50.4302    18.1179    % 
LB close or above UB, fathomed
1642   540    25         42.6947    50.4302    18.1179    % 
UB: 50.43015564202335
branching on 2 with b.
1643   541    26         42.6947    50.4302    18.1179    % 
UB: 50.43015564202335
branching on 3 with b.
1644   542    26         42.6947    50.4302    18.1179    % 
LB close or above UB, fathomed
1645   541    24         42.6947    50.4302    18.1179    % 
LB close or above UB, fathomed
1646   540    23         42.6947    50.4302    18.1179    % 
LB close or above UB, fathomed
1647   539    29         42.6947    50.4302    18.1179    % 
UB: 50.43015564202335
branching on 2 with b.
1648   540    29         42.6947    50.4302    18.1179    % 
UB: 50.43015564202335
branching on 2 with b.
1649   541    30         42.6947    50.4302    18.1179    % 
LB close or above UB, fathomed
1650   540    30         42.6947    50.4302    18.1179    % 
UB: 50.43015564202335
branching on 3 with b.
1651   541    20         42.6947    50.4302    18.1179    % 
UB: 50.43015564202335
branching on CartesianIndex(2, 3) with a.
1652   542    21         42.6947    50.4302    18.1179    % 
LB close or above UB, fathomed
1653   541    21         42.6947    50.4302    18.1179    % 
LB close or above UB, fathomed
1654   540    20         42.6947    50.4302    18.1179    % 
LB close or above UB, fathomed
1655   539    18         42.6947    50.4302    18.1179    % 
LB close or above UB, fathomed
1656   538    18         42.6947    50.4302    18.1179    % 
UB: 50.43015564202335
branching on 2 with b.
1657   539    14         42.6947    50.4302    18.1179    % 
UB: 50.43015564202335
branching on CartesianIndex(1, 3) with a.
1658   540    15         42.6947    50.4302    18.1179    % 
UB: 50.43015564202335
branching on CartesianIndex(2, 3) with a.
1659   541    15         42.6947    50.4302    18.1179    % 
LB close or above UB, fathomed
1660   540    14         42.6947    50.4302    18.1179    % 
LB close or above UB, fathomed
1661   539    26         42.6947    50.4302    18.1179    % 
UB: 50.43015564202335
branching on 1 with b.
1662   540    27         42.6947    50.4302    18.1179    % 
LB close or above UB, fathomed
1663   539    27         42.6947    50.4302    18.1179    % 
UB: 50.43015564202335
branching on 2 with b.
1664   540    26         42.6947    50.4302    18.1179    % 
LB close or above UB, fathomed
1665   539    13         42.6947    50.4302    18.1179    % 
LB close or above UB, fathomed
1666   538    13         42.6947    50.4302    18.1179    % 
LB close or above UB, fathomed
1667   537    15         42.6947    50.4302    18.1179    % 
UB: 50.43015564202335
branching on CartesianIndex(2, 3) with a.
1668   538    16         42.6947    50.4302    18.1179    % 
UB: 50.43015564202335
branching on CartesianIndex(3, 3) with a.
1669   539    17         42.6947    50.4302    18.1179    % 
UB: 50.43015564202335
branching on 1 with b.
1670   540    17         42.6947    50.4302    18.1179    % 
UB: 50.43015564202335
branching on CartesianIndex(1, 4) with c.
1671   541    16         42.6947    50.4302    18.1179    % 
LB close or above UB, fathomed
1672   540    15         42.6947    50.4302    18.1179    % 
UB: 50.43015564202335
branching on 1 with b.
1673   541    28         42.6947    50.4302    18.1179    % 
UB: 50.43015564202335
branching on 3 with b.
1674   542    29         42.6947    50.4302    18.1179    % 
LB close or above UB, fathomed
1675   541    29         42.6947    50.4302    18.1179    % 
UB: 50.43015564202335
branching on 1 with b.
1676   542    30         42.6947    50.4302    18.1179    % 
UB: 50.43015564202335
branching on 2 with b.
1677   543    31         42.6947    50.4302    18.1179    % 
UB: 50.43015564202335
branching on 3 with b.
1678   544    32         42.6947    50.4302    18.1179    % 
LB close or above UB, fathomed
1679   543    32         42.6947    50.4302    18.1179    % 
UB: 50.43015564202335
branching on 1 with b.
1680   544    31         42.6947    50.4302    18.1179    % 
LB close or above UB, fathomed
1681   543    30         42.6947    50.4302    18.1179    % 
UB: 50.43015564202335
branching on 2 with b.
1682   544    31         42.6947    50.4302    18.1179    % 
UB: 50.43015564202335
branching on 3 with b.
1683   545    32         42.6947    50.4302    18.1179    % 
LB close or above UB, fathomed
1684   544    32         42.6947    50.4302    18.1179    % 
UB: 50.43015564202335
branching on 1 with b.
1685   545    31         42.6947    50.4302    18.1179    % 
LB close or above UB, fathomed
1686   544    28         42.6947    50.4302    18.1179    % 
LB close or above UB, fathomed
1687   543    19         42.6947    50.4302    18.1179    % 
LB close or above UB, fathomed
1688   542    19         42.6947    50.4302    18.1179    % 
UB: 50.43015564202335
branching on CartesianIndex(1, 5) with c.
1689   543    20         42.6947    50.4302    18.1179    % 
UB: 50.43015564202335
branching on CartesianIndex(1, 6) with c.
1690   544    21         42.6947    50.4302    18.1179    % 
LB close or above UB, fathomed
1691   543    21         42.6947    50.4302    18.1179    % 
UB: 50.43015564202335
branching on CartesianIndex(1, 7) with c.
1692   544    20         42.6947    50.4302    18.1179    % 
LB close or above UB, fathomed
1693   543    17         42.6947    50.4302    18.1179    % 
UB: 50.43015564202335
branching on CartesianIndex(4, 3) with a.
1694   544    17         42.6947    50.4302    18.1179    % 
LB close or above UB, fathomed
1695   543    15         42.6947    50.4302    18.1179    % 
LB close or above UB, fathomed
1696   542    15         42.6947    50.4302    18.1179    % 
UB: 50.43015564202335
branching on CartesianIndex(1, 5) with c.
1697   543    16         42.6947    50.4302    18.1179    % 
UB: 50.43015564202335
branching on CartesianIndex(1, 6) with c.
1698   544    17         42.6947    50.4302    18.1179    % 
LB close or above UB, fathomed
1699   543    17         42.6947    50.4302    18.1179    % 
UB: 50.43015564202335
branching on CartesianIndex(1, 7) with c.
1700   544    18         42.6947    50.4302    18.1179    % 
UB: 50.43015564202335
branching on 1 with b.
1701   545    19         42.6947    50.4302    18.1179    % 
UB: 50.43015564202335
branching on 2 with b.
1702   546    19         42.6947    50.4302    18.1179    % 
UB: 50.43015564202335
branching on 2 with b.
1703   547    18         42.6947    50.4302    18.1179    % 
LB close or above UB, fathomed
1704   546    16         42.6947    50.4302    18.1179    % 
UB: 50.43015564202335
branching on CartesianIndex(1, 6) with c.
1705   547    17         42.6947    50.4302    18.1179    % 
LB close or above UB, fathomed
1706   546    17         42.6947    50.4302    18.1179    % 
UB: 50.43015564202335
branching on CartesianIndex(1, 7) with c.
1707   547    18         42.6947    50.4302    18.1179    % 
UB: 50.43015564202335
branching on 1 with b.
1708   548    19         42.6947    50.4302    18.1179    % 
UB: 50.43015564202335
branching on 2 with b.
1709   549    19         42.6947    50.4302    18.1179    % 
UB: 50.43015564202335
branching on 2 with b.
1710   550    18         42.6947    50.4302    18.1179    % 
LB close or above UB, fathomed
1711   549    26         42.6947    50.4302    18.1179    % 
LB close or above UB, fathomed
1712   548    26         42.6947    50.4302    18.1179    % 
LB close or above UB, fathomed
1713   547    27         42.6947    50.4302    18.1179    % 
LB close or above UB, fathomed
1714   546    27         42.6947    50.4302    18.1179    % 
UB: 50.43015564202335
branching on 3 with b.
1715   547    28         42.6947    50.4302    18.1179    % 
UB: 50.43015564202335
branching on 1 with b.
1716   548    28         42.6947    50.4302    18.1179    % 
LB close or above UB, fathomed
1717   547    16         42.6947    50.4302    18.1179    % 
LB close or above UB, fathomed
1718   546    16         42.6947    50.4302    18.1179    % 
UB: 50.43015564202335
branching on CartesianIndex(3, 3) with a.
1719   547    17         42.6947    50.4302    18.1179    % 
UB: 50.43015564202335
branching on CartesianIndex(4, 3) with a.
1720   548    17         42.6947    50.4302    18.1179    % 
UB: 50.43015564202335
branching on CartesianIndex(1, 4) with c.
1721   549    23         42.6947    50.4302    18.1179    % 
LB close or above UB, fathomed
1722   548    23         42.6947    50.4302    18.1179    % 
UB: 50.43015564202335
branching on 3 with b.
1723   549    32         42.6947    50.4302    18.1179    % 
UB: 50.43015564202335
branching on 3 with b.
1724   550    32         42.6947    50.4302    18.1179    % 
LB close or above UB, fathomed
1725   549    18         42.6947    50.4302    18.1179    % 
UB: 50.43015564202335
branching on CartesianIndex(1, 4) with c.
1726   550    18         42.6947    50.4302    18.1179    % 
LB close or above UB, fathomed
1727   549    26         42.6947    50.4302    18.1179    % 
LB close or above UB, fathomed
1728   548    26         42.6947    50.4302    18.1179    % 
UB: 50.43015564202335
branching on 3 with b.
1729   549    27         42.6947    50.4302    18.1179    % 
LB close or above UB, fathomed
1730   548    27         42.6947    50.4302    18.1179    % 
UB: 50.43015564202335
branching on 1 with b.
1731   549    28         42.6947    50.4302    18.1179    % 
LB close or above UB, fathomed
1732   548    28         42.6947    50.4302    18.1179    % 
UB: 50.43015564202335
branching on 2 with b.
1733   549    27         42.6947    50.4302    18.1179    % 
LB close or above UB, fathomed
1734   548    27         42.6947    50.4302    18.1179    % 
LB close or above UB, fathomed
1735   547    31         42.6947    50.4302    18.1179    % 
LB close or above UB, fathomed
1736   546    31         42.6947    50.4302    18.1179    % 
UB: 50.43015564202335
branching on 3 with b.
1737   547    25         42.6947    50.4302    18.1179    % 
UB: 50.43015564202335
branching on 3 with b.
1738   548    26         42.6947    50.4302    18.1179    % 
UB: 50.43015564202335
branching on 1 with b.
1739   549    26         42.6947    50.4302    18.1179    % 
LB close or above UB, fathomed
1740   548    25         42.6947    50.4302    18.1179    % 
LB close or above UB, fathomed
1741   547    17         42.6947    50.4302    18.1179    % 
UB: 50.43015564202335
branching on CartesianIndex(2, 3) with a.
1742   548    17         42.6947    50.4302    18.1179    % 
LB close or above UB, fathomed
1743   547    18         42.6947    50.4302    18.1179    % 
LB close or above UB, fathomed
1744   546    18         42.6947    50.4302    18.1179    % 
UB: 50.43015564202335
branching on CartesianIndex(1, 7) with c.
1745   547    19         42.6947    50.4302    18.1179    % 
UB: 50.43015564202335
branching on 1 with b.
1746   548    20         42.6947    50.4302    18.1179    % 
UB: 50.43015564202335
branching on 2 with b.
1747   549    20         42.6947    50.4302    18.1179    % 
UB: 50.43015564202335
branching on 2 with b.
1748   550    19         42.6947    50.4302    18.1179    % 
LB close or above UB, fathomed
1749   549    15         42.6947    50.4302    18.1179    % 
UB: 50.43015564202335
branching on 3 with b.
1750   550    16         42.6947    50.4302    18.1179    % 
UB: 50.43015564202335
branching on 1 with b.
1751   551    16         42.6947    50.4302    18.1179    % 
UB: 50.43015564202335
branching on CartesianIndex(4, 3) with a.
1752   552    15         42.6947    50.4302    18.1179    % 
UB: 50.43015564202335
branching on CartesianIndex(1, 4) with c.
1753   553    21         42.6947    50.4302    18.1179    % 
UB: 50.43015564202335
branching on CartesianIndex(1, 6) with c.
1754   554    22         42.6947    50.4302    18.1179    % 
LB close or above UB, fathomed
1755   553    22         42.6947    50.4302    18.1179    % 
UB: 50.43015564202335
branching on CartesianIndex(1, 7) with c.
1756   554    23         42.6947    50.4302    18.1179    % 
UB: 50.43015564202335
branching on 3 with b.
1757   555    24         42.6947    50.4302    18.1179    % 
LB close or above UB, fathomed
1758   554    24         42.6947    50.4302    18.1179    % 
UB: 50.43015564202335
branching on 1 with b.
1759   555    25         42.6947    50.4302    18.1179    % 
UB: 50.43015564202335
branching on 2 with b.
1760   556    26         42.6947    50.4302    18.1179    % 
UB: 50.43015564202335
branching on 3 with b.
1761   557    27         42.6947    50.4302    18.1179    % 
LB close or above UB, fathomed
1762   556    27         42.6947    50.4302    18.1179    % 
UB: 50.43015564202335
branching on 1 with b.
1763   557    28         42.6947    50.4302    18.1179    % 
UB: 50.43015564202335
branching on 2 with b.
1764   558    29         42.6947    50.4302    18.1179    % 
UB: 50.43015564202335
branching on 3 with b.
1765   559    29         42.6947    50.4302    18.1179    % 
LB close or above UB, fathomed
1766   558    28         42.6947    50.4302    18.1179    % 
UB: 50.43015564202335
branching on 2 with b.
1767   559    26         42.6947    50.4302    18.1179    % 
LB close or above UB, fathomed
1768   558    25         42.6947    50.4302    18.1179    % 
LB close or above UB, fathomed
1769   557    23         42.6947    50.4302    18.1179    % 
LB close or above UB, fathomed
1770   556    21         42.6947    50.4302    18.1179    % 
LB close or above UB, fathomed
1771   555    23         42.6947    50.4302    18.1179    % 
LB close or above UB, fathomed
1772   554    23         42.6947    50.4302    18.1179    % 
UB: 50.43015564202335
branching on CartesianIndex(1, 5) with c.
1773   555    24         42.6947    50.4302    18.1179    % 
UB: 50.43015564202335
branching on CartesianIndex(1, 6) with c.
1774   556    25         42.6947    50.4302    18.1179    % 
LB close or above UB, fathomed
1775   555    25         42.6947    50.4302    18.1179    % 
UB: 50.43015564202335
branching on CartesianIndex(1, 7) with c.
1776   556    26         42.6947    50.4302    18.1179    % 
UB: 50.43015564202335
branching on 1 with b.
1777   557    27         42.6947    50.4302    18.1179    % 
UB: 50.43015564202335
branching on 2 with b.
1778   558    28         42.6947    50.4302    18.1179    % 
UB: 50.43015564202335
branching on 3 with b.
1779   559    29         42.6947    50.4302    18.1179    % 
LB close or above UB, fathomed
1780   558    29         42.6947    50.4302    18.1179    % 
UB: 50.43015564202335
branching on 1 with b.
1781   559    30         42.6947    50.4302    18.1179    % 
UB: 50.43015564202335
branching on 2 with b.
1782   560    31         42.6947    50.4302    18.1179    % 
UB: 50.43015564202335
branching on 3 with b.
1783   561    31         42.6947    50.4302    18.1179    % 
LB close or above UB, fathomed
1784   560    30         42.6947    50.4302    18.1179    % 
UB: 50.43015564202335
branching on 2 with b.
1785   561    28         42.6947    50.4302    18.1179    % 
LB close or above UB, fathomed
1786   560    27         42.6947    50.4302    18.1179    % 
LB close or above UB, fathomed
1787   559    26         42.6947    50.4302    18.1179    % 
LB close or above UB, fathomed
1788   558    24         42.6947    50.4302    18.1179    % 
LB close or above UB, fathomed
1789   557    25         42.6947    50.4302    18.1179    % 
UB: 50.43015564202335
branching on 3 with b.
1790   558    25         42.6947    50.4302    18.1179    % 
UB: 50.43015564202335
branching on 3 with b.
1791   559    18         42.6947    50.4302    18.1179    % 
LB close or above UB, fathomed
1792   558    18         42.6947    50.4302    18.1179    % 
UB: 50.43015564202335
branching on CartesianIndex(1, 7) with c.
1793   559    19         42.6947    50.4302    18.1179    % 
UB: 50.43015564202335
branching on 1 with b.
1794   560    20         42.6947    50.4302    18.1179    % 
LB close or above UB, fathomed
1795   559    20         42.6947    50.4302    18.1179    % 
UB: 50.43015564202335
branching on 2 with b.
1796   560    19         42.6947    50.4302    18.1179    % 
LB close or above UB, fathomed
1797   559    30         42.6947    50.4302    18.1179    % 
UB: 50.43015564202335
branching on 2 with b.
1798   560    30         42.6947    50.4302    18.1179    % 
UB: 50.43015564202335
branching on 2 with b.
1799   561    12         42.6947    50.4302    18.1179    % 
LB close or above UB, fathomed
1800   560    12         42.6947    50.4302    18.1179    % 
UB: 50.43015564202335
branching on 1 with b.
1801   561    10         42.6947    50.4302    18.1179    % 
UB: 50.43015564202335
branching on 1 with b.
1802   562    10         42.6947    50.4302    18.1179    % 
LB close or above UB, fathomed
1803   561    15         42.6947    50.4302    18.1179    % 
UB: 50.43015564202335
branching on CartesianIndex(2, 3) with a.
1804   562    15         42.6947    50.4302    18.1179    % 
LB close or above UB, fathomed
1805   561    10         42.6947    50.4302    18.1179    % 
UB: 50.43015564202335
branching on CartesianIndex(1, 2) with a.
1806   562    11         42.6947    50.4302    18.1179    % 
UB: 50.43015564202335
branching on 2 with b.
1807   563    12         42.6947    50.4302    18.1179    % 
UB: 50.43015564202335
branching on CartesianIndex(2, 2) with a.
1808   564    12         42.6947    50.4302    18.1179    % 
LB close or above UB, fathomed
1809   563    11         42.6947    50.4302    18.1179    % 
LB close or above UB, fathomed
1810   562    10         42.6947    50.4302    18.1179    % 
LB close or above UB, fathomed
1811   561    12         42.6947    50.4302    18.1179    % 
UB: 50.43015564202335
branching on 2 with b.
1812   562    12         42.6947    50.4302    18.1179    % 
UB: 50.43015564202335
branching on 2 with b.
1813   563    19         42.6947    50.4302    18.1179    % 
LB close or above UB, fathomed
1814   562    19         42.6947    50.4302    18.1179    % 
UB: 50.43015564202335
branching on 2 with b.
1815   563    10         42.6947    50.4302    18.1179    % 
UB: 50.43015564202335
branching on 3 with b.
1816   564    11         42.6947    50.4302    18.1179    % 
LB close or above UB, fathomed
1817   563    11         42.6947    50.4302    18.1179    % 
LB close or above UB, fathomed
1818   562    10         42.6947    50.4302    18.1179    % 
UB: 50.43015564202335
branching on CartesianIndex(1, 3) with a.
1819   563    14         42.6947    50.4302    18.1179    % 
UB: 50.43015564202335
branching on CartesianIndex(1, 6) with c.
1820   564    15         42.6947    50.4302    18.1179    % 
UB: 50.43015564202335
branching on CartesianIndex(1, 7) with c.
1821   565    16         42.6947    50.4302    18.1179    % 
UB: 50.43015564202335
branching on 2 with b.
1822   566    17         42.6947    50.4302    18.1179    % 
LB close or above UB, fathomed
1823   565    17         42.6947    50.4302    18.1179    % 
LB close or above UB, fathomed
1824   564    16         42.6947    50.4302    18.1179    % 
UB: 50.43015564202335
branching on 2 with b.
1825   565    17         42.6947    50.4302    18.1179    % 
LB close or above UB, fathomed
1826   564    17         42.6947    50.4302    18.1179    % 
LB close or above UB, fathomed
1827   563    15         42.6947    50.4302    18.1179    % 
UB: 50.43015564202335
branching on CartesianIndex(1, 7) with c.
1828   564    16         42.6947    50.4302    18.1179    % 
UB: 50.43015564202335
branching on 2 with b.
1829   565    17         42.6947    50.4302    18.1179    % 
LB close or above UB, fathomed
1830   564    17         42.6947    50.4302    18.1179    % 
LB close or above UB, fathomed
1831   563    16         42.6947    50.4302    18.1179    % 
LB close or above UB, fathomed
1832   562    14         42.6947    50.4302    18.1179    % 
LB close or above UB, fathomed
1833   561    21         42.6947    50.4302    18.1179    % 
LB close or above UB, fathomed
1834   560    21         42.6947    50.4302    18.1179    % 
UB: 50.43015564202335
branching on 1 with b.
1835   561    22         42.6947    50.4302    18.1179    % 
UB: 50.43015564202335
branching on 2 with b.
1836   562    22         42.6947    50.4302    18.1179    % 
LB close or above UB, fathomed
1837   561    16         42.6947    50.4302    18.1179    % 
LB close or above UB, fathomed
1838   560    16         42.6947    50.4302    18.1179    % 
UB: 50.43015564202335
branching on CartesianIndex(1, 6) with c.
1839   561    17         42.6947    50.4302    18.1179    % 
LB close or above UB, fathomed
1840   560    17         42.6947    50.4302    18.1179    % 
UB: 50.43015564202335
branching on 3 with b.
1841   561    18         42.6947    50.4302    18.1179    % 
UB: 50.43015564202335
branching on CartesianIndex(1, 7) with c.
1842   562    19         42.6947    50.4302    18.1179    % 
UB: 50.43015564202335
branching on 1 with b.
1843   563    20         42.6947    50.4302    18.1179    % 
UB: 50.43015564202335
branching on 2 with b.
1844   564    20         42.6947    50.4302    18.1179    % 
UB: 50.43015564202335
branching on 2 with b.
1845   565    19         42.6947    50.4302    18.1179    % 
LB close or above UB, fathomed
1846   564    18         42.6947    50.4302    18.1179    % 
LB close or above UB, fathomed
1847   563    13         42.9365    50.4302    17.4529    % 
UB: 50.43015564202335
branching on 3 with b.
1848   564    13         42.9365    50.4302    17.4529    % 
LB close or above UB, fathomed
1849   563    16         43.3394    50.4302    16.3611    % 
UB: 50.43015564202335
branching on CartesianIndex(1, 4) with c.
1850   564    16         43.3394    50.4302    16.3611    % 
LB close or above UB, fathomed
1851   563    19         43.5235    50.4302    15.8687    % 
UB: 50.43015564202335
branching on CartesianIndex(1, 5) with c.
1852   564    19         43.5235    50.4302    15.8687    % 
UB: 50.43015564202335
branching on CartesianIndex(1, 5) with c.
1853   565    18         43.6617    50.4302    15.5021    % 
UB: 50.43015564202335
branching on CartesianIndex(1, 4) with c.
1854   566    18         43.6617    50.4302    15.5021    % 
LB close or above UB, fathomed
1855   565    16         43.7387    50.4302    15.2987    % 
UB: 50.43015564202335
branching on CartesianIndex(2, 3) with a.
1856   566    16         43.7387    50.4302    15.2987    % 
LB close or above UB, fathomed
1857   565    10         44.5786    50.4302    13.1264    % 
LB close or above UB, fathomed
1858   564    10         44.5786    50.4302    13.1264    % 
UB: 50.43015564202335
branching on 2 with b.
1859   565    10         44.5786    50.4302    13.1264    % 
UB: 50.43015564202335
branching on CartesianIndex(4, 1) with a.
1860   566    10         44.5786    50.4302    13.1264    % 
LB close or above UB, fathomed
1861   565    17         44.6198    50.4302    13.0219    % 
LB close or above UB, fathomed
1862   564    17         44.6198    50.4302    13.0219    % 
LB close or above UB, fathomed
1863   563    18         44.6211    50.4302    13.0186    % 
LB close or above UB, fathomed
1864   562    18         44.6211    50.4302    13.0186    % 
UB: 50.43015564202335
branching on 2 with b.
1865   563    20         44.6286    50.4302    12.9996    % 
LB close or above UB, fathomed
1866   562    20         44.6286    50.4302    12.9996    % 
UB: 50.43015564202335
branching on CartesianIndex(1, 5) with c.
1867   563    21         44.6286    50.4302    12.9996    % 
UB: 50.43015564202335
branching on 3 with b.
1868   564    22         44.6286    50.4302    12.9996    % 
LB close or above UB, fathomed
1869   563    22         44.6286    50.4302    12.9996    % 
UB: 50.43015564202335
branching on CartesianIndex(1, 6) with c.
1870   564    23         44.6286    50.4302    12.9996    % 
LB close or above UB, fathomed
1871   563    23         44.6286    50.4302    12.9996    % 
UB: 50.43015564202335
branching on CartesianIndex(1, 7) with c.
1872   564    24         44.6286    50.4302    12.9996    % 
UB: 50.43015564202335
branching on 1 with b.
1873   565    25         44.6286    50.4302    12.9996    % 
LB close or above UB, fathomed
1874   564    25         44.6286    50.4302    12.9996    % 
UB: 50.43015564202335
branching on 2 with b.
1875   565    24         44.6286    50.4302    12.9996    % 
LB close or above UB, fathomed
1876   564    21         44.6286    50.4302    12.9996    % 
LB close or above UB, fathomed
1877   563    33         44.6286    50.4302    12.9996    % 
UB: 50.43015564202335
branching on 2 with b.
1878   564    33         44.6286    50.4302    12.9996    % 
UB: 50.43015564202335
branching on 2 with b.
1879   565    25         44.6286    50.4302    12.9996    % 
UB: 50.43015564202335
branching on 3 with b.
1880   566    25         44.6286    50.4302    12.9996    % 
UB: 50.43015564202335
branching on 3 with b.
1881   567    24         44.6286    50.4302    12.9996    % 
LB close or above UB, fathomed
1882   566    24         44.6286    50.4302    12.9996    % 
UB: 50.43015564202335
branching on CartesianIndex(1, 4) with c.
1883   567    25         44.6286    50.4302    12.9996    % 
LB close or above UB, fathomed
1884   566    25         44.6286    50.4302    12.9996    % 
UB: 50.43015564202335
branching on CartesianIndex(1, 5) with c.
1885   567    26         44.6286    50.4302    12.9996    % 
UB: 50.43015564202335
branching on CartesianIndex(1, 6) with c.
1886   568    26         44.6286    50.4302    12.9996    % 
LB close or above UB, fathomed
1887   567    25         44.6286    50.4302    12.9996    % 
UB: 50.43015564202335
branching on 2 with b.
1888   568    25         44.6286    50.4302    12.9996    % 
LB close or above UB, fathomed
1889   567    18         44.6286    50.4302    12.9996    % 
LB close or above UB, fathomed
1890   566    18         44.6286    50.4302    12.9996    % 
UB: 50.43015564202335
branching on CartesianIndex(1, 5) with c.
1891   567    19         44.6286    50.4302    12.9996    % 
LB close or above UB, fathomed
1892   566    19         44.6286    50.4302    12.9996    % 
UB: 50.43015564202335
branching on CartesianIndex(1, 6) with c.
1893   567    28         44.6286    50.4302    12.9996    % 
LB close or above UB, fathomed
1894   566    28         44.6286    50.4302    12.9996    % 
UB: 50.43015564202335
branching on 3 with b.
1895   567    29         44.6286    50.4302    12.9996    % 
UB: 50.43015564202335
branching on 1 with b.
1896   568    29         44.6286    50.4302    12.9996    % 
LB close or above UB, fathomed
1897   567    21         44.6286    50.4302    12.9996    % 
LB close or above UB, fathomed
1898   566    21         44.6286    50.4302    12.9996    % 
UB: 50.43015564202335
branching on 1 with b.
1899   567    27         44.6286    50.4302    12.9996    % 
LB close or above UB, fathomed
1900   566    27         44.6286    50.4302    12.9996    % 
UB: 50.43015564202335
branching on CartesianIndex(1, 6) with c.
1901   567    28         44.6286    50.4302    12.9996    % 
LB close or above UB, fathomed
1902   566    28         44.6286    50.4302    12.9996    % 
UB: 50.43015564202335
branching on CartesianIndex(1, 7) with c.
1903   567    29         44.6286    50.4302    12.9996    % 
UB: 50.43015564202335
branching on 3 with b.
1904   568    30         44.6286    50.4302    12.9996    % 
LB close or above UB, fathomed
1905   567    30         44.6286    50.4302    12.9996    % 
UB: 50.43015564202335
branching on 1 with b.
1906   568    29         44.6286    50.4302    12.9996    % 
LB close or above UB, fathomed
1907   567    22         44.6286    50.4302    12.9996    % 
LB close or above UB, fathomed
1908   566    22         44.6286    50.4302    12.9996    % 
UB: 50.43015564202335
branching on CartesianIndex(1, 4) with c.
1909   567    13         44.6286    50.4302    12.9996    % 
UB: 50.43015564202335
branching on CartesianIndex(1, 4) with c.
1910   568    13         44.6286    50.4302    12.9996    % 
LB close or above UB, fathomed
1911   567    26         44.6286    50.4302    12.9996    % 
LB close or above UB, fathomed
1912   566    26         44.6286    50.4302    12.9996    % 
UB: 50.43015564202335
branching on 1 with b.
1913   567    27         44.6286    50.4302    12.9996    % 
LB close or above UB, fathomed
1914   566    27         44.6286    50.4302    12.9996    % 
UB: 50.43015564202335
branching on 2 with b.
1915   567    18         44.6286    50.4302    12.9996    % 
UB: 50.43015564202335
branching on 3 with b.
1916   568    18         44.6286    50.4302    12.9996    % 
LB close or above UB, fathomed
1917   567    27         44.6286    50.4302    12.9996    % 
UB: 50.43015564202335
branching on 2 with b.
1918   568    27         44.6286    50.4302    12.9996    % 
UB: 50.43015564202335
branching on 2 with b.
1919   569    32         44.6286    50.4302    12.9996    % 
LB close or above UB, fathomed
1920   568    32         44.6286    50.4302    12.9996    % 
UB: 50.43015564202335
branching on 1 with b.
1921   569    29         44.6286    50.4302    12.9996    % 
UB: 50.43015564202335
branching on 2 with b.
1922   570    29         44.6286    50.4302    12.9996    % 
UB: 50.43015564202335
branching on 2 with b.
1923   571    28         44.6286    50.4302    12.9996    % 
UB: 50.43015564202335
branching on 1 with b.
1924   572    28         44.6286    50.4302    12.9996    % 
UB: 50.43015564202335
branching on 1 with b.
1925   573    18         44.6286    50.4302    12.9996    % 
LB close or above UB, fathomed
1926   572    18         44.6286    50.4302    12.9996    % 
UB: 50.43015564202335
branching on CartesianIndex(1, 5) with c.
1927   573    18         44.6286    50.4302    12.9996    % 
UB: 50.43015564202335
branching on CartesianIndex(4, 3) with a.
1928   574    19         44.6286    50.4302    12.9996    % 
LB close or above UB, fathomed
1929   573    19         44.6286    50.4302    12.9996    % 
UB: 50.43015564202335
branching on CartesianIndex(1, 4) with c.
1930   574    20         44.6286    50.4302    12.9996    % 
LB close or above UB, fathomed
1931   573    20         44.6286    50.4302    12.9996    % 
UB: 50.43015564202335
branching on 2 with b.
1932   574    21         44.6286    50.4302    12.9996    % 
LB close or above UB, fathomed
1933   573    21         44.6286    50.4302    12.9996    % 
UB: 50.43015564202335
branching on 3 with b.
1934   574    22         44.6286    50.4302    12.9996    % 
UB: 50.43015564202335
branching on CartesianIndex(1, 5) with c.
1935   575    22         44.6286    50.4302    12.9996    % 
UB: 50.43015564202335
branching on CartesianIndex(1, 5) with c.
1936   576    18         44.6286    50.4302    12.9996    % 
LB close or above UB, fathomed
1937   575    28         44.6286    50.4302    12.9996    % 
LB close or above UB, fathomed
1938   574    28         44.6286    50.4302    12.9996    % 
UB: 50.43015564202335
branching on 3 with b.
1939   575    29         44.6286    50.4302    12.9996    % 
UB: 50.43015564202335
branching on 1 with b.
1940   576    30         44.6286    50.4302    12.9996    % 
LB close or above UB, fathomed
1941   575    30         44.6286    50.4302    12.9996    % 
UB: 50.43015564202335
branching on 2 with b.
1942   576    31         44.6286    50.4302    12.9996    % 
LB close or above UB, fathomed
1943   575    31         44.6286    50.4302    12.9996    % 
UB: 50.43015564202335
branching on 3 with b.
1944   576    29         44.6286    50.4302    12.9996    % 
LB close or above UB, fathomed
1945   575    16         44.6286    50.4302    12.9996    % 
UB: 50.43015564202335
branching on 1 with b.
1946   576    16         44.6286    50.4302    12.9996    % 
LB close or above UB, fathomed
1947   575    33         44.6286    50.4302    12.9996    % 
UB: 50.43015564202335
branching on 2 with b.
1948   576    33         44.6286    50.4302    12.9996    % 
UB: 50.43015564202335
branching on 2 with b.
1949   577    34         44.6286    50.4302    12.9996    % 
UB: 50.43015564202335
branching on 3 with b.
1950   578    34         44.6286    50.4302    12.9996    % 
LB close or above UB, fathomed
1951   577    33         44.6286    50.4302    12.9996    % 
UB: 50.43015564202335
branching on 1 with b.
1952   578    34         44.6286    50.4302    12.9996    % 
UB: 50.43015564202335
branching on 2 with b.
1953   579    35         44.6286    50.4302    12.9996    % 
UB: 50.43015564202335
branching on 3 with b.
1954   580    35         44.6286    50.4302    12.9996    % 
UB: 50.43015564202335
branching on 3 with b.
1955   581    34         44.6286    50.4302    12.9996    % 
UB: 50.43015564202335
branching on 2 with b.
1956   582    35         44.6286    50.4302    12.9996    % 
UB: 50.43015564202335
branching on 3 with b.
1957   583    35         44.6286    50.4302    12.9996    % 
UB: 50.43015564202335
branching on 3 with b.
1958   584    33         44.6286    50.4302    12.9996    % 
UB: 50.43015564202335
branching on 1 with b.
1959   585    28         44.6286    50.4302    12.9996    % 
LB close or above UB, fathomed
1960   584    28         44.6286    50.4302    12.9996    % 
UB: 50.43015564202335
branching on 3 with b.
1961   585    32         44.6286    50.4302    12.9996    % 
LB close or above UB, fathomed
1962   584    32         44.6286    50.4302    12.9996    % 
UB: 50.43015564202335
branching on 1 with b.
1963   585    20         44.6286    50.4302    12.9996    % 
LB close or above UB, fathomed
1964   584    20         44.6286    50.4302    12.9996    % 
UB: 50.43015564202335
branching on CartesianIndex(1, 7) with c.
1965   585    21         44.6286    50.4302    12.9996    % 
UB: 50.43015564202335
branching on 2 with b.
1966   586    22         44.6286    50.4302    12.9996    % 
LB close or above UB, fathomed
1967   585    22         44.6286    50.4302    12.9996    % 
UB: 50.43015564202335
branching on 3 with b.
1968   586    23         44.6286    50.4302    12.9996    % 
UB: 50.43015564202335
branching on 1 with b.
1969   587    23         44.6286    50.4302    12.9996    % 
LB close or above UB, fathomed
1970   586    21         44.6286    50.4302    12.9996    % 
LB close or above UB, fathomed
1971   585    37         44.6286    50.4302    12.9996    % 
UB: 50.43015564202335
branching on 2 with b.
1972   586    37         44.6286    50.4302    12.9996    % 
UB: 50.43015564202335
branching on 2 with b.
1973   587    37         44.6286    50.4302    12.9996    % 
UB: 50.43015564202335
branching on 2 with b.
1974   588    37         44.6286    50.4302    12.9996    % 
UB: 50.43015564202335
branching on 2 with b.
1975   589    38         44.6286    50.4302    12.9996    % 
UB: 50.43015564202335
branching on 1 with b.
1976   590    39         44.6286    50.4302    12.9996    % 
UB: 48.49630350194553
branching on 2 with b.
1977   591    39         44.6286    48.4963    8.6664     % 
LB close or above UB, fathomed
1978   376    38         44.6286    48.4963    8.6664     % 
UB: 48.49630350194553
branching on 1 with b.
1979   377    38         44.6286    48.4963    8.6664     % 
UB: 48.49630350194553
branching on 1 with b.
1980   378    39         44.6286    48.4963    8.6664     % 
UB: 48.49630350194553
branching on 2 with b.
1981   379    39         44.6286    48.4963    8.6664     % 
LB close or above UB, fathomed
1982   378    38         44.6286    48.4963    8.6664     % 
UB: 48.49630350194553
branching on 1 with b.
1983   379    38         44.6286    48.4963    8.6664     % 
UB: 48.49630350194553
branching on 1 with b.
1984   380    38         44.6286    48.4963    8.6664     % 
LB close or above UB, fathomed
1985   379    38         44.6286    48.4963    8.6664     % 
UB: 48.49630350194553
branching on 1 with b.
1986   380    38         44.6286    48.4963    8.6664     % 
LB close or above UB, fathomed
1987   379    37         44.6286    48.4963    8.6664     % 
UB: 48.49630350194553
branching on 3 with b.
1988   380    37         44.6286    48.4963    8.6664     % 
UB: 48.49630350194553
branching on 3 with b.
1989   381    33         44.6286    48.4963    8.6664     % 
LB close or above UB, fathomed
1990   380    33         44.6286    48.4963    8.6664     % 
UB: 48.49630350194553
branching on 1 with b.
1991   381    34         44.6286    48.4963    8.6664     % 
UB: 48.49630350194553
branching on 2 with b.
1992   382    35         44.6286    48.4963    8.6664     % 
UB: 48.49630350194553
branching on 3 with b.
1993   383    35         44.6286    48.4963    8.6664     % 
UB: 48.49630350194553
branching on 3 with b.
1994   384    36         44.6286    48.4963    8.6664     % 
UB: 48.49630350194553
branching on 1 with b.
1995   385    36         44.6286    48.4963    8.6664     % 
LB close or above UB, fathomed
1996   384    34         44.6286    48.4963    8.6664     % 
LB close or above UB, fathomed
1997   383    33         44.6286    48.4963    8.6664     % 
LB close or above UB, fathomed
1998   382    33         44.6286    48.4963    8.6664     % 
UB: 48.49630350194553
branching on 1 with b.
1999   383    28         44.6286    48.4963    8.6664     % 
LB close or above UB, fathomed
2000   382    28         44.6286    48.4963    8.6664     % 
LB close or above UB, fathomed
2001   381    29         44.6286    48.4963    8.6664     % 
LB close or above UB, fathomed
2002   380    29         44.6286    48.4963    8.6664     % 
UB: 48.49630350194553
branching on 3 with b.
2003   381    18         44.6286    48.4963    8.6664     % 
LB close or above UB, fathomed
2004   380    18         44.6286    48.4963    8.6664     % 
UB: 48.49630350194553
branching on CartesianIndex(1, 4) with c.
2005   381    19         44.6286    48.4963    8.6664     % 
UB: 48.49630350194553
branching on 2 with b.
2006   382    20         44.6286    48.4963    8.6664     % 
UB: 48.49630350194553
branching on CartesianIndex(1, 5) with c.
2007   383    21         44.6286    48.4963    8.6664     % 
LB close or above UB, fathomed
2008   382    21         44.6286    48.4963    8.6664     % 
UB: 48.49630350194553
branching on CartesianIndex(1, 6) with c.
2009   383    22         44.6286    48.4963    8.6664     % 
LB close or above UB, fathomed
2010   382    22         44.6286    48.4963    8.6664     % 
UB: 48.49630350194553
branching on 3 with b.
2011   383    23         44.6286    48.4963    8.6664     % 
LB close or above UB, fathomed
2012   382    23         44.6286    48.4963    8.6664     % 
UB: 48.49630350194553
branching on CartesianIndex(1, 7) with c.
2013   383    24         44.6286    48.4963    8.6664     % 
UB: 48.49630350194553
branching on 1 with b.
2014   384    25         44.6286    48.4963    8.6664     % 
UB: 48.49630350194553
branching on 2 with b.
2015   385    26         44.6286    48.4963    8.6664     % 
UB: 48.49630350194553
branching on 3 with b.
2016   386    26         44.6286    48.4963    8.6664     % 
LB close or above UB, fathomed
2017   385    25         44.6286    48.4963    8.6664     % 
LB close or above UB, fathomed
2018   384    24         44.6286    48.4963    8.6664     % 
LB close or above UB, fathomed
2019   383    20         44.6286    48.4963    8.6664     % 
LB close or above UB, fathomed
2020   382    19         44.6286    48.4963    8.6664     % 
UB: 48.49630350194553
branching on CartesianIndex(1, 5) with c.
2021   383    29         44.6286    48.4963    8.6664     % 
LB close or above UB, fathomed
2022   382    29         44.6286    48.4963    8.6664     % 
UB: 48.49630350194553
branching on 3 with b.
2023   383    33         44.6286    48.4963    8.6664     % 
UB: 48.49630350194553
branching on 2 with b.
2024   384    33         44.6286    48.4963    8.6664     % 
UB: 48.49630350194553
branching on 2 with b.
2025   385    34         44.6286    48.4963    8.6664     % 
UB: 48.49630350194553
branching on 3 with b.
2026   386    34         44.6286    48.4963    8.6664     % 
LB close or above UB, fathomed
2027   385    33         44.6286    48.4963    8.6664     % 
UB: 48.49630350194553
branching on 2 with b.
2028   386    33         44.6286    48.4963    8.6664     % 
UB: 48.49630350194553
branching on 2 with b.
2029   387    29         44.6286    48.4963    8.6664     % 
UB: 48.49630350194553
branching on 1 with b.
2030   388    29         44.6286    48.4963    8.6664     % 
LB close or above UB, fathomed
2031   387    16         44.6286    48.4963    8.6664     % 
LB close or above UB, fathomed
2032   386    16         44.6286    48.4963    8.6664     % 
LB close or above UB, fathomed
2033   385    13         44.6286    48.4963    8.6664     % 
LB close or above UB, fathomed
2034   384    13         44.6286    48.4963    8.6664     % 
UB: 48.49630350194553
branching on 2 with b.
2035   385    14         44.6286    48.4963    8.6664     % 
UB: 48.49630350194553
branching on CartesianIndex(1, 4) with c.
2036   386    15         44.6286    48.4963    8.6664     % 
LB close or above UB, fathomed
2037   385    15         44.6286    48.4963    8.6664     % 
UB: 48.49630350194553
branching on 3 with b.
2038   386    16         44.6286    48.4963    8.6664     % 
UB: 48.49630350194553
branching on CartesianIndex(1, 5) with c.
2039   387    16         44.6286    48.4963    8.6664     % 
UB: 48.49630350194553
branching on CartesianIndex(1, 5) with c.
2040   388    17         44.6286    48.4963    8.6664     % 
UB: 48.49630350194553
branching on CartesianIndex(1, 6) with c.
2041   389    17         44.6286    48.4963    8.6664     % 
LB close or above UB, fathomed
2042   388    14         44.6286    48.4963    8.6664     % 
LB close or above UB, fathomed
2043   387    32         44.6286    48.4963    8.6664     % 
UB: 48.49630350194553
branching on 1 with b.
2044   388    32         44.6286    48.4963    8.6664     % 
UB: 48.49630350194553
branching on 1 with b.
2045   389    33         44.6286    48.4963    8.6664     % 
UB: 48.49630350194553
branching on 2 with b.
2046   390    34         44.6286    48.4963    8.6664     % 
UB: 48.49630350194553
branching on 3 with b.
2047   391    34         44.6286    48.4963    8.6664     % 
LB close or above UB, fathomed
2048   390    33         44.6286    48.4963    8.6664     % 
LB close or above UB, fathomed
2049   389    31         44.6286    48.4963    8.6664     % 
LB close or above UB, fathomed
2050   388    31         44.6286    48.4963    8.6664     % 
UB: 48.49630350194553
branching on 3 with b.
2051   389    27         44.6286    48.4963    8.6664     % 
UB: 48.49630350194553
branching on 3 with b.
2052   390    28         44.6286    48.4963    8.6664     % 
LB close or above UB, fathomed
2053   389    28         44.6286    48.4963    8.6664     % 
UB: 48.49630350194553
branching on 1 with b.
2054   390    29         44.6286    48.4963    8.6664     % 
UB: 48.49630350194553
branching on 2 with b.
2055   391    30         44.6286    48.4963    8.6664     % 
LB close or above UB, fathomed
2056   390    30         44.6286    48.4963    8.6664     % 
LB close or above UB, fathomed
2057   389    29         44.6286    48.4963    8.6664     % 
UB: 48.49630350194553
branching on 2 with b.
2058   390    30         44.6286    48.4963    8.6664     % 
LB close or above UB, fathomed
2059   389    30         44.6286    48.4963    8.6664     % 
LB close or above UB, fathomed
2060   388    27         44.6286    48.4963    8.6664     % 
LB close or above UB, fathomed
2061   387    33         44.6286    48.4963    8.6664     % 
LB close or above UB, fathomed
2062   386    33         44.6286    48.4963    8.6664     % 
LB close or above UB, fathomed
2063   385    15         44.6286    48.4963    8.6664     % 
UB: 48.49630350194553
branching on CartesianIndex(3, 3) with a.
2064   386    16         44.6286    48.4963    8.6664     % 
UB: 48.49630350194553
branching on 1 with b.
2065   387    16         44.6286    48.4963    8.6664     % 
LB close or above UB, fathomed
2066   386    15         44.6286    48.4963    8.6664     % 
LB close or above UB, fathomed
2067   385    31         44.6286    48.4963    8.6664     % 
UB: 48.49630350194553
branching on 3 with b.
2068   386    32         44.6286    48.4963    8.6664     % 
LB close or above UB, fathomed
2069   385    32         44.6286    48.4963    8.6664     % 
LB close or above UB, fathomed
2070   384    31         44.6286    48.4963    8.6664     % 
LB close or above UB, fathomed
2071   383    28         44.6286    48.4963    8.6664     % 
LB close or above UB, fathomed
2072   382    28         44.6286    48.4963    8.6664     % 
UB: 48.49630350194553
branching on 3 with b.
2073   383    28         44.6286    48.4963    8.6664     % 
LB close or above UB, fathomed
2074   382    28         44.6286    48.4963    8.6664     % 
LB close or above UB, fathomed
2075   381    33         44.6286    48.4963    8.6664     % 
LB close or above UB, fathomed
2076   380    33         44.6286    48.4963    8.6664     % 
LB close or above UB, fathomed
2077   379    20         44.6286    48.4963    8.6664     % 
UB: 48.49630350194553
branching on CartesianIndex(2, 3) with a.
2078   380    21         44.6286    48.4963    8.6664     % 
LB close or above UB, fathomed
2079   379    21         44.6286    48.4963    8.6664     % 
LB close or above UB, fathomed
2080   378    20         44.6286    48.4963    8.6664     % 
LB close or above UB, fathomed
2081   377    18         44.6286    48.4963    8.6664     % 
LB close or above UB, fathomed
2082   376    18         44.6286    48.4963    8.6664     % 
UB: 48.49630350194553
branching on CartesianIndex(1, 4) with c.
2083   377    33         44.6286    48.4963    8.6664     % 
UB: 48.49630350194553
branching on 2 with b.
2084   378    33         44.6286    48.4963    8.6664     % 
UB: 48.49630350194553
branching on 2 with b.
2085   379    19         44.6286    48.4963    8.6664     % 
LB close or above UB, fathomed
2086   378    19         44.6286    48.4963    8.6664     % 
LB close or above UB, fathomed
2087   377    26         44.6286    48.4963    8.6664     % 
UB: 48.49630350194553
branching on 1 with b.
2088   378    27         44.6286    48.4963    8.6664     % 
LB close or above UB, fathomed
2089   377    27         44.6286    48.4963    8.6664     % 
UB: 48.49630350194553
branching on 2 with b.
2090   378    26         44.6286    48.4963    8.6664     % 
LB close or above UB, fathomed
2091   377    33         44.6286    48.4963    8.6664     % 
LB close or above UB, fathomed
2092   376    33         44.6286    48.4963    8.6664     % 
LB close or above UB, fathomed
2093   375    16         44.6286    48.4963    8.6664     % 
LB close or above UB, fathomed
2094   374    16         44.6286    48.4963    8.6664     % 
UB: 48.49630350194553
branching on CartesianIndex(1, 5) with c.
2095   375    17         44.6286    48.4963    8.6664     % 
UB: 48.49630350194553
branching on CartesianIndex(1, 6) with c.
2096   376    18         44.6286    48.4963    8.6664     % 
LB close or above UB, fathomed
2097   375    18         44.6286    48.4963    8.6664     % 
UB: 48.49630350194553
branching on CartesianIndex(1, 7) with c.
2098   376    19         44.6286    48.4963    8.6664     % 
UB: 48.49630350194553
branching on 1 with b.
2099   377    20         44.6286    48.4963    8.6664     % 
LB close or above UB, fathomed
2100   376    20         44.6286    48.4963    8.6664     % 
UB: 48.49630350194553
branching on 2 with b.
2101   377    19         44.6286    48.4963    8.6664     % 
LB close or above UB, fathomed
2102   376    17         44.6286    48.4963    8.6664     % 
LB close or above UB, fathomed
2103   375    19         44.6286    48.4963    8.6664     % 
LB close or above UB, fathomed
2104   374    19         44.6286    48.4963    8.6664     % 
UB: 48.49630350194553
branching on CartesianIndex(1, 3) with a.
2105   375    28         44.6286    48.4963    8.6664     % 
UB: 48.49630350194553
branching on 3 with b.
2106   376    29         44.6286    48.4963    8.6664     % 
UB: 48.49630350194553
branching on 1 with b.
2107   377    30         44.6286    48.4963    8.6664     % 
UB: 48.49630350194553
branching on 2 with b.
2108   378    30         44.6286    48.4963    8.6664     % 
UB: 48.49630350194553
branching on 2 with b.
2109   379    31         44.6286    48.4963    8.6664     % 
UB: 48.49630350194553
branching on 3 with b.
2110   380    31         44.6286    48.4963    8.6664     % 
LB close or above UB, fathomed
2111   379    29         44.6286    48.4963    8.6664     % 
LB close or above UB, fathomed
2112   378    28         44.6286    48.4963    8.6664     % 
LB close or above UB, fathomed
2113   377    28         44.6286    48.4963    8.6664     % 
UB: 48.49630350194553
branching on 1 with b.
2114   378    28         44.6286    48.4963    8.6664     % 
LB close or above UB, fathomed
2115   377    16         44.6286    48.4963    8.6664     % 
UB: 48.49630350194553
branching on CartesianIndex(2, 3) with a.
2116   378    17         44.6286    48.4963    8.6664     % 
UB: 48.49630350194553
branching on CartesianIndex(3, 3) with a.
2117   379    18         44.6286    48.4963    8.6664     % 
LB close or above UB, fathomed
2118   378    18         44.6286    48.4963    8.6664     % 
LB close or above UB, fathomed
2119   377    17         44.6286    48.4963    8.6664     % 
LB close or above UB, fathomed
2120   376    16         44.6286    48.4963    8.6664     % 
LB close or above UB, fathomed
2121   375    16         44.6286    48.4963    8.6664     % 
UB: 48.49630350194553
branching on CartesianIndex(2, 3) with a.
2122   376    17         44.6286    48.4963    8.6664     % 
UB: 48.49630350194553
branching on CartesianIndex(3, 3) with a.
2123   377    17         44.6286    48.4963    8.6664     % 
LB close or above UB, fathomed
2124   376    16         44.6286    48.4963    8.6664     % 
LB close or above UB, fathomed
2125   375    26         44.6286    48.4963    8.6664     % 
LB close or above UB, fathomed
2126   374    26         44.6286    48.4963    8.6664     % 
LB close or above UB, fathomed
2127   373    31         44.6286    48.4963    8.6664     % 
LB close or above UB, fathomed
2128   372    31         44.6286    48.4963    8.6664     % 
UB: 48.49630350194553
branching on 3 with b.
2129   373    19         44.6286    48.4963    8.6664     % 
LB close or above UB, fathomed
2130   372    19         44.6286    48.4963    8.6664     % 
UB: 48.49630350194553
branching on 3 with b.
2131   373    20         44.6286    48.4963    8.6664     % 
LB close or above UB, fathomed
2132   372    20         44.6286    48.4963    8.6664     % 
UB: 48.49630350194553
branching on CartesianIndex(1, 4) with c.
2133   373    21         44.6286    48.4963    8.6664     % 
LB close or above UB, fathomed
2134   372    21         44.6286    48.4963    8.6664     % 
UB: 48.49630350194553
branching on CartesianIndex(1, 5) with c.
2135   373    22         44.6286    48.4963    8.6664     % 
UB: 48.49630350194553
branching on CartesianIndex(1, 6) with c.
2136   374    23         44.6286    48.4963    8.6664     % 
LB close or above UB, fathomed
2137   373    23         44.6286    48.4963    8.6664     % 
UB: 48.49630350194553
branching on 1 with b.
2138   374    24         44.6286    48.4963    8.6664     % 
LB close or above UB, fathomed
2139   373    24         44.6286    48.4963    8.6664     % 
LB close or above UB, fathomed
2140   372    22         44.6286    48.4963    8.6664     % 
LB close or above UB, fathomed
2141   371    17         44.6286    48.4963    8.6664     % 
LB close or above UB, fathomed
2142   370    17         44.6286    48.4963    8.6664     % 
UB: 48.49630350194553
branching on 1 with b.
2143   371    18         44.6286    48.4963    8.6664     % 
UB: 48.49630350194553
branching on CartesianIndex(1, 5) with c.
2144   372    18         44.6286    48.4963    8.6664     % 
LB close or above UB, fathomed
2145   371    19         44.6286    48.4963    8.6664     % 
LB close or above UB, fathomed
2146   370    19         44.6286    48.4963    8.6664     % 
UB: 48.49630350194553
branching on 1 with b.
2147   371    20         44.6286    48.4963    8.6664     % 
UB: 48.49630350194553
branching on CartesianIndex(1, 4) with c.
2148   372    20         44.6286    48.4963    8.6664     % 
LB close or above UB, fathomed
2149   371    19         44.6286    48.4963    8.6664     % 
LB close or above UB, fathomed
2150   370    19         44.6286    48.4963    8.6664     % 
UB: 48.49630350194553
branching on CartesianIndex(1, 7) with c.
2151   371    20         44.6286    48.4963    8.6664     % 
UB: 48.49630350194553
branching on 2 with b.
2152   372    21         44.6286    48.4963    8.6664     % 
LB close or above UB, fathomed
2153   371    21         44.6286    48.4963    8.6664     % 
UB: 48.49630350194553
branching on 3 with b.
2154   372    22         44.6286    48.4963    8.6664     % 
LB close or above UB, fathomed
2155   371    22         44.6286    48.4963    8.6664     % 
UB: 48.49630350194553
branching on 1 with b.
2156   372    23         44.6286    48.4963    8.6664     % 
LB close or above UB, fathomed
2157   371    23         44.6286    48.4963    8.6664     % 
UB: 48.49630350194553
branching on 2 with b.
2158   372    24         44.6286    48.4963    8.6664     % 
UB: 48.49630350194553
branching on 3 with b.
2159   373    25         44.6286    48.4963    8.6664     % 
LB close or above UB, fathomed
2160   372    25         44.6286    48.4963    8.6664     % 
LB close or above UB, fathomed
2161   371    24         44.6286    48.4963    8.6664     % 
LB close or above UB, fathomed
2162   370    20         44.6286    48.4963    8.6664     % 
LB close or above UB, fathomed
2163   369    16         44.6286    48.4963    8.6664     % 
UB: 48.49630350194553
branching on CartesianIndex(3, 3) with a.
2164   370    16         44.6286    48.4963    8.6664     % 
LB close or above UB, fathomed
2165   369    18         44.6286    48.4963    8.6664     % 
LB close or above UB, fathomed
2166   368    18         44.6286    48.4963    8.6664     % 
UB: 48.49630350194553
branching on CartesianIndex(4, 3) with a.
2167   369    19         44.6286    48.4963    8.6664     % 
LB close or above UB, fathomed
2168   368    19         44.6286    48.4963    8.6664     % 
UB: 48.49630350194553
branching on 3 with b.
2169   369    20         44.6286    48.4963    8.6664     % 
LB close or above UB, fathomed
2170   368    20         44.6286    48.4963    8.6664     % 
UB: 48.49630350194553
branching on CartesianIndex(1, 4) with c.
2171   369    23         44.6286    48.4963    8.6664     % 
UB: 48.49630350194553
branching on 3 with b.
2172   370    24         44.6286    48.4963    8.6664     % 
LB close or above UB, fathomed
2173   369    24         44.6286    48.4963    8.6664     % 
UB: 48.49630350194553
branching on 1 with b.
2174   370    25         44.6286    48.4963    8.6664     % 
LB close or above UB, fathomed
2175   369    25         44.6286    48.4963    8.6664     % 
UB: 48.49630350194553
branching on 2 with b.
2176   370    23         44.6286    48.4963    8.6664     % 
LB close or above UB, fathomed
2177   369    25         44.6286    48.4963    8.6664     % 
UB: 48.49630350194553
branching on 3 with b.
2178   370    26         44.6286    48.4963    8.6664     % 
LB close or above UB, fathomed
2179   369    26         44.6286    48.4963    8.6664     % 
UB: 48.49630350194553
branching on 1 with b.
2180   370    27         44.6286    48.4963    8.6664     % 
LB close or above UB, fathomed
2181   369    27         44.6286    48.4963    8.6664     % 
UB: 48.49630350194553
branching on 2 with b.
2182   370    25         44.6286    48.4963    8.6664     % 
LB close or above UB, fathomed
2183   369    24         44.6286    48.4963    8.6664     % 
UB: 48.49630350194553
branching on 3 with b.
2184   370    24         44.6286    48.4963    8.6664     % 
LB close or above UB, fathomed
2185   369    17         44.6286    48.4963    8.6664     % 
UB: 48.49630350194553
branching on CartesianIndex(2, 3) with a.
2186   370    18         44.6286    48.4963    8.6664     % 
LB close or above UB, fathomed
2187   369    18         44.6286    48.4963    8.6664     % 
LB close or above UB, fathomed
2188   368    17         44.6286    48.4963    8.6664     % 
LB close or above UB, fathomed
2189   367    23         44.6286    48.4963    8.6664     % 
UB: 48.49630350194553
branching on CartesianIndex(1, 6) with c.
2190   368    24         44.6286    48.4963    8.6664     % 
LB close or above UB, fathomed
2191   367    24         44.6286    48.4963    8.6664     % 
UB: 48.49630350194553
branching on 3 with b.
2192   368    25         44.6286    48.4963    8.6664     % 
UB: 48.49630350194553
branching on 1 with b.
2193   369    26         44.6286    48.4963    8.6664     % 
UB: 48.49630350194553
branching on CartesianIndex(1, 7) with c.
2194   370    27         44.6286    48.4963    8.6664     % 
UB: 48.49630350194553
branching on 2 with b.
2195   371    28         44.6286    48.4963    8.6664     % 
LB close or above UB, fathomed
2196   370    28         44.6286    48.4963    8.6664     % 
UB: 48.49630350194553
branching on 3 with b.
2197   371    29         44.6286    48.4963    8.6664     % 
UB: 48.49630350194553
branching on 1 with b.
2198   372    29         44.6286    48.4963    8.6664     % 
LB close or above UB, fathomed
2199   371    27         44.6286    48.4963    8.6664     % 
LB close or above UB, fathomed
2200   370    26         44.6286    48.4963    8.6664     % 
LB close or above UB, fathomed
2201   369    25         44.6286    48.4963    8.6664     % 
LB close or above UB, fathomed
2202   368    23         44.6286    48.4963    8.6664     % 
LB close or above UB, fathomed
2203   367    24         44.6286    48.4963    8.6664     % 
UB: 48.49630350194553
branching on 2 with b.
2204   368    25         44.6286    48.4963    8.6664     % 
UB: 48.49630350194553
branching on 3 with b.
2205   369    26         44.6286    48.4963    8.6664     % 
UB: 48.49630350194553
branching on 1 with b.
2206   370    26         44.6286    48.4963    8.6664     % 
LB close or above UB, fathomed
2207   369    25         44.6286    48.4963    8.6664     % 
LB close or above UB, fathomed
2208   368    24         44.6286    48.4963    8.6664     % 
LB close or above UB, fathomed
2209   367    29         44.6286    48.4963    8.6664     % 
LB close or above UB, fathomed
2210   366    29         44.6286    48.4963    8.6664     % 
LB close or above UB, fathomed
2211   365    30         44.6286    48.4963    8.6664     % 
LB close or above UB, fathomed
2212   364    30         44.6286    48.4963    8.6664     % 
UB: 48.49630350194553
branching on 2 with b.
2213   365    13         44.6286    48.4963    8.6664     % 
UB: 48.49630350194553
branching on 3 with b.
2214   366    14         44.6286    48.4963    8.6664     % 
LB close or above UB, fathomed
2215   365    14         44.6286    48.4963    8.6664     % 
LB close or above UB, fathomed
2216   364    13         44.6286    48.4963    8.6664     % 
LB close or above UB, fathomed
2217   363    17         44.6286    48.4963    8.6664     % 
UB: 48.49630350194553
branching on 1 with b.
2218   364    17         44.6286    48.4963    8.6664     % 
LB close or above UB, fathomed
2219   363    17         44.6286    48.4963    8.6664     % 
LB close or above UB, fathomed
2220   362    17         44.6286    48.4963    8.6664     % 
UB: 48.49630350194553
branching on CartesianIndex(1, 4) with c.
2221   363    30         44.6286    48.4963    8.6664     % 
LB close or above UB, fathomed
2222   362    30         44.6286    48.4963    8.6664     % 
UB: 48.49630350194553
branching on 3 with b.
2223   363    31         44.6286    48.4963    8.6664     % 
LB close or above UB, fathomed
2224   362    31         44.6286    48.4963    8.6664     % 
UB: 48.49630350194553
branching on 1 with b.
2225   363    15         44.6286    48.4963    8.6664     % 
UB: 48.49630350194553
branching on CartesianIndex(2, 3) with a.
2226   364    16         44.6286    48.4963    8.6664     % 
LB close or above UB, fathomed
2227   363    16         44.6286    48.4963    8.6664     % 
LB close or above UB, fathomed
2228   362    15         44.6286    48.4963    8.6664     % 
LB close or above UB, fathomed
2229   361    22         44.6286    48.4963    8.6664     % 
UB: 48.49630350194553
branching on 3 with b.
2230   362    23         44.6286    48.4963    8.6664     % 
LB close or above UB, fathomed
2231   361    23         44.6286    48.4963    8.6664     % 
UB: 48.49630350194553
branching on 1 with b.
2232   362    24         44.6286    48.4963    8.6664     % 
LB close or above UB, fathomed
2233   361    24         44.6286    48.4963    8.6664     % 
LB close or above UB, fathomed
2234   360    22         44.6286    48.4963    8.6664     % 
LB close or above UB, fathomed
2235   359    16         44.6286    48.4963    8.6664     % 
LB close or above UB, fathomed
2236   358    16         44.6286    48.4963    8.6664     % 
UB: 48.49630350194553
branching on CartesianIndex(1, 5) with c.
2237   359    17         44.6286    48.4963    8.6664     % 
UB: 48.49630350194553
branching on CartesianIndex(1, 6) with c.
2238   360    17         44.6286    48.4963    8.6664     % 
LB close or above UB, fathomed
2239   359    25         44.6286    48.4963    8.6664     % 
LB close or above UB, fathomed
2240   358    25         44.6286    48.4963    8.6664     % 
LB close or above UB, fathomed
2241   357    17         44.6286    48.4963    8.6664     % 
LB close or above UB, fathomed
2242   356    17         44.6286    48.4963    8.6664     % 
UB: 48.49630350194553
branching on CartesianIndex(1, 4) with c.
2243   357    12         44.6286    48.4963    8.6664     % 
UB: 48.49630350194553
branching on CartesianIndex(2, 2) with a.
2244   358    13         44.6286    48.4963    8.6664     % 
UB: 48.49630350194553
branching on 3 with b.
2245   359    14         44.6286    48.4963    8.6664     % 
LB close or above UB, fathomed
2246   358    14         44.6286    48.4963    8.6664     % 
LB close or above UB, fathomed
2247   357    13         44.6286    48.4963    8.6664     % 
LB close or above UB, fathomed
2248   356    12         44.6286    48.4963    8.6664     % 
LB close or above UB, fathomed
2249   355    15         45.7894    48.4963    5.9117     % 
LB close or above UB, fathomed
2250   354    15         45.7894    48.4963    5.9117     % 
LB close or above UB, fathomed
2251   353    15         46.5084    48.4963    4.2742     % 
LB close or above UB, fathomed
2252   352    15         46.5084    48.4963    4.2742     % 
UB: 48.49630350194553
branching on 3 with b.
2253   353    16         46.5084    48.4963    4.2742     % 
LB close or above UB, fathomed
2254   352    16         46.5084    48.4963    4.2742     % 
UB: 48.49630350194553
branching on 1 with b.
2255   353    17         46.5084    48.4963    4.2742     % 
UB: 48.49630350194553
branching on CartesianIndex(1, 7) with c.
2256   354    18         46.5084    48.4963    4.2742     % 
UB: 48.49630350194553
branching on 3 with b.
2257   355    19         46.5084    48.4963    4.2742     % 
LB close or above UB, fathomed
2258   354    19         46.5084    48.4963    4.2742     % 
LB close or above UB, fathomed
2259   353    18         46.5084    48.4963    4.2742     % 
LB close or above UB, fathomed
2260   352    17         46.5084    48.4963    4.2742     % 
LB close or above UB, fathomed
2261   351    9          46.5125    48.4963    4.2652     % 
LB close or above UB, fathomed
2262   350    9          46.5125    48.4963    4.2652     % 
LB close or above UB, fathomed
2263   349    19         46.5550    48.4963    4.1700     % 
UB: 48.49630350194553
branching on CartesianIndex(1, 4) with c.
2264   350    20         46.5550    48.4963    4.1700     % 
UB: 48.49630350194553
branching on CartesianIndex(1, 5) with c.
2265   351    20         46.5550    48.4963    4.1700     % 
LB close or above UB, fathomed
2266   350    19         46.5550    48.4963    4.1700     % 
UB: 48.49630350194553
branching on CartesianIndex(1, 4) with c.
2267   351    32         46.5625    48.4963    4.1532     % 
UB: 48.49630350194553
branching on 3 with b.
2268   352    32         46.5625    48.4963    4.1532     % 
LB close or above UB, fathomed
2269   351    15         46.5625    48.4963    4.1532     % 
LB close or above UB, fathomed
2270   350    15         46.5625    48.4963    4.1532     % 
LB close or above UB, fathomed
2271   349    32         46.5625    48.4963    4.1532     % 
LB close or above UB, fathomed
2272   348    32         46.5625    48.4963    4.1532     % 
LB close or above UB, fathomed
2273   347    30         46.5625    48.4963    4.1532     % 
LB close or above UB, fathomed
2274   346    30         46.5625    48.4963    4.1532     % 
LB close or above UB, fathomed
2275   345    26         46.5625    48.4963    4.1532     % 
LB close or above UB, fathomed
2276   344    26         46.5625    48.4963    4.1532     % 
UB: 48.49630350194553
branching on CartesianIndex(1, 6) with c.
2277   345    27         46.5625    48.4963    4.1532     % 
LB close or above UB, fathomed
2278   344    27         46.5625    48.4963    4.1532     % 
UB: 48.49630350194553
branching on CartesianIndex(1, 7) with c.
2279   345    28         46.5625    48.4963    4.1532     % 
UB: 48.49630350194553
branching on 3 with b.
2280   346    29         46.5625    48.4963    4.1532     % 
LB close or above UB, fathomed
2281   345    29         46.5625    48.4963    4.1532     % 
UB: 48.49630350194553
branching on 1 with b.
2282   346    30         46.5625    48.4963    4.1532     % 
LB close or above UB, fathomed
2283   345    30         46.5625    48.4963    4.1532     % 
LB close or above UB, fathomed
2284   344    28         46.5625    48.4963    4.1532     % 
LB close or above UB, fathomed
2285   343    29         46.5625    48.4963    4.1532     % 
UB: 48.49630350194553
branching on 3 with b.
2286   344    30         46.5625    48.4963    4.1532     % 
LB close or above UB, fathomed
2287   343    30         46.5625    48.4963    4.1532     % 
LB close or above UB, fathomed
2288   342    29         46.5625    48.4963    4.1532     % 
LB close or above UB, fathomed
2289   341    21         46.5625    48.4963    4.1532     % 
LB close or above UB, fathomed
2290   340    21         46.5625    48.4963    4.1532     % 
UB: 48.49630350194553
branching on CartesianIndex(1, 6) with c.
2291   341    22         46.5625    48.4963    4.1532     % 
LB close or above UB, fathomed
2292   340    22         46.5625    48.4963    4.1532     % 
UB: 48.49630350194553
branching on CartesianIndex(1, 7) with c.
2293   341    23         46.5625    48.4963    4.1532     % 
UB: 48.49630350194553
branching on 3 with b.
2294   342    24         46.5625    48.4963    4.1532     % 
LB close or above UB, fathomed
2295   341    24         46.5625    48.4963    4.1532     % 
UB: 48.49630350194553
branching on 1 with b.
2296   342    25         46.5625    48.4963    4.1532     % 
LB close or above UB, fathomed
2297   341    25         46.5625    48.4963    4.1532     % 
UB: 48.49630350194553
branching on 2 with b.
2298   342    26         46.5625    48.4963    4.1532     % 
LB close or above UB, fathomed
2299   341    26         46.5625    48.4963    4.1532     % 
LB close or above UB, fathomed
2300   340    23         46.5625    48.4963    4.1532     % 
LB close or above UB, fathomed
2301   339    27         46.5625    48.4963    4.1532     % 
LB close or above UB, fathomed
2302   338    27         46.5625    48.4963    4.1532     % 
UB: 48.49630350194553
branching on CartesianIndex(1, 7) with c.
2303   339    28         46.5625    48.4963    4.1532     % 
UB: 48.49630350194553
branching on 2 with b.
2304   340    29         46.5625    48.4963    4.1532     % 
LB close or above UB, fathomed
2305   339    29         46.5625    48.4963    4.1532     % 
UB: 48.49630350194553
branching on 3 with b.
2306   340    30         46.5625    48.4963    4.1532     % 
LB close or above UB, fathomed
2307   339    30         46.5625    48.4963    4.1532     % 
UB: 48.49630350194553
branching on 1 with b.
2308   340    28         46.5625    48.4963    4.1532     % 
LB close or above UB, fathomed
2309   339    34         46.5625    48.4963    4.1532     % 
LB close or above UB, fathomed
2310   338    34         46.5625    48.4963    4.1532     % 
LB close or above UB, fathomed
2311   337    26         46.5625    48.4963    4.1532     % 
UB: 48.49630350194553
branching on 3 with b.
2312   338    27         46.5625    48.4963    4.1532     % 
LB close or above UB, fathomed
2313   337    27         46.5625    48.4963    4.1532     % 
LB close or above UB, fathomed
2314   336    26         46.5625    48.4963    4.1532     % 
LB close or above UB, fathomed
2315   335    31         46.5625    48.4963    4.1532     % 
LB close or above UB, fathomed
2316   334    31         46.5625    48.4963    4.1532     % 
LB close or above UB, fathomed
2317   333    20         46.5625    48.4963    4.1532     % 
LB close or above UB, fathomed
2318   332    20         46.5625    48.4963    4.1532     % 
LB close or above UB, fathomed
2319   331    28         46.5625    48.4963    4.1532     % 
LB close or above UB, fathomed
2320   330    28         46.5625    48.4963    4.1532     % 
LB close or above UB, fathomed
2321   329    21         46.5625    48.4963    4.1532     % 
LB close or above UB, fathomed
2322   328    21         46.5625    48.4963    4.1532     % 
UB: 48.49630350194553
branching on 1 with b.
2323   329    22         46.5625    48.4963    4.1532     % 
LB close or above UB, fathomed
2324   328    22         46.5625    48.4963    4.1532     % 
LB close or above UB, fathomed
2325   327    21         46.5625    48.4963    4.1532     % 
LB close or above UB, fathomed
2326   326    21         46.5625    48.4963    4.1532     % 
UB: 48.49630350194553
branching on CartesianIndex(1, 5) with c.
2327   327    22         46.5625    48.4963    4.1532     % 
UB: 48.49630350194553
branching on CartesianIndex(1, 6) with c.
2328   328    23         46.5625    48.4963    4.1532     % 
LB close or above UB, fathomed
2329   327    23         46.5625    48.4963    4.1532     % 
UB: 48.49630350194553
branching on CartesianIndex(1, 7) with c.
2330   328    24         46.5625    48.4963    4.1532     % 
UB: 48.49630350194553
branching on 2 with b.
2331   329    25         46.5625    48.4963    4.1532     % 
LB close or above UB, fathomed
2332   328    25         46.5625    48.4963    4.1532     % 
UB: 48.49630350194553
branching on 3 with b.
2333   329    26         46.5625    48.4963    4.1532     % 
UB: 48.49630350194553
branching on 1 with b.
2334   330    27         46.5625    48.4963    4.1532     % 
LB close or above UB, fathomed
2335   329    27         46.5625    48.4963    4.1532     % 
UB: 48.49630350194553
branching on 2 with b.
2336   330    28         46.5625    48.4963    4.1532     % 
LB close or above UB, fathomed
2337   329    28         46.5625    48.4963    4.1532     % 
LB close or above UB, fathomed
2338   328    26         46.5625    48.4963    4.1532     % 
LB close or above UB, fathomed
2339   327    24         46.5625    48.4963    4.1532     % 
LB close or above UB, fathomed
2340   326    22         46.5625    48.4963    4.1532     % 
LB close or above UB, fathomed
2341   325    19         46.5625    48.4963    4.1532     % 
UB: 48.49630350194553
branching on 2 with b.
2342   326    20         46.5625    48.4963    4.1532     % 
LB close or above UB, fathomed
2343   325    20         46.5625    48.4963    4.1532     % 
UB: 48.49630350194553
branching on CartesianIndex(1, 6) with c.
2344   326    21         46.5625    48.4963    4.1532     % 
LB close or above UB, fathomed
2345   325    21         46.5625    48.4963    4.1532     % 
UB: 48.49630350194553
branching on CartesianIndex(1, 7) with c.
2346   326    22         46.5625    48.4963    4.1532     % 
UB: 48.49630350194553
branching on 3 with b.
2347   327    23         46.5625    48.4963    4.1532     % 
LB close or above UB, fathomed
2348   326    23         46.5625    48.4963    4.1532     % 
UB: 48.49630350194553
branching on 1 with b.
2349   327    24         46.5625    48.4963    4.1532     % 
UB: 48.49630350194553
branching on 2 with b.
2350   328    24         46.5625    48.4963    4.1532     % 
LB close or above UB, fathomed
2351   327    22         46.5625    48.4963    4.1532     % 
LB close or above UB, fathomed
2352   326    19         46.5625    48.4963    4.1532     % 
LB close or above UB, fathomed
2353   325    29         46.5625    48.4963    4.1532     % 
LB close or above UB, fathomed
2354   324    29         46.5625    48.4963    4.1532     % 
LB close or above UB, fathomed
2355   323    32         46.5625    48.4963    4.1532     % 
LB close or above UB, fathomed
2356   322    32         46.5625    48.4963    4.1532     % 
LB close or above UB, fathomed
2357   321    20         46.5625    48.4963    4.1532     % 
LB close or above UB, fathomed
2358   320    20         46.5625    48.4963    4.1532     % 
LB close or above UB, fathomed
2359   319    21         46.5625    48.4963    4.1532     % 
LB close or above UB, fathomed
2360   318    21         46.5625    48.4963    4.1532     % 
LB close or above UB, fathomed
2361   317    34         46.5625    48.4963    4.1532     % 
LB close or above UB, fathomed
2362   316    34         46.5625    48.4963    4.1532     % 
LB close or above UB, fathomed
2363   315    34         46.5625    48.4963    4.1532     % 
LB close or above UB, fathomed
2364   314    34         46.5625    48.4963    4.1532     % 
LB close or above UB, fathomed
2365   313    34         46.5625    48.4963    4.1532     % 
LB close or above UB, fathomed
2366   312    34         46.5625    48.4963    4.1532     % 
LB close or above UB, fathomed
2367   311    30         46.5625    48.4963    4.1532     % 
UB: 48.49630350194553
branching on 1 with b.
2368   312    31         46.5625    48.4963    4.1532     % 
LB close or above UB, fathomed
2369   311    31         46.5625    48.4963    4.1532     % 
UB: 48.49630350194553
branching on 2 with b.
2370   312    32         46.5625    48.4963    4.1532     % 
LB close or above UB, fathomed
2371   311    32         46.5625    48.4963    4.1532     % 
LB close or above UB, fathomed
2372   310    30         46.5625    48.4963    4.1532     % 
LB close or above UB, fathomed
2373   309    35         46.5625    48.4963    4.1532     % 
LB close or above UB, fathomed
2374   308    35         46.5625    48.4963    4.1532     % 
UB: 48.49630350194553
branching on 1 with b.
2375   309    23         46.5625    48.4963    4.1532     % 
LB close or above UB, fathomed
2376   308    23         46.5625    48.4963    4.1532     % 
LB close or above UB, fathomed
2377   307    23         46.5625    48.4963    4.1532     % 
LB close or above UB, fathomed
2378   306    23         46.5625    48.4963    4.1532     % 
LB close or above UB, fathomed
2379   305    29         46.5625    48.4963    4.1532     % 
UB: 48.49630350194553
branching on 2 with b.
2380   306    30         46.5625    48.4963    4.1532     % 
LB close or above UB, fathomed
2381   305    30         46.5625    48.4963    4.1532     % 
LB close or above UB, fathomed
2382   304    29         46.5625    48.4963    4.1532     % 
LB close or above UB, fathomed
2383   303    28         46.5625    48.4963    4.1532     % 
UB: 48.49630350194553
branching on 3 with b.
2384   304    29         46.5625    48.4963    4.1532     % 
LB close or above UB, fathomed
2385   303    29         46.5625    48.4963    4.1532     % 
LB close or above UB, fathomed
2386   302    28         46.5625    48.4963    4.1532     % 
LB close or above UB, fathomed
2387   301    31         46.5625    48.4963    4.1532     % 
LB close or above UB, fathomed
2388   300    31         46.5625    48.4963    4.1532     % 
LB close or above UB, fathomed
2389   299    20         46.5625    48.4963    4.1532     % 
LB close or above UB, fathomed
2390   298    20         46.5625    48.4963    4.1532     % 
UB: 48.49630350194553
branching on 2 with b.
2391   299    21         46.5625    48.4963    4.1532     % 
UB: 48.49630350194553
branching on CartesianIndex(1, 6) with c.
2392   300    22         46.5625    48.4963    4.1532     % 
LB close or above UB, fathomed
2393   299    22         46.5625    48.4963    4.1532     % 
UB: 48.49630350194553
branching on CartesianIndex(1, 7) with c.
2394   300    23         46.5625    48.4963    4.1532     % 
UB: 48.49630350194553
branching on 3 with b.
2395   301    23         46.5625    48.4963    4.1532     % 
LB close or above UB, fathomed
2396   300    21         46.5625    48.4963    4.1532     % 
LB close or above UB, fathomed
2397   299    14         46.5625    48.4963    4.1532     % 
LB close or above UB, fathomed
2398   298    14         46.5625    48.4963    4.1532     % 
LB close or above UB, fathomed
2399   297    11         46.5625    48.4963    4.1532     % 
UB: 48.49630350194553
branching on CartesianIndex(2, 3) with a.
2400   298    12         46.5625    48.4963    4.1532     % 
LB close or above UB, fathomed
2401   297    12         46.5625    48.4963    4.1532     % 
LB close or above UB, fathomed
2402   296    11         46.5625    48.4963    4.1532     % 
LB close or above UB, fathomed
2403   295    19         46.5625    48.4963    4.1532     % 
LB close or above UB, fathomed
2404   294    19         46.5625    48.4963    4.1532     % 
UB: 48.49630350194553
branching on 2 with b.
2405   295    20         46.5625    48.4963    4.1532     % 
LB close or above UB, fathomed
2406   294    20         46.5625    48.4963    4.1532     % 
UB: 48.49630350194553
branching on CartesianIndex(1, 5) with c.
2407   295    21         46.5625    48.4963    4.1532     % 
UB: 48.49630350194553
branching on CartesianIndex(1, 6) with c.
2408   296    22         46.5625    48.4963    4.1532     % 
LB close or above UB, fathomed
2409   295    22         46.5625    48.4963    4.1532     % 
UB: 48.49630350194553
branching on CartesianIndex(1, 7) with c.
2410   296    23         46.5625    48.4963    4.1532     % 
UB: 48.49630350194553
branching on 3 with b.
2411   297    24         46.5625    48.4963    4.1532     % 
LB close or above UB, fathomed
2412   296    24         46.5625    48.4963    4.1532     % 
UB: 48.49630350194553
branching on 1 with b.
2413   297    23         46.5625    48.4963    4.1532     % 
LB close or above UB, fathomed
2414   296    21         46.5625    48.4963    4.1532     % 
LB close or above UB, fathomed
2415   295    18         46.5625    48.4963    4.1532     % 
UB: 48.49630350194553
branching on CartesianIndex(1, 4) with c.
2416   296    19         46.5625    48.4963    4.1532     % 
LB close or above UB, fathomed
2417   295    19         46.5625    48.4963    4.1532     % 
UB: 48.49630350194553
branching on CartesianIndex(1, 5) with c.
2418   296    20         46.5625    48.4963    4.1532     % 
UB: 48.49630350194553
branching on CartesianIndex(1, 6) with c.
2419   297    21         46.5625    48.4963    4.1532     % 
UB: 48.49630350194553
branching on 2 with b.
2420   298    22         46.5625    48.4963    4.1532     % 
UB: 48.49630350194553
branching on CartesianIndex(1, 7) with c.
2421   299    23         46.5625    48.4963    4.1532     % 
LB close or above UB, fathomed
2422   298    23         46.5625    48.4963    4.1532     % 
LB close or above UB, fathomed
2423   297    22         46.5625    48.4963    4.1532     % 
LB close or above UB, fathomed
2424   296    21         46.5625    48.4963    4.1532     % 
LB close or above UB, fathomed
2425   295    20         46.5625    48.4963    4.1532     % 
LB close or above UB, fathomed
2426   294    18         46.5625    48.4963    4.1532     % 
LB close or above UB, fathomed
2427   293    33         46.5625    48.4963    4.1532     % 
LB close or above UB, fathomed
2428   292    33         46.5625    48.4963    4.1532     % 
LB close or above UB, fathomed
2429   291    31         46.5625    48.4963    4.1532     % 
LB close or above UB, fathomed
2430   290    31         46.5625    48.4963    4.1532     % 
LB close or above UB, fathomed
2431   289    19         46.5625    48.4963    4.1532     % 
UB: 48.49630350194553
branching on CartesianIndex(2, 3) with a.
2432   290    20         46.5625    48.4963    4.1532     % 
LB close or above UB, fathomed
2433   289    20         46.5625    48.4963    4.1532     % 
LB close or above UB, fathomed
2434   288    19         46.5625    48.4963    4.1532     % 
LB close or above UB, fathomed
2435   287    21         46.5625    48.4963    4.1532     % 
UB: 48.49630350194553
branching on 3 with b.
2436   288    22         46.5625    48.4963    4.1532     % 
LB close or above UB, fathomed
2437   287    22         46.5625    48.4963    4.1532     % 
UB: 48.49630350194553
branching on 1 with b.
2438   288    23         46.5625    48.4963    4.1532     % 
UB: 48.49630350194553
branching on 2 with b.
2439   289    24         46.5625    48.4963    4.1532     % 
UB: 48.49630350194553
branching on 3 with b.
2440   290    24         46.5625    48.4963    4.1532     % 
LB close or above UB, fathomed
2441   289    23         46.5625    48.4963    4.1532     % 
LB close or above UB, fathomed
2442   288    21         46.5625    48.4963    4.1532     % 
LB close or above UB, fathomed
2443   287    26         46.5625    48.4963    4.1532     % 
LB close or above UB, fathomed
2444   286    26         46.5625    48.4963    4.1532     % 
UB: 48.49630350194553
branching on 3 with b.
2445   287    25         46.5625    48.4963    4.1532     % 
UB: 48.49630350194553
branching on 3 with b.
2446   288    26         46.5625    48.4963    4.1532     % 
LB close or above UB, fathomed
2447   287    26         46.5625    48.4963    4.1532     % 
UB: 48.49630350194553
branching on 1 with b.
2448   288    27         46.5625    48.4963    4.1532     % 
UB: 48.49630350194553
branching on 2 with b.
2449   289    28         46.5625    48.4963    4.1532     % 
UB: 48.49630350194553
branching on 3 with b.
2450   290    28         46.5625    48.4963    4.1532     % 
LB close or above UB, fathomed
2451   289    27         46.5625    48.4963    4.1532     % 
LB close or above UB, fathomed
2452   288    25         46.5625    48.4963    4.1532     % 
LB close or above UB, fathomed
2453   287    16         46.5625    48.4963    4.1532     % 
UB: 48.49630350194553
branching on CartesianIndex(2, 3) with a.
2454   288    17         46.5625    48.4963    4.1532     % 
LB close or above UB, fathomed
2455   287    17         46.5625    48.4963    4.1532     % 
UB: 48.49630350194553
branching on CartesianIndex(1, 4) with c.
2456   288    18         46.5625    48.4963    4.1532     % 
LB close or above UB, fathomed
2457   287    18         46.5625    48.4963    4.1532     % 
UB: 48.49630350194553
branching on CartesianIndex(1, 5) with c.
2458   288    19         46.5625    48.4963    4.1532     % 
UB: 48.49630350194553
branching on CartesianIndex(1, 6) with c.
2459   289    19         46.5625    48.4963    4.1532     % 
UB: 48.49630350194553
branching on CartesianIndex(1, 6) with c.
2460   290    20         46.5625    48.4963    4.1532     % 
LB close or above UB, fathomed
2461   289    20         46.5625    48.4963    4.1532     % 
UB: 48.49630350194553
branching on CartesianIndex(1, 7) with c.
2462   290    21         46.5625    48.4963    4.1532     % 
UB: 48.49630350194553
branching on 2 with b.
2463   291    21         46.5625    48.4963    4.1532     % 
LB close or above UB, fathomed
2464   290    16         46.5625    48.4963    4.1532     % 
LB close or above UB, fathomed
2465   289    28         46.5625    48.4963    4.1532     % 
LB close or above UB, fathomed
2466   288    28         46.5625    48.4963    4.1532     % 
LB close or above UB, fathomed
2467   287    20         46.5625    48.4963    4.1532     % 
UB: 48.49630350194553
branching on 3 with b.
2468   288    21         46.5625    48.4963    4.1532     % 
LB close or above UB, fathomed
2469   287    21         46.5625    48.4963    4.1532     % 
UB: 48.49630350194553
branching on 1 with b.
2470   288    22         46.5625    48.4963    4.1532     % 
UB: 48.49630350194553
branching on 2 with b.
2471   289    23         46.5625    48.4963    4.1532     % 
UB: 48.49630350194553
branching on 3 with b.
2472   290    24         46.5625    48.4963    4.1532     % 
LB close or above UB, fathomed
2473   289    24         46.5625    48.4963    4.1532     % 
LB close or above UB, fathomed
2474   288    23         46.5625    48.4963    4.1532     % 
LB close or above UB, fathomed
2475   287    22         46.5625    48.4963    4.1532     % 
LB close or above UB, fathomed
2476   286    20         46.5625    48.4963    4.1532     % 
LB close or above UB, fathomed
2477   285    27         46.5625    48.4963    4.1532     % 
UB: 48.49630350194553
branching on 3 with b.
2478   286    27         46.5625    48.4963    4.1532     % 
LB close or above UB, fathomed
2479   285    34         46.5625    48.4963    4.1532     % 
LB close or above UB, fathomed
2480   284    34         46.5625    48.4963    4.1532     % 
LB close or above UB, fathomed
2481   283    23         46.5625    48.4963    4.1532     % 
LB close or above UB, fathomed
2482   282    23         46.5625    48.4963    4.1532     % 
UB: 48.49630350194553
branching on CartesianIndex(1, 7) with c.
2483   283    24         46.5625    48.4963    4.1532     % 
UB: 48.49630350194553
branching on 3 with b.
2484   284    25         46.5625    48.4963    4.1532     % 
LB close or above UB, fathomed
2485   283    25         46.5625    48.4963    4.1532     % 
UB: 48.49630350194553
branching on 1 with b.
2486   284    26         46.5625    48.4963    4.1532     % 
UB: 48.49630350194553
branching on 2 with b.
2487   285    27         46.5625    48.4963    4.1532     % 
UB: 48.49630350194553
branching on 3 with b.
2488   286    27         46.5625    48.4963    4.1532     % 
LB close or above UB, fathomed
2489   285    26         46.5625    48.4963    4.1532     % 
LB close or above UB, fathomed
2490   284    24         46.5625    48.4963    4.1532     % 
LB close or above UB, fathomed
2491   283    20         46.5625    48.4963    4.1532     % 
UB: 48.49630350194553
branching on CartesianIndex(2, 3) with a.
2492   284    21         46.5625    48.4963    4.1532     % 
LB close or above UB, fathomed
2493   283    21         46.5625    48.4963    4.1532     % 
LB close or above UB, fathomed
2494   282    20         46.5625    48.4963    4.1532     % 
LB close or above UB, fathomed
2495   281    26         46.5625    48.4963    4.1532     % 
LB close or above UB, fathomed
2496   280    26         46.5625    48.4963    4.1532     % 
LB close or above UB, fathomed
2497   279    18         46.5625    48.4963    4.1532     % 
LB close or above UB, fathomed
2498   278    18         46.5625    48.4963    4.1532     % 
UB: 48.49630350194553
branching on CartesianIndex(3, 3) with a.
2499   279    19         46.5625    48.4963    4.1532     % 
LB close or above UB, fathomed
2500   278    19         46.5625    48.4963    4.1532     % 
UB: 48.49630350194553
branching on CartesianIndex(1, 4) with c.
2501   279    20         46.5625    48.4963    4.1532     % 
LB close or above UB, fathomed
2502   278    20         46.5625    48.4963    4.1532     % 
UB: 48.49630350194553
branching on CartesianIndex(1, 5) with c.
2503   279    21         46.5625    48.4963    4.1532     % 
UB: 48.49630350194553
branching on CartesianIndex(1, 6) with c.
2504   280    22         46.5625    48.4963    4.1532     % 
LB close or above UB, fathomed
2505   279    22         46.5625    48.4963    4.1532     % 
UB: 48.49630350194553
branching on CartesianIndex(1, 7) with c.
2506   280    23         46.5625    48.4963    4.1532     % 
UB: 48.49630350194553
branching on 1 with b.
2507   281    24         46.5625    48.4963    4.1532     % 
LB close or above UB, fathomed
2508   280    24         46.5625    48.4963    4.1532     % 
UB: 48.49630350194553
branching on 2 with b.
2509   281    25         46.5625    48.4963    4.1532     % 
UB: 48.49630350194553
branching on 3 with b.
2510   282    26         46.5625    48.4963    4.1532     % 
LB close or above UB, fathomed
2511   281    26         46.5625    48.4963    4.1532     % 
UB: 48.49630350194553
branching on 1 with b.
2512   282    27         46.5625    48.4963    4.1532     % 
LB close or above UB, fathomed
2513   281    27         46.5625    48.4963    4.1532     % 
LB close or above UB, fathomed
2514   280    25         46.5625    48.4963    4.1532     % 
LB close or above UB, fathomed
2515   279    23         46.5625    48.4963    4.1532     % 
LB close or above UB, fathomed
2516   278    21         46.5625    48.4963    4.1532     % 
LB close or above UB, fathomed
2517   277    25         46.5625    48.4963    4.1532     % 
LB close or above UB, fathomed
2518   276    25         46.5625    48.4963    4.1532     % 
LB close or above UB, fathomed
2519   275    20         46.5625    48.4963    4.1532     % 
UB: 48.49630350194553
branching on CartesianIndex(2, 3) with a.
2520   276    21         46.5625    48.4963    4.1532     % 
LB close or above UB, fathomed
2521   275    21         46.5625    48.4963    4.1532     % 
LB close or above UB, fathomed
2522   274    20         46.5625    48.4963    4.1532     % 
LB close or above UB, fathomed
2523   273    27         46.5625    48.4963    4.1532     % 
UB: 48.49630350194553
branching on 1 with b.
2524   274    28         46.5625    48.4963    4.1532     % 
UB: 48.49630350194553
branching on 2 with b.
2525   275    28         46.5625    48.4963    4.1532     % 
LB close or above UB, fathomed
2526   274    27         46.5625    48.4963    4.1532     % 
LB close or above UB, fathomed
2527   273    20         46.5625    48.4963    4.1532     % 
LB close or above UB, fathomed
2528   272    20         46.5625    48.4963    4.1532     % 
UB: 48.49630350194553
branching on CartesianIndex(1, 5) with c.
2529   273    21         46.5625    48.4963    4.1532     % 
UB: 48.49630350194553
branching on CartesianIndex(1, 6) with c.
2530   274    22         46.5625    48.4963    4.1532     % 
LB close or above UB, fathomed
2531   273    22         46.5625    48.4963    4.1532     % 
UB: 48.49630350194553
branching on 2 with b.
2532   274    23         46.5625    48.4963    4.1532     % 
LB close or above UB, fathomed
2533   273    23         46.5625    48.4963    4.1532     % 
UB: 48.49630350194553
branching on CartesianIndex(1, 7) with c.
2534   274    24         46.5625    48.4963    4.1532     % 
UB: 48.49630350194553
branching on 3 with b.
2535   275    25         46.5625    48.4963    4.1532     % 
LB close or above UB, fathomed
2536   274    25         46.5625    48.4963    4.1532     % 
UB: 48.49630350194553
branching on 1 with b.
2537   275    26         46.5625    48.4963    4.1532     % 
LB close or above UB, fathomed
2538   274    26         46.5625    48.4963    4.1532     % 
UB: 48.49630350194553
branching on 2 with b.
2539   275    27         46.5625    48.4963    4.1532     % 
UB: 48.49630350194553
branching on 3 with b.
2540   276    28         46.5625    48.4963    4.1532     % 
LB close or above UB, fathomed
2541   275    28         46.5625    48.4963    4.1532     % 
UB: 48.49630350194553
branching on 1 with b.
2542   276    29         46.5625    48.4963    4.1532     % 
LB close or above UB, fathomed
2543   275    29         46.5625    48.4963    4.1532     % 
LB close or above UB, fathomed
2544   274    27         46.5625    48.4963    4.1532     % 
LB close or above UB, fathomed
2545   273    24         46.5625    48.4963    4.1532     % 
LB close or above UB, fathomed
2546   272    21         46.5625    48.4963    4.1532     % 
LB close or above UB, fathomed
2547   271    17         46.5625    48.4963    4.1532     % 
UB: 48.49630350194553
branching on CartesianIndex(2, 3) with a.
2548   272    18         46.5625    48.4963    4.1532     % 
LB close or above UB, fathomed
2549   271    18         46.5625    48.4963    4.1532     % 
LB close or above UB, fathomed
2550   270    17         46.5625    48.4963    4.1532     % 
LB close or above UB, fathomed
2551   269    21         46.5625    48.4963    4.1532     % 
LB close or above UB, fathomed
2552   268    21         46.5625    48.4963    4.1532     % 
UB: 48.49630350194553
branching on 3 with b.
2553   269    25         46.5625    48.4963    4.1532     % 
LB close or above UB, fathomed
2554   268    25         46.5625    48.4963    4.1532     % 
UB: 48.49630350194553
branching on 3 with b.
2555   269    28         46.5625    48.4963    4.1532     % 
LB close or above UB, fathomed
2556   268    28         46.5625    48.4963    4.1532     % 
LB close or above UB, fathomed
2557   267    16         46.5625    48.4963    4.1532     % 
LB close or above UB, fathomed
2558   266    16         46.5625    48.4963    4.1532     % 
LB close or above UB, fathomed
2559   265    19         46.5625    48.4963    4.1532     % 
LB close or above UB, fathomed
2560   264    19         46.5625    48.4963    4.1532     % 
UB: 48.49630350194553
branching on CartesianIndex(1, 4) with c.
2561   265    20         46.5625    48.4963    4.1532     % 
LB close or above UB, fathomed
2562   264    20         46.5625    48.4963    4.1532     % 
UB: 48.49630350194553
branching on CartesianIndex(1, 5) with c.
2563   265    21         46.5625    48.4963    4.1532     % 
LB close or above UB, fathomed
2564   264    21         46.5625    48.4963    4.1532     % 
LB close or above UB, fathomed
2565   263    19         46.5625    48.4963    4.1532     % 
UB: 48.49630350194553
branching on CartesianIndex(1, 5) with c.
2566   264    20         46.5625    48.4963    4.1532     % 
LB close or above UB, fathomed
2567   263    20         46.5625    48.4963    4.1532     % 
UB: 48.49630350194553
branching on CartesianIndex(1, 6) with c.
2568   264    19         46.5625    48.4963    4.1532     % 
UB: 48.49630350194553
branching on CartesianIndex(1, 5) with c.
2569   265    20         46.5625    48.4963    4.1532     % 
LB close or above UB, fathomed
2570   264    20         46.5625    48.4963    4.1532     % 
UB: 48.49630350194553
branching on CartesianIndex(1, 6) with c.
2571   265    14         46.5625    48.4963    4.1532     % 
UB: 48.49630350194553
branching on 3 with b.
2572   266    15         46.5625    48.4963    4.1532     % 
LB close or above UB, fathomed
2573   265    15         46.5625    48.4963    4.1532     % 
LB close or above UB, fathomed
2574   264    14         46.5625    48.4963    4.1532     % 
LB close or above UB, fathomed
2575   263    15         46.5625    48.4963    4.1532     % 
LB close or above UB, fathomed
2576   262    15         46.5625    48.4963    4.1532     % 
LB close or above UB, fathomed
2577   261    18         46.5625    48.4963    4.1532     % 
LB close or above UB, fathomed
2578   260    18         46.5625    48.4963    4.1532     % 
UB: 48.49630350194553
branching on CartesianIndex(1, 4) with c.
2579   261    19         46.5625    48.4963    4.1532     % 
LB close or above UB, fathomed
2580   260    19         46.5625    48.4963    4.1532     % 
UB: 48.49630350194553
branching on CartesianIndex(1, 5) with c.
2581   261    20         46.5625    48.4963    4.1532     % 
UB: 48.49630350194553
branching on 2 with b.
2582   262    21         46.5625    48.4963    4.1532     % 
UB: 48.49630350194553
branching on CartesianIndex(1, 6) with c.
2583   263    22         46.5625    48.4963    4.1532     % 
LB close or above UB, fathomed
2584   262    22         46.5625    48.4963    4.1532     % 
UB: 48.49630350194553
branching on CartesianIndex(1, 7) with c.
2585   263    23         46.5625    48.4963    4.1532     % 
UB: 48.49630350194553
branching on 3 with b.
2586   264    24         46.5625    48.4963    4.1532     % 
LB close or above UB, fathomed
2587   263    24         46.5625    48.4963    4.1532     % 
LB close or above UB, fathomed
2588   262    23         46.5625    48.4963    4.1532     % 
LB close or above UB, fathomed
2589   261    21         46.5625    48.4963    4.1532     % 
LB close or above UB, fathomed
2590   260    20         46.5625    48.4963    4.1532     % 
LB close or above UB, fathomed
2591   259    12         46.5625    48.4963    4.1532     % 
UB: 48.49630350194553
branching on 3 with b.
2592   260    13         46.5625    48.4963    4.1532     % 
LB close or above UB, fathomed
2593   259    13         46.5625    48.4963    4.1532     % 
UB: 48.49630350194553
branching on CartesianIndex(3, 2) with a.
2594   260    14         46.5625    48.4963    4.1532     % 
LB close or above UB, fathomed
2595   259    14         46.5625    48.4963    4.1532     % 
LB close or above UB, fathomed
2596   258    12         46.5625    48.4963    4.1532     % 
LB close or above UB, fathomed
2597   257    18         46.5625    48.4963    4.1532     % 
UB: 48.49630350194553
branching on CartesianIndex(2, 3) with a.
2598   258    19         46.5625    48.4963    4.1532     % 
LB close or above UB, fathomed
2599   257    19         46.5625    48.4963    4.1532     % 
LB close or above UB, fathomed
2600   256    18         46.5625    48.4963    4.1532     % 
LB close or above UB, fathomed
2601   255    26         46.5625    48.4963    4.1532     % 
UB: 48.49630350194553
branching on 1 with b.
2602   256    27         46.5625    48.4963    4.1532     % 
LB close or above UB, fathomed
2603   255    27         46.5625    48.4963    4.1532     % 
LB close or above UB, fathomed
2604   254    26         46.5625    48.4963    4.1532     % 
LB close or above UB, fathomed
2605   253    23         46.5625    48.4963    4.1532     % 
UB: 48.49630350194553
branching on 3 with b.
2606   254    24         46.5625    48.4963    4.1532     % 
LB close or above UB, fathomed
2607   253    24         46.5625    48.4963    4.1532     % 
UB: 48.49630350194553
branching on 1 with b.
2608   254    25         46.5625    48.4963    4.1532     % 
LB close or above UB, fathomed
2609   253    25         46.5625    48.4963    4.1532     % 
LB close or above UB, fathomed
2610   252    23         46.5625    48.4963    4.1532     % 
LB close or above UB, fathomed
2611   251    26         46.5625    48.4963    4.1532     % 
UB: 48.49630350194553
branching on 3 with b.
2612   252    27         46.5625    48.4963    4.1532     % 
LB close or above UB, fathomed
2613   251    27         46.5625    48.4963    4.1532     % 
UB: 48.49630350194553
branching on 1 with b.
2614   252    28         46.5625    48.4963    4.1532     % 
LB close or above UB, fathomed
2615   251    28         46.5625    48.4963    4.1532     % 
UB: 48.49630350194553
branching on 2 with b.
2616   252    29         46.5625    48.4963    4.1532     % 
UB: 48.49630350194553
branching on 3 with b.
2617   253    30         46.5625    48.4963    4.1532     % 
LB close or above UB, fathomed
2618   252    30         46.5625    48.4963    4.1532     % 
LB close or above UB, fathomed
2619   251    29         46.5625    48.4963    4.1532     % 
LB close or above UB, fathomed
2620   250    26         46.5625    48.4963    4.1532     % 
LB close or above UB, fathomed
2621   249    26         46.5625    48.4963    4.1532     % 
UB: 48.49630350194553
branching on 3 with b.
2622   250    27         46.5625    48.4963    4.1532     % 
UB: 48.49630350194553
branching on 1 with b.
2623   251    28         46.5625    48.4963    4.1532     % 
UB: 48.49630350194553
branching on 2 with b.
2624   252    29         46.5625    48.4963    4.1532     % 
LB close or above UB, fathomed
2625   251    29         46.5625    48.4963    4.1532     % 
LB close or above UB, fathomed
2626   250    28         46.5625    48.4963    4.1532     % 
LB close or above UB, fathomed
2627   249    27         46.5625    48.4963    4.1532     % 
LB close or above UB, fathomed
2628   248    26         46.5625    48.4963    4.1532     % 
LB close or above UB, fathomed
2629   247    15         46.5625    48.4963    4.1532     % 
LB close or above UB, fathomed
2630   246    15         46.5625    48.4963    4.1532     % 
UB: 48.49630350194553
branching on CartesianIndex(1, 5) with c.
2631   247    16         46.5625    48.4963    4.1532     % 
UB: 48.49630350194553
branching on CartesianIndex(1, 6) with c.
2632   248    17         46.5625    48.4963    4.1532     % 
LB close or above UB, fathomed
2633   247    17         46.5625    48.4963    4.1532     % 
UB: 48.49630350194553
branching on CartesianIndex(1, 7) with c.
2634   248    18         46.5625    48.4963    4.1532     % 
UB: 48.49630350194553
branching on 1 with b.
2635   249    19         46.5625    48.4963    4.1532     % 
LB close or above UB, fathomed
2636   248    19         46.5625    48.4963    4.1532     % 
UB: 48.49630350194553
branching on 2 with b.
2637   249    20         46.5625    48.4963    4.1532     % 
UB: 48.49630350194553
branching on 3 with b.
2638   250    21         46.5625    48.4963    4.1532     % 
LB close or above UB, fathomed
2639   249    21         46.5625    48.4963    4.1532     % 
LB close or above UB, fathomed
2640   248    20         46.5625    48.4963    4.1532     % 
LB close or above UB, fathomed
2641   247    18         46.5625    48.4963    4.1532     % 
LB close or above UB, fathomed
2642   246    16         46.5625    48.4963    4.1532     % 
LB close or above UB, fathomed
2643   245    19         46.5625    48.4963    4.1532     % 
LB close or above UB, fathomed
2644   244    19         46.5625    48.4963    4.1532     % 
UB: 48.49630350194553
branching on CartesianIndex(3, 3) with a.
2645   245    20         46.5625    48.4963    4.1532     % 
LB close or above UB, fathomed
2646   244    20         46.5625    48.4963    4.1532     % 
LB close or above UB, fathomed
2647   243    11         46.5625    48.4963    4.1532     % 
LB close or above UB, fathomed
2648   242    11         46.5625    48.4963    4.1532     % 
LB close or above UB, fathomed
2649   241    21         46.5625    48.4963    4.1532     % 
LB close or above UB, fathomed
2650   240    21         46.5625    48.4963    4.1532     % 
UB: 48.49630350194553
branching on 3 with b.
2651   241    22         46.5625    48.4963    4.1532     % 
LB close or above UB, fathomed
2652   240    22         46.5625    48.4963    4.1532     % 
UB: 48.49630350194553
branching on CartesianIndex(1, 7) with c.
2653   241    23         46.5625    48.4963    4.1532     % 
UB: 48.49630350194553
branching on 1 with b.
2654   242    24         46.5625    48.4963    4.1532     % 
UB: 48.49630350194553
branching on 2 with b.
2655   243    25         46.5625    48.4963    4.1532     % 
UB: 48.49630350194553
branching on 3 with b.
2656   244    26         46.5625    48.4963    4.1532     % 
LB close or above UB, fathomed
2657   243    26         46.5625    48.4963    4.1532     % 
LB close or above UB, fathomed
2658   242    25         46.5625    48.4963    4.1532     % 
UB: 48.49630350194553
branching on 3 with b.
2659   243    26         46.5625    48.4963    4.1532     % 
LB close or above UB, fathomed
2660   242    26         46.5625    48.4963    4.1532     % 
LB close or above UB, fathomed
2661   241    24         46.5625    48.4963    4.1532     % 
LB close or above UB, fathomed
2662   240    23         46.5625    48.4963    4.1532     % 
LB close or above UB, fathomed
2663   239    21         46.5625    48.4963    4.1532     % 
LB close or above UB, fathomed
2664   238    21         46.5625    48.4963    4.1532     % 
UB: 48.49630350194553
branching on 3 with b.
2665   239    22         46.5625    48.4963    4.1532     % 
LB close or above UB, fathomed
2666   238    22         46.5625    48.4963    4.1532     % 
UB: 48.49630350194553
branching on CartesianIndex(1, 7) with c.
2667   239    23         46.5625    48.4963    4.1532     % 
UB: 48.49630350194553
branching on 1 with b.
2668   240    24         46.5625    48.4963    4.1532     % 
UB: 48.49630350194553
branching on 2 with b.
2669   241    25         46.5625    48.4963    4.1532     % 
UB: 48.49630350194553
branching on 3 with b.
2670   242    26         46.5625    48.4963    4.1532     % 
LB close or above UB, fathomed
2671   241    26         46.5625    48.4963    4.1532     % 
LB close or above UB, fathomed
2672   240    25         46.5625    48.4963    4.1532     % 
LB close or above UB, fathomed
2673   239    24         46.5625    48.4963    4.1532     % 
LB close or above UB, fathomed
2674   238    23         46.5625    48.4963    4.1532     % 
LB close or above UB, fathomed
2675   237    22         46.5625    48.4963    4.1532     % 
LB close or above UB, fathomed
2676   236    22         46.5625    48.4963    4.1532     % 
UB: 48.49630350194553
branching on CartesianIndex(1, 7) with c.
2677   237    23         46.5625    48.4963    4.1532     % 
UB: 48.49630350194553
branching on 1 with b.
2678   238    24         46.5625    48.4963    4.1532     % 
UB: 48.49630350194553
branching on 2 with b.
2679   239    25         46.5625    48.4963    4.1532     % 
UB: 48.49630350194553
branching on 3 with b.
2680   240    26         46.5625    48.4963    4.1532     % 
LB close or above UB, fathomed
2681   239    26         46.5625    48.4963    4.1532     % 
LB close or above UB, fathomed
2682   238    25         46.5625    48.4963    4.1532     % 
UB: 48.49630350194553
branching on 3 with b.
2683   239    26         46.5625    48.4963    4.1532     % 
LB close or above UB, fathomed
2684   238    26         46.5625    48.4963    4.1532     % 
LB close or above UB, fathomed
2685   237    24         46.5625    48.4963    4.1532     % 
LB close or above UB, fathomed
2686   236    23         46.5625    48.4963    4.1532     % 
LB close or above UB, fathomed
2687   235    29         46.5625    48.4963    4.1532     % 
UB: 48.49630350194553
branching on 3 with b.
2688   236    30         46.5625    48.4963    4.1532     % 
UB: 48.49630350194553
branching on 1 with b.
2689   237    31         46.5625    48.4963    4.1532     % 
LB close or above UB, fathomed
2690   236    31         46.5625    48.4963    4.1532     % 
LB close or above UB, fathomed
2691   235    30         46.5625    48.4963    4.1532     % 
LB close or above UB, fathomed
2692   234    29         46.5625    48.4963    4.1532     % 
LB close or above UB, fathomed
2693   233    22         46.5625    48.4963    4.1532     % 
UB: 48.49630350194553
branching on 3 with b.
2694   234    23         46.5625    48.4963    4.1532     % 
LB close or above UB, fathomed
2695   233    23         46.5625    48.4963    4.1532     % 
UB: 48.49630350194553
branching on 1 with b.
2696   234    24         46.5625    48.4963    4.1532     % 
UB: 48.49630350194553
branching on 2 with b.
2697   235    25         46.5625    48.4963    4.1532     % 
UB: 48.49630350194553
branching on 3 with b.
2698   236    26         46.5625    48.4963    4.1532     % 
LB close or above UB, fathomed
2699   235    26         46.5625    48.4963    4.1532     % 
LB close or above UB, fathomed
2700   234    25         46.5625    48.4963    4.1532     % 
UB: 48.49630350194553
branching on 3 with b.
2701   235    26         46.5625    48.4963    4.1532     % 
LB close or above UB, fathomed
2702   234    26         46.5625    48.4963    4.1532     % 
LB close or above UB, fathomed
2703   233    24         46.5625    48.4963    4.1532     % 
LB close or above UB, fathomed
2704   232    22         46.5625    48.4963    4.1532     % 
UB: 48.49630350194553
branching on 3 with b.
2705   233    23         46.5625    48.4963    4.1532     % 
LB close or above UB, fathomed
2706   232    23         46.5625    48.4963    4.1532     % 
UB: 48.49630350194553
branching on 1 with b.
2707   233    24         46.5625    48.4963    4.1532     % 
UB: 48.49630350194553
branching on 2 with b.
2708   234    25         46.5625    48.4963    4.1532     % 
UB: 48.49630350194553
branching on 3 with b.
2709   235    26         46.5625    48.4963    4.1532     % 
LB close or above UB, fathomed
2710   234    26         46.5625    48.4963    4.1532     % 
LB close or above UB, fathomed
2711   233    25         46.5625    48.4963    4.1532     % 
UB: 48.49630350194553
branching on 3 with b.
2712   234    26         46.5625    48.4963    4.1532     % 
LB close or above UB, fathomed
2713   233    26         46.5625    48.4963    4.1532     % 
LB close or above UB, fathomed
2714   232    24         46.5625    48.4963    4.1532     % 
LB close or above UB, fathomed
2715   231    20         46.5625    48.4963    4.1532     % 
LB close or above UB, fathomed
2716   230    20         46.5625    48.4963    4.1532     % 
UB: 48.49630350194553
branching on CartesianIndex(1, 7) with c.
2717   231    21         46.5625    48.4963    4.1532     % 
UB: 48.49630350194553
branching on 2 with b.
2718   232    22         46.5625    48.4963    4.1532     % 
UB: 48.49630350194553
branching on 3 with b.
2719   233    23         46.5625    48.4963    4.1532     % 
LB close or above UB, fathomed
2720   232    23         46.5625    48.4963    4.1532     % 
UB: 48.49630350194553
branching on 1 with b.
2721   233    24         46.5625    48.4963    4.1532     % 
UB: 48.49630350194553
branching on 2 with b.
2722   234    25         46.5625    48.4963    4.1532     % 
UB: 48.49630350194553
branching on 3 with b.
2723   235    26         46.5625    48.4963    4.1532     % 
LB close or above UB, fathomed
2724   234    26         46.5625    48.4963    4.1532     % 
LB close or above UB, fathomed
2725   233    25         46.5625    48.4963    4.1532     % 
UB: 48.49630350194553
branching on 3 with b.
2726   234    26         46.5625    48.4963    4.1532     % 
LB close or above UB, fathomed
2727   233    26         46.5625    48.4963    4.1532     % 
LB close or above UB, fathomed
2728   232    24         46.5625    48.4963    4.1532     % 
LB close or above UB, fathomed
2729   231    22         46.5625    48.4963    4.1532     % 
UB: 48.49630350194553
branching on 3 with b.
2730   232    23         46.5625    48.4963    4.1532     % 
LB close or above UB, fathomed
2731   231    23         46.5625    48.4963    4.1532     % 
UB: 48.49630350194553
branching on 1 with b.
2732   232    24         46.5625    48.4963    4.1532     % 
UB: 48.49630350194553
branching on 2 with b.
2733   233    25         46.5625    48.4963    4.1532     % 
UB: 48.49630350194553
branching on 3 with b.
2734   234    26         46.5625    48.4963    4.1532     % 
LB close or above UB, fathomed
2735   233    26         46.5625    48.4963    4.1532     % 
LB close or above UB, fathomed
2736   232    25         46.5625    48.4963    4.1532     % 
UB: 48.49630350194553
branching on 3 with b.
2737   233    26         46.5625    48.4963    4.1532     % 
LB close or above UB, fathomed
2738   232    26         46.5625    48.4963    4.1532     % 
LB close or above UB, fathomed
2739   231    24         46.5625    48.4963    4.1532     % 
LB close or above UB, fathomed
2740   230    21         46.5625    48.4963    4.1532     % 
LB close or above UB, fathomed
2741   229    25         46.5625    48.4963    4.1532     % 
LB close or above UB, fathomed
2742   228    25         46.5625    48.4963    4.1532     % 
LB close or above UB, fathomed
2743   227    25         46.5625    48.4963    4.1532     % 
UB: 48.49630350194553
branching on 2 with b.
2744   228    26         46.5625    48.4963    4.1532     % 
LB close or above UB, fathomed
2745   227    26         46.5625    48.4963    4.1532     % 
LB close or above UB, fathomed
2746   226    25         46.5625    48.4963    4.1532     % 
LB close or above UB, fathomed
2747   225    24         46.5625    48.4963    4.1532     % 
LB close or above UB, fathomed
2748   224    24         46.5625    48.4963    4.1532     % 
UB: 48.49630350194553
branching on 1 with b.
2749   225    25         46.5625    48.4963    4.1532     % 
LB close or above UB, fathomed
2750   224    25         46.5625    48.4963    4.1532     % 
LB close or above UB, fathomed
2751   223    36         46.5625    48.4963    4.1532     % 
UB: 48.49630350194553
branching on 2 with b.
2752   224    37         46.5625    48.4963    4.1532     % 
LB close or above UB, fathomed
2753   223    37         46.5625    48.4963    4.1532     % 
LB close or above UB, fathomed
2754   222    36         46.5625    48.4963    4.1532     % 
UB: 48.49630350194553
branching on 2 with b.
2755   223    37         46.5625    48.4963    4.1532     % 
LB close or above UB, fathomed
2756   222    37         46.5625    48.4963    4.1532     % 
LB close or above UB, fathomed
2757   221    25         46.5625    48.4963    4.1532     % 
LB close or above UB, fathomed
2758   220    25         46.5625    48.4963    4.1532     % 
LB close or above UB, fathomed
2759   219    33         46.5625    48.4963    4.1532     % 
LB close or above UB, fathomed
2760   218    33         46.5625    48.4963    4.1532     % 
LB close or above UB, fathomed
2761   217    18         46.5625    48.4963    4.1532     % 
LB close or above UB, fathomed
2762   216    18         46.5625    48.4963    4.1532     % 
UB: 48.49630350194553
branching on 2 with b.
2763   217    19         46.5625    48.4963    4.1532     % 
UB: 48.49630350194553
branching on CartesianIndex(1, 5) with c.
2764   218    20         46.5625    48.4963    4.1532     % 
UB: 48.49630350194553
branching on 3 with b.
2765   219    21         46.5625    48.4963    4.1532     % 
UB: 48.49630350194553
branching on 1 with b.
2766   220    22         46.5625    48.4963    4.1532     % 
LB close or above UB, fathomed
2767   219    22         46.5625    48.4963    4.1532     % 
UB: 48.49630350194553
branching on CartesianIndex(1, 6) with c.
2768   220    23         46.5625    48.4963    4.1532     % 
LB close or above UB, fathomed
2769   219    23         46.5625    48.4963    4.1532     % 
UB: 48.49630350194553
branching on CartesianIndex(1, 7) with c.
2770   220    24         46.5625    48.4963    4.1532     % 
UB: 48.49630350194553
branching on 2 with b.
2771   221    25         46.5625    48.4963    4.1532     % 
LB close or above UB, fathomed
2772   220    25         46.5625    48.4963    4.1532     % 
UB: 48.49630350194553
branching on 3 with b.
2773   221    26         46.5625    48.4963    4.1532     % 
UB: 48.49630350194553
branching on 1 with b.
2774   222    27         46.5625    48.4963    4.1532     % 
LB close or above UB, fathomed
2775   221    27         46.5625    48.4963    4.1532     % 
LB close or above UB, fathomed
2776   220    26         46.5625    48.4963    4.1532     % 
LB close or above UB, fathomed
2777   219    24         46.5625    48.4963    4.1532     % 
LB close or above UB, fathomed
2778   218    21         46.5625    48.4963    4.1532     % 
LB close or above UB, fathomed
2779   217    20         46.5625    48.4963    4.1532     % 
LB close or above UB, fathomed
2780   216    19         46.5625    48.4963    4.1532     % 
LB close or above UB, fathomed
2781   215    18         46.5625    48.4963    4.1532     % 
LB close or above UB, fathomed
2782   214    18         46.5625    48.4963    4.1532     % 
LB close or above UB, fathomed
2783   213    18         46.5625    48.4963    4.1532     % 
UB: 48.49630350194553
branching on CartesianIndex(1, 4) with c.
2784   214    19         46.5625    48.4963    4.1532     % 
LB close or above UB, fathomed
2785   213    19         46.5625    48.4963    4.1532     % 
UB: 48.49630350194553
branching on CartesianIndex(1, 5) with c.
2786   214    20         46.5625    48.4963    4.1532     % 
UB: 48.49630350194553
branching on CartesianIndex(1, 6) with c.
2787   215    21         46.5625    48.4963    4.1532     % 
LB close or above UB, fathomed
2788   214    21         46.5625    48.4963    4.1532     % 
UB: 48.49630350194553
branching on CartesianIndex(1, 7) with c.
2789   215    22         46.5625    48.4963    4.1532     % 
UB: 48.49630350194553
branching on 2 with b.
2790   216    23         46.5625    48.4963    4.1532     % 
LB close or above UB, fathomed
2791   215    23         46.5625    48.4963    4.1532     % 
UB: 48.49630350194553
branching on 3 with b.
2792   216    24         46.5625    48.4963    4.1532     % 
LB close or above UB, fathomed
2793   215    24         46.5625    48.4963    4.1532     % 
UB: 48.49630350194553
branching on 1 with b.
2794   216    25         46.5625    48.4963    4.1532     % 
UB: 48.49630350194553
branching on 2 with b.
2795   217    26         46.5625    48.4963    4.1532     % 
UB: 48.49630350194553
branching on 3 with b.
2796   218    27         46.5625    48.4963    4.1532     % 
LB close or above UB, fathomed
2797   217    27         46.5625    48.4963    4.1532     % 
UB: 48.49630350194553
branching on 1 with b.
2798   218    28         46.5625    48.4963    4.1532     % 
LB close or above UB, fathomed
2799   217    28         46.5625    48.4963    4.1532     % 
LB close or above UB, fathomed
2800   216    26         46.5625    48.4963    4.1532     % 
LB close or above UB, fathomed
2801   215    25         46.5625    48.4963    4.1532     % 
LB close or above UB, fathomed
2802   214    22         46.5625    48.4963    4.1532     % 
LB close or above UB, fathomed
2803   213    20         46.5625    48.4963    4.1532     % 
LB close or above UB, fathomed
2804   212    18         46.5625    48.4963    4.1532     % 
LB close or above UB, fathomed
2805   211    27         46.5625    48.4963    4.1532     % 
LB close or above UB, fathomed
2806   210    27         46.5625    48.4963    4.1532     % 
LB close or above UB, fathomed
2807   209    26         46.5625    48.4963    4.1532     % 
LB close or above UB, fathomed
2808   208    26         46.5625    48.4963    4.1532     % 
LB close or above UB, fathomed
2809   207    17         46.5625    48.4963    4.1532     % 
LB close or above UB, fathomed
2810   206    17         46.5625    48.4963    4.1532     % 
LB close or above UB, fathomed
2811   205    32         46.5625    48.4963    4.1532     % 
LB close or above UB, fathomed
2812   204    32         46.5625    48.4963    4.1532     % 
LB close or above UB, fathomed
2813   203    18         46.5625    48.4963    4.1532     % 
LB close or above UB, fathomed
2814   202    18         46.5625    48.4963    4.1532     % 
LB close or above UB, fathomed
2815   201    31         46.5625    48.4963    4.1532     % 
LB close or above UB, fathomed
2816   200    31         46.5625    48.4963    4.1532     % 
LB close or above UB, fathomed
2817   199    28         46.5625    48.4963    4.1532     % 
UB: 48.49630350194553
branching on 3 with b.
2818   200    29         46.5625    48.4963    4.1532     % 
UB: 48.49630350194553
branching on 1 with b.
2819   201    30         46.5625    48.4963    4.1532     % 
LB close or above UB, fathomed
2820   200    30         46.5625    48.4963    4.1532     % 
UB: 48.49630350194553
branching on 2 with b.
2821   201    31         46.5625    48.4963    4.1532     % 
UB: 48.49630350194553
branching on 3 with b.
2822   202    32         46.5625    48.4963    4.1532     % 
LB close or above UB, fathomed
2823   201    32         46.5625    48.4963    4.1532     % 
LB close or above UB, fathomed
2824   200    31         46.5625    48.4963    4.1532     % 
LB close or above UB, fathomed
2825   199    29         46.5625    48.4963    4.1532     % 
LB close or above UB, fathomed
2826   198    28         46.5625    48.4963    4.1532     % 
LB close or above UB, fathomed
2827   197    19         46.5625    48.4963    4.1532     % 
LB close or above UB, fathomed
2828   196    19         46.5625    48.4963    4.1532     % 
UB: 48.49630350194553
branching on CartesianIndex(1, 5) with c.
2829   197    20         46.5625    48.4963    4.1532     % 
LB close or above UB, fathomed
2830   196    20         46.5625    48.4963    4.1532     % 
LB close or above UB, fathomed
2831   195    29         46.5625    48.4963    4.1532     % 
LB close or above UB, fathomed
2832   194    29         46.5625    48.4963    4.1532     % 
LB close or above UB, fathomed
2833   193    17         46.5625    48.4963    4.1532     % 
LB close or above UB, fathomed
2834   192    17         46.5625    48.4963    4.1532     % 
LB close or above UB, fathomed
2835   191    32         46.5625    48.4963    4.1532     % 
LB close or above UB, fathomed
2836   190    32         46.5625    48.4963    4.1532     % 
LB close or above UB, fathomed
2837   189    35         46.5625    48.4963    4.1532     % 
UB: 48.49630350194553
branching on 1 with b.
2838   190    36         46.5625    48.4963    4.1532     % 
LB close or above UB, fathomed
2839   189    36         46.5625    48.4963    4.1532     % 
LB close or above UB, fathomed
2840   188    35         46.5625    48.4963    4.1532     % 
LB close or above UB, fathomed
2841   187    33         46.5625    48.4963    4.1532     % 
UB: 48.49630350194553
branching on 2 with b.
2842   188    34         46.5625    48.4963    4.1532     % 
LB close or above UB, fathomed
2843   187    34         46.5625    48.4963    4.1532     % 
LB close or above UB, fathomed
2844   186    33         46.5625    48.4963    4.1532     % 
LB close or above UB, fathomed
2845   185    18         46.5625    48.4963    4.1532     % 
LB close or above UB, fathomed
2846   184    18         46.5625    48.4963    4.1532     % 
LB close or above UB, fathomed
2847   183    17         46.5625    48.4963    4.1532     % 
LB close or above UB, fathomed
2848   182    17         46.5625    48.4963    4.1532     % 
LB close or above UB, fathomed
2849   181    34         46.5625    48.4963    4.1532     % 
LB close or above UB, fathomed
2850   180    34         46.5625    48.4963    4.1532     % 
LB close or above UB, fathomed
2851   179    35         46.5625    48.4963    4.1532     % 
UB: 48.49630350194553
branching on 1 with b.
2852   180    36         46.5625    48.4963    4.1532     % 
LB close or above UB, fathomed
2853   179    36         46.5625    48.4963    4.1532     % 
LB close or above UB, fathomed
2854   178    35         46.5625    48.4963    4.1532     % 
LB close or above UB, fathomed
2855   177    34         46.5625    48.4963    4.1532     % 
LB close or above UB, fathomed
2856   176    34         46.5625    48.4963    4.1532     % 
LB close or above UB, fathomed
2857   175    20         46.5625    48.4963    4.1532     % 
LB close or above UB, fathomed
2858   174    20         46.5625    48.4963    4.1532     % 
UB: 48.49630350194553
branching on CartesianIndex(1, 6) with c.
2859   175    21         46.5625    48.4963    4.1532     % 
LB close or above UB, fathomed
2860   174    21         46.5625    48.4963    4.1532     % 
UB: 48.49630350194553
branching on CartesianIndex(1, 7) with c.
2861   175    22         46.5625    48.4963    4.1532     % 
UB: 48.49630350194553
branching on 2 with b.
2862   176    23         46.5625    48.4963    4.1532     % 
UB: 48.49630350194553
branching on 3 with b.
2863   177    24         46.5625    48.4963    4.1532     % 
LB close or above UB, fathomed
2864   176    24         46.5625    48.4963    4.1532     % 
UB: 48.49630350194553
branching on 1 with b.
2865   177    25         46.5625    48.4963    4.1532     % 
UB: 48.49630350194553
branching on 2 with b.
2866   178    26         46.5625    48.4963    4.1532     % 
UB: 48.49630350194553
branching on 3 with b.
2867   179    27         46.5625    48.4963    4.1532     % 
LB close or above UB, fathomed
2868   178    27         46.5625    48.4963    4.1532     % 
LB close or above UB, fathomed
2869   177    26         46.5625    48.4963    4.1532     % 
UB: 48.49630350194553
branching on 3 with b.
2870   178    27         46.5625    48.4963    4.1532     % 
LB close or above UB, fathomed
2871   177    27         46.5625    48.4963    4.1532     % 
LB close or above UB, fathomed
2872   176    25         46.5625    48.4963    4.1532     % 
LB close or above UB, fathomed
2873   175    23         46.5625    48.4963    4.1532     % 
UB: 48.49630350194553
branching on 3 with b.
2874   176    24         46.5625    48.4963    4.1532     % 
LB close or above UB, fathomed
2875   175    24         46.5625    48.4963    4.1532     % 
UB: 48.49630350194553
branching on 1 with b.
2876   176    25         46.5625    48.4963    4.1532     % 
UB: 48.49630350194553
branching on 2 with b.
2877   177    26         46.5625    48.4963    4.1532     % 
UB: 48.49630350194553
branching on 3 with b.
2878   178    27         46.5625    48.4963    4.1532     % 
LB close or above UB, fathomed
2879   177    27         46.5625    48.4963    4.1532     % 
LB close or above UB, fathomed
2880   176    26         46.5625    48.4963    4.1532     % 
UB: 48.49630350194553
branching on 3 with b.
2881   177    27         46.5625    48.4963    4.1532     % 
LB close or above UB, fathomed
2882   176    27         46.5625    48.4963    4.1532     % 
LB close or above UB, fathomed
2883   175    25         46.5625    48.4963    4.1532     % 
LB close or above UB, fathomed
2884   174    22         46.5625    48.4963    4.1532     % 
LB close or above UB, fathomed
2885   173    27         46.5625    48.4963    4.1532     % 
LB close or above UB, fathomed
2886   172    27         46.5625    48.4963    4.1532     % 
LB close or above UB, fathomed
2887   171    34         46.5625    48.4963    4.1532     % 
LB close or above UB, fathomed
2888   170    34         46.5625    48.4963    4.1532     % 
LB close or above UB, fathomed
2889   169    37         46.5625    48.4963    4.1532     % 
LB close or above UB, fathomed
2890   168    37         46.5625    48.4963    4.1532     % 
LB close or above UB, fathomed
2891   167    36         46.5625    48.4963    4.1532     % 
LB close or above UB, fathomed
2892   166    36         46.5625    48.4963    4.1532     % 
LB close or above UB, fathomed
2893   165    34         46.5625    48.4963    4.1532     % 
UB: 48.49630350194553
branching on 2 with b.
2894   166    35         46.5625    48.4963    4.1532     % 
LB close or above UB, fathomed
2895   165    35         46.5625    48.4963    4.1532     % 
UB: 48.49630350194553
branching on 3 with b.
2896   166    36         46.5625    48.4963    4.1532     % 
LB close or above UB, fathomed
2897   165    36         46.5625    48.4963    4.1532     % 
LB close or above UB, fathomed
2898   164    34         46.5625    48.4963    4.1532     % 
UB: 48.49630350194553
branching on 2 with b.
2899   165    35         46.5625    48.4963    4.1532     % 
LB close or above UB, fathomed
2900   164    35         46.5625    48.4963    4.1532     % 
UB: 48.49630350194553
branching on 3 with b.
2901   165    36         46.5625    48.4963    4.1532     % 
LB close or above UB, fathomed
2902   164    36         46.5625    48.4963    4.1532     % 
LB close or above UB, fathomed
2903   163    38         46.5625    48.4963    4.1532     % 
LB close or above UB, fathomed
2904   162    38         46.5625    48.4963    4.1532     % 
LB close or above UB, fathomed
2905   161    38         46.5625    48.4963    4.1532     % 
LB close or above UB, fathomed
2906   160    38         46.5625    48.4963    4.1532     % 
LB close or above UB, fathomed
2907   159    39         46.5625    48.4963    4.1532     % 
UB: 48.49630350194553
branching on 2 with b.
2908   160    40         46.5625    48.4963    4.1532     % 
LB close or above UB, fathomed
2909   159    40         46.5625    48.4963    4.1532     % 
LB close or above UB, fathomed
2910   158    39         46.5625    48.4963    4.1532     % 
LB close or above UB, fathomed
2911   157    39         46.5625    48.4963    4.1532     % 
UB: 48.49630350194553
branching on 2 with b.
2912   158    40         46.5625    48.4963    4.1532     % 
UB: 48.49630350194553
branching on 3 with b.
2913   159    41         46.5625    48.4963    4.1532     % 
LB close or above UB, fathomed
2914   158    41         46.5625    48.4963    4.1532     % 
LB close or above UB, fathomed
2915   157    40         46.5625    48.4963    4.1532     % 
LB close or above UB, fathomed
2916   156    39         46.5625    48.4963    4.1532     % 
LB close or above UB, fathomed
2917   155    39         46.5625    48.4963    4.1532     % 
LB close or above UB, fathomed
2918   154    39         46.5625    48.4963    4.1532     % 
LB close or above UB, fathomed
2919   153    40         46.5625    48.4963    4.1532     % 
LB close or above UB, fathomed
2920   152    40         46.5625    48.4963    4.1532     % 
LB close or above UB, fathomed
2921   151    39         46.5625    48.4963    4.1532     % 
LB close or above UB, fathomed
2922   150    39         46.5625    48.4963    4.1532     % 
LB close or above UB, fathomed
2923   149    40         46.5625    48.4963    4.1532     % 
UB: 48.49630350194553
branching on 3 with b.
2924   150    41         46.5625    48.4963    4.1532     % 
LB close or above UB, fathomed
2925   149    41         46.5625    48.4963    4.1532     % 
UB: 48.49630350194553
branching on 1 with b.
2926   150    42         46.5625    48.4963    4.1532     % 
UB: 48.49630350194553
branching on 2 with b.
2927   151    43         46.5625    48.4963    4.1532     % 
UB: 48.49630350194553
branching on 3 with b.
2928   152    44         46.5625    48.4963    4.1532     % 
UB: 48.49630350194553
branching on 1 with b.
2929   153    45         46.5625    48.4963    4.1532     % 
UB: 48.49630350194553
branching on 2 with b.
2930   154    46         46.5625    48.4963    4.1532     % 
UB: 48.49630350194553
branching on 3 with b.
2931   155    47         46.5625    48.4963    4.1532     % 
LB close or above UB, fathomed
2932   154    47         46.5625    48.4963    4.1532     % 
UB: 48.49630350194553
branching on 1 with b.
2933   154    48         46.5625    48.4963    4.1532     % 
UB: 48.49630350194553
branching on 2 with b.
2934   155    49         46.5625    48.4963    4.1532     % 
UB: 48.49630350194553
branching on 3 with b.
2935   156    50         46.5625    48.4963    4.1532     % 
LB close or above UB, fathomed
2936   155    50         46.5625    48.4963    4.1532     % 
LB close or above UB, fathomed
2937   154    49         46.5625    48.4963    4.1532     % 
UB: 48.49630350194553
branching on 3 with b.
2938   155    50         46.5625    48.4963    4.1532     % 
LB close or above UB, fathomed
2939   154    50         46.5625    48.4963    4.1532     % 
LB close or above UB, fathomed
2940   153    46         46.5625    48.4963    4.1532     % 
LB close or above UB, fathomed
2941   152    45         46.5625    48.4963    4.1532     % 
UB: 48.49630350194553
branching on 2 with b.
2942   153    46         46.5625    48.4963    4.1532     % 
UB: 48.49630350194553
branching on 3 with b.
2943   154    47         46.5625    48.4963    4.1532     % 
LB close or above UB, fathomed
2944   153    47         46.5625    48.4963    4.1532     % 
UB: 48.49630350194553
branching on 1 with b.
2945   153    48         46.5625    48.4963    4.1532     % 
UB: 48.49630350194553
branching on 2 with b.
2946   154    49         46.5625    48.4963    4.1532     % 
UB: 48.49630350194553
branching on 3 with b.
2947   155    50         46.5625    48.4963    4.1532     % 
LB close or above UB, fathomed
2948   154    50         46.5625    48.4963    4.1532     % 
LB close or above UB, fathomed
2949   153    49         46.5625    48.4963    4.1532     % 
UB: 48.49630350194553
branching on 3 with b.
2950   154    50         46.5625    48.4963    4.1532     % 
LB close or above UB, fathomed
2951   153    50         46.5625    48.4963    4.1532     % 
LB close or above UB, fathomed
2952   152    46         46.5625    48.4963    4.1532     % 
LB close or above UB, fathomed
2953   151    44         46.5625    48.4963    4.1532     % 
LB close or above UB, fathomed
2954   150    43         46.5625    48.4963    4.1532     % 
LB close or above UB, fathomed
2955   149    42         46.5625    48.4963    4.1532     % 
UB: 48.49630350194553
branching on 2 with b.
2956   150    43         46.5625    48.4963    4.1532     % 
UB: 48.49630350194553
branching on 3 with b.
2957   151    44         46.5625    48.4963    4.1532     % 
UB: 48.49630350194553
branching on 1 with b.
2958   151    45         46.5625    48.4963    4.1532     % 
UB: 48.49630350194553
branching on 2 with b.
2959   152    46         46.5625    48.4963    4.1532     % 
UB: 48.49630350194553
branching on 3 with b.
2960   153    47         46.5625    48.4963    4.1532     % 
LB close or above UB, fathomed
2961   152    47         46.5625    48.4963    4.1532     % 
UB: 48.49630350194553
branching on 1 with b.
2962   152    48         46.5625    48.4963    4.1532     % 
UB: 48.49630350194553
branching on 2 with b.
2963   153    49         46.5625    48.4963    4.1532     % 
UB: 48.49630350194553
branching on 3 with b.
2964   154    50         46.5625    48.4963    4.1532     % 
LB close or above UB, fathomed
2965   153    50         46.5625    48.4963    4.1532     % 
LB close or above UB, fathomed
2966   152    49         46.5625    48.4963    4.1532     % 
UB: 48.49630350194553
branching on 3 with b.
2967   153    50         46.5625    48.4963    4.1532     % 
LB close or above UB, fathomed
2968   152    50         46.5625    48.4963    4.1532     % 
LB close or above UB, fathomed
2969   151    46         46.5625    48.4963    4.1532     % 
LB close or above UB, fathomed
2970   150    44         46.5625    48.4963    4.1532     % 
LB close or above UB, fathomed
2971   149    43         46.5625    48.4963    4.1532     % 
LB close or above UB, fathomed
2972   148    40         46.5625    48.4963    4.1532     % 
LB close or above UB, fathomed
2973   147    38         46.5625    48.4963    4.1532     % 
UB: 48.49630350194553
branching on 3 with b.
2974   148    39         46.5625    48.4963    4.1532     % 
LB close or above UB, fathomed
2975   147    39         46.5625    48.4963    4.1532     % 
LB close or above UB, fathomed
2976   146    38         46.5625    48.4963    4.1532     % 
LB close or above UB, fathomed
2977   145    33         46.5625    48.4963    4.1532     % 
LB close or above UB, fathomed
2978   144    33         46.5625    48.4963    4.1532     % 
LB close or above UB, fathomed
2979   143    34         46.5625    48.4963    4.1532     % 
LB close or above UB, fathomed
2980   142    34         46.5625    48.4963    4.1532     % 
UB: 48.49630350194553
branching on 2 with b.
2981   143    35         46.5625    48.4963    4.1532     % 
LB close or above UB, fathomed
2982   142    35         46.5625    48.4963    4.1532     % 
LB close or above UB, fathomed
2983   141    36         46.5625    48.4963    4.1532     % 
LB close or above UB, fathomed
2984   140    36         46.5625    48.4963    4.1532     % 
UB: 48.49630350194553
branching on 1 with b.
2985   141    37         46.5625    48.4963    4.1532     % 
UB: 48.49630350194553
branching on 2 with b.
2986   142    38         46.5625    48.4963    4.1532     % 
UB: 48.49630350194553
branching on 3 with b.
2987   143    39         46.5625    48.4963    4.1532     % 
LB close or above UB, fathomed
2988   142    39         46.5625    48.4963    4.1532     % 
UB: 48.49630350194553
branching on 1 with b.
2989   143    40         46.5625    48.4963    4.1532     % 
UB: 48.49630350194553
branching on 2 with b.
2990   144    41         46.5625    48.4963    4.1532     % 
UB: 48.49630350194553
branching on 3 with b.
2991   145    42         46.5625    48.4963    4.1532     % 
LB close or above UB, fathomed
2992   144    42         46.5625    48.4963    4.1532     % 
LB close or above UB, fathomed
2993   143    41         46.5625    48.4963    4.1532     % 
LB close or above UB, fathomed
2994   142    40         46.5625    48.4963    4.1532     % 
UB: 48.49630350194553
branching on 2 with b.
2995   143    41         46.5625    48.4963    4.1532     % 
UB: 48.49630350194553
branching on 3 with b.
2996   144    42         46.5625    48.4963    4.1532     % 
LB close or above UB, fathomed
2997   143    42         46.5625    48.4963    4.1532     % 
LB close or above UB, fathomed
2998   142    41         46.5625    48.4963    4.1532     % 
LB close or above UB, fathomed
2999   141    38         46.5625    48.4963    4.1532     % 
LB close or above UB, fathomed
3000   140    37         46.5625    48.4963    4.1532     % 
LB close or above UB, fathomed
3001   139    36         46.5625    48.4963    4.1532     % 
LB close or above UB, fathomed
3002   138    36         46.5625    48.4963    4.1532     % 
UB: 48.49630350194553
branching on 1 with b.
3003   139    37         46.5625    48.4963    4.1532     % 
UB: 48.49630350194553
branching on 2 with b.
3004   140    38         46.5625    48.4963    4.1532     % 
LB close or above UB, fathomed
3005   139    38         46.5625    48.4963    4.1532     % 
LB close or above UB, fathomed
3006   138    37         46.5625    48.4963    4.1532     % 
LB close or above UB, fathomed
3007   137    36         46.5625    48.4963    4.1532     % 
LB close or above UB, fathomed
3008   136    36         46.5625    48.4963    4.1532     % 
UB: 48.49630350194553
branching on 1 with b.
3009   137    37         46.5625    48.4963    4.1532     % 
LB close or above UB, fathomed
3010   136    37         46.5625    48.4963    4.1532     % 
UB: 48.49630350194553
branching on 2 with b.
3011   137    38         46.5625    48.4963    4.1532     % 
UB: 48.49630350194553
branching on 3 with b.
3012   138    39         46.5625    48.4963    4.1532     % 
LB close or above UB, fathomed
3013   137    39         46.5625    48.4963    4.1532     % 
UB: 48.49630350194553
branching on 1 with b.
3014   138    40         46.5625    48.4963    4.1532     % 
UB: 48.49630350194553
branching on 2 with b.
3015   139    41         46.5625    48.4963    4.1532     % 
UB: 48.49630350194553
branching on 3 with b.
3016   140    42         46.5625    48.4963    4.1532     % 
LB close or above UB, fathomed
3017   139    42         46.5625    48.4963    4.1532     % 
LB close or above UB, fathomed
3018   138    41         46.5625    48.4963    4.1532     % 
LB close or above UB, fathomed
3019   137    40         46.5625    48.4963    4.1532     % 
UB: 48.49630350194553
branching on 2 with b.
3020   138    41         46.5625    48.4963    4.1532     % 
UB: 48.49630350194553
branching on 3 with b.
3021   139    42         46.5625    48.4963    4.1532     % 
LB close or above UB, fathomed
3022   138    42         46.5625    48.4963    4.1532     % 
LB close or above UB, fathomed
3023   137    41         46.5625    48.4963    4.1532     % 
LB close or above UB, fathomed
3024   136    38         46.5625    48.4963    4.1532     % 
LB close or above UB, fathomed
3025   135    36         46.5625    48.4963    4.1532     % 
LB close or above UB, fathomed
3026   134    36         46.5625    48.4963    4.1532     % 
UB: 48.49630350194553
branching on 1 with b.
3027   135    37         46.5625    48.4963    4.1532     % 
LB close or above UB, fathomed
3028   134    37         46.5625    48.4963    4.1532     % 
UB: 48.49630350194553
branching on 2 with b.
3029   135    38         46.5625    48.4963    4.1532     % 
LB close or above UB, fathomed
3030   134    38         46.5625    48.4963    4.1532     % 
LB close or above UB, fathomed
3031   133    19         46.5625    48.4963    4.1532     % 
LB close or above UB, fathomed
3032   132    19         46.5625    48.4963    4.1532     % 
LB close or above UB, fathomed
3033   131    30         46.5625    48.4963    4.1532     % 
UB: 48.49630350194553
branching on 3 with b.
3034   132    31         46.5625    48.4963    4.1532     % 
LB close or above UB, fathomed
3035   131    31         46.5625    48.4963    4.1532     % 
UB: 48.49630350194553
branching on 1 with b.
3036   132    32         46.5625    48.4963    4.1532     % 
UB: 48.49630350194553
branching on 2 with b.
3037   133    33         46.5625    48.4963    4.1532     % 
LB close or above UB, fathomed
3038   132    33         46.5625    48.4963    4.1532     % 
LB close or above UB, fathomed
3039   131    32         46.5625    48.4963    4.1532     % 
UB: 48.49630350194553
branching on 2 with b.
3040   132    33         46.5625    48.4963    4.1532     % 
LB close or above UB, fathomed
3041   131    33         46.5625    48.4963    4.1532     % 
LB close or above UB, fathomed
3042   130    30         46.5625    48.4963    4.1532     % 
LB close or above UB, fathomed
3043   129    19         46.5625    48.4963    4.1532     % 
LB close or above UB, fathomed
3044   128    19         46.5625    48.4963    4.1532     % 
LB close or above UB, fathomed
3045   127    20         46.5625    48.4963    4.1532     % 
UB: 48.49630350194553
branching on 3 with b.
3046   128    21         46.5625    48.4963    4.1532     % 
LB close or above UB, fathomed
3047   127    21         46.5625    48.4963    4.1532     % 
UB: 48.49630350194553
branching on 1 with b.
3048   128    22         46.5625    48.4963    4.1532     % 
UB: 48.49630350194553
branching on 2 with b.
3049   129    23         46.5625    48.4963    4.1532     % 
UB: 48.49630350194553
branching on 3 with b.
3050   130    24         46.5625    48.4963    4.1532     % 
LB close or above UB, fathomed
3051   129    24         46.5625    48.4963    4.1532     % 
LB close or above UB, fathomed
3052   128    23         46.5625    48.4963    4.1532     % 
UB: 48.49630350194553
branching on 3 with b.
3053   129    24         46.5625    48.4963    4.1532     % 
LB close or above UB, fathomed
3054   128    24         46.5625    48.4963    4.1532     % 
LB close or above UB, fathomed
3055   127    22         46.5625    48.4963    4.1532     % 
LB close or above UB, fathomed
3056   126    20         46.5625    48.4963    4.1532     % 
UB: 48.49630350194553
branching on 3 with b.
3057   127    21         46.5625    48.4963    4.1532     % 
LB close or above UB, fathomed
3058   126    21         46.5625    48.4963    4.1532     % 
UB: 48.49630350194553
branching on 1 with b.
3059   127    22         46.5625    48.4963    4.1532     % 
UB: 48.49630350194553
branching on 2 with b.
3060   128    23         46.5625    48.4963    4.1532     % 
UB: 48.49630350194553
branching on 3 with b.
3061   129    24         46.5625    48.4963    4.1532     % 
LB close or above UB, fathomed
3062   128    24         46.5625    48.4963    4.1532     % 
LB close or above UB, fathomed
3063   127    23         46.5625    48.4963    4.1532     % 
UB: 48.49630350194553
branching on 3 with b.
3064   128    24         46.5625    48.4963    4.1532     % 
LB close or above UB, fathomed
3065   127    24         46.5625    48.4963    4.1532     % 
LB close or above UB, fathomed
3066   126    22         46.5625    48.4963    4.1532     % 
LB close or above UB, fathomed
3067   125    11         46.5625    48.4963    4.1532     % 
LB close or above UB, fathomed
3068   124    11         46.5625    48.4963    4.1532     % 
UB: 48.49630350194553
branching on 2 with b.
3069   125    12         46.5625    48.4963    4.1532     % 
UB: 48.49630350194553
branching on CartesianIndex(1, 4) with c.
3070   126    13         46.5625    48.4963    4.1532     % 
LB close or above UB, fathomed
3071   125    13         46.5625    48.4963    4.1532     % 
UB: 48.49630350194553
branching on 3 with b.
3072   126    14         46.5625    48.4963    4.1532     % 
LB close or above UB, fathomed
3073   125    14         46.5625    48.4963    4.1532     % 
LB close or above UB, fathomed
3074   124    12         46.5625    48.4963    4.1532     % 
LB close or above UB, fathomed
3075   123    31         46.5625    48.4963    4.1532     % 
LB close or above UB, fathomed
3076   122    31         46.5625    48.4963    4.1532     % 
LB close or above UB, fathomed
3077   121    31         46.5625    48.4963    4.1532     % 
LB close or above UB, fathomed
3078   120    31         46.5625    48.4963    4.1532     % 
LB close or above UB, fathomed
3079   119    21         46.5625    48.4963    4.1532     % 
UB: 48.49630350194553
branching on 3 with b.
3080   120    22         46.5625    48.4963    4.1532     % 
LB close or above UB, fathomed
3081   119    22         46.5625    48.4963    4.1532     % 
UB: 48.49630350194553
branching on 1 with b.
3082   120    23         46.5625    48.4963    4.1532     % 
UB: 48.49630350194553
branching on 2 with b.
3083   121    24         46.5625    48.4963    4.1532     % 
UB: 48.49630350194553
branching on 3 with b.
3084   122    25         46.5625    48.4963    4.1532     % 
LB close or above UB, fathomed
3085   121    25         46.5625    48.4963    4.1532     % 
LB close or above UB, fathomed
3086   120    24         46.5625    48.4963    4.1532     % 
UB: 48.49630350194553
branching on 3 with b.
3087   121    25         46.5625    48.4963    4.1532     % 
LB close or above UB, fathomed
3088   120    25         46.5625    48.4963    4.1532     % 
LB close or above UB, fathomed
3089   119    23         46.5625    48.4963    4.1532     % 
LB close or above UB, fathomed
3090   118    21         46.5625    48.4963    4.1532     % 
UB: 48.49630350194553
branching on 3 with b.
3091   119    22         46.5625    48.4963    4.1532     % 
LB close or above UB, fathomed
3092   118    22         46.5625    48.4963    4.1532     % 
UB: 48.49630350194553
branching on 1 with b.
3093   119    23         46.5625    48.4963    4.1532     % 
UB: 48.49630350194553
branching on 2 with b.
3094   120    24         46.5625    48.4963    4.1532     % 
UB: 48.49630350194553
branching on 3 with b.
3095   121    25         46.5625    48.4963    4.1532     % 
LB close or above UB, fathomed
3096   120    25         46.5625    48.4963    4.1532     % 
LB close or above UB, fathomed
3097   119    24         46.5625    48.4963    4.1532     % 
UB: 48.49630350194553
branching on 3 with b.
3098   120    25         46.5625    48.4963    4.1532     % 
LB close or above UB, fathomed
3099   119    25         46.5625    48.4963    4.1532     % 
LB close or above UB, fathomed
3100   118    23         46.5625    48.4963    4.1532     % 
LB close or above UB, fathomed
3101   117    26         46.5625    48.4963    4.1532     % 
LB close or above UB, fathomed
3102   116    26         46.5625    48.4963    4.1532     % 
UB: 48.49630350194553
branching on 1 with b.
3103   117    27         46.5625    48.4963    4.1532     % 
LB close or above UB, fathomed
3104   116    27         46.5625    48.4963    4.1532     % 
LB close or above UB, fathomed
3105   115    32         46.5625    48.4963    4.1532     % 
LB close or above UB, fathomed
3106   114    32         46.5625    48.4963    4.1532     % 
LB close or above UB, fathomed
3107   113    30         46.5625    48.4963    4.1532     % 
LB close or above UB, fathomed
3108   112    30         46.5625    48.4963    4.1532     % 
LB close or above UB, fathomed
3109   111    33         46.5625    48.4963    4.1532     % 
LB close or above UB, fathomed
3110   110    33         46.5625    48.4963    4.1532     % 
UB: 48.49630350194553
branching on 1 with b.
3111   111    34         46.5625    48.4963    4.1532     % 
LB close or above UB, fathomed
3112   110    34         46.5625    48.4963    4.1532     % 
LB close or above UB, fathomed
3113   109    19         46.5625    48.4963    4.1532     % 
UB: 48.49630350194553
branching on CartesianIndex(1, 6) with c.
3114   110    20         46.5625    48.4963    4.1532     % 
LB close or above UB, fathomed
3115   109    20         46.5625    48.4963    4.1532     % 
UB: 48.49630350194553
branching on CartesianIndex(1, 7) with c.
3116   110    21         46.5625    48.4963    4.1532     % 
UB: 48.49630350194553
branching on 3 with b.
3117   111    22         46.5625    48.4963    4.1532     % 
LB close or above UB, fathomed
3118   110    22         46.5625    48.4963    4.1532     % 
UB: 48.49630350194553
branching on 1 with b.
3119   111    23         46.5625    48.4963    4.1532     % 
UB: 48.49630350194553
branching on 2 with b.
3120   112    24         46.5625    48.4963    4.1532     % 
UB: 48.49630350194553
branching on 3 with b.
3121   113    25         46.5625    48.4963    4.1532     % 
LB close or above UB, fathomed
3122   112    25         46.5625    48.4963    4.1532     % 
LB close or above UB, fathomed
3123   111    24         46.5625    48.4963    4.1532     % 
UB: 48.49630350194553
branching on 3 with b.
3124   112    25         46.5625    48.4963    4.1532     % 
LB close or above UB, fathomed
3125   111    25         46.5625    48.4963    4.1532     % 
LB close or above UB, fathomed
3126   110    23         46.5625    48.4963    4.1532     % 
LB close or above UB, fathomed
3127   109    21         46.5625    48.4963    4.1532     % 
LB close or above UB, fathomed
3128   108    19         46.5625    48.4963    4.1532     % 
UB: 48.49630350194553
branching on 3 with b.
3129   109    20         46.5625    48.4963    4.1532     % 
LB close or above UB, fathomed
3130   108    20         46.5625    48.4963    4.1532     % 
UB: 48.49630350194553
branching on CartesianIndex(1, 6) with c.
3131   109    21         46.5625    48.4963    4.1532     % 
LB close or above UB, fathomed
3132   108    21         46.5625    48.4963    4.1532     % 
UB: 48.49630350194553
branching on CartesianIndex(1, 7) with c.
3133   109    22         46.5625    48.4963    4.1532     % 
UB: 48.49630350194553
branching on 1 with b.
3134   110    23         46.5625    48.4963    4.1532     % 
UB: 48.49630350194553
branching on 2 with b.
3135   111    24         46.5625    48.4963    4.1532     % 
UB: 48.49630350194553
branching on 3 with b.
3136   112    25         46.5625    48.4963    4.1532     % 
LB close or above UB, fathomed
3137   111    25         46.5625    48.4963    4.1532     % 
LB close or above UB, fathomed
3138   110    24         46.5625    48.4963    4.1532     % 
UB: 48.49630350194553
branching on 3 with b.
3139   111    25         46.5625    48.4963    4.1532     % 
LB close or above UB, fathomed
3140   110    25         46.5625    48.4963    4.1532     % 
LB close or above UB, fathomed
3141   109    23         46.5625    48.4963    4.1532     % 
LB close or above UB, fathomed
3142   108    22         46.5625    48.4963    4.1532     % 
LB close or above UB, fathomed
3143   107    30         46.5625    48.4963    4.1532     % 
LB close or above UB, fathomed
3144   106    30         46.5625    48.4963    4.1532     % 
LB close or above UB, fathomed
3145   105    27         46.5625    48.4963    4.1532     % 
UB: 48.49630350194553
branching on 1 with b.
3146   106    28         46.5625    48.4963    4.1532     % 
LB close or above UB, fathomed
3147   105    28         46.5625    48.4963    4.1532     % 
LB close or above UB, fathomed
3148   104    27         46.5625    48.4963    4.1532     % 
LB close or above UB, fathomed
3149   103    33         46.5625    48.4963    4.1532     % 
LB close or above UB, fathomed
3150   102    33         46.5625    48.4963    4.1532     % 
LB close or above UB, fathomed
3151   101    19         46.5625    48.4963    4.1532     % 
UB: 48.49630350194553
branching on 2 with b.
3152   102    20         46.5625    48.4963    4.1532     % 
UB: 48.49630350194553
branching on 3 with b.
3153   103    21         46.5625    48.4963    4.1532     % 
LB close or above UB, fathomed
3154   102    21         46.5625    48.4963    4.1532     % 
UB: 48.49630350194553
branching on 1 with b.
3155   103    22         46.5625    48.4963    4.1532     % 
UB: 48.49630350194553
branching on 2 with b.
3156   104    23         46.5625    48.4963    4.1532     % 
UB: 48.49630350194553
branching on 3 with b.
3157   105    24         46.5625    48.4963    4.1532     % 
LB close or above UB, fathomed
3158   104    24         46.5625    48.4963    4.1532     % 
LB close or above UB, fathomed
3159   103    23         46.5625    48.4963    4.1532     % 
UB: 48.49630350194553
branching on 3 with b.
3160   104    24         46.5625    48.4963    4.1532     % 
LB close or above UB, fathomed
3161   103    24         46.5625    48.4963    4.1532     % 
LB close or above UB, fathomed
3162   102    22         46.5625    48.4963    4.1532     % 
LB close or above UB, fathomed
3163   101    20         46.5625    48.4963    4.1532     % 
UB: 48.49630350194553
branching on 3 with b.
3164   102    21         46.5625    48.4963    4.1532     % 
LB close or above UB, fathomed
3165   101    21         46.5625    48.4963    4.1532     % 
UB: 48.49630350194553
branching on 1 with b.
3166   102    22         46.5625    48.4963    4.1532     % 
UB: 48.49630350194553
branching on 2 with b.
3167   103    23         46.5625    48.4963    4.1532     % 
UB: 48.49630350194553
branching on 3 with b.
3168   104    24         46.5625    48.4963    4.1532     % 
LB close or above UB, fathomed
3169   103    24         46.5625    48.4963    4.1532     % 
LB close or above UB, fathomed
3170   102    23         46.5625    48.4963    4.1532     % 
UB: 48.49630350194553
branching on 3 with b.
3171   103    24         46.5625    48.4963    4.1532     % 
LB close or above UB, fathomed
3172   102    24         46.5625    48.4963    4.1532     % 
LB close or above UB, fathomed
3173   101    22         46.5625    48.4963    4.1532     % 
LB close or above UB, fathomed
3174   100    19         46.5625    48.4963    4.1532     % 
LB close or above UB, fathomed
3175   99     32         46.5625    48.4963    4.1532     % 
LB close or above UB, fathomed
3176   98     32         46.5625    48.4963    4.1532     % 
LB close or above UB, fathomed
3177   97     20         46.5625    48.4963    4.1532     % 
UB: 48.49630350194553
branching on 3 with b.
3178   98     21         46.5625    48.4963    4.1532     % 
LB close or above UB, fathomed
3179   97     21         46.5625    48.4963    4.1532     % 
UB: 48.49630350194553
branching on 1 with b.
3180   98     22         46.5625    48.4963    4.1532     % 
UB: 48.49630350194553
branching on 2 with b.
3181   99     23         46.5625    48.4963    4.1532     % 
UB: 48.49630350194553
branching on 3 with b.
3182   100    24         46.5625    48.4963    4.1532     % 
LB close or above UB, fathomed
3183   99     24         46.5625    48.4963    4.1532     % 
LB close or above UB, fathomed
3184   98     23         46.5625    48.4963    4.1532     % 
UB: 48.49630350194553
branching on 3 with b.
3185   99     24         46.5625    48.4963    4.1532     % 
LB close or above UB, fathomed
3186   98     24         46.5625    48.4963    4.1532     % 
LB close or above UB, fathomed
3187   97     22         46.5625    48.4963    4.1532     % 
LB close or above UB, fathomed
3188   96     20         46.5625    48.4963    4.1532     % 
UB: 48.49630350194553
branching on 3 with b.
3189   97     21         46.5625    48.4963    4.1532     % 
LB close or above UB, fathomed
3190   96     21         46.5625    48.4963    4.1532     % 
UB: 48.49630350194553
branching on 1 with b.
3191   97     22         46.5625    48.4963    4.1532     % 
UB: 48.49630350194553
branching on 2 with b.
3192   98     23         46.5625    48.4963    4.1532     % 
UB: 48.49630350194553
branching on 3 with b.
3193   99     24         46.5625    48.4963    4.1532     % 
LB close or above UB, fathomed
3194   98     24         46.5625    48.4963    4.1532     % 
LB close or above UB, fathomed
3195   97     23         46.5625    48.4963    4.1532     % 
UB: 48.49630350194553
branching on 3 with b.
3196   98     24         46.5625    48.4963    4.1532     % 
LB close or above UB, fathomed
3197   97     24         46.5625    48.4963    4.1532     % 
LB close or above UB, fathomed
3198   96     22         46.5625    48.4963    4.1532     % 
LB close or above UB, fathomed
3199   95     32         46.5625    48.4963    4.1532     % 
LB close or above UB, fathomed
3200   94     32         46.5625    48.4963    4.1532     % 
LB close or above UB, fathomed
3201   93     36         46.5625    48.4963    4.1532     % 
LB close or above UB, fathomed
3202   92     36         46.5625    48.4963    4.1532     % 
UB: 48.49630350194553
branching on 2 with b.
3203   93     37         46.5625    48.4963    4.1532     % 
LB close or above UB, fathomed
3204   92     37         46.5625    48.4963    4.1532     % 
LB close or above UB, fathomed
3205   91     37         46.5625    48.4963    4.1532     % 
LB close or above UB, fathomed
3206   90     37         46.5625    48.4963    4.1532     % 
LB close or above UB, fathomed
3207   89     36         46.5625    48.4963    4.1532     % 
LB close or above UB, fathomed
3208   88     36         46.5625    48.4963    4.1532     % 
UB: 48.49630350194553
branching on 2 with b.
3209   89     37         46.5625    48.4963    4.1532     % 
LB close or above UB, fathomed
3210   88     37         46.5625    48.4963    4.1532     % 
LB close or above UB, fathomed
3211   87     32         46.5625    48.4963    4.1532     % 
LB close or above UB, fathomed
3212   86     32         46.5625    48.4963    4.1532     % 
LB close or above UB, fathomed
3213   85     33         46.5625    48.4963    4.1532     % 
LB close or above UB, fathomed
3214   84     33         46.5625    48.4963    4.1532     % 
LB close or above UB, fathomed
3215   83     29         46.5625    48.4963    4.1532     % 
LB close or above UB, fathomed
3216   82     29         46.5625    48.4963    4.1532     % 
UB: 48.49630350194553
branching on 1 with b.
3217   83     30         46.5625    48.4963    4.1532     % 
LB close or above UB, fathomed
3218   82     30         46.5625    48.4963    4.1532     % 
LB close or above UB, fathomed
3219   81     23         46.5625    48.4963    4.1532     % 
LB close or above UB, fathomed
3220   80     23         46.5625    48.4963    4.1532     % 
UB: 48.49630350194553
branching on 3 with b.
3221   81     24         46.5625    48.4963    4.1532     % 
LB close or above UB, fathomed
3222   80     24         46.5625    48.4963    4.1532     % 
UB: 48.49630350194553
branching on 1 with b.
3223   81     25         46.5625    48.4963    4.1532     % 
UB: 48.49630350194553
branching on 2 with b.
3224   82     26         46.5625    48.4963    4.1532     % 
UB: 48.49630350194553
branching on 3 with b.
3225   83     27         46.5625    48.4963    4.1532     % 
LB close or above UB, fathomed
3226   82     27         46.5625    48.4963    4.1532     % 
LB close or above UB, fathomed
3227   81     26         46.5625    48.4963    4.1532     % 
UB: 48.49630350194553
branching on 3 with b.
3228   82     27         46.5625    48.4963    4.1532     % 
LB close or above UB, fathomed
3229   81     27         46.5625    48.4963    4.1532     % 
LB close or above UB, fathomed
3230   80     25         46.5625    48.4963    4.1532     % 
LB close or above UB, fathomed
3231   79     23         46.5625    48.4963    4.1532     % 
UB: 48.49630350194553
branching on 3 with b.
3232   80     24         46.5625    48.4963    4.1532     % 
LB close or above UB, fathomed
3233   79     24         46.5625    48.4963    4.1532     % 
UB: 48.49630350194553
branching on 1 with b.
3234   80     25         46.5625    48.4963    4.1532     % 
UB: 48.49630350194553
branching on 2 with b.
3235   81     26         46.5625    48.4963    4.1532     % 
UB: 48.49630350194553
branching on 3 with b.
3236   82     27         46.5625    48.4963    4.1532     % 
LB close or above UB, fathomed
3237   81     27         46.5625    48.4963    4.1532     % 
LB close or above UB, fathomed
3238   80     26         46.5625    48.4963    4.1532     % 
UB: 48.49630350194553
branching on 3 with b.
3239   81     27         46.5625    48.4963    4.1532     % 
LB close or above UB, fathomed
3240   80     27         46.5625    48.4963    4.1532     % 
LB close or above UB, fathomed
3241   79     25         46.5625    48.4963    4.1532     % 
LB close or above UB, fathomed
3242   78     23         46.5625    48.4963    4.1532     % 
UB: 48.49630350194553
branching on 3 with b.
3243   79     24         46.5625    48.4963    4.1532     % 
LB close or above UB, fathomed
3244   78     24         46.5625    48.4963    4.1532     % 
UB: 48.49630350194553
branching on 1 with b.
3245   79     25         46.5625    48.4963    4.1532     % 
UB: 48.49630350194553
branching on 2 with b.
3246   80     26         46.5625    48.4963    4.1532     % 
UB: 48.49630350194553
branching on 3 with b.
3247   81     27         46.5625    48.4963    4.1532     % 
LB close or above UB, fathomed
3248   80     27         46.5625    48.4963    4.1532     % 
LB close or above UB, fathomed
3249   79     26         46.5625    48.4963    4.1532     % 
UB: 48.49630350194553
branching on 3 with b.
3250   80     27         46.5625    48.4963    4.1532     % 
LB close or above UB, fathomed
3251   79     27         46.5625    48.4963    4.1532     % 
LB close or above UB, fathomed
3252   78     25         46.5625    48.4963    4.1532     % 
LB close or above UB, fathomed
3253   77     23         46.5625    48.4963    4.1532     % 
UB: 48.49630350194553
branching on 3 with b.
3254   78     24         46.5625    48.4963    4.1532     % 
LB close or above UB, fathomed
3255   77     24         46.5625    48.4963    4.1532     % 
UB: 48.49630350194553
branching on 1 with b.
3256   78     25         46.5625    48.4963    4.1532     % 
UB: 48.49630350194553
branching on 2 with b.
3257   79     26         46.5625    48.4963    4.1532     % 
UB: 48.49630350194553
branching on 3 with b.
3258   80     27         46.5625    48.4963    4.1532     % 
LB close or above UB, fathomed
3259   79     27         46.5625    48.4963    4.1532     % 
LB close or above UB, fathomed
3260   78     26         46.5625    48.4963    4.1532     % 
UB: 48.49630350194553
branching on 3 with b.
3261   79     27         46.5625    48.4963    4.1532     % 
LB close or above UB, fathomed
3262   78     27         46.5625    48.4963    4.1532     % 
LB close or above UB, fathomed
3263   77     25         46.5625    48.4963    4.1532     % 
LB close or above UB, fathomed
3264   76     23         46.5625    48.4963    4.1532     % 
UB: 48.49630350194553
branching on 3 with b.
3265   77     24         46.5625    48.4963    4.1532     % 
LB close or above UB, fathomed
3266   76     24         46.5625    48.4963    4.1532     % 
UB: 48.49630350194553
branching on 1 with b.
3267   77     25         46.5625    48.4963    4.1532     % 
UB: 48.49630350194553
branching on 2 with b.
3268   78     26         46.5625    48.4963    4.1532     % 
UB: 48.49630350194553
branching on 3 with b.
3269   79     27         46.5625    48.4963    4.1532     % 
LB close or above UB, fathomed
3270   78     27         46.5625    48.4963    4.1532     % 
LB close or above UB, fathomed
3271   77     26         46.5625    48.4963    4.1532     % 
UB: 48.49630350194553
branching on 3 with b.
3272   78     27         46.5625    48.4963    4.1532     % 
LB close or above UB, fathomed
3273   77     27         46.5625    48.4963    4.1532     % 
LB close or above UB, fathomed
3274   76     25         46.5625    48.4963    4.1532     % 
LB close or above UB, fathomed
3275   75     26         46.5625    48.4963    4.1532     % 
LB close or above UB, fathomed
3276   74     26         46.5625    48.4963    4.1532     % 
LB close or above UB, fathomed
3277   73     26         46.5625    48.4963    4.1532     % 
LB close or above UB, fathomed
3278   72     26         46.5625    48.4963    4.1532     % 
LB close or above UB, fathomed
3279   71     25         46.5625    48.4963    4.1532     % 
UB: 48.49630350194553
branching on 3 with b.
3280   72     26         46.5625    48.4963    4.1532     % 
LB close or above UB, fathomed
3281   71     26         46.5625    48.4963    4.1532     % 
UB: 48.49630350194553
branching on 1 with b.
3282   72     27         46.5625    48.4963    4.1532     % 
LB close or above UB, fathomed
3283   71     27         46.5625    48.4963    4.1532     % 
LB close or above UB, fathomed
3284   70     25         46.5625    48.4963    4.1532     % 
LB close or above UB, fathomed
3285   69     23         46.5625    48.4963    4.1532     % 
UB: 48.49630350194553
branching on 3 with b.
3286   70     24         46.5625    48.4963    4.1532     % 
LB close or above UB, fathomed
3287   69     24         46.5625    48.4963    4.1532     % 
UB: 48.49630350194553
branching on 1 with b.
3288   70     25         46.5625    48.4963    4.1532     % 
UB: 48.49630350194553
branching on 2 with b.
3289   71     26         46.5625    48.4963    4.1532     % 
UB: 48.49630350194553
branching on 3 with b.
3290   72     27         46.5625    48.4963    4.1532     % 
LB close or above UB, fathomed
3291   71     27         46.5625    48.4963    4.1532     % 
LB close or above UB, fathomed
3292   70     26         46.5625    48.4963    4.1532     % 
UB: 48.49630350194553
branching on 3 with b.
3293   71     27         46.5625    48.4963    4.1532     % 
LB close or above UB, fathomed
3294   70     27         46.5625    48.4963    4.1532     % 
LB close or above UB, fathomed
3295   69     25         46.5625    48.4963    4.1532     % 
LB close or above UB, fathomed
3296   68     23         46.5625    48.4963    4.1532     % 
UB: 48.49630350194553
branching on 3 with b.
3297   69     24         46.5625    48.4963    4.1532     % 
LB close or above UB, fathomed
3298   68     24         46.5625    48.4963    4.1532     % 
UB: 48.49630350194553
branching on 1 with b.
3299   69     25         46.5625    48.4963    4.1532     % 
UB: 48.49630350194553
branching on 2 with b.
3300   70     26         46.5625    48.4963    4.1532     % 
UB: 48.49630350194553
branching on 3 with b.
3301   71     27         46.5625    48.4963    4.1532     % 
LB close or above UB, fathomed
3302   70     27         46.5625    48.4963    4.1532     % 
LB close or above UB, fathomed
3303   69     26         46.5625    48.4963    4.1532     % 
UB: 48.49630350194553
branching on 3 with b.
3304   70     27         46.5625    48.4963    4.1532     % 
LB close or above UB, fathomed
3305   69     27         46.5625    48.4963    4.1532     % 
LB close or above UB, fathomed
3306   68     25         46.5625    48.4963    4.1532     % 
LB close or above UB, fathomed
3307   67     23         46.5625    48.4963    4.1532     % 
UB: 48.49630350194553
branching on 3 with b.
3308   68     24         46.5625    48.4963    4.1532     % 
LB close or above UB, fathomed
3309   67     24         46.5625    48.4963    4.1532     % 
UB: 48.49630350194553
branching on 1 with b.
3310   68     25         46.5625    48.4963    4.1532     % 
LB close or above UB, fathomed
3311   67     25         46.5625    48.4963    4.1532     % 
LB close or above UB, fathomed
3312   66     23         46.5625    48.4963    4.1532     % 
LB close or above UB, fathomed
3313   65     30         46.5625    48.4963    4.1532     % 
LB close or above UB, fathomed
3314   64     30         46.5625    48.4963    4.1532     % 
UB: 48.49630350194553
branching on 3 with b.
3315   65     31         46.5625    48.4963    4.1532     % 
LB close or above UB, fathomed
3316   64     31         46.5625    48.4963    4.1532     % 
LB close or above UB, fathomed
3317   63     31         46.5625    48.4963    4.1532     % 
LB close or above UB, fathomed
3318   62     31         46.5625    48.4963    4.1532     % 
LB close or above UB, fathomed
3319   61     34         46.5625    48.4963    4.1532     % 
LB close or above UB, fathomed
3320   60     34         46.5625    48.4963    4.1532     % 
LB close or above UB, fathomed
3321   59     35         46.5625    48.4963    4.1532     % 
LB close or above UB, fathomed
3322   58     35         46.5625    48.4963    4.1532     % 
LB close or above UB, fathomed
3323   57     26         46.5625    48.4963    4.1532     % 
LB close or above UB, fathomed
3324   56     26         46.5625    48.4963    4.1532     % 
LB close or above UB, fathomed
3325   55     33         46.5625    48.4963    4.1532     % 
LB close or above UB, fathomed
3326   54     33         46.5625    48.4963    4.1532     % 
LB close or above UB, fathomed
3327   53     25         46.5625    48.4963    4.1532     % 
LB close or above UB, fathomed
3328   52     25         46.5625    48.4963    4.1532     % 
LB close or above UB, fathomed
3329   51     34         46.5625    48.4963    4.1532     % 
LB close or above UB, fathomed
3330   50     34         46.5625    48.4963    4.1532     % 
UB: 48.49630350194553
branching on 2 with b.
3331   51     35         46.5625    48.4963    4.1532     % 
LB close or above UB, fathomed
3332   50     35         46.5625    48.4963    4.1532     % 
LB close or above UB, fathomed
3333   49     26         46.5625    48.4963    4.1532     % 
LB close or above UB, fathomed
3334   48     26         46.5625    48.4963    4.1532     % 
LB close or above UB, fathomed
3335   47     22         46.5625    48.4963    4.1532     % 
UB: 48.49630350194553
branching on 3 with b.
3336   48     23         46.5625    48.4963    4.1532     % 
LB close or above UB, fathomed
3337   47     23         46.5625    48.4963    4.1532     % 
UB: 48.49630350194553
branching on 1 with b.
3338   48     24         46.5625    48.4963    4.1532     % 
LB close or above UB, fathomed
3339   47     24         46.5625    48.4963    4.1532     % 
LB close or above UB, fathomed
3340   46     22         46.5625    48.4963    4.1532     % 
LB close or above UB, fathomed
3341   45     15         46.5625    48.4963    4.1532     % 
LB close or above UB, fathomed
3342   44     15         46.5625    48.4963    4.1532     % 
LB close or above UB, fathomed
3343   43     21         46.5625    48.4963    4.1532     % 
LB close or above UB, fathomed
3344   42     21         46.5625    48.4963    4.1532     % 
UB: 48.49630350194553
branching on CartesianIndex(1, 7) with c.
3345   43     22         46.5625    48.4963    4.1532     % 
UB: 48.49630350194553
branching on 2 with b.
3346   44     23         46.5625    48.4963    4.1532     % 
UB: 48.49630350194553
branching on 3 with b.
3347   45     24         46.5625    48.4963    4.1532     % 
LB close or above UB, fathomed
3348   44     24         46.5625    48.4963    4.1532     % 
UB: 48.49630350194553
branching on 1 with b.
3349   45     25         46.5625    48.4963    4.1532     % 
UB: 48.49630350194553
branching on 2 with b.
3350   46     26         46.5625    48.4963    4.1532     % 
UB: 48.49630350194553
branching on 3 with b.
3351   47     27         46.5625    48.4963    4.1532     % 
LB close or above UB, fathomed
3352   46     27         46.5625    48.4963    4.1532     % 
LB close or above UB, fathomed
3353   45     26         46.5625    48.4963    4.1532     % 
UB: 48.49630350194553
branching on 3 with b.
3354   46     27         46.5625    48.4963    4.1532     % 
LB close or above UB, fathomed
3355   45     27         46.5625    48.4963    4.1532     % 
LB close or above UB, fathomed
3356   44     25         46.5625    48.4963    4.1532     % 
LB close or above UB, fathomed
3357   43     23         46.5625    48.4963    4.1532     % 
UB: 48.49630350194553
branching on 3 with b.
3358   44     24         46.5625    48.4963    4.1532     % 
LB close or above UB, fathomed
3359   43     24         46.5625    48.4963    4.1532     % 
UB: 48.49630350194553
branching on 1 with b.
3360   44     25         46.5625    48.4963    4.1532     % 
UB: 48.49630350194553
branching on 2 with b.
3361   45     26         46.5625    48.4963    4.1532     % 
UB: 48.49630350194553
branching on 3 with b.
3362   46     27         46.5625    48.4963    4.1532     % 
LB close or above UB, fathomed
3363   45     27         46.5625    48.4963    4.1532     % 
LB close or above UB, fathomed
3364   44     26         46.5625    48.4963    4.1532     % 
UB: 48.49630350194553
branching on 3 with b.
3365   45     27         46.5625    48.4963    4.1532     % 
LB close or above UB, fathomed
3366   44     27         46.5625    48.4963    4.1532     % 
LB close or above UB, fathomed
3367   43     25         46.5625    48.4963    4.1532     % 
LB close or above UB, fathomed
3368   42     22         46.5625    48.4963    4.1532     % 
LB close or above UB, fathomed
3369   41     20         46.5625    48.4963    4.1532     % 
LB close or above UB, fathomed
3370   40     20         46.5625    48.4963    4.1532     % 
UB: 48.49630350194553
branching on CartesianIndex(1, 6) with c.
3371   41     21         46.5625    48.4963    4.1532     % 
LB close or above UB, fathomed
3372   40     21         46.5625    48.4963    4.1532     % 
UB: 48.49630350194553
branching on 2 with b.
3373   41     22         46.5625    48.4963    4.1532     % 
UB: 48.49630350194553
branching on 3 with b.
3374   42     23         46.5625    48.4963    4.1532     % 
LB close or above UB, fathomed
3375   41     23         46.5625    48.4963    4.1532     % 
UB: 48.49630350194553
branching on CartesianIndex(1, 7) with c.
3376   42     24         46.5625    48.4963    4.1532     % 
UB: 48.49630350194553
branching on 1 with b.
3377   43     25         46.5625    48.4963    4.1532     % 
UB: 48.49630350194553
branching on 2 with b.
3378   44     26         46.5625    48.4963    4.1532     % 
UB: 48.49630350194553
branching on 3 with b.
3379   45     27         46.5625    48.4963    4.1532     % 
LB close or above UB, fathomed
3380   44     27         46.5625    48.4963    4.1532     % 
LB close or above UB, fathomed
3381   43     26         46.5625    48.4963    4.1532     % 
LB close or above UB, fathomed
3382   42     25         46.5625    48.4963    4.1532     % 
LB close or above UB, fathomed
3383   41     24         46.5625    48.4963    4.1532     % 
LB close or above UB, fathomed
3384   40     22         46.5625    48.4963    4.1532     % 
LB close or above UB, fathomed
3385   39     22         46.5625    48.4963    4.1532     % 
LB close or above UB, fathomed
3386   38     22         46.5625    48.4963    4.1532     % 
UB: 48.49630350194553
branching on 1 with b.
3387   39     23         46.5625    48.4963    4.1532     % 
UB: 48.49630350194553
branching on 2 with b.
3388   40     24         46.5625    48.4963    4.1532     % 
UB: 48.49630350194553
branching on 3 with b.
3389   41     25         46.5625    48.4963    4.1532     % 
LB close or above UB, fathomed
3390   40     25         46.5625    48.4963    4.1532     % 
LB close or above UB, fathomed
3391   39     24         46.5625    48.4963    4.1532     % 
UB: 48.49630350194553
branching on 3 with b.
3392   40     25         46.5625    48.4963    4.1532     % 
LB close or above UB, fathomed
3393   39     25         46.5625    48.4963    4.1532     % 
LB close or above UB, fathomed
3394   38     23         46.5625    48.4963    4.1532     % 
LB close or above UB, fathomed
3395   37     22         46.5625    48.4963    4.1532     % 
LB close or above UB, fathomed
3396   36     22         46.5625    48.4963    4.1532     % 
UB: 48.49630350194553
branching on CartesianIndex(1, 7) with c.
3397   37     23         46.5625    48.4963    4.1532     % 
UB: 48.49630350194553
branching on 3 with b.
3398   38     24         46.5625    48.4963    4.1532     % 
UB: 48.49630350194553
branching on 1 with b.
3399   39     25         46.5625    48.4963    4.1532     % 
UB: 48.49630350194553
branching on 2 with b.
3400   40     26         46.5625    48.4963    4.1532     % 
LB close or above UB, fathomed
3401   39     26         46.5625    48.4963    4.1532     % 
UB: 48.49630350194553
branching on 3 with b.
3402   40     27         46.5625    48.4963    4.1532     % 
UB: 48.49630350194553
branching on 1 with b.
3403   41     28         46.5625    48.4963    4.1532     % 
LB close or above UB, fathomed
3404   40     28         46.5625    48.4963    4.1532     % 
LB close or above UB, fathomed
3405   39     27         46.5625    48.4963    4.1532     % 
LB close or above UB, fathomed
3406   38     25         46.5625    48.4963    4.1532     % 
LB close or above UB, fathomed
3407   37     24         46.5625    48.4963    4.1532     % 
LB close or above UB, fathomed
3408   36     23         46.5625    48.4963    4.1532     % 
LB close or above UB, fathomed
3409   35     26         46.5625    48.4963    4.1532     % 
LB close or above UB, fathomed
3410   34     26         46.5625    48.4963    4.1532     % 
LB close or above UB, fathomed
3411   33     28         46.5625    48.4963    4.1532     % 
LB close or above UB, fathomed
3412   32     28         46.5625    48.4963    4.1532     % 
UB: 48.49630350194553
branching on 1 with b.
3413   33     29         46.5625    48.4963    4.1532     % 
LB close or above UB, fathomed
3414   32     29         46.5625    48.4963    4.1532     % 
LB close or above UB, fathomed
3415   31     28         46.5625    48.4963    4.1532     % 
LB close or above UB, fathomed
3416   30     28         46.5625    48.4963    4.1532     % 
UB: 48.49630350194553
branching on 1 with b.
3417   31     29         46.5625    48.4963    4.1532     % 
LB close or above UB, fathomed
3418   30     29         46.5625    48.4963    4.1532     % 
LB close or above UB, fathomed
3419   29     29         46.5625    48.4963    4.1532     % 
LB close or above UB, fathomed
3420   28     29         46.5625    48.4963    4.1532     % 
LB close or above UB, fathomed
3421   27     27         46.5625    48.4963    4.1532     % 
LB close or above UB, fathomed
3422   26     27         46.5625    48.4963    4.1532     % 
LB close or above UB, fathomed
3423   25     18         46.5625    48.4963    4.1532     % 
LB close or above UB, fathomed
3424   24     18         46.5625    48.4963    4.1532     % 
UB: 48.49630350194553
branching on CartesianIndex(1, 7) with c.
3425   25     19         46.5625    48.4963    4.1532     % 
UB: 48.49630350194553
branching on 1 with b.
3426   26     20         46.5625    48.4963    4.1532     % 
LB close or above UB, fathomed
3427   25     20         46.5625    48.4963    4.1532     % 
LB close or above UB, fathomed
3428   24     19         46.5625    48.4963    4.1532     % 
LB close or above UB, fathomed
3429   23     31         46.5625    48.4963    4.1532     % 
LB close or above UB, fathomed
3430   22     31         46.5625    48.4963    4.1532     % 
LB close or above UB, fathomed
3431   21     25         46.5625    48.4963    4.1532     % 
LB close or above UB, fathomed
3432   20     25         46.5625    48.4963    4.1532     % 
LB close or above UB, fathomed
3433   19     30         46.5625    48.4963    4.1532     % 
UB: 48.49630350194553
branching on 2 with b.
3434   20     31         46.5625    48.4963    4.1532     % 
LB close or above UB, fathomed
3435   19     31         46.5625    48.4963    4.1532     % 
LB close or above UB, fathomed
3436   18     30         46.5625    48.4963    4.1532     % 
UB: 48.49630350194553
branching on 2 with b.
3437   19     31         46.5625    48.4963    4.1532     % 
LB close or above UB, fathomed
3438   18     31         46.5625    48.4963    4.1532     % 
LB close or above UB, fathomed
3439   17     30         46.5625    48.4963    4.1532     % 
LB close or above UB, fathomed
3440   16     30         46.5625    48.4963    4.1532     % 
LB close or above UB, fathomed
3441   15     38         46.5625    48.4963    4.1532     % 
LB close or above UB, fathomed
3442   14     38         46.5625    48.4963    4.1532     % 
LB close or above UB, fathomed
3443   13     14         46.5625    48.4963    4.1532     % 
LB close or above UB, fathomed
3444   12     14         46.5625    48.4963    4.1532     % 
UB: 48.49630350194553
branching on CartesianIndex(1, 5) with c.
3445   13     15         46.5625    48.4963    4.1532     % 
UB: 48.49630350194553
branching on CartesianIndex(1, 6) with c.
3446   14     16         46.5625    48.4963    4.1532     % 
LB close or above UB, fathomed
3447   13     16         46.5625    48.4963    4.1532     % 
UB: 48.49630350194553
branching on 1 with b.
3448   14     17         46.5625    48.4963    4.1532     % 
LB close or above UB, fathomed
3449   13     17         46.5625    48.4963    4.1532     % 
LB close or above UB, fathomed
3450   12     15         46.5625    48.4963    4.1532     % 
LB close or above UB, fathomed
3451   11     17         46.5625    48.4963    4.1532     % 
LB close or above UB, fathomed
3452   10     17         46.5625    48.4963    4.1532     % 
LB close or above UB, fathomed
3453   9      17         46.5625    48.4963    4.1532     % 
UB: 48.49630350194553
branching on CartesianIndex(1, 4) with c.
3454   10     18         46.5625    48.4963    4.1532     % 
LB close or above UB, fathomed
3455   9      18         46.5625    48.4963    4.1532     % 
UB: 48.49630350194553
branching on CartesianIndex(1, 5) with c.
3456   10     19         46.5625    48.4963    4.1532     % 
LB close or above UB, fathomed
3457   9      19         46.5625    48.4963    4.1532     % 
LB close or above UB, fathomed
3458   8      17         46.5625    48.4963    4.1532     % 
LB close or above UB, fathomed
3459   7      17         46.5625    48.4963    4.1532     % 
UB: 48.49630350194553
branching on CartesianIndex(4, 3) with a.
3460   8      18         46.5625    48.4963    4.1532     % 
LB close or above UB, fathomed
3461   7      18         46.5625    48.4963    4.1532     % 
UB: 48.49630350194553
branching on 2 with b.
3462   8      19         46.5625    48.4963    4.1532     % 
LB close or above UB, fathomed
3463   7      19         46.5625    48.4963    4.1532     % 
UB: 48.49630350194553
branching on 3 with b.
3464   8      20         46.5625    48.4963    4.1532     % 
LB close or above UB, fathomed
3465   7      20         46.5625    48.4963    4.1532     % 
LB close or above UB, fathomed
3466   6      17         46.5625    48.4963    4.1532     % 
LB close or above UB, fathomed
3467   5      29         46.5625    48.4963    4.1532     % 
LB close or above UB, fathomed
3468   4      29         46.5625    48.4963    4.1532     % 
LB close or above UB, fathomed
3469   3      14         46.5625    48.4963    4.1532     % 
LB close or above UB, fathomed
3470   2      14         46.5625    48.4963    4.1532     % 
LB close or above UB, fathomed
3471   1      17         46.5625    48.4963    4.1532     % 
LB close or above UB, fathomed
3472   0      17         46.5625    48.4963    4.1532     % 
LB close or above UB, fathomed
all node solved
solved nodes:  3473
3473                                                  4.8404e+01     4.8496e+01     0.1916  % 
5×3 Matrix{Float64}:
 0.0  0.0  0.0
 0.0  0.0  1.0
 1.0  0.0  0.0
 0.0  1.0  0.0
 0.0  0.0  0.0
3-element Vector{Float64}:
 0.3988772144761792
 0.18268880439439905
 0.3778605495704827
2×7 Matrix{Float64}:
 0.0  0.0  0.0  1.0  1.0  1.0  0.0
 0.0  0.0  0.0  0.0  0.0  0.0  1.0
3-element Vector{Float64}:
 1.0
 1.0
 1.0
5×3 Matrix{Float64}:
 0.0  0.0  0.0
 0.0  0.0  0.0
 0.0  0.0  1.0
 0.0  1.0  0.0
 1.0  0.0  0.0
3-element Vector{Float64}:
 0.49544918678181776
 0.2669109173676874
 0.5712602204686652
2×7 Matrix{Float64}:
 0.0  0.0  0.0  1.0  0.0  1.0  0.0
 0.0  0.0  0.0  0.0  1.0  0.0  1.0
3-element Vector{Float64}:
 1.0
 1.0
 1.0
comparison (CRT and Glb)on prediction: Dict{Bool, Int64}(0 => 13, 1 => 112)
Dataname	 time	 objv	 lb	 gap	 train_w	 train_g	 test_w	 test_g
/work_bgfs/n/navarrodelacruz/odt/optimal_decision_tree/augmented_datasets/body/body_76.body	 176.17	 48.49630350194553	 48.404	 0.0019	 90.054	 93.28	 92.8	 93.6
