Running 6 processes.
Start training /work_bgfs/n/navarrodelacruz/odt/optimal_decision_tree/augmented_datasets/body/body_764.body with seed 1.
Any[]
(5, 497)
(5, 248)
(5, 124)
(5, 125)
dimension: 5, class: 2
cart cost: 79.74765625
size of X: (5, 372)
ngroups: 12
UB: 64.21640624999999
Iter	left	lev	LB	UB	gap	
0      0      1          4.0022     64.2164    1504.5187  % 
UB: 64.21640624999999
branching on 1 with d.
1      1      2          4.0022     64.2164    1504.5187  % 
LB close or above UB, fathomed
2      0      2          4.0022     64.2164    1504.5187  % 
UB: 64.21640624999999
branching on 2 with d.
3      1      3          4.0022     64.2164    1504.5187  % 
UB: 64.21640624999999
branching on 3 with d.
4      2      3          4.0022     64.2164    1504.5187  % 
UB: 64.21640624999999
branching on 3 with d.
5      3      4          4.0077     64.2164    1502.3383  % 
UB: 64.21640624999999
branching on CartesianIndex(1, 1) with a.
6      4      4          4.0077     64.2164    1502.3383  % 
UB: 64.21640624999999
branching on CartesianIndex(1, 1) with a.
7      5      5          4.0160     64.2164    1499.0134  % 
UB: 64.21640624999999
branching on CartesianIndex(2, 1) with a.
8      6      6          4.0160     64.2164    1499.0134  % 
UB: 64.21640624999999
branching on CartesianIndex(3, 1) with a.
9      7      6          4.0160     64.2164    1499.0134  % 
UB: 64.21640624999999
branching on 1 with b.
10     8      5          4.0160     64.2164    1499.0134  % 
UB: 64.21640624999999
branching on CartesianIndex(1, 2) with a.
11     9      7          5.9574     64.2164    977.9253   % 
UB: 64.21640624999999
branching on 1 with b.
12     10     8          5.9574     64.2164    977.9253   % 
UB: 64.21640624999999
branching on CartesianIndex(4, 1) with a.
13     11     9          5.9574     64.2164    977.9253   % 
UB: 64.21640624999999
branching on CartesianIndex(1, 2) with a.
14     12     9          5.9574     64.2164    977.9253   % 
UB: 64.21640624999999
branching on CartesianIndex(1, 2) with a.
15     13     8          5.9574     64.2164    977.9253   % 
UB: 64.21640624999999
branching on CartesianIndex(4, 1) with a.
16     14     7          5.9574     64.2164    977.9253   % 
UB: 64.21640624999999
branching on CartesianIndex(1, 2) with a.
17     15     10         7.9059     64.2164    712.2625   % 
UB: 64.21640624999999
branching on 1 with b.
18     16     10         7.9059     64.2164    712.2625   % 
UB: 64.21640624999999
branching on 1 with b.
19     17     11         9.8473     64.2164    552.1237   % 
UB: 64.21640624999999
branching on CartesianIndex(2, 2) with a.
20     18     11         9.8473     64.2164    552.1237   % 
UB: 64.21640624999999
branching on 2 with b.
21     19     12         9.8473     64.2164    552.1237   % 
UB: 64.21640624999999
branching on 3 with b.
22     20     13         9.8473     64.2164    552.1237   % 
UB: 60.33359374999999
branching on CartesianIndex(2, 2) with a.
23     21     13         9.8473     60.3336    512.6933   % 
UB: 60.33359374999999
branching on CartesianIndex(2, 2) with a.
24     22     12         9.8473     60.3336    512.6933   % 
UB: 60.33359374999999
branching on CartesianIndex(2, 2) with a.
25     23     14         11.7984    60.3336    411.3694   % 
UB: 60.33359374999999
branching on CartesianIndex(3, 2) with a.
26     24     15         11.7984    60.3336    411.3694   % 
UB: 60.33359374999999
branching on 1 with b.
27     25     15         11.7984    60.3336    411.3694   % 
UB: 60.33359374999999
branching on CartesianIndex(1, 3) with a.
28     26     14         11.7984    60.3336    411.3694   % 
UB: 60.33359374999999
branching on CartesianIndex(1, 3) with a.
29     27     7          11.7984    60.3336    411.3694   % 
UB: 60.33359374999999
branching on 1 with b.
30     28     7          11.7984    60.3336    411.3694   % 
UB: 60.33359374999999
branching on 1 with b.
31     29     8          15.6812    60.3336    284.7499   % 
UB: 60.33359374999999
branching on 2 with b.
32     30     8          15.6812    60.3336    284.7499   % 
UB: 60.33359374999999
branching on CartesianIndex(1, 2) with a.
33     31     11         15.6812    60.3336    284.7499   % 
UB: 60.33359374999999
branching on CartesianIndex(1, 3) with a.
34     32     11         15.6812    60.3336    284.7499   % 
UB: 60.33359374999999
branching on CartesianIndex(1, 3) with a.
35     33     12         15.6812    60.3336    284.7499   % 
UB: 60.33359374999999
branching on CartesianIndex(2, 3) with a.
36     34     13         15.6812    60.3336    284.7499   % 
UB: 60.33359374999999
branching on CartesianIndex(3, 3) with a.
37     35     13         15.6812    60.3336    284.7499   % 
UB: 60.33359374999999
branching on CartesianIndex(1, 4) with c.
38     36     12         15.6812    60.3336    284.7499   % 
UB: 60.33359374999999
branching on 2 with b.
39     37     14         17.6129    60.3336    242.5534   % 
UB: 60.33359374999999
branching on CartesianIndex(3, 2) with a.
40     38     15         17.6129    60.3336    242.5534   % 
UB: 60.33359374999999
branching on CartesianIndex(4, 2) with a.
41     39     16         17.6129    60.3336    242.5534   % 
LB close or above UB, fathomed
42     38     16         17.6129    60.3336    242.5534   % 
UB: 60.33359374999999
branching on CartesianIndex(1, 3) with a.
43     39     15         17.6129    60.3336    242.5534   % 
UB: 60.33359374999999
branching on 1 with b.
44     40     14         17.6129    60.3336    242.5534   % 
UB: 60.33359374999999
branching on CartesianIndex(1, 3) with a.
45     41     10         17.6156    60.3336    242.5009   % 
UB: 60.33359374999999
branching on CartesianIndex(2, 2) with a.
46     42     10         17.6156    60.3336    242.5009   % 
UB: 60.33359374999999
branching on 1 with b.
47     43     9          17.6227    60.3336    242.3638   % 
UB: 60.33359374999999
branching on 2 with b.
48     44     10         17.6227    60.3336    242.3638   % 
UB: 60.33359374999999
branching on 3 with b.
49     45     11         17.6227    60.3336    242.3638   % 
UB: 60.33359374999999
branching on CartesianIndex(2, 2) with a.
50     46     11         17.6227    60.3336    242.3638   % 
UB: 60.33359374999999
branching on 1 with b.
51     47     10         17.6227    60.3336    242.3638   % 
UB: 60.33359374999999
branching on CartesianIndex(2, 2) with a.
52     48     9          17.6227    60.3336    242.3638   % 
UB: 60.33359374999999
branching on 2 with b.
53     49     16         17.6227    60.3336    242.3638   % 
UB: 60.33359374999999
branching on CartesianIndex(4, 2) with a.
54     50     16         17.6227    60.3336    242.3638   % 
UB: 60.33359374999999
branching on CartesianIndex(4, 2) with a.
55     51     8          17.6227    60.3336    242.3638   % 
UB: 60.33359374999999
branching on 1 with b.
56     52     9          17.6227    60.3336    242.3638   % 
UB: 60.33359374999999
branching on 1 with b.
57     53     9          17.6227    60.3336    242.3638   % 
UB: 60.33359374999999
branching on 1 with b.
58     54     8          17.6227    60.3336    242.3638   % 
UB: 60.33359374999999
branching on 1 with b.
59     55     11         19.5570    60.3336    208.5011   % 
UB: 60.33359374999999
branching on 1 with b.
60     56     11         19.5570    60.3336    208.5011   % 
UB: 60.33359374999999
branching on 1 with b.
61     57     12         19.5641    60.3336    208.3899   % 
UB: 60.33359374999999
branching on 1 with b.
62     58     12         19.5641    60.3336    208.3899   % 
UB: 60.33359374999999
branching on CartesianIndex(1, 3) with a.
63     59     8          19.5641    60.3336    208.3899   % 
UB: 60.33359374999999
branching on 2 with b.
64     60     8          19.5641    60.3336    208.3899   % 
UB: 60.33359374999999
branching on 2 with b.
65     61     12         21.4984    60.3336    180.6421   % 
UB: 60.33359374999999
branching on 2 with b.
66     62     12         21.4984    60.3336    180.6421   % 
UB: 60.33359374999999
branching on CartesianIndex(3, 2) with a.
67     63     13         21.4984    60.3336    180.6421   % 
UB: 60.33359374999999
branching on CartesianIndex(4, 2) with a.
68     64     13         21.4984    60.3336    180.6421   % 
UB: 60.33359374999999
branching on CartesianIndex(1, 3) with a.
69     65     14         21.4984    60.3336    180.6421   % 
UB: 60.33359374999999
branching on CartesianIndex(2, 3) with a.
70     66     14         21.4984    60.3336    180.6421   % 
UB: 60.33359374999999
branching on CartesianIndex(1, 4) with c.
71     67     15         21.4984    60.3336    180.6421   % 
UB: 60.33359374999999
branching on CartesianIndex(3, 3) with a.
72     68     15         21.4984    60.3336    180.6421   % 
UB: 60.33359374999999
branching on CartesianIndex(1, 4) with c.
73     69     17         21.5055    60.3336    180.5500   % 
UB: 60.33359374999999
branching on CartesianIndex(2, 3) with a.
74     70     18         21.5055    60.3336    180.5500   % 
UB: 60.33359374999999
branching on CartesianIndex(3, 3) with a.
75     71     18         21.5055    60.3336    180.5500   % 
UB: 60.33359374999999
branching on CartesianIndex(1, 4) with c.
76     72     17         21.5055    60.3336    180.5500   % 
UB: 60.33359374999999
branching on CartesianIndex(1, 4) with c.
77     73     9          21.5055    60.3336    180.5500   % 
UB: 60.33359374999999
branching on CartesianIndex(1, 2) with a.
78     74     9          21.5055    60.3336    180.5500   % 
UB: 60.33359374999999
branching on CartesianIndex(1, 2) with a.
79     75     13         21.5055    60.3336    180.5500   % 
UB: 60.33359374999999
branching on 2 with b.
80     76     13         21.5055    60.3336    180.5500   % 
UB: 60.33359374999999
branching on 2 with b.
81     77     10         21.5055    60.3336    180.5500   % 
UB: 60.33359374999999
branching on 2 with b.
82     78     10         21.5055    60.3336    180.5500   % 
UB: 60.33359374999999
branching on CartesianIndex(2, 2) with a.
83     79     11         21.5055    60.3336    180.5500   % 
UB: 60.33359374999999
branching on 2 with b.
84     80     11         21.5055    60.3336    180.5500   % 
UB: 60.33359374999999
branching on CartesianIndex(1, 3) with a.
85     81     17         21.5055    60.3336    180.5500   % 
LB close or above UB, fathomed
86     80     17         21.5055    60.3336    180.5500   % 
UB: 60.33359374999999
branching on CartesianIndex(1, 3) with a.
87     81     11         21.5055    60.3336    180.5500   % 
UB: 60.33359374999999
branching on CartesianIndex(3, 2) with a.
88     82     12         21.5055    60.3336    180.5500   % 
UB: 60.33359374999999
branching on 3 with b.
89     83     12         21.5055    60.3336    180.5500   % 
UB: 60.33359374999999
branching on 3 with b.
90     84     11         21.5055    60.3336    180.5500   % 
UB: 60.33359374999999
branching on CartesianIndex(1, 3) with a.
91     85     14         23.4469    60.3336    157.3204   % 
UB: 60.33359374999999
branching on 2 with b.
92     86     14         23.4469    60.3336    157.3204   % 
UB: 60.33359374999999
branching on 2 with b.
93     87     15         23.4469    60.3336    157.3204   % 
UB: 60.33359374999999
branching on CartesianIndex(1, 3) with a.
94     88     16         23.4469    60.3336    157.3204   % 
UB: 60.33359374999999
branching on CartesianIndex(2, 3) with a.
95     89     16         23.4469    60.3336    157.3204   % 
LB close or above UB, fathomed
96     88     15         23.4469    60.3336    157.3204   % 
UB: 60.33359374999999
branching on CartesianIndex(1, 3) with a.
97     89     13         23.4469    60.3336    157.3204   % 
UB: 60.33359374999999
branching on 1 with b.
98     90     13         23.4469    60.3336    157.3204   % 
UB: 60.33359374999999
branching on 1 with b.
99     91     13         23.4469    60.3336    157.3204   % 
UB: 60.33359374999999
branching on CartesianIndex(4, 2) with a.
100    92     13         23.4469    60.3336    157.3204   % 
UB: 60.33359374999999
branching on CartesianIndex(4, 2) with a.
101    93     18         23.4469    60.3336    157.3204   % 
UB: 56.45078124999999
branching on CartesianIndex(2, 3) with a.
102    94     19         23.4469    56.4508    140.7604   % 
UB: 52.56796874999999
branching on CartesianIndex(3, 3) with a.
103    91     19         23.4469    52.5680    124.2003   % 
UB: 52.56796874999999
branching on CartesianIndex(1, 4) with c.
104    86     18         23.4469    52.5680    124.2003   % 
UB: 52.56796874999999
branching on CartesianIndex(1, 4) with c.
105    87     12         23.4469    52.5680    124.2003   % 
UB: 52.56796874999999
branching on 2 with b.
106    88     12         23.4469    52.5680    124.2003   % 
UB: 52.56796874999999
branching on CartesianIndex(1, 3) with a.
107    89     13         23.4469    52.5680    124.2003   % 
UB: 52.56796874999999
branching on CartesianIndex(2, 3) with a.
108    90     14         23.4469    52.5680    124.2003   % 
UB: 52.56796874999999
branching on 2 with b.
109    91     14         23.4469    52.5680    124.2003   % 
UB: 52.56796874999999
branching on CartesianIndex(1, 4) with c.
110    92     13         23.4469    52.5680    124.2003   % 
LB close or above UB, fathomed
111    91     10         23.4469    52.5680    124.2003   % 
UB: 52.56796874999999
branching on CartesianIndex(2, 2) with a.
112    92     10         23.4469    52.5680    124.2003   % 
LB close or above UB, fathomed
113    91     14         23.4469    52.5680    124.2003   % 
UB: 52.56796874999999
branching on CartesianIndex(4, 3) with a.
114    92     14         23.4469    52.5680    124.2003   % 
UB: 52.56796874999999
branching on CartesianIndex(1, 4) with c.
115    93     16         23.4469    52.5680    124.2003   % 
UB: 52.56796874999999
branching on 1 with b.
116    94     17         23.4469    52.5680    124.2003   % 
UB: 52.56796874999999
branching on CartesianIndex(2, 3) with a.
117    95     17         23.4469    52.5680    124.2003   % 
UB: 52.56796874999999
branching on CartesianIndex(2, 3) with a.
118    96     16         23.4469    52.5680    124.2003   % 
UB: 52.56796874999999
branching on CartesianIndex(1, 4) with c.
119    97     12         23.4469    52.5680    124.2003   % 
UB: 52.56796874999999
branching on 3 with b.
120    98     13         23.4469    52.5680    124.2003   % 
UB: 52.56796874999999
branching on 1 with b.
121    99     13         23.4469    52.5680    124.2003   % 
UB: 52.56796874999999
branching on 1 with b.
122    100    12         23.4469    52.5680    124.2003   % 
UB: 52.56796874999999
branching on 3 with b.
123    101    16         25.3812    52.5680    107.1136   % 
UB: 52.56796874999999
branching on 2 with b.
124    102    16         25.3812    52.5680    107.1136   % 
UB: 52.56796874999999
branching on CartesianIndex(1, 5) with c.
125    103    14         25.3883    52.5680    107.0560   % 
UB: 52.56796874999999
branching on 3 with b.
126    104    14         25.3883    52.5680    107.0560   % 
UB: 52.56796874999999
branching on CartesianIndex(3, 2) with a.
127    105    17         25.3883    52.5680    107.0560   % 
LB close or above UB, fathomed
128    104    17         25.3883    52.5680    107.0560   % 
UB: 52.56796874999999
branching on CartesianIndex(1, 3) with a.
129    105    18         25.3883    52.5680    107.0560   % 
UB: 52.56796874999999
branching on 2 with b.
130    106    19         25.3883    52.5680    107.0560   % 
UB: 52.56796874999999
branching on CartesianIndex(2, 3) with a.
131    107    19         25.3883    52.5680    107.0560   % 
UB: 52.56796874999999
branching on 3 with b.
132    108    18         25.3883    52.5680    107.0560   % 
LB close or above UB, fathomed
133    107    6          25.3883    52.5680    107.0560   % 
UB: 52.56796874999999
branching on CartesianIndex(2, 2) with a.
134    108    6          25.3883    52.5680    107.0560   % 
UB: 52.56796874999999
branching on CartesianIndex(1, 3) with a.
135    109    15         25.3883    52.5680    107.0560   % 
LB close or above UB, fathomed
136    108    15         25.3883    52.5680    107.0560   % 
UB: 52.56796874999999
branching on 2 with b.
137    109    16         25.3883    52.5680    107.0560   % 
UB: 52.56796874999999
branching on CartesianIndex(1, 5) with c.
138    110    17         25.3883    52.5680    107.0560   % 
UB: 52.56796874999999
branching on 3 with b.
139    111    18         25.3883    52.5680    107.0560   % 
UB: 52.56796874999999
branching on CartesianIndex(1, 6) with c.
140    112    18         25.3883    52.5680    107.0560   % 
UB: 52.56796874999999
branching on CartesianIndex(1, 6) with c.
141    113    19         25.3883    52.5680    107.0560   % 
LB close or above UB, fathomed
142    112    19         25.3883    52.5680    107.0560   % 
UB: 52.56796874999999
branching on CartesianIndex(1, 7) with c.
143    113    20         25.3883    52.5680    107.0560   % 
UB: 52.56796874999999
branching on 1 with b.
144    114    21         25.3883    52.5680    107.0560   % 
UB: 52.56796874999999
branching on 2 with b.
145    115    21         25.3883    52.5680    107.0560   % 
UB: 52.56796874999999
branching on 2 with b.
146    116    20         25.3883    52.5680    107.0560   % 
LB close or above UB, fathomed
147    115    17         25.3883    52.5680    107.0560   % 
LB close or above UB, fathomed
148    114    16         25.3883    52.5680    107.0560   % 
LB close or above UB, fathomed
149    113    11         25.3883    52.5680    107.0560   % 
UB: 52.56796874999999
branching on 2 with b.
150    114    11         25.3883    52.5680    107.0560   % 
UB: 52.56796874999999
branching on CartesianIndex(1, 3) with a.
151    115    15         25.3883    52.5680    107.0560   % 
UB: 52.56796874999999
branching on 2 with b.
152    116    15         25.3883    52.5680    107.0560   % 
UB: 52.56796874999999
branching on CartesianIndex(1, 5) with c.
153    117    17         25.3883    52.5680    107.0560   % 
UB: 52.56796874999999
branching on 3 with b.
154    118    17         25.3883    52.5680    107.0560   % 
UB: 52.56796874999999
branching on CartesianIndex(1, 4) with c.
155    119    12         25.3883    52.5680    107.0560   % 
UB: 52.56796874999999
branching on CartesianIndex(2, 3) with a.
156    120    12         25.3883    52.5680    107.0560   % 
UB: 52.56796874999999
branching on 2 with b.
157    121    10         25.3883    52.5680    107.0560   % 
UB: 52.56796874999999
branching on CartesianIndex(1, 3) with a.
158    122    10         25.3883    52.5680    107.0560   % 
UB: 52.56796874999999
branching on 3 with b.
159    123    11         25.3883    52.5680    107.0560   % 
UB: 52.56796874999999
branching on 2 with b.
160    124    11         25.3883    52.5680    107.0560   % 
UB: 52.56796874999999
branching on 2 with b.
161    125    12         25.3883    52.5680    107.0560   % 
UB: 52.56796874999999
branching on CartesianIndex(1, 3) with a.
162    126    13         25.3883    52.5680    107.0560   % 
UB: 52.56796874999999
branching on CartesianIndex(2, 3) with a.
163    127    14         25.3883    52.5680    107.0560   % 
UB: 52.56796874999999
branching on 3 with b.
164    128    14         25.3883    52.5680    107.0560   % 
UB: 52.56796874999999
branching on 3 with b.
165    129    13         25.3883    52.5680    107.0560   % 
LB close or above UB, fathomed
166    128    12         25.3883    52.5680    107.0560   % 
UB: 52.56796874999999
branching on 3 with b.
167    129    17         27.3226    52.5680    92.3972    % 
UB: 52.56796874999999
branching on CartesianIndex(1, 6) with c.
168    130    17         27.3226    52.5680    92.3972    % 
UB: 52.56796874999999
branching on 2 with b.
169    131    18         27.3297    52.5680    92.3475    % 
LB close or above UB, fathomed
170    130    18         27.3297    52.5680    92.3475    % 
UB: 52.56796874999999
branching on 2 with b.
171    131    19         27.3297    52.5680    92.3475    % 
UB: 52.56796874999999
branching on CartesianIndex(1, 7) with c.
172    132    19         27.3297    52.5680    92.3475    % 
UB: 52.56796874999999
branching on 3 with b.
173    133    11         27.3297    52.5680    92.3475    % 
UB: 52.56796874999999
branching on CartesianIndex(1, 3) with a.
174    134    11         27.3297    52.5680    92.3475    % 
LB close or above UB, fathomed
175    133    11         27.3297    52.5680    92.3475    % 
UB: 52.56796874999999
branching on CartesianIndex(2, 3) with a.
176    134    12         27.3297    52.5680    92.3475    % 
UB: 52.56796874999999
branching on 3 with b.
177    135    12         27.3297    52.5680    92.3475    % 
LB close or above UB, fathomed
178    134    11         27.3297    52.5680    92.3475    % 
UB: 52.56796874999999
branching on CartesianIndex(1, 4) with c.
179    135    13         27.3297    52.5680    92.3475    % 
UB: 52.56796874999999
branching on CartesianIndex(3, 3) with a.
180    136    13         27.3297    52.5680    92.3475    % 
UB: 52.56796874999999
branching on 2 with b.
181    137    14         27.3297    52.5680    92.3475    % 
UB: 52.56796874999999
branching on 3 with b.
182    138    14         27.3297    52.5680    92.3475    % 
UB: 52.56796874999999
branching on 3 with b.
183    139    15         27.3297    52.5680    92.3475    % 
UB: 52.56796874999999
branching on 1 with b.
184    140    15         27.3297    52.5680    92.3475    % 
UB: 52.56796874999999
branching on CartesianIndex(1, 4) with c.
185    141    15         27.3297    52.5680    92.3475    % 
UB: 52.56796874999999
branching on 3 with b.
186    142    15         27.3297    52.5680    92.3475    % 
UB: 52.56796874999999
branching on CartesianIndex(1, 3) with a.
187    143    18         27.3297    52.5680    92.3475    % 
UB: 52.56796874999999
branching on 2 with b.
188    144    18         27.3297    52.5680    92.3475    % 
UB: 52.56796874999999
branching on CartesianIndex(1, 4) with c.
189    145    14         27.3297    52.5680    92.3475    % 
UB: 52.56796874999999
branching on CartesianIndex(1, 3) with a.
190    146    14         27.3297    52.5680    92.3475    % 
UB: 52.56796874999999
branching on CartesianIndex(1, 3) with a.
191    147    12         27.3297    52.5680    92.3475    % 
UB: 52.56796874999999
branching on CartesianIndex(2, 3) with a.
192    148    12         27.3297    52.5680    92.3475    % 
UB: 52.56796874999999
branching on CartesianIndex(1, 4) with c.
193    149    10         27.3297    52.5680    92.3475    % 
UB: 52.56796874999999
branching on CartesianIndex(2, 2) with a.
194    150    10         27.3297    52.5680    92.3475    % 
UB: 52.56796874999999
branching on 3 with b.
195    151    19         27.3297    52.5680    92.3475    % 
UB: 52.56796874999999
branching on CartesianIndex(4, 3) with a.
196    152    19         27.3297    52.5680    92.3475    % 
UB: 52.56796874999999
branching on CartesianIndex(1, 4) with c.
197    153    13         27.3297    52.5680    92.3475    % 
UB: 52.56796874999999
branching on CartesianIndex(2, 3) with a.
198    154    13         27.3297    52.5680    92.3475    % 
UB: 52.56796874999999
branching on 1 with b.
199    155    14         27.3297    52.5680    92.3475    % 
LB close or above UB, fathomed
200    154    14         27.3297    52.5680    92.3475    % 
UB: 52.56796874999999
branching on 2 with b.
201    155    15         27.3297    52.5680    92.3475    % 
UB: 52.56796874999999
branching on 3 with b.
202    156    16         27.3297    52.5680    92.3475    % 
UB: 52.56796874999999
branching on 1 with b.
203    157    16         27.3297    52.5680    92.3475    % 
UB: 52.56796874999999
branching on CartesianIndex(1, 5) with c.
204    158    15         27.3297    52.5680    92.3475    % 
LB close or above UB, fathomed
205    157    14         27.4115    52.5680    91.7737    % 
UB: 52.56796874999999
branching on CartesianIndex(3, 2) with a.
206    158    14         27.4115    52.5680    91.7737    % 
UB: 52.56796874999999
branching on CartesianIndex(3, 2) with a.
207    159    14         29.2711    52.5680    79.5900    % 
UB: 52.56796874999999
branching on CartesianIndex(3, 3) with a.
208    160    15         29.2711    52.5680    79.5900    % 
UB: 52.56796874999999
branching on CartesianIndex(4, 3) with a.
209    161    15         29.2711    52.5680    79.5900    % 
UB: 52.56796874999999
branching on CartesianIndex(1, 4) with c.
210    162    14         29.2711    52.5680    79.5900    % 
LB close or above UB, fathomed
211    161    17         29.2711    52.5680    79.5900    % 
UB: 52.56796874999999
branching on CartesianIndex(1, 6) with c.
212    162    18         29.2711    52.5680    79.5900    % 
LB close or above UB, fathomed
213    161    18         29.2711    52.5680    79.5900    % 
UB: 52.56796874999999
branching on CartesianIndex(1, 7) with c.
214    162    19         29.2711    52.5680    79.5900    % 
UB: 52.56796874999999
branching on 1 with b.
215    163    19         29.2711    52.5680    79.5900    % 
LB close or above UB, fathomed
216    162    17         29.2711    52.5680    79.5900    % 
LB close or above UB, fathomed
217    161    20         29.2711    52.5680    79.5900    % 
UB: 52.56796874999999
branching on CartesianIndex(4, 3) with a.
218    162    20         29.2711    52.5680    79.5900    % 
UB: 52.56796874999999
branching on CartesianIndex(1, 4) with c.
219    163    20         29.2711    52.5680    79.5900    % 
UB: 52.56796874999999
branching on 2 with b.
220    164    20         29.2711    52.5680    79.5900    % 
UB: 52.56796874999999
branching on 2 with b.
221    165    13         29.2711    52.5680    79.5900    % 
UB: 52.56796874999999
branching on CartesianIndex(3, 3) with a.
222    166    13         29.2711    52.5680    79.5900    % 
LB close or above UB, fathomed
223    165    16         29.2711    52.5680    79.5900    % 
UB: 52.56796874999999
branching on 2 with b.
224    166    17         29.2711    52.5680    79.5900    % 
LB close or above UB, fathomed
225    165    17         29.2711    52.5680    79.5900    % 
UB: 52.56796874999999
branching on 3 with b.
226    166    16         29.2711    52.5680    79.5900    % 
UB: 52.56796874999999
branching on 2 with b.
227    167    7          29.2711    52.5680    79.5900    % 
UB: 52.56796874999999
branching on 1 with b.
228    168    7          29.2711    52.5680    79.5900    % 
UB: 52.56796874999999
branching on CartesianIndex(1, 3) with a.
229    169    20         29.2711    52.5680    79.5900    % 
UB: 52.56796874999999
branching on CartesianIndex(3, 3) with a.
230    170    20         29.2711    52.5680    79.5900    % 
UB: 52.56796874999999
branching on CartesianIndex(1, 4) with c.
231    171    14         29.2711    52.5680    79.5900    % 
UB: 52.56796874999999
branching on CartesianIndex(1, 3) with a.
232    172    14         29.2711    52.5680    79.5900    % 
UB: 52.56796874999999
branching on CartesianIndex(1, 3) with a.
233    173    15         29.2711    52.5680    79.5900    % 
UB: 52.56796874999999
branching on CartesianIndex(2, 3) with a.
234    174    16         29.2711    52.5680    79.5900    % 
UB: 52.56796874999999
branching on CartesianIndex(3, 3) with a.
235    175    17         29.2711    52.5680    79.5900    % 
UB: 52.56796874999999
branching on CartesianIndex(4, 3) with a.
236    176    17         29.2711    52.5680    79.5900    % 
UB: 52.56796874999999
branching on CartesianIndex(1, 4) with c.
237    177    16         29.2711    52.5680    79.5900    % 
LB close or above UB, fathomed
238    176    15         29.2711    52.5680    79.5900    % 
UB: 52.56796874999999
branching on CartesianIndex(1, 4) with c.
239    177    15         29.2711    52.5680    79.5900    % 
UB: 52.56796874999999
branching on CartesianIndex(1, 3) with a.
240    178    16         29.2711    52.5680    79.5900    % 
UB: 52.56796874999999
branching on 3 with b.
241    179    16         29.2711    52.5680    79.5900    % 
LB close or above UB, fathomed
242    178    15         29.2711    52.5680    79.5900    % 
UB: 52.56796874999999
branching on 3 with b.
243    179    9          29.2711    52.5680    79.5900    % 
UB: 52.56796874999999
branching on 1 with b.
244    180    10         29.2711    52.5680    79.5900    % 
UB: 52.56796874999999
branching on CartesianIndex(1, 3) with a.
245    181    10         29.2711    52.5680    79.5900    % 
UB: 52.56796874999999
branching on 2 with b.
246    182    11         29.2711    52.5680    79.5900    % 
UB: 52.56796874999999
branching on CartesianIndex(1, 3) with a.
247    183    12         29.2711    52.5680    79.5900    % 
UB: 52.56796874999999
branching on CartesianIndex(2, 3) with a.
248    184    13         29.2711    52.5680    79.5900    % 
UB: 52.56796874999999
branching on 3 with b.
249    185    13         29.2711    52.5680    79.5900    % 
UB: 52.56796874999999
branching on CartesianIndex(1, 4) with c.
250    186    12         29.2711    52.5680    79.5900    % 
LB close or above UB, fathomed
251    185    11         29.2711    52.5680    79.5900    % 
UB: 52.56796874999999
branching on CartesianIndex(1, 3) with a.
252    186    9          29.2711    52.5680    79.5900    % 
LB close or above UB, fathomed
253    185    13         29.2711    52.5680    79.5900    % 
UB: 52.56796874999999
branching on CartesianIndex(1, 4) with c.
254    186    14         29.2711    52.5680    79.5900    % 
LB close or above UB, fathomed
255    185    14         29.2711    52.5680    79.5900    % 
UB: 52.56796874999999
branching on CartesianIndex(1, 5) with c.
256    186    15         29.2711    52.5680    79.5900    % 
UB: 52.56796874999999
branching on 3 with b.
257    187    16         29.2711    52.5680    79.5900    % 
UB: 52.56796874999999
branching on CartesianIndex(1, 6) with c.
258    188    16         29.2711    52.5680    79.5900    % 
UB: 52.56796874999999
branching on 1 with b.
259    189    15         29.2711    52.5680    79.5900    % 
LB close or above UB, fathomed
260    188    13         29.2711    52.5680    79.5900    % 
LB close or above UB, fathomed
261    187    9          29.2711    52.5680    79.5900    % 
UB: 52.56796874999999
branching on CartesianIndex(1, 2) with a.
262    188    10         29.2711    52.5680    79.5900    % 
UB: 52.56796874999999
branching on 1 with b.
263    189    10         29.2711    52.5680    79.5900    % 
LB close or above UB, fathomed
264    188    9          29.2711    52.5680    79.5900    % 
UB: 52.56796874999999
branching on CartesianIndex(1, 2) with a.
265    189    16         29.2711    52.5680    79.5900    % 
UB: 52.56796874999999
branching on CartesianIndex(4, 2) with a.
266    190    16         29.2711    52.5680    79.5900    % 
UB: 52.56796874999999
branching on CartesianIndex(4, 2) with a.
267    191    17         29.2711    52.5680    79.5900    % 
UB: 52.56796874999999
branching on CartesianIndex(1, 3) with a.
268    192    17         29.2711    52.5680    79.5900    % 
UB: 52.56796874999999
branching on CartesianIndex(1, 3) with a.
269    193    18         29.2711    52.5680    79.5900    % 
UB: 52.56796874999999
branching on CartesianIndex(2, 3) with a.
270    194    18         29.2711    52.5680    79.5900    % 
UB: 52.56796874999999
branching on 1 with b.
271    195    15         29.2711    52.5680    79.5900    % 
UB: 52.56796874999999
branching on 2 with b.
272    196    15         29.2711    52.5680    79.5900    % 
UB: 52.56796874999999
branching on CartesianIndex(1, 4) with c.
273    197    19         29.2711    52.5680    79.5900    % 
UB: 52.56796874999999
branching on 1 with b.
274    198    20         29.2711    52.5680    79.5900    % 
UB: 52.56796874999999
branching on CartesianIndex(3, 3) with a.
275    199    20         29.2711    52.5680    79.5900    % 
UB: 52.56796874999999
branching on CartesianIndex(3, 3) with a.
276    200    19         29.2711    52.5680    79.5900    % 
LB close or above UB, fathomed
277    199    16         29.2711    52.5680    79.5900    % 
UB: 52.56796874999999
branching on CartesianIndex(2, 3) with a.
278    200    17         29.2711    52.5680    79.5900    % 
UB: 52.56796874999999
branching on 3 with b.
279    201    18         29.2711    52.5680    79.5900    % 
UB: 52.56796874999999
branching on CartesianIndex(3, 3) with a.
280    202    18         29.2711    52.5680    79.5900    % 
UB: 52.56796874999999
branching on CartesianIndex(3, 3) with a.
281    203    19         29.2711    52.5680    79.5900    % 
UB: 52.56796874999999
branching on CartesianIndex(4, 3) with a.
282    204    19         29.2711    52.5680    79.5900    % 
UB: 52.56796874999999
branching on CartesianIndex(1, 4) with c.
283    205    17         29.2711    52.5680    79.5900    % 
LB close or above UB, fathomed
284    204    16         29.2711    52.5680    79.5900    % 
UB: 52.56796874999999
branching on 3 with b.
285    205    15         29.9343    52.5680    75.6113    % 
UB: 52.56796874999999
branching on CartesianIndex(1, 4) with c.
286    206    15         29.9343    52.5680    75.6113    % 
LB close or above UB, fathomed
287    205    17         30.4756    52.5680    72.4920    % 
LB close or above UB, fathomed
288    204    17         30.4756    52.5680    72.4920    % 
UB: 52.56796874999999
branching on CartesianIndex(1, 6) with c.
289    205    4          31.1313    52.5680    68.8588    % 
LB close or above UB, fathomed
290    204    4          31.1313    52.5680    68.8588    % 
UB: 52.56796874999999
branching on CartesianIndex(1, 1) with a.
291    205    5          31.1396    52.5680    68.8136    % 
UB: 52.56796874999999
branching on CartesianIndex(2, 1) with a.
292    206    6          31.1396    52.5680    68.8136    % 
UB: 52.56796874999999
branching on 1 with b.
293    207    6          31.1396    52.5680    68.8136    % 
UB: 52.56796874999999
branching on CartesianIndex(1, 3) with a.
294    208    5          31.1396    52.5680    68.8136    % 
UB: 52.56796874999999
branching on CartesianIndex(1, 3) with a.
295    209    7          31.1542    52.5680    68.7350    % 
UB: 52.56796874999999
branching on CartesianIndex(2, 3) with a.
296    210    7          31.1542    52.5680    68.7350    % 
UB: 52.56796874999999
branching on CartesianIndex(1, 5) with c.
297    211    16         31.2027    52.5680    68.4723    % 
UB: 52.56796874999999
branching on CartesianIndex(1, 3) with a.
298    212    16         31.2027    52.5680    68.4723    % 
UB: 52.56796874999999
branching on 2 with b.
299    213    18         31.2125    52.5680    68.4196    % 
UB: 52.56796874999999
branching on CartesianIndex(1, 6) with c.
300    214    18         31.2125    52.5680    68.4196    % 
LB close or above UB, fathomed
301    213    20         31.2125    52.5680    68.4196    % 
UB: 52.56796874999999
branching on 3 with b.
302    214    20         31.2125    52.5680    68.4196    % 
LB close or above UB, fathomed
303    213    21         31.2125    52.5680    68.4196    % 
LB close or above UB, fathomed
304    212    21         31.2125    52.5680    68.4196    % 
UB: 52.56796874999999
branching on CartesianIndex(1, 5) with c.
305    213    22         31.2125    52.5680    68.4196    % 
UB: 52.56796874999999
branching on CartesianIndex(1, 6) with c.
306    214    22         31.2125    52.5680    68.4196    % 
LB close or above UB, fathomed
307    213    17         31.2125    52.5680    68.4196    % 
LB close or above UB, fathomed
308    212    17         31.2125    52.5680    68.4196    % 
UB: 52.56796874999999
branching on 1 with b.
309    213    15         31.2125    52.5680    68.4196    % 
LB close or above UB, fathomed
310    212    15         31.2125    52.5680    68.4196    % 
UB: 52.56796874999999
branching on 2 with b.
311    213    16         31.2125    52.5680    68.4196    % 
UB: 52.56796874999999
branching on CartesianIndex(1, 4) with c.
312    214    17         31.2125    52.5680    68.4196    % 
LB close or above UB, fathomed
313    213    17         31.2125    52.5680    68.4196    % 
UB: 52.56796874999999
branching on 3 with b.
314    214    18         31.2125    52.5680    68.4196    % 
UB: 52.56796874999999
branching on 1 with b.
315    215    18         31.2125    52.5680    68.4196    % 
UB: 52.56796874999999
branching on CartesianIndex(1, 5) with c.
316    216    16         31.2125    52.5680    68.4196    % 
LB close or above UB, fathomed
317    215    19         31.2125    52.5680    68.4196    % 
LB close or above UB, fathomed
318    214    19         31.2125    52.5680    68.4196    % 
UB: 52.56796874999999
branching on CartesianIndex(1, 5) with c.
319    215    20         31.2125    52.5680    68.4196    % 
UB: 52.56796874999999
branching on 2 with b.
320    216    21         31.2125    52.5680    68.4196    % 
UB: 52.56796874999999
branching on CartesianIndex(1, 6) with c.
321    217    21         31.2125    52.5680    68.4196    % 
UB: 52.56796874999999
branching on 3 with b.
322    218    20         31.2125    52.5680    68.4196    % 
LB close or above UB, fathomed
323    217    18         31.2125    52.5680    68.4196    % 
LB close or above UB, fathomed
324    216    18         31.2125    52.5680    68.4196    % 
UB: 52.56796874999999
branching on CartesianIndex(1, 5) with c.
325    217    23         31.2125    52.5680    68.4196    % 
LB close or above UB, fathomed
326    216    23         31.2125    52.5680    68.4196    % 
UB: 52.56796874999999
branching on CartesianIndex(1, 7) with c.
327    217    24         31.2125    52.5680    68.4196    % 
UB: 52.56796874999999
branching on 2 with b.
328    218    25         31.2125    52.5680    68.4196    % 
UB: 52.56796874999999
branching on 3 with b.
329    219    25         31.2125    52.5680    68.4196    % 
UB: 52.56796874999999
branching on 3 with b.
330    220    24         31.2125    52.5680    68.4196    % 
LB close or above UB, fathomed
331    219    21         31.2125    52.5680    68.4196    % 
UB: 52.56796874999999
branching on 1 with b.
332    220    21         31.2125    52.5680    68.4196    % 
LB close or above UB, fathomed
333    219    17         31.2125    52.5680    68.4196    % 
UB: 52.56796874999999
branching on CartesianIndex(2, 3) with a.
334    220    17         31.2125    52.5680    68.4196    % 
LB close or above UB, fathomed
335    219    8          31.2125    52.5680    68.4196    % 
UB: 52.56796874999999
branching on CartesianIndex(3, 2) with a.
336    220    9          31.2125    52.5680    68.4196    % 
UB: 52.56796874999999
branching on CartesianIndex(4, 2) with a.
337    221    9          31.2125    52.5680    68.4196    % 
UB: 52.56796874999999
branching on CartesianIndex(1, 3) with a.
338    222    8          31.2125    52.5680    68.4196    % 
LB close or above UB, fathomed
339    221    15         31.2125    52.5680    68.4196    % 
UB: 52.56796874999999
branching on CartesianIndex(4, 2) with a.
340    222    15         31.2125    52.5680    68.4196    % 
UB: 52.56796874999999
branching on CartesianIndex(1, 3) with a.
341    223    11         31.2125    52.5680    68.4196    % 
UB: 52.56796874999999
branching on 3 with b.
342    224    11         31.2125    52.5680    68.4196    % 
UB: 52.56796874999999
branching on 3 with b.
343    225    20         31.2125    52.5680    68.4196    % 
UB: 52.56796874999999
branching on CartesianIndex(1, 7) with c.
344    226    20         31.2125    52.5680    68.4196    % 
LB close or above UB, fathomed
345    225    20         31.2125    52.5680    68.4196    % 
UB: 52.56796874999999
branching on CartesianIndex(2, 3) with a.
346    226    21         31.2125    52.5680    68.4196    % 
UB: 52.56796874999999
branching on CartesianIndex(3, 3) with a.
347    227    21         31.2125    52.5680    68.4196    % 
UB: 52.56796874999999
branching on CartesianIndex(1, 4) with c.
348    228    20         31.2125    52.5680    68.4196    % 
LB close or above UB, fathomed
349    227    18         31.2125    52.5680    68.4196    % 
UB: 52.56796874999999
branching on 2 with b.
350    228    18         31.2125    52.5680    68.4196    % 
UB: 52.56796874999999
branching on CartesianIndex(1, 4) with c.
351    229    16         31.2125    52.5680    68.4196    % 
UB: 52.56796874999999
branching on CartesianIndex(2, 3) with a.
352    230    17         31.2125    52.5680    68.4196    % 
UB: 52.56796874999999
branching on CartesianIndex(3, 3) with a.
353    231    18         31.2125    52.5680    68.4196    % 
UB: 52.56796874999999
branching on CartesianIndex(4, 3) with a.
354    232    18         31.2125    52.5680    68.4196    % 
UB: 52.56796874999999
branching on CartesianIndex(1, 4) with c.
355    233    17         31.2125    52.5680    68.4196    % 
LB close or above UB, fathomed
356    232    16         31.2125    52.5680    68.4196    % 
UB: 52.56796874999999
branching on CartesianIndex(1, 4) with c.
357    233    22         31.2125    52.5680    68.4196    % 
UB: 52.56796874999999
branching on 3 with b.
358    234    22         31.2125    52.5680    68.4196    % 
UB: 52.56796874999999
branching on 3 with b.
359    235    23         31.2125    52.5680    68.4196    % 
UB: 52.56796874999999
branching on 1 with b.
360    236    24         31.2125    52.5680    68.4196    % 
UB: 52.56796874999999
branching on 2 with b.
361    237    25         31.2125    52.5680    68.4196    % 
UB: 52.56796874999999
branching on 3 with b.
362    238    26         31.2125    52.5680    68.4196    % 
UB: 52.56796874999999
branching on 1 with b.
363    239    27         31.2125    52.5680    68.4196    % 
UB: 52.56796874999999
branching on 2 with b.
364    240    27         31.2125    52.5680    68.4196    % 
UB: 52.56796874999999
branching on 2 with b.
365    241    26         31.2125    52.5680    68.4196    % 
LB close or above UB, fathomed
366    240    25         31.2125    52.5680    68.4196    % 
LB close or above UB, fathomed
367    239    24         31.2125    52.5680    68.4196    % 
UB: 52.56796874999999
branching on 2 with b.
368    240    23         31.2125    52.5680    68.4196    % 
LB close or above UB, fathomed
369    239    22         31.2125    52.5680    68.4196    % 
UB: 52.56796874999999
branching on 3 with b.
370    240    22         31.2125    52.5680    68.4196    % 
UB: 52.56796874999999
branching on 3 with b.
371    241    14         31.5687    52.5680    66.5193    % 
LB close or above UB, fathomed
372    240    14         31.5687    52.5680    66.5193    % 
UB: 52.56796874999999
branching on CartesianIndex(3, 2) with a.
373    241    15         31.5880    52.5680    66.4178    % 
UB: 52.56796874999999
branching on 3 with b.
374    242    15         31.5880    52.5680    66.4178    % 
UB: 52.56796874999999
branching on 3 with b.
375    243    7          33.0894    52.5680    58.8666    % 
UB: 52.56796874999999
branching on 1 with b.
376    244    8          33.0894    52.5680    58.8666    % 
UB: 52.56796874999999
branching on 3 with b.
377    245    8          33.0894    52.5680    58.8666    % 
UB: 52.56796874999999
branching on CartesianIndex(3, 1) with a.
378    246    9          33.0894    52.5680    58.8666    % 
UB: 52.56796874999999
branching on CartesianIndex(4, 1) with a.
379    247    9          33.0894    52.5680    58.8666    % 
UB: 52.56796874999999
branching on 3 with b.
380    248    7          33.0894    52.5680    58.8666    % 
LB close or above UB, fathomed
381    247    8          33.0956    52.5680    58.8369    % 
UB: 52.56796874999999
branching on 1 with b.
382    248    9          33.0956    52.5680    58.8369    % 
UB: 52.56796874999999
branching on 1 with b.
383    249    9          33.0956    52.5680    58.8369    % 
LB close or above UB, fathomed
384    248    8          33.0956    52.5680    58.8369    % 
LB close or above UB, fathomed
385    247    10         33.0997    52.5680    58.8169    % 
LB close or above UB, fathomed
386    246    10         33.0997    52.5680    58.8169    % 
UB: 52.56796874999999
branching on CartesianIndex(1, 3) with a.
387    247    17         33.1441    52.5680    58.6041    % 
UB: 52.56796874999999
branching on CartesianIndex(2, 3) with a.
388    248    17         33.1441    52.5680    58.6041    % 
UB: 52.56796874999999
branching on CartesianIndex(1, 4) with c.
389    249    16         33.1539    52.5680    58.5574    % 
UB: 52.56796874999999
branching on CartesianIndex(1, 3) with a.
390    250    16         33.1539    52.5680    58.5574    % 
UB: 52.56796874999999
branching on CartesianIndex(1, 3) with a.
391    251    17         33.1539    52.5680    58.5574    % 
UB: 52.56796874999999
branching on CartesianIndex(2, 3) with a.
392    252    17         33.1539    52.5680    58.5574    % 
LB close or above UB, fathomed
393    251    22         33.1539    52.5680    58.5574    % 
UB: 52.56796874999999
branching on 2 with b.
394    252    22         33.1539    52.5680    58.5574    % 
UB: 52.56796874999999
branching on 2 with b.
395    253    22         33.1539    52.5680    58.5574    % 
UB: 52.56796874999999
branching on CartesianIndex(1, 6) with c.
396    254    23         33.1539    52.5680    58.5574    % 
LB close or above UB, fathomed
397    253    23         33.1539    52.5680    58.5574    % 
UB: 52.56796874999999
branching on CartesianIndex(1, 7) with c.
398    254    24         33.1539    52.5680    58.5574    % 
UB: 52.56796874999999
branching on 1 with b.
399    255    25         33.1539    52.5680    58.5574    % 
UB: 52.56796874999999
branching on 2 with b.
400    256    25         33.1539    52.5680    58.5574    % 
UB: 52.56796874999999
branching on 2 with b.
401    257    24         33.1539    52.5680    58.5574    % 
LB close or above UB, fathomed
402    256    22         33.1539    52.5680    58.5574    % 
LB close or above UB, fathomed
403    255    19         33.1539    52.5680    58.5574    % 
UB: 52.56796874999999
branching on CartesianIndex(1, 5) with c.
404    256    19         33.1539    52.5680    58.5574    % 
UB: 52.56796874999999
branching on CartesianIndex(1, 5) with c.
405    257    17         33.1539    52.5680    58.5574    % 
LB close or above UB, fathomed
406    256    17         33.1539    52.5680    58.5574    % 
UB: 52.56796874999999
branching on CartesianIndex(1, 3) with a.
407    257    15         33.1539    52.5680    58.5574    % 
UB: 52.56796874999999
branching on CartesianIndex(4, 2) with a.
408    258    15         33.1539    52.5680    58.5574    % 
UB: 52.56796874999999
branching on CartesianIndex(1, 3) with a.
409    259    20         33.1539    52.5680    58.5574    % 
LB close or above UB, fathomed
410    258    20         33.1539    52.5680    58.5574    % 
UB: 52.56796874999999
branching on 1 with b.
411    259    21         33.1539    52.5680    58.5574    % 
UB: 52.56796874999999
branching on CartesianIndex(1, 5) with c.
412    260    21         33.1539    52.5680    58.5574    % 
UB: 52.56796874999999
branching on CartesianIndex(1, 5) with c.
413    261    13         33.1539    52.5680    58.5574    % 
UB: 52.56796874999999
branching on 3 with b.
414    262    13         33.1539    52.5680    58.5574    % 
UB: 52.56796874999999
branching on 3 with b.
415    263    19         33.1539    52.5680    58.5574    % 
LB close or above UB, fathomed
416    262    19         33.1539    52.5680    58.5574    % 
UB: 52.56796874999999
branching on 1 with b.
417    263    18         33.1539    52.5680    58.5574    % 
UB: 52.56796874999999
branching on CartesianIndex(2, 3) with a.
418    264    18         33.1539    52.5680    58.5574    % 
UB: 52.56796874999999
branching on CartesianIndex(1, 4) with c.
419    265    21         33.1539    52.5680    58.5574    % 
UB: 52.56796874999999
branching on 1 with b.
420    266    22         33.1539    52.5680    58.5574    % 
UB: 52.56796874999999
branching on 2 with b.
421    267    22         33.1539    52.5680    58.5574    % 
LB close or above UB, fathomed
422    266    21         33.1539    52.5680    58.5574    % 
LB close or above UB, fathomed
423    265    10         33.1539    52.5680    58.5574    % 
UB: 52.56796874999999
branching on CartesianIndex(2, 3) with a.
424    266    11         33.1539    52.5680    58.5574    % 
UB: 52.56796874999999
branching on CartesianIndex(3, 3) with a.
425    267    11         33.1539    52.5680    58.5574    % 
UB: 52.56796874999999
branching on 1 with b.
426    268    10         33.1539    52.5680    58.5574    % 
UB: 52.56796874999999
branching on 1 with b.
427    269    26         33.1539    52.5680    58.5574    % 
UB: 52.56796874999999
branching on 1 with b.
428    270    27         33.1539    52.5680    58.5574    % 
UB: 52.56796874999999
branching on 2 with b.
429    271    27         33.1539    52.5680    58.5574    % 
UB: 52.56796874999999
branching on 2 with b.
430    272    26         33.1539    52.5680    58.5574    % 
LB close or above UB, fathomed
431    271    19         33.1539    52.5680    58.5574    % 
UB: 52.56796874999999
branching on CartesianIndex(1, 6) with c.
432    272    20         33.1539    52.5680    58.5574    % 
LB close or above UB, fathomed
433    271    20         33.1539    52.5680    58.5574    % 
UB: 52.56796874999999
branching on 2 with b.
434    272    21         33.1539    52.5680    58.5574    % 
LB close or above UB, fathomed
435    271    21         33.1539    52.5680    58.5574    % 
UB: 52.56796874999999
branching on CartesianIndex(1, 7) with c.
436    272    22         33.1539    52.5680    58.5574    % 
UB: 52.56796874999999
branching on 3 with b.
437    273    23         33.1539    52.5680    58.5574    % 
UB: 52.56796874999999
branching on 1 with b.
438    274    24         33.1539    52.5680    58.5574    % 
UB: 52.56796874999999
branching on 2 with b.
439    275    24         33.1539    52.5680    58.5574    % 
UB: 52.56796874999999
branching on 2 with b.
440    276    23         33.1539    52.5680    58.5574    % 
LB close or above UB, fathomed
441    275    22         33.1539    52.5680    58.5574    % 
LB close or above UB, fathomed
442    274    19         33.1539    52.5680    58.5574    % 
LB close or above UB, fathomed
443    273    19         33.1539    52.5680    58.5574    % 
LB close or above UB, fathomed
444    272    19         33.1539    52.5680    58.5574    % 
UB: 52.56796874999999
branching on CartesianIndex(1, 7) with c.
445    273    20         33.1539    52.5680    58.5574    % 
UB: 52.56796874999999
branching on 1 with b.
446    274    21         33.1539    52.5680    58.5574    % 
UB: 52.56796874999999
branching on 2 with b.
447    275    22         33.1539    52.5680    58.5574    % 
UB: 52.56796874999999
branching on 3 with b.
448    276    23         33.1539    52.5680    58.5574    % 
LB close or above UB, fathomed
449    275    23         33.1539    52.5680    58.5574    % 
UB: 52.56796874999999
branching on 1 with b.
450    276    24         33.1539    52.5680    58.5574    % 
UB: 52.56796874999999
branching on 2 with b.
451    277    24         33.1539    52.5680    58.5574    % 
UB: 52.56796874999999
branching on 2 with b.
452    278    22         33.1539    52.5680    58.5574    % 
UB: 52.56796874999999
branching on 3 with b.
453    279    21         33.1539    52.5680    58.5574    % 
UB: 52.56796874999999
branching on 2 with b.
454    280    20         33.1539    52.5680    58.5574    % 
LB close or above UB, fathomed
455    279    18         33.1539    52.5680    58.5574    % 
LB close or above UB, fathomed
456    278    18         33.1539    52.5680    58.5574    % 
UB: 52.56796874999999
branching on CartesianIndex(1, 7) with c.
457    279    19         33.1539    52.5680    58.5574    % 
UB: 52.56796874999999
branching on 2 with b.
458    280    20         33.1539    52.5680    58.5574    % 
LB close or above UB, fathomed
459    279    20         33.1539    52.5680    58.5574    % 
UB: 52.56796874999999
branching on 3 with b.
460    280    21         33.1539    52.5680    58.5574    % 
UB: 52.56796874999999
branching on 1 with b.
461    281    22         33.1539    52.5680    58.5574    % 
UB: 52.56796874999999
branching on 2 with b.
462    282    22         33.1539    52.5680    58.5574    % 
UB: 52.56796874999999
branching on 2 with b.
463    283    21         33.1539    52.5680    58.5574    % 
LB close or above UB, fathomed
464    282    19         33.1539    52.5680    58.5574    % 
LB close or above UB, fathomed
465    281    15         33.1539    52.5680    58.5574    % 
UB: 52.56796874999999
branching on CartesianIndex(2, 3) with a.
466    282    16         33.1539    52.5680    58.5574    % 
UB: 52.56796874999999
branching on CartesianIndex(3, 3) with a.
467    283    17         33.1539    52.5680    58.5574    % 
UB: 52.56796874999999
branching on 1 with b.
468    284    17         33.1539    52.5680    58.5574    % 
UB: 52.56796874999999
branching on CartesianIndex(1, 4) with c.
469    285    16         33.1539    52.5680    58.5574    % 
LB close or above UB, fathomed
470    284    15         33.1539    52.5680    58.5574    % 
LB close or above UB, fathomed
471    283    14         33.1539    52.5680    58.5574    % 
UB: 52.56796874999999
branching on 1 with b.
472    284    14         33.1539    52.5680    58.5574    % 
UB: 52.56796874999999
branching on CartesianIndex(1, 4) with c.
473    285    13         33.1539    52.5680    58.5574    % 
UB: 52.56796874999999
branching on 3 with b.
474    286    13         33.1539    52.5680    58.5574    % 
LB close or above UB, fathomed
475    285    19         33.1539    52.5680    58.5574    % 
LB close or above UB, fathomed
476    284    19         33.1539    52.5680    58.5574    % 
UB: 52.56796874999999
branching on CartesianIndex(3, 3) with a.
477    285    12         33.1539    52.5680    58.5574    % 
UB: 52.56796874999999
branching on CartesianIndex(2, 3) with a.
478    286    12         33.1539    52.5680    58.5574    % 
LB close or above UB, fathomed
479    285    15         33.1539    52.5680    58.5574    % 
UB: 52.56796874999999
branching on CartesianIndex(1, 4) with c.
480    286    15         33.1539    52.5680    58.5574    % 
LB close or above UB, fathomed
481    285    12         33.1539    52.5680    58.5574    % 
UB: 52.56796874999999
branching on 2 with b.
482    286    13         33.1539    52.5680    58.5574    % 
LB close or above UB, fathomed
483    285    13         33.1539    52.5680    58.5574    % 
UB: 52.56796874999999
branching on CartesianIndex(2, 3) with a.
484    286    12         33.1539    52.5680    58.5574    % 
UB: 52.56796874999999
branching on CartesianIndex(1, 4) with c.
485    287    13         33.1539    52.5680    58.5574    % 
UB: 52.56796874999999
branching on CartesianIndex(3, 2) with a.
486    288    13         33.1539    52.5680    58.5574    % 
UB: 52.56796874999999
branching on 3 with b.
487    289    12         33.1539    52.5680    58.5574    % 
LB close or above UB, fathomed
488    288    12         33.1539    52.5680    58.5574    % 
UB: 52.56796874999999
branching on CartesianIndex(2, 2) with a.
489    289    13         33.1539    52.5680    58.5574    % 
UB: 52.56796874999999
branching on 2 with b.
490    290    13         33.1539    52.5680    58.5574    % 
UB: 52.56796874999999
branching on CartesianIndex(1, 3) with a.
491    291    13         33.1539    52.5680    58.5574    % 
UB: 52.56796874999999
branching on CartesianIndex(3, 3) with a.
492    292    14         33.1539    52.5680    58.5574    % 
UB: 52.56796874999999
branching on CartesianIndex(4, 3) with a.
493    293    14         33.1539    52.5680    58.5574    % 
UB: 52.56796874999999
branching on CartesianIndex(1, 4) with c.
494    294    13         33.1539    52.5680    58.5574    % 
LB close or above UB, fathomed
495    293    20         33.1539    52.5680    58.5574    % 
UB: 52.56796874999999
branching on CartesianIndex(4, 3) with a.
496    294    20         33.1539    52.5680    58.5574    % 
UB: 52.56796874999999
branching on CartesianIndex(1, 4) with c.
497    295    28         33.1539    52.5680    58.5574    % 
UB: 52.56796874999999
branching on 3 with b.
498    296    29         33.1539    52.5680    58.5574    % 
UB: 52.56796874999999
branching on 1 with b.
499    297    30         33.1539    52.5680    58.5574    % 
UB: 52.56796874999999
branching on 2 with b.
500    298    30         33.1539    52.5680    58.5574    % 
UB: 52.56796874999999
branching on 2 with b.
501    299    31         33.1539    52.5680    58.5574    % 
UB: 52.56796874999999
branching on 3 with b.
502    300    31         33.1539    52.5680    58.5574    % 
LB close or above UB, fathomed
503    299    29         33.1539    52.5680    58.5574    % 
UB: 52.56796874999999
branching on 1 with b.
504    300    28         33.1539    52.5680    58.5574    % 
LB close or above UB, fathomed
505    299    16         33.1539    52.5680    58.5574    % 
UB: 52.56796874999999
branching on CartesianIndex(1, 4) with c.
506    300    16         33.1539    52.5680    58.5574    % 
UB: 52.56796874999999
branching on CartesianIndex(1, 4) with c.
507    301    12         33.1539    52.5680    58.5574    % 
UB: 52.56796874999999
branching on 3 with b.
508    302    12         33.1539    52.5680    58.5574    % 
UB: 52.56796874999999
branching on CartesianIndex(1, 3) with a.
509    303    17         33.1539    52.5680    58.5574    % 
LB close or above UB, fathomed
510    302    17         33.1539    52.5680    58.5574    % 
UB: 52.56796874999999
branching on CartesianIndex(1, 5) with c.
511    303    18         33.1539    52.5680    58.5574    % 
UB: 52.56796874999999
branching on CartesianIndex(1, 6) with c.
512    304    18         33.1539    52.5680    58.5574    % 
UB: 52.56796874999999
branching on 2 with b.
513    305    21         33.1539    52.5680    58.5574    % 
LB close or above UB, fathomed
514    304    21         33.1539    52.5680    58.5574    % 
UB: 52.56796874999999
branching on CartesianIndex(1, 5) with c.
515    305    22         33.1539    52.5680    58.5574    % 
UB: 52.56796874999999
branching on CartesianIndex(1, 6) with c.
516    306    23         33.1539    52.5680    58.5574    % 
LB close or above UB, fathomed
517    305    23         33.1539    52.5680    58.5574    % 
UB: 52.56796874999999
branching on CartesianIndex(1, 7) with c.
518    306    24         33.1539    52.5680    58.5574    % 
UB: 52.56796874999999
branching on 3 with b.
519    307    25         33.1539    52.5680    58.5574    % 
UB: 52.56796874999999
branching on 1 with b.
520    308    26         33.1539    52.5680    58.5574    % 
UB: 52.56796874999999
branching on 2 with b.
521    309    27         33.1539    52.5680    58.5574    % 
UB: 52.56796874999999
branching on 3 with b.
522    310    27         33.1539    52.5680    58.5574    % 
UB: 52.56796874999999
branching on 3 with b.
523    311    26         33.1539    52.5680    58.5574    % 
UB: 52.56796874999999
branching on 2 with b.
524    312    25         33.1539    52.5680    58.5574    % 
LB close or above UB, fathomed
525    311    24         33.1539    52.5680    58.5574    % 
LB close or above UB, fathomed
526    310    22         33.1539    52.5680    58.5574    % 
LB close or above UB, fathomed
527    309    19         33.1539    52.5680    58.5574    % 
LB close or above UB, fathomed
528    308    19         33.1539    52.5680    58.5574    % 
UB: 52.56796874999999
branching on CartesianIndex(1, 7) with c.
529    309    20         33.1539    52.5680    58.5574    % 
UB: 52.56796874999999
branching on 2 with b.
530    310    21         33.1539    52.5680    58.5574    % 
UB: 52.56796874999999
branching on 3 with b.
531    311    22         33.1539    52.5680    58.5574    % 
LB close or above UB, fathomed
532    310    22         33.1539    52.5680    58.5574    % 
UB: 52.56796874999999
branching on 1 with b.
533    311    23         33.1539    52.5680    58.5574    % 
UB: 52.56796874999999
branching on 2 with b.
534    312    23         33.1539    52.5680    58.5574    % 
UB: 52.56796874999999
branching on 2 with b.
535    313    21         33.1539    52.5680    58.5574    % 
UB: 52.56796874999999
branching on 3 with b.
536    314    20         33.1539    52.5680    58.5574    % 
LB close or above UB, fathomed
537    313    16         33.1539    52.5680    58.5574    % 
UB: 52.56796874999999
branching on CartesianIndex(1, 3) with a.
538    314    16         33.1539    52.5680    58.5574    % 
LB close or above UB, fathomed
539    313    16         33.1539    52.5680    58.5574    % 
UB: 52.56796874999999
branching on CartesianIndex(2, 3) with a.
540    314    16         33.1539    52.5680    58.5574    % 
LB close or above UB, fathomed
541    313    13         33.6393    52.5680    56.2697    % 
LB close or above UB, fathomed
542    312    13         33.6393    52.5680    56.2697    % 
LB close or above UB, fathomed
543    311    10         35.0370    52.5680    50.0357    % 
LB close or above UB, fathomed
544    310    10         35.0370    52.5680    50.0357    % 
UB: 52.56796874999999
branching on 3 with b.
545    311    11         35.0370    52.5680    50.0357    % 
UB: 52.56796874999999
branching on CartesianIndex(3, 3) with a.
546    312    12         35.0370    52.5680    50.0357    % 
UB: 52.56796874999999
branching on CartesianIndex(4, 3) with a.
547    313    12         35.0370    52.5680    50.0357    % 
UB: 52.56796874999999
branching on CartesianIndex(1, 5) with c.
548    314    11         35.0370    52.5680    50.0357    % 
LB close or above UB, fathomed
549    313    11         35.0411    52.5680    50.0178    % 
UB: 52.56796874999999
branching on CartesianIndex(2, 3) with a.
550    314    11         35.0411    52.5680    50.0178    % 
LB close or above UB, fathomed
551    313    5          35.0453    52.5680    50.0000    % 
UB: 52.56796874999999
branching on 1 with b.
552    314    6          35.0453    52.5680    50.0000    % 
UB: 52.56796874999999
branching on CartesianIndex(2, 1) with a.
553    315    6          35.0453    52.5680    50.0000    % 
UB: 52.56796874999999
branching on 1 with b.
554    316    7          35.0453    52.5680    50.0000    % 
UB: 52.56796874999999
branching on CartesianIndex(2, 1) with a.
555    317    7          35.0453    52.5680    50.0000    % 
UB: 52.56796874999999
branching on 2 with b.
556    318    5          35.0453    52.5680    50.0000    % 
UB: 52.56796874999999
branching on 1 with b.
557    319    32         35.0953    52.5680    49.7863    % 
UB: 52.56796874999999
branching on 1 with b.
558    320    32         35.0953    52.5680    49.7863    % 
UB: 52.56796874999999
branching on 1 with b.
559    321    25         35.0953    52.5680    49.7863    % 
UB: 52.56796874999999
branching on 3 with b.
560    322    25         35.0953    52.5680    49.7863    % 
UB: 52.56796874999999
branching on 3 with b.
561    323    20         35.0953    52.5680    49.7863    % 
UB: 52.56796874999999
branching on CartesianIndex(1, 5) with c.
562    324    20         35.0953    52.5680    49.7863    % 
UB: 52.56796874999999
branching on 2 with b.
563    325    14         35.0953    52.5680    49.7863    % 
UB: 52.56796874999999
branching on CartesianIndex(1, 3) with a.
564    326    14         35.0953    52.5680    49.7863    % 
LB close or above UB, fathomed
565    325    16         35.0953    52.5680    49.7863    % 
UB: 52.56796874999999
branching on 2 with b.
566    326    16         35.0953    52.5680    49.7863    % 
UB: 52.56796874999999
branching on 2 with b.
567    327    17         35.0953    52.5680    49.7863    % 
UB: 52.56796874999999
branching on CartesianIndex(1, 3) with a.
568    328    17         35.0953    52.5680    49.7863    % 
UB: 52.56796874999999
branching on 3 with b.
569    329    16         35.0953    52.5680    49.7863    % 
UB: 52.56796874999999
branching on 2 with b.
570    330    16         35.0953    52.5680    49.7863    % 
LB close or above UB, fathomed
571    329    18         35.0953    52.5680    49.7863    % 
LB close or above UB, fathomed
572    328    18         35.0953    52.5680    49.7863    % 
UB: 52.56796874999999
branching on CartesianIndex(1, 4) with c.
573    329    14         35.0953    52.5680    49.7863    % 
UB: 52.56796874999999
branching on 3 with b.
574    330    15         35.0953    52.5680    49.7863    % 
UB: 52.56796874999999
branching on 1 with b.
575    331    15         35.0953    52.5680    49.7863    % 
LB close or above UB, fathomed
576    330    14         35.0953    52.5680    49.7863    % 
UB: 52.56796874999999
branching on 3 with b.
577    331    15         35.0953    52.5680    49.7863    % 
UB: 52.56796874999999
branching on CartesianIndex(1, 5) with c.
578    332    15         35.0953    52.5680    49.7863    % 
LB close or above UB, fathomed
579    331    20         35.0953    52.5680    49.7863    % 
LB close or above UB, fathomed
580    330    20         35.0953    52.5680    49.7863    % 
UB: 52.56796874999999
branching on 1 with b.
581    331    18         35.0953    52.5680    49.7863    % 
UB: 52.56796874999999
branching on CartesianIndex(1, 5) with c.
582    332    18         35.0953    52.5680    49.7863    % 
UB: 52.56796874999999
branching on CartesianIndex(1, 5) with c.
583    333    14         35.0953    52.5680    49.7863    % 
UB: 52.56796874999999
branching on CartesianIndex(3, 2) with a.
584    334    14         35.0953    52.5680    49.7863    % 
UB: 52.56796874999999
branching on CartesianIndex(3, 2) with a.
585    335    26         35.0953    52.5680    49.7863    % 
UB: 52.56796874999999
branching on 1 with b.
586    336    26         35.0953    52.5680    49.7863    % 
UB: 52.56796874999999
branching on 1 with b.
587    337    14         35.0953    52.5680    49.7863    % 
UB: 52.56796874999999
branching on CartesianIndex(4, 2) with a.
588    338    15         35.0953    52.5680    49.7863    % 
UB: 52.56796874999999
branching on CartesianIndex(1, 3) with a.
589    339    15         35.0953    52.5680    49.7863    % 
UB: 52.56796874999999
branching on CartesianIndex(1, 3) with a.
590    340    16         35.0953    52.5680    49.7863    % 
UB: 52.56796874999999
branching on CartesianIndex(2, 3) with a.
591    341    17         35.0953    52.5680    49.7863    % 
LB close or above UB, fathomed
592    340    17         35.0953    52.5680    49.7863    % 
UB: 52.56796874999999
branching on 3 with b.
593    341    16         35.0953    52.5680    49.7863    % 
LB close or above UB, fathomed
594    340    14         35.0953    52.5680    49.7863    % 
UB: 52.56796874999999
branching on CartesianIndex(1, 3) with a.
595    341    14         35.0953    52.5680    49.7863    % 
UB: 52.56796874999999
branching on CartesianIndex(3, 3) with a.
596    342    15         35.0953    52.5680    49.7863    % 
UB: 52.56796874999999
branching on CartesianIndex(4, 3) with a.
597    343    15         35.0953    52.5680    49.7863    % 
UB: 52.56796874999999
branching on CartesianIndex(1, 4) with c.
598    344    14         35.0953    52.5680    49.7863    % 
LB close or above UB, fathomed
599    343    12         35.0953    52.5680    49.7863    % 
LB close or above UB, fathomed
600    342    12         35.0953    52.5680    49.7863    % 
UB: 52.56796874999999
branching on CartesianIndex(1, 4) with c.
601    343    13         35.0953    52.5680    49.7863    % 
UB: 52.56796874999999
branching on 2 with b.
602    344    13         35.0953    52.5680    49.7863    % 
UB: 52.56796874999999
branching on CartesianIndex(1, 5) with c.
603    345    14         35.0953    52.5680    49.7863    % 
UB: 52.56796874999999
branching on 2 with b.
604    346    15         35.0953    52.5680    49.7863    % 
UB: 52.56796874999999
branching on CartesianIndex(1, 6) with c.
605    347    15         35.0953    52.5680    49.7863    % 
UB: 52.56796874999999
branching on CartesianIndex(1, 6) with c.
606    348    14         35.0953    52.5680    49.7863    % 
UB: 52.56796874999999
branching on 2 with b.
607    349    23         35.0953    52.5680    49.7863    % 
UB: 52.56796874999999
branching on 3 with b.
608    350    24         35.0953    52.5680    49.7863    % 
LB close or above UB, fathomed
609    349    24         35.0953    52.5680    49.7863    % 
UB: 52.56796874999999
branching on 1 with b.
610    350    25         35.0953    52.5680    49.7863    % 
UB: 52.56796874999999
branching on 2 with b.
611    351    25         35.0953    52.5680    49.7863    % 
LB close or above UB, fathomed
612    350    23         35.0953    52.5680    49.7863    % 
UB: 52.56796874999999
branching on 3 with b.
613    351    26         35.0953    52.5680    49.7863    % 
UB: 52.56796874999999
branching on 3 with b.
614    352    27         35.0953    52.5680    49.7863    % 
UB: 52.56796874999999
branching on 1 with b.
615    353    28         35.0953    52.5680    49.7863    % 
UB: 52.56796874999999
branching on 2 with b.
616    354    28         35.0953    52.5680    49.7863    % 
UB: 52.56796874999999
branching on 2 with b.
617    355    29         35.0953    52.5680    49.7863    % 
UB: 52.56796874999999
branching on 3 with b.
618    356    29         35.0953    52.5680    49.7863    % 
LB close or above UB, fathomed
619    355    27         35.0953    52.5680    49.7863    % 
LB close or above UB, fathomed
620    354    26         35.0953    52.5680    49.7863    % 
LB close or above UB, fathomed
621    353    28         35.0953    52.5680    49.7863    % 
UB: 52.56796874999999
branching on 3 with b.
622    354    28         35.0953    52.5680    49.7863    % 
LB close or above UB, fathomed
623    353    10         35.0953    52.5680    49.7863    % 
UB: 52.56796874999999
branching on 1 with b.
624    354    10         35.0953    52.5680    49.7863    % 
UB: 52.56796874999999
branching on CartesianIndex(1, 3) with a.
625    355    11         35.0953    52.5680    49.7863    % 
UB: 52.56796874999999
branching on 1 with b.
626    356    11         35.0953    52.5680    49.7863    % 
LB close or above UB, fathomed
627    355    11         35.0953    52.5680    49.7863    % 
UB: 52.56796874999999
branching on CartesianIndex(2, 2) with a.
628    356    12         35.0953    52.5680    49.7863    % 
UB: 52.56796874999999
branching on CartesianIndex(3, 2) with a.
629    357    12         35.0953    52.5680    49.7863    % 
LB close or above UB, fathomed
630    356    11         35.0953    52.5680    49.7863    % 
LB close or above UB, fathomed
631    355    17         35.0953    52.5680    49.7863    % 
LB close or above UB, fathomed
632    354    17         35.0953    52.5680    49.7863    % 
UB: 52.56796874999999
branching on CartesianIndex(1, 7) with c.
633    355    18         35.0953    52.5680    49.7863    % 
UB: 52.56796874999999
branching on 1 with b.
634    356    19         35.0953    52.5680    49.7863    % 
UB: 52.56796874999999
branching on 2 with b.
635    357    19         35.0953    52.5680    49.7863    % 
UB: 52.56796874999999
branching on 2 with b.
636    358    18         35.0953    52.5680    49.7863    % 
LB close or above UB, fathomed
637    357    18         35.0953    52.5680    49.7863    % 
LB close or above UB, fathomed
638    356    18         35.0953    52.5680    49.7863    % 
UB: 52.56796874999999
branching on CartesianIndex(1, 3) with a.
639    357    19         35.0953    52.5680    49.7863    % 
UB: 52.56796874999999
branching on CartesianIndex(2, 3) with a.
640    358    19         35.0953    52.5680    49.7863    % 
LB close or above UB, fathomed
641    357    13         35.0953    52.5680    49.7863    % 
UB: 52.56796874999999
branching on CartesianIndex(1, 3) with a.
642    358    13         35.0953    52.5680    49.7863    % 
LB close or above UB, fathomed
643    357    14         35.0953    52.5680    49.7863    % 
UB: 52.56796874999999
branching on 3 with b.
644    358    14         35.0953    52.5680    49.7863    % 
UB: 52.56796874999999
branching on 3 with b.
645    359    23         35.0953    52.5680    49.7863    % 
UB: 52.56796874999999
branching on 3 with b.
646    360    24         35.0953    52.5680    49.7863    % 
UB: 52.56796874999999
branching on 1 with b.
647    361    25         35.0953    52.5680    49.7863    % 
UB: 52.56796874999999
branching on 2 with b.
648    362    25         35.0953    52.5680    49.7863    % 
UB: 52.56796874999999
branching on 2 with b.
649    363    24         35.0953    52.5680    49.7863    % 
LB close or above UB, fathomed
650    362    23         35.0953    52.5680    49.7863    % 
LB close or above UB, fathomed
651    361    25         35.0953    52.5680    49.7863    % 
UB: 52.56796874999999
branching on 3 with b.
652    362    25         35.0953    52.5680    49.7863    % 
UB: 52.56796874999999
branching on 3 with b.
653    363    23         35.0953    52.5680    49.7863    % 
UB: 52.56796874999999
branching on 1 with b.
654    364    24         35.0953    52.5680    49.7863    % 
UB: 52.56796874999999
branching on 2 with b.
655    365    24         35.0953    52.5680    49.7863    % 
UB: 52.56796874999999
branching on 2 with b.
656    366    25         35.0953    52.5680    49.7863    % 
UB: 52.56796874999999
branching on 3 with b.
657    367    26         35.0953    52.5680    49.7863    % 
UB: 52.56796874999999
branching on 1 with b.
658    368    27         35.0953    52.5680    49.7863    % 
UB: 52.56796874999999
branching on 2 with b.
659    369    27         35.0953    52.5680    49.7863    % 
UB: 52.56796874999999
branching on 2 with b.
660    370    26         35.0953    52.5680    49.7863    % 
LB close or above UB, fathomed
661    369    25         35.0953    52.5680    49.7863    % 
LB close or above UB, fathomed
662    368    23         35.0953    52.5680    49.7863    % 
LB close or above UB, fathomed
663    367    19         35.0953    52.5680    49.7863    % 
LB close or above UB, fathomed
664    366    19         35.0953    52.5680    49.7863    % 
UB: 52.56796874999999
branching on CartesianIndex(1, 4) with c.
665    367    20         35.0953    52.5680    49.7863    % 
LB close or above UB, fathomed
666    366    20         35.0953    52.5680    49.7863    % 
UB: 52.56796874999999
branching on CartesianIndex(1, 5) with c.
667    367    21         35.0953    52.5680    49.7863    % 
UB: 52.56796874999999
branching on CartesianIndex(1, 6) with c.
668    368    21         35.0953    52.5680    49.7863    % 
UB: 52.56796874999999
branching on CartesianIndex(1, 6) with c.
669    369    18         35.0953    52.5680    49.7863    % 
LB close or above UB, fathomed
670    368    18         35.0953    52.5680    49.7863    % 
UB: 52.56796874999999
branching on CartesianIndex(1, 4) with c.
671    369    19         35.0953    52.5680    49.7863    % 
LB close or above UB, fathomed
672    368    19         35.0953    52.5680    49.7863    % 
UB: 52.56796874999999
branching on CartesianIndex(1, 5) with c.
673    369    20         35.0953    52.5680    49.7863    % 
UB: 52.56796874999999
branching on 1 with b.
674    370    21         35.0953    52.5680    49.7863    % 
LB close or above UB, fathomed
675    369    21         35.0953    52.5680    49.7863    % 
UB: 52.56796874999999
branching on 2 with b.
676    370    20         35.0953    52.5680    49.7863    % 
UB: 52.56796874999999
branching on 1 with b.
677    371    21         35.0953    52.5680    49.7863    % 
LB close or above UB, fathomed
678    370    21         35.0953    52.5680    49.7863    % 
UB: 52.56796874999999
branching on 3 with b.
679    371    22         35.0953    52.5680    49.7863    % 
UB: 52.56796874999999
branching on 1 with b.
680    372    23         35.0953    52.5680    49.7863    % 
UB: 52.56796874999999
branching on 2 with b.
681    373    23         35.0953    52.5680    49.7863    % 
UB: 52.56796874999999
branching on 2 with b.
682    374    22         35.0953    52.5680    49.7863    % 
LB close or above UB, fathomed
683    373    10         35.0953    52.5680    49.7863    % 
UB: 52.56796874999999
branching on CartesianIndex(2, 2) with a.
684    374    11         35.0953    52.5680    49.7863    % 
UB: 52.56796874999999
branching on CartesianIndex(3, 2) with a.
685    375    12         35.0953    52.5680    49.7863    % 
LB close or above UB, fathomed
686    374    12         35.0953    52.5680    49.7863    % 
UB: 52.56796874999999
branching on CartesianIndex(1, 3) with a.
687    375    11         35.0953    52.5680    49.7863    % 
LB close or above UB, fathomed
688    374    10         35.0953    52.5680    49.7863    % 
LB close or above UB, fathomed
689    373    20         35.0953    52.5680    49.7863    % 
LB close or above UB, fathomed
690    372    20         35.0953    52.5680    49.7863    % 
UB: 52.56796874999999
branching on CartesianIndex(1, 4) with c.
691    373    20         35.0953    52.5680    49.7863    % 
LB close or above UB, fathomed
692    372    20         35.0953    52.5680    49.7863    % 
UB: 52.56796874999999
branching on 1 with b.
693    373    19         35.0953    52.5680    49.7863    % 
UB: 52.56796874999999
branching on CartesianIndex(4, 3) with a.
694    374    19         35.0953    52.5680    49.7863    % 
LB close or above UB, fathomed
695    373    21         35.0953    52.5680    49.7863    % 
UB: 52.56796874999999
branching on CartesianIndex(1, 5) with c.
696    374    21         35.0953    52.5680    49.7863    % 
UB: 52.56796874999999
branching on CartesianIndex(1, 5) with c.
697    375    20         35.0953    52.5680    49.7863    % 
LB close or above UB, fathomed
698    374    20         35.0953    52.5680    49.7863    % 
UB: 52.56796874999999
branching on CartesianIndex(1, 4) with c.
699    375    21         35.0953    52.5680    49.7863    % 
LB close or above UB, fathomed
700    374    21         35.0953    52.5680    49.7863    % 
UB: 52.56796874999999
branching on CartesianIndex(1, 5) with c.
701    375    22         35.0953    52.5680    49.7863    % 
UB: 52.56796874999999
branching on CartesianIndex(1, 6) with c.
702    376    22         35.0953    52.5680    49.7863    % 
UB: 52.56796874999999
branching on CartesianIndex(1, 6) with c.
703    377    17         35.0953    52.5680    49.7863    % 
UB: 52.56796874999999
branching on CartesianIndex(1, 3) with a.
704    378    17         35.0953    52.5680    49.7863    % 
UB: 52.56796874999999
branching on CartesianIndex(1, 3) with a.
705    379    18         35.0953    52.5680    49.7863    % 
UB: 52.56796874999999
branching on CartesianIndex(2, 3) with a.
706    380    19         35.0953    52.5680    49.7863    % 
UB: 52.56796874999999
branching on CartesianIndex(3, 3) with a.
707    381    20         35.0953    52.5680    49.7863    % 
UB: 52.56796874999999
branching on CartesianIndex(4, 3) with a.
708    382    20         35.0953    52.5680    49.7863    % 
LB close or above UB, fathomed
709    381    19         35.0953    52.5680    49.7863    % 
LB close or above UB, fathomed
710    380    18         35.0953    52.5680    49.7863    % 
LB close or above UB, fathomed
711    379    13         35.0953    52.5680    49.7863    % 
UB: 52.56796874999999
branching on CartesianIndex(1, 3) with a.
712    380    13         35.0953    52.5680    49.7863    % 
LB close or above UB, fathomed
713    379    12         36.9826    52.5680    42.1426    % 
LB close or above UB, fathomed
714    378    12         36.9826    52.5680    42.1426    % 
UB: 52.56796874999999
branching on 3 with b.
715    379    8          36.9867    52.5680    42.1266    % 
UB: 52.56796874999999
branching on CartesianIndex(3, 1) with a.
716    380    9          36.9867    52.5680    42.1266    % 
UB: 52.56796874999999
branching on CartesianIndex(4, 1) with a.
717    381    9          36.9867    52.5680    42.1266    % 
UB: 52.56796874999999
branching on 2 with b.
718    382    8          36.9867    52.5680    42.1266    % 
UB: 52.56796874999999
branching on CartesianIndex(1, 2) with a.
719    383    9          36.9867    52.5680    42.1266    % 
UB: 52.56796874999999
branching on CartesianIndex(2, 2) with a.
720    384    9          36.9867    52.5680    42.1266    % 
LB close or above UB, fathomed
721    383    30         37.0367    52.5680    41.9347    % 
UB: 52.56796874999999
branching on 1 with b.
722    384    30         37.0367    52.5680    41.9347    % 
UB: 52.56796874999999
branching on 1 with b.
723    385    16         37.0367    52.5680    41.9347    % 
LB close or above UB, fathomed
724    384    16         37.0367    52.5680    41.9347    % 
UB: 52.56796874999999
branching on CartesianIndex(1, 7) with c.
725    385    17         37.0367    52.5680    41.9347    % 
UB: 52.56796874999999
branching on 3 with b.
726    386    18         37.0367    52.5680    41.9347    % 
UB: 52.56796874999999
branching on 1 with b.
727    387    18         37.0367    52.5680    41.9347    % 
LB close or above UB, fathomed
728    386    17         37.0367    52.5680    41.9347    % 
LB close or above UB, fathomed
729    385    16         37.0367    52.5680    41.9347    % 
UB: 52.56796874999999
branching on 3 with b.
730    386    17         37.0367    52.5680    41.9347    % 
UB: 52.56796874999999
branching on CartesianIndex(2, 3) with a.
731    387    17         37.0367    52.5680    41.9347    % 
LB close or above UB, fathomed
732    386    16         37.0367    52.5680    41.9347    % 
LB close or above UB, fathomed
733    385    15         37.0367    52.5680    41.9347    % 
UB: 52.56796874999999
branching on CartesianIndex(4, 2) with a.
734    386    15         37.0367    52.5680    41.9347    % 
UB: 52.56796874999999
branching on 3 with b.
735    387    16         37.0367    52.5680    41.9347    % 
LB close or above UB, fathomed
736    386    16         37.0367    52.5680    41.9347    % 
UB: 52.56796874999999
branching on CartesianIndex(1, 3) with a.
737    387    21         37.0367    52.5680    41.9347    % 
UB: 52.56796874999999
branching on CartesianIndex(1, 4) with c.
738    388    21         37.0367    52.5680    41.9347    % 
UB: 52.56796874999999
branching on CartesianIndex(1, 4) with c.
739    389    17         37.0367    52.5680    41.9347    % 
UB: 52.56796874999999
branching on CartesianIndex(2, 3) with a.
740    390    17         37.0367    52.5680    41.9347    % 
UB: 52.56796874999999
branching on CartesianIndex(2, 3) with a.
741    391    15         37.0367    52.5680    41.9347    % 
UB: 52.56796874999999
branching on CartesianIndex(2, 3) with a.
742    392    16         37.0367    52.5680    41.9347    % 
LB close or above UB, fathomed
743    391    16         37.0367    52.5680    41.9347    % 
UB: 52.56796874999999
branching on CartesianIndex(1, 4) with c.
744    392    15         37.0367    52.5680    41.9347    % 
LB close or above UB, fathomed
745    391    31         37.0367    52.5680    41.9347    % 
UB: 52.56796874999999
branching on 3 with b.
746    392    32         37.0367    52.5680    41.9347    % 
UB: 52.56796874999999
branching on 1 with b.
747    393    32         37.0367    52.5680    41.9347    % 
UB: 52.56796874999999
branching on 1 with b.
748    394    31         37.0367    52.5680    41.9347    % 
LB close or above UB, fathomed
749    393    14         37.0367    52.5680    41.9347    % 
UB: 52.56796874999999
branching on CartesianIndex(1, 3) with a.
750    394    14         37.0367    52.5680    41.9347    % 
LB close or above UB, fathomed
751    393    18         37.0367    52.5680    41.9347    % 
LB close or above UB, fathomed
752    392    18         37.0367    52.5680    41.9347    % 
UB: 52.56796874999999
branching on CartesianIndex(1, 4) with c.
753    393    12         37.0367    52.5680    41.9347    % 
UB: 52.56796874999999
branching on CartesianIndex(3, 2) with a.
754    394    12         37.0367    52.5680    41.9347    % 
UB: 52.56796874999999
branching on CartesianIndex(3, 2) with a.
755    395    13         37.0367    52.5680    41.9347    % 
UB: 52.56796874999999
branching on CartesianIndex(4, 2) with a.
756    396    13         37.0367    52.5680    41.9347    % 
UB: 52.56796874999999
branching on CartesianIndex(1, 3) with a.
757    397    20         37.0367    52.5680    41.9347    % 
LB close or above UB, fathomed
758    396    20         37.0367    52.5680    41.9347    % 
UB: 52.56796874999999
branching on 2 with b.
759    397    21         37.0367    52.5680    41.9347    % 
UB: 52.56796874999999
branching on 3 with b.
760    398    21         37.0367    52.5680    41.9347    % 
UB: 52.56796874999999
branching on CartesianIndex(1, 5) with c.
761    399    28         37.0367    52.5680    41.9347    % 
UB: 52.56796874999999
branching on 3 with b.
762    400    28         37.0367    52.5680    41.9347    % 
LB close or above UB, fathomed
763    399    12         37.0367    52.5680    41.9347    % 
UB: 52.56796874999999
branching on 2 with b.
764    400    12         37.0367    52.5680    41.9347    % 
UB: 52.56796874999999
branching on CartesianIndex(2, 3) with a.
765    401    13         37.0367    52.5680    41.9347    % 
UB: 52.56796874999999
branching on CartesianIndex(3, 3) with a.
766    402    13         37.0367    52.5680    41.9347    % 
UB: 52.56796874999999
branching on CartesianIndex(1, 4) with c.
767    403    14         37.0367    52.5680    41.9347    % 
UB: 52.56796874999999
branching on 2 with b.
768    404    14         37.0367    52.5680    41.9347    % 
UB: 52.56796874999999
branching on CartesianIndex(1, 5) with c.
769    405    26         37.0367    52.5680    41.9347    % 
UB: 52.56796874999999
branching on 3 with b.
770    406    27         37.0367    52.5680    41.9347    % 
UB: 52.56796874999999
branching on 1 with b.
771    407    27         37.0367    52.5680    41.9347    % 
UB: 52.56796874999999
branching on 1 with b.
772    408    26         37.0367    52.5680    41.9347    % 
UB: 52.56796874999999
branching on 3 with b.
773    409    15         37.0367    52.5680    41.9347    % 
UB: 52.56796874999999
branching on CartesianIndex(2, 3) with a.
774    410    16         37.0367    52.5680    41.9347    % 
LB close or above UB, fathomed
775    409    16         37.0367    52.5680    41.9347    % 
UB: 52.56796874999999
branching on 3 with b.
776    410    15         37.0367    52.5680    41.9347    % 
LB close or above UB, fathomed
777    409    16         37.0367    52.5680    41.9347    % 
UB: 52.56796874999999
branching on 1 with b.
778    410    16         37.0367    52.5680    41.9347    % 
UB: 52.56796874999999
branching on CartesianIndex(1, 5) with c.
779    411    17         37.0367    52.5680    41.9347    % 
UB: 52.56796874999999
branching on CartesianIndex(1, 6) with c.
780    412    17         37.0367    52.5680    41.9347    % 
UB: 52.56796874999999
branching on 1 with b.
781    413    23         37.0367    52.5680    41.9347    % 
LB close or above UB, fathomed
782    412    23         37.0367    52.5680    41.9347    % 
UB: 52.56796874999999
branching on 3 with b.
783    413    24         37.0367    52.5680    41.9347    % 
LB close or above UB, fathomed
784    412    24         37.0367    52.5680    41.9347    % 
UB: 52.56796874999999
branching on 1 with b.
785    413    25         37.0367    52.5680    41.9347    % 
UB: 52.56796874999999
branching on 2 with b.
786    414    26         37.0367    52.5680    41.9347    % 
LB close or above UB, fathomed
787    413    26         37.0367    52.5680    41.9347    % 
UB: 52.56796874999999
branching on 3 with b.
788    414    25         37.0367    52.5680    41.9347    % 
UB: 52.56796874999999
branching on 2 with b.
789    415    15         37.0367    52.5680    41.9347    % 
UB: 52.56796874999999
branching on CartesianIndex(4, 2) with a.
790    416    16         37.0367    52.5680    41.9347    % 
UB: 52.56796874999999
branching on CartesianIndex(1, 3) with a.
791    417    16         37.0367    52.5680    41.9347    % 
UB: 52.56796874999999
branching on CartesianIndex(1, 3) with a.
792    418    15         37.0367    52.5680    41.9347    % 
UB: 52.56796874999999
branching on CartesianIndex(1, 3) with a.
793    419    15         37.0367    52.5680    41.9347    % 
UB: 52.56796874999999
branching on 2 with b.
794    420    15         37.0367    52.5680    41.9347    % 
LB close or above UB, fathomed
795    419    14         37.0367    52.5680    41.9347    % 
UB: 52.56796874999999
branching on 2 with b.
796    420    14         37.0367    52.5680    41.9347    % 
UB: 52.56796874999999
branching on 2 with b.
797    421    15         37.0367    52.5680    41.9347    % 
LB close or above UB, fathomed
798    420    15         37.0367    52.5680    41.9347    % 
UB: 52.56796874999999
branching on CartesianIndex(1, 4) with c.
799    421    19         37.0367    52.5680    41.9347    % 
LB close or above UB, fathomed
800    420    19         37.0367    52.5680    41.9347    % 
UB: 52.56796874999999
branching on CartesianIndex(1, 7) with c.
801    421    20         37.0367    52.5680    41.9347    % 
UB: 52.56796874999999
branching on 1 with b.
802    422    21         37.0367    52.5680    41.9347    % 
UB: 52.56796874999999
branching on 2 with b.
803    423    21         37.0367    52.5680    41.9347    % 
UB: 52.56796874999999
branching on 2 with b.
804    424    20         37.0367    52.5680    41.9347    % 
LB close or above UB, fathomed
805    423    15         37.0367    52.5680    41.9347    % 
UB: 52.56796874999999
branching on CartesianIndex(3, 2) with a.
806    424    15         37.0367    52.5680    41.9347    % 
UB: 52.56796874999999
branching on CartesianIndex(3, 2) with a.
807    425    16         37.0367    52.5680    41.9347    % 
UB: 52.56796874999999
branching on CartesianIndex(4, 2) with a.
808    426    17         37.0367    52.5680    41.9347    % 
UB: 52.56796874999999
branching on CartesianIndex(1, 3) with a.
809    427    17         37.0367    52.5680    41.9347    % 
UB: 52.56796874999999
branching on CartesianIndex(1, 3) with a.
810    428    18         37.0367    52.5680    41.9347    % 
UB: 52.56796874999999
branching on CartesianIndex(2, 3) with a.
811    429    18         37.0367    52.5680    41.9347    % 
LB close or above UB, fathomed
812    428    16         37.0367    52.5680    41.9347    % 
UB: 52.56796874999999
branching on CartesianIndex(1, 3) with a.
813    429    18         37.0367    52.5680    41.9347    % 
LB close or above UB, fathomed
814    428    18         37.0367    52.5680    41.9347    % 
UB: 52.56796874999999
branching on 1 with b.
815    429    19         37.0367    52.5680    41.9347    % 
UB: 52.56796874999999
branching on CartesianIndex(1, 5) with c.
816    430    19         37.0367    52.5680    41.9347    % 
UB: 52.56796874999999
branching on CartesianIndex(1, 5) with c.
817    431    16         37.0367    52.5680    41.9347    % 
UB: 52.56796874999999
branching on CartesianIndex(4, 3) with a.
818    432    16         37.0367    52.5680    41.9347    % 
UB: 52.56796874999999
branching on 2 with b.
819    433    18         37.0367    52.5680    41.9347    % 
LB close or above UB, fathomed
820    432    18         37.0367    52.5680    41.9347    % 
UB: 52.56796874999999
branching on CartesianIndex(1, 7) with c.
821    433    19         37.0367    52.5680    41.9347    % 
UB: 52.56796874999999
branching on 1 with b.
822    434    20         37.0367    52.5680    41.9347    % 
UB: 52.56796874999999
branching on 2 with b.
823    435    21         37.0367    52.5680    41.9347    % 
LB close or above UB, fathomed
824    434    21         37.0367    52.5680    41.9347    % 
UB: 52.56796874999999
branching on 3 with b.
825    435    22         37.0367    52.5680    41.9347    % 
LB close or above UB, fathomed
826    434    22         37.0367    52.5680    41.9347    % 
UB: 52.56796874999999
branching on 1 with b.
827    435    23         37.0367    52.5680    41.9347    % 
UB: 52.56796874999999
branching on 2 with b.
828    436    23         37.0367    52.5680    41.9347    % 
UB: 52.56796874999999
branching on 2 with b.
829    437    20         37.0367    52.5680    41.9347    % 
LB close or above UB, fathomed
830    436    19         37.0367    52.5680    41.9347    % 
LB close or above UB, fathomed
831    435    18         37.0367    52.5680    41.9347    % 
LB close or above UB, fathomed
832    434    18         37.0367    52.5680    41.9347    % 
UB: 52.56796874999999
branching on CartesianIndex(1, 4) with c.
833    435    13         37.0367    52.5680    41.9347    % 
UB: 52.56796874999999
branching on 3 with b.
834    436    13         37.0367    52.5680    41.9347    % 
UB: 52.56796874999999
branching on CartesianIndex(1, 4) with c.
835    437    26         37.0367    52.5680    41.9347    % 
UB: 52.56796874999999
branching on 3 with b.
836    438    26         37.0367    52.5680    41.9347    % 
LB close or above UB, fathomed
837    437    24         37.0367    52.5680    41.9347    % 
UB: 52.56796874999999
branching on 3 with b.
838    438    25         37.0367    52.5680    41.9347    % 
UB: 52.56796874999999
branching on 1 with b.
839    439    25         37.0367    52.5680    41.9347    % 
UB: 52.56796874999999
branching on 1 with b.
840    440    24         37.0367    52.5680    41.9347    % 
UB: 52.56796874999999
branching on 3 with b.
841    441    25         37.0367    52.5680    41.9347    % 
LB close or above UB, fathomed
842    440    25         37.0367    52.5680    41.9347    % 
UB: 52.56796874999999
branching on 3 with b.
843    441    19         37.0367    52.5680    41.9347    % 
UB: 52.56796874999999
branching on CartesianIndex(3, 3) with a.
844    442    19         37.0367    52.5680    41.9347    % 
UB: 52.56796874999999
branching on CartesianIndex(1, 4) with c.
845    443    23         37.0367    52.5680    41.9347    % 
UB: 52.56796874999999
branching on 1 with b.
846    444    24         37.0367    52.5680    41.9347    % 
UB: 52.56796874999999
branching on 2 with b.
847    445    24         37.0367    52.5680    41.9347    % 
UB: 52.56796874999999
branching on 2 with b.
848    446    23         37.0367    52.5680    41.9347    % 
LB close or above UB, fathomed
849    445    28         37.0367    52.5680    41.9347    % 
UB: 52.56796874999999
branching on 3 with b.
850    446    28         37.0367    52.5680    41.9347    % 
LB close or above UB, fathomed
851    445    21         37.0367    52.5680    41.9347    % 
LB close or above UB, fathomed
852    444    21         37.0367    52.5680    41.9347    % 
UB: 52.56796874999999
branching on CartesianIndex(1, 4) with c.
853    445    22         37.0367    52.5680    41.9347    % 
LB close or above UB, fathomed
854    444    22         37.0367    52.5680    41.9347    % 
UB: 52.56796874999999
branching on CartesianIndex(1, 5) with c.
855    445    23         37.0367    52.5680    41.9347    % 
UB: 52.56796874999999
branching on CartesianIndex(1, 6) with c.
856    446    24         37.0367    52.5680    41.9347    % 
LB close or above UB, fathomed
857    445    24         37.0367    52.5680    41.9347    % 
UB: 52.56796874999999
branching on 3 with b.
858    446    25         37.0367    52.5680    41.9347    % 
UB: 52.56796874999999
branching on CartesianIndex(1, 7) with c.
859    447    26         37.0367    52.5680    41.9347    % 
UB: 52.56796874999999
branching on 1 with b.
860    448    27         37.0367    52.5680    41.9347    % 
UB: 52.56796874999999
branching on 2 with b.
861    449    27         37.0367    52.5680    41.9347    % 
UB: 52.56796874999999
branching on 2 with b.
862    450    28         37.0367    52.5680    41.9347    % 
LB close or above UB, fathomed
863    449    28         37.0367    52.5680    41.9347    % 
UB: 52.56796874999999
branching on 3 with b.
864    450    29         37.0367    52.5680    41.9347    % 
UB: 52.56796874999999
branching on 1 with b.
865    451    30         37.0367    52.5680    41.9347    % 
UB: 52.56796874999999
branching on 2 with b.
866    452    30         37.0367    52.5680    41.9347    % 
UB: 52.56796874999999
branching on 2 with b.
867    453    29         37.0367    52.5680    41.9347    % 
LB close or above UB, fathomed
868    452    26         37.0367    52.5680    41.9347    % 
LB close or above UB, fathomed
869    451    25         37.0367    52.5680    41.9347    % 
LB close or above UB, fathomed
870    450    23         37.0367    52.5680    41.9347    % 
LB close or above UB, fathomed
871    449    16         37.0367    52.5680    41.9347    % 
UB: 52.56796874999999
branching on CartesianIndex(1, 5) with c.
872    450    16         37.0367    52.5680    41.9347    % 
UB: 52.56796874999999
branching on CartesianIndex(1, 5) with c.
873    451    17         37.0367    52.5680    41.9347    % 
UB: 52.56796874999999
branching on CartesianIndex(1, 6) with c.
874    452    17         37.0367    52.5680    41.9347    % 
UB: 52.56796874999999
branching on 1 with b.
875    453    13         37.0367    52.5680    41.9347    % 
UB: 52.56796874999999
branching on 1 with b.
876    454    13         37.0367    52.5680    41.9347    % 
LB close or above UB, fathomed
877    453    18         37.0367    52.5680    41.9347    % 
LB close or above UB, fathomed
878    452    18         37.0367    52.5680    41.9347    % 
UB: 52.56796874999999
branching on CartesianIndex(1, 7) with c.
879    453    19         37.0367    52.5680    41.9347    % 
UB: 52.56796874999999
branching on 1 with b.
880    454    20         37.0367    52.5680    41.9347    % 
UB: 52.56796874999999
branching on 2 with b.
881    455    20         37.0367    52.5680    41.9347    % 
UB: 52.56796874999999
branching on 2 with b.
882    456    19         37.0367    52.5680    41.9347    % 
LB close or above UB, fathomed
883    455    23         37.0367    52.5680    41.9347    % 
LB close or above UB, fathomed
884    454    23         37.0367    52.5680    41.9347    % 
UB: 52.56796874999999
branching on CartesianIndex(1, 7) with c.
885    455    24         37.0367    52.5680    41.9347    % 
UB: 52.56796874999999
branching on 1 with b.
886    456    25         37.0367    52.5680    41.9347    % 
UB: 52.56796874999999
branching on 2 with b.
887    457    25         37.0367    52.5680    41.9347    % 
UB: 52.56796874999999
branching on 2 with b.
888    458    24         37.0367    52.5680    41.9347    % 
LB close or above UB, fathomed
889    457    20         37.0367    52.5680    41.9347    % 
LB close or above UB, fathomed
890    456    20         37.0367    52.5680    41.9347    % 
UB: 52.56796874999999
branching on CartesianIndex(1, 4) with c.
891    457    21         37.0367    52.5680    41.9347    % 
LB close or above UB, fathomed
892    456    21         37.0367    52.5680    41.9347    % 
UB: 52.56796874999999
branching on CartesianIndex(1, 5) with c.
893    457    21         37.0367    52.5680    41.9347    % 
LB close or above UB, fathomed
894    456    21         37.0367    52.5680    41.9347    % 
UB: 52.56796874999999
branching on CartesianIndex(1, 5) with c.
895    457    22         37.0367    52.5680    41.9347    % 
UB: 52.56796874999999
branching on CartesianIndex(1, 6) with c.
896    458    23         37.0367    52.5680    41.9347    % 
LB close or above UB, fathomed
897    457    23         37.0367    52.5680    41.9347    % 
UB: 52.56796874999999
branching on CartesianIndex(1, 7) with c.
898    458    24         37.0367    52.5680    41.9347    % 
UB: 52.56796874999999
branching on 1 with b.
899    459    25         37.0367    52.5680    41.9347    % 
UB: 52.56796874999999
branching on 2 with b.
900    460    25         37.0367    52.5680    41.9347    % 
UB: 52.56796874999999
branching on 2 with b.
901    461    24         37.0367    52.5680    41.9347    % 
LB close or above UB, fathomed
902    460    22         37.0367    52.5680    41.9347    % 
UB: 52.56796874999999
branching on CartesianIndex(1, 6) with c.
903    461    15         37.0367    52.5680    41.9347    % 
UB: 52.56796874999999
branching on CartesianIndex(1, 4) with c.
904    462    15         37.0367    52.5680    41.9347    % 
UB: 52.56796874999999
branching on 1 with b.
905    463    22         37.0367    52.5680    41.9347    % 
LB close or above UB, fathomed
906    462    22         37.0367    52.5680    41.9347    % 
UB: 52.56796874999999
branching on CartesianIndex(1, 4) with c.
907    463    23         37.0367    52.5680    41.9347    % 
LB close or above UB, fathomed
908    462    23         37.0367    52.5680    41.9347    % 
UB: 52.56796874999999
branching on CartesianIndex(1, 5) with c.
909    463    24         37.0367    52.5680    41.9347    % 
UB: 52.56796874999999
branching on CartesianIndex(1, 6) with c.
910    464    25         37.0367    52.5680    41.9347    % 
LB close or above UB, fathomed
911    463    25         37.0367    52.5680    41.9347    % 
UB: 52.56796874999999
branching on CartesianIndex(1, 7) with c.
912    464    26         37.0367    52.5680    41.9347    % 
UB: 52.56796874999999
branching on 1 with b.
913    465    27         37.0367    52.5680    41.9347    % 
UB: 52.56796874999999
branching on 2 with b.
914    466    27         37.0367    52.5680    41.9347    % 
UB: 52.56796874999999
branching on 2 with b.
915    467    28         37.0367    52.5680    41.9347    % 
UB: 52.56796874999999
branching on 3 with b.
916    468    29         37.0367    52.5680    41.9347    % 
UB: 52.56796874999999
branching on 1 with b.
917    469    30         37.0367    52.5680    41.9347    % 
UB: 52.56796874999999
branching on 2 with b.
918    470    30         37.0367    52.5680    41.9347    % 
UB: 52.56796874999999
branching on 2 with b.
919    471    29         37.0367    52.5680    41.9347    % 
LB close or above UB, fathomed
920    470    28         37.0367    52.5680    41.9347    % 
LB close or above UB, fathomed
921    469    26         37.0367    52.5680    41.9347    % 
LB close or above UB, fathomed
922    468    24         37.0367    52.5680    41.9347    % 
LB close or above UB, fathomed
923    467    22         37.0367    52.5680    41.9347    % 
UB: 52.56796874999999
branching on CartesianIndex(1, 6) with c.
924    468    22         37.0367    52.5680    41.9347    % 
UB: 52.56796874999999
branching on CartesianIndex(1, 6) with c.
925    469    14         37.0367    52.5680    41.9347    % 
UB: 52.56796874999999
branching on CartesianIndex(2, 3) with a.
926    470    14         37.0367    52.5680    41.9347    % 
UB: 52.56796874999999
branching on CartesianIndex(2, 3) with a.
927    471    21         37.0367    52.5680    41.9347    % 
LB close or above UB, fathomed
928    470    21         37.0367    52.5680    41.9347    % 
UB: 52.56796874999999
branching on CartesianIndex(1, 4) with c.
929    471    22         37.0367    52.5680    41.9347    % 
LB close or above UB, fathomed
930    470    22         37.0367    52.5680    41.9347    % 
UB: 52.56796874999999
branching on 1 with b.
931    471    23         37.0367    52.5680    41.9347    % 
LB close or above UB, fathomed
932    470    23         37.0367    52.5680    41.9347    % 
UB: 52.56796874999999
branching on 2 with b.
933    471    19         37.0367    52.5680    41.9347    % 
LB close or above UB, fathomed
934    470    19         37.0367    52.5680    41.9347    % 
UB: 52.56796874999999
branching on CartesianIndex(1, 5) with c.
935    471    20         37.0367    52.5680    41.9347    % 
UB: 52.56796874999999
branching on CartesianIndex(1, 6) with c.
936    472    20         37.0367    52.5680    41.9347    % 
UB: 52.56796874999999
branching on CartesianIndex(1, 6) with c.
937    473    17         37.0367    52.5680    41.9347    % 
UB: 52.56796874999999
branching on 1 with b.
938    474    17         37.0367    52.5680    41.9347    % 
UB: 52.56796874999999
branching on CartesianIndex(2, 3) with a.
939    475    18         37.0367    52.5680    41.9347    % 
UB: 52.56796874999999
branching on 1 with b.
940    476    19         37.0367    52.5680    41.9347    % 
UB: 52.56796874999999
branching on 2 with b.
941    477    19         37.0367    52.5680    41.9347    % 
UB: 52.56796874999999
branching on 2 with b.
942    478    18         37.0367    52.5680    41.9347    % 
LB close or above UB, fathomed
943    477    18         37.0367    52.5680    41.9347    % 
LB close or above UB, fathomed
944    476    18         37.0367    52.5680    41.9347    % 
UB: 52.56796874999999
branching on CartesianIndex(1, 5) with c.
945    477    19         37.0367    52.5680    41.9347    % 
UB: 52.56796874999999
branching on CartesianIndex(1, 6) with c.
946    478    20         37.0367    52.5680    41.9347    % 
LB close or above UB, fathomed
947    477    20         37.0367    52.5680    41.9347    % 
UB: 52.56796874999999
branching on CartesianIndex(1, 7) with c.
948    478    21         37.0367    52.5680    41.9347    % 
UB: 52.56796874999999
branching on 1 with b.
949    479    22         37.0367    52.5680    41.9347    % 
UB: 52.56796874999999
branching on 2 with b.
950    480    22         37.0367    52.5680    41.9347    % 
UB: 52.56796874999999
branching on 2 with b.
951    481    21         37.0367    52.5680    41.9347    % 
LB close or above UB, fathomed
952    480    19         37.0367    52.5680    41.9347    % 
UB: 52.56796874999999
branching on CartesianIndex(1, 6) with c.
953    481    17         37.0367    52.5680    41.9347    % 
LB close or above UB, fathomed
954    480    17         37.0367    52.5680    41.9347    % 
UB: 52.56796874999999
branching on CartesianIndex(1, 4) with c.
955    481    18         37.0915    52.5680    41.7252    % 
UB: 52.56796874999999
branching on CartesianIndex(1, 6) with c.
956    482    18         37.0915    52.5680    41.7252    % 
UB: 52.56796874999999
branching on CartesianIndex(1, 6) with c.
957    483    17         37.3929    52.5680    40.5827    % 
UB: 52.56796874999999
branching on 2 with b.
958    484    17         37.3929    52.5680    40.5827    % 
LB close or above UB, fathomed
959    483    17         37.5914    52.5680    39.8404    % 
UB: 52.56796874999999
branching on CartesianIndex(1, 3) with a.
960    484    17         37.5914    52.5680    39.8404    % 
UB: 52.56796874999999
branching on 3 with b.
961    485    16         37.7271    52.5680    39.3374    % 
UB: 52.56796874999999
branching on CartesianIndex(2, 3) with a.
962    486    16         37.7271    52.5680    39.3374    % 
LB close or above UB, fathomed
963    485    19         37.8687    52.5680    38.8162    % 
LB close or above UB, fathomed
964    484    19         37.8687    52.5680    38.8162    % 
UB: 52.56796874999999
branching on CartesianIndex(1, 6) with c.
965    485    16         38.0056    52.5680    38.3162    % 
UB: 52.56796874999999
branching on CartesianIndex(1, 5) with c.
966    486    16         38.0056    52.5680    38.3162    % 
LB close or above UB, fathomed
967    485    13         38.0074    52.5680    38.3097    % 
LB close or above UB, fathomed
968    484    13         38.0074    52.5680    38.3097    % 
UB: 52.56796874999999
branching on 2 with b.
969    485    17         38.3310    52.5680    37.1422    % 
UB: 52.56796874999999
branching on CartesianIndex(3, 3) with a.
970    486    17         38.3310    52.5680    37.1422    % 
LB close or above UB, fathomed
971    485    18         38.4234    52.5680    36.8122    % 
LB close or above UB, fathomed
972    484    18         38.4234    52.5680    36.8122    % 
UB: 52.56796874999999
branching on CartesianIndex(1, 4) with c.
973    485    10         38.9217    52.5680    35.0609    % 
UB: 52.56796874999999
branching on CartesianIndex(1, 3) with a.
974    486    10         38.9217    52.5680    35.0609    % 
UB: 52.56796874999999
branching on CartesianIndex(1, 3) with a.
975    487    9          38.9242    52.5680    35.0521    % 
UB: 52.56796874999999
branching on 1 with b.
976    488    9          38.9242    52.5680    35.0521    % 
LB close or above UB, fathomed
977    487    10         38.9281    52.5680    35.0385    % 
UB: 52.56796874999999
branching on 2 with b.
978    488    11         38.9281    52.5680    35.0385    % 
UB: 52.56796874999999
branching on CartesianIndex(3, 2) with a.
979    489    11         38.9281    52.5680    35.0385    % 
UB: 52.56796874999999
branching on CartesianIndex(3, 2) with a.
980    490    10         38.9281    52.5680    35.0385    % 
LB close or above UB, fathomed
981    489    26         38.9781    52.5680    34.8653    % 
LB close or above UB, fathomed
982    488    26         38.9781    52.5680    34.8653    % 
UB: 52.56796874999999
branching on 3 with b.
983    489    27         38.9781    52.5680    34.8653    % 
UB: 52.56796874999999
branching on 1 with b.
984    490    27         38.9781    52.5680    34.8653    % 
UB: 52.56796874999999
branching on 1 with b.
985    491    22         38.9781    52.5680    34.8653    % 
UB: 52.56796874999999
branching on CartesianIndex(1, 6) with c.
986    492    23         38.9781    52.5680    34.8653    % 
LB close or above UB, fathomed
987    491    23         38.9781    52.5680    34.8653    % 
UB: 52.56796874999999
branching on CartesianIndex(1, 7) with c.
988    492    24         38.9781    52.5680    34.8653    % 
UB: 52.56796874999999
branching on 3 with b.
989    493    25         38.9781    52.5680    34.8653    % 
UB: 52.56796874999999
branching on 1 with b.
990    494    26         38.9781    52.5680    34.8653    % 
UB: 52.56796874999999
branching on 2 with b.
991    495    26         38.9781    52.5680    34.8653    % 
UB: 52.56796874999999
branching on 2 with b.
992    496    25         38.9781    52.5680    34.8653    % 
LB close or above UB, fathomed
993    495    24         38.9781    52.5680    34.8653    % 
LB close or above UB, fathomed
994    494    22         38.9781    52.5680    34.8653    % 
LB close or above UB, fathomed
995    493    13         38.9781    52.5680    34.8653    % 
UB: 52.56796874999999
branching on CartesianIndex(4, 2) with a.
996    494    13         38.9781    52.5680    34.8653    % 
UB: 52.56796874999999
branching on 1 with b.
997    495    33         38.9781    52.5680    34.8653    % 
UB: 52.56796874999999
branching on 2 with b.
998    496    33         38.9781    52.5680    34.8653    % 
UB: 52.56796874999999
branching on 2 with b.
999    497    34         38.9781    52.5680    34.8653    % 
UB: 52.56796874999999
branching on 3 with b.
1000   498    34         38.9781    52.5680    34.8653    % 
UB: 52.56796874999999
branching on 3 with b.
1001   499    17         38.9781    52.5680    34.8653    % 
UB: 52.56796874999999
branching on CartesianIndex(2, 3) with a.
1002   500    17         38.9781    52.5680    34.8653    % 
LB close or above UB, fathomed
1003   499    31         38.9781    52.5680    34.8653    % 
UB: 52.56796874999999
branching on 2 with b.
1004   500    32         38.9781    52.5680    34.8653    % 
UB: 52.56796874999999
branching on 3 with b.
1005   501    32         38.9781    52.5680    34.8653    % 
UB: 52.56796874999999
branching on 3 with b.
1006   502    31         38.9781    52.5680    34.8653    % 
UB: 52.56796874999999
branching on 2 with b.
1007   503    20         38.9781    52.5680    34.8653    % 
UB: 52.56796874999999
branching on 3 with b.
1008   504    20         38.9781    52.5680    34.8653    % 
UB: 52.56796874999999
branching on 3 with b.
1009   505    29         38.9781    52.5680    34.8653    % 
UB: 52.56796874999999
branching on 1 with b.
1010   506    29         38.9781    52.5680    34.8653    % 
UB: 52.56796874999999
branching on 1 with b.
1011   507    29         38.9781    52.5680    34.8653    % 
UB: 52.56796874999999
branching on 3 with b.
1012   508    29         38.9781    52.5680    34.8653    % 
LB close or above UB, fathomed
1013   507    19         38.9781    52.5680    34.8653    % 
UB: 52.56796874999999
branching on CartesianIndex(1, 6) with c.
1014   508    20         38.9781    52.5680    34.8653    % 
LB close or above UB, fathomed
1015   507    20         38.9781    52.5680    34.8653    % 
UB: 52.56796874999999
branching on CartesianIndex(1, 7) with c.
1016   508    21         38.9781    52.5680    34.8653    % 
UB: 52.56796874999999
branching on 3 with b.
1017   509    21         38.9781    52.5680    34.8653    % 
LB close or above UB, fathomed
1018   508    19         38.9781    52.5680    34.8653    % 
UB: 52.56796874999999
branching on CartesianIndex(1, 6) with c.
1019   509    33         38.9781    52.5680    34.8653    % 
UB: 52.56796874999999
branching on 2 with b.
1020   510    33         38.9781    52.5680    34.8653    % 
UB: 52.56796874999999
branching on 2 with b.
1021   511    33         38.9781    52.5680    34.8653    % 
UB: 52.56796874999999
branching on 2 with b.
1022   512    33         38.9781    52.5680    34.8653    % 
UB: 52.56796874999999
branching on 2 with b.
1023   513    13         38.9781    52.5680    34.8653    % 
UB: 52.56796874999999
branching on 3 with b.
1024   514    14         38.9781    52.5680    34.8653    % 
UB: 52.56796874999999
branching on CartesianIndex(2, 3) with a.
1025   515    14         38.9781    52.5680    34.8653    % 
LB close or above UB, fathomed
1026   514    13         38.9781    52.5680    34.8653    % 
LB close or above UB, fathomed
1027   513    14         38.9781    52.5680    34.8653    % 
UB: 52.56796874999999
branching on CartesianIndex(3, 2) with a.
1028   514    14         38.9781    52.5680    34.8653    % 
LB close or above UB, fathomed
1029   513    16         38.9781    52.5680    34.8653    % 
UB: 52.56796874999999
branching on CartesianIndex(2, 3) with a.
1030   514    16         38.9781    52.5680    34.8653    % 
LB close or above UB, fathomed
1031   513    18         38.9781    52.5680    34.8653    % 
UB: 52.56796874999999
branching on CartesianIndex(3, 3) with a.
1032   514    18         38.9781    52.5680    34.8653    % 
UB: 52.56796874999999
branching on 2 with b.
1033   515    16         38.9781    52.5680    34.8653    % 
LB close or above UB, fathomed
1034   514    16         38.9781    52.5680    34.8653    % 
UB: 52.56796874999999
branching on 1 with b.
1035   515    17         38.9781    52.5680    34.8653    % 
LB close or above UB, fathomed
1036   514    17         38.9781    52.5680    34.8653    % 
UB: 52.56796874999999
branching on CartesianIndex(1, 4) with c.
1037   515    18         38.9781    52.5680    34.8653    % 
UB: 52.56796874999999
branching on 2 with b.
1038   516    18         38.9781    52.5680    34.8653    % 
UB: 52.56796874999999
branching on CartesianIndex(1, 5) with c.
1039   517    19         38.9781    52.5680    34.8653    % 
UB: 52.56796874999999
branching on CartesianIndex(1, 6) with c.
1040   518    19         38.9781    52.5680    34.8653    % 
UB: 52.56796874999999
branching on 2 with b.
1041   519    22         38.9781    52.5680    34.8653    % 
UB: 52.56796874999999
branching on 1 with b.
1042   520    22         38.9781    52.5680    34.8653    % 
LB close or above UB, fathomed
1043   519    18         38.9781    52.5680    34.8653    % 
LB close or above UB, fathomed
1044   518    18         38.9781    52.5680    34.8653    % 
UB: 52.56796874999999
branching on CartesianIndex(2, 3) with a.
1045   519    31         38.9781    52.5680    34.8653    % 
UB: 52.56796874999999
branching on 3 with b.
1046   520    32         38.9781    52.5680    34.8653    % 
UB: 52.56796874999999
branching on 1 with b.
1047   521    33         38.9781    52.5680    34.8653    % 
UB: 52.56796874999999
branching on 2 with b.
1048   522    33         38.9781    52.5680    34.8653    % 
UB: 52.56796874999999
branching on 2 with b.
1049   523    32         38.9781    52.5680    34.8653    % 
UB: 52.56796874999999
branching on 1 with b.
1050   524    31         38.9781    52.5680    34.8653    % 
LB close or above UB, fathomed
1051   523    20         38.9781    52.5680    34.8653    % 
UB: 52.56796874999999
branching on CartesianIndex(1, 6) with c.
1052   524    20         38.9781    52.5680    34.8653    % 
LB close or above UB, fathomed
1053   523    19         38.9781    52.5680    34.8653    % 
UB: 52.56796874999999
branching on 1 with b.
1054   524    20         38.9781    52.5680    34.8653    % 
UB: 52.56796874999999
branching on CartesianIndex(3, 3) with a.
1055   525    20         38.9781    52.5680    34.8653    % 
LB close or above UB, fathomed
1056   524    19         38.9781    52.5680    34.8653    % 
LB close or above UB, fathomed
1057   523    27         38.9781    52.5680    34.8653    % 
LB close or above UB, fathomed
1058   522    27         38.9781    52.5680    34.8653    % 
UB: 52.56796874999999
branching on 1 with b.
1059   523    14         38.9781    52.5680    34.8653    % 
UB: 52.56796874999999
branching on CartesianIndex(2, 3) with a.
1060   524    15         38.9781    52.5680    34.8653    % 
LB close or above UB, fathomed
1061   523    15         38.9781    52.5680    34.8653    % 
UB: 52.56796874999999
branching on CartesianIndex(1, 4) with c.
1062   524    14         38.9781    52.5680    34.8653    % 
LB close or above UB, fathomed
1063   523    27         38.9781    52.5680    34.8653    % 
UB: 52.56796874999999
branching on 2 with b.
1064   524    27         38.9781    52.5680    34.8653    % 
UB: 52.56796874999999
branching on 2 with b.
1065   525    19         38.9781    52.5680    34.8653    % 
UB: 52.56796874999999
branching on CartesianIndex(1, 5) with c.
1066   526    19         38.9781    52.5680    34.8653    % 
UB: 52.56796874999999
branching on CartesianIndex(1, 5) with c.
1067   527    28         38.9781    52.5680    34.8653    % 
UB: 52.56796874999999
branching on 1 with b.
1068   528    29         38.9781    52.5680    34.8653    % 
UB: 52.56796874999999
branching on 2 with b.
1069   529    29         38.9781    52.5680    34.8653    % 
UB: 52.56796874999999
branching on 2 with b.
1070   530    28         38.9781    52.5680    34.8653    % 
LB close or above UB, fathomed
1071   529    28         38.9781    52.5680    34.8653    % 
UB: 52.56796874999999
branching on 1 with b.
1072   530    29         38.9781    52.5680    34.8653    % 
UB: 52.56796874999999
branching on 2 with b.
1073   531    29         38.9781    52.5680    34.8653    % 
UB: 52.56796874999999
branching on 2 with b.
1074   532    28         38.9781    52.5680    34.8653    % 
LB close or above UB, fathomed
1075   531    15         38.9781    52.5680    34.8653    % 
LB close or above UB, fathomed
1076   530    15         38.9781    52.5680    34.8653    % 
UB: 52.56796874999999
branching on CartesianIndex(1, 4) with c.
1077   531    15         38.9781    52.5680    34.8653    % 
LB close or above UB, fathomed
1078   530    15         38.9781    52.5680    34.8653    % 
UB: 52.56796874999999
branching on CartesianIndex(4, 3) with a.
1079   531    16         38.9781    52.5680    34.8653    % 
LB close or above UB, fathomed
1080   530    16         38.9781    52.5680    34.8653    % 
UB: 52.56796874999999
branching on CartesianIndex(1, 4) with c.
1081   531    18         38.9781    52.5680    34.8653    % 
LB close or above UB, fathomed
1082   530    18         38.9781    52.5680    34.8653    % 
UB: 52.56796874999999
branching on CartesianIndex(4, 3) with a.
1083   531    19         38.9781    52.5680    34.8653    % 
LB close or above UB, fathomed
1084   530    19         38.9781    52.5680    34.8653    % 
UB: 52.56796874999999
branching on CartesianIndex(3, 3) with a.
1085   531    17         38.9781    52.5680    34.8653    % 
UB: 52.56796874999999
branching on 3 with b.
1086   532    18         38.9781    52.5680    34.8653    % 
UB: 52.56796874999999
branching on CartesianIndex(1, 6) with c.
1087   533    18         38.9781    52.5680    34.8653    % 
LB close or above UB, fathomed
1088   532    17         38.9781    52.5680    34.8653    % 
UB: 52.56796874999999
branching on CartesianIndex(1, 6) with c.
1089   533    12         38.9781    52.5680    34.8653    % 
UB: 52.56796874999999
branching on 3 with b.
1090   534    13         38.9781    52.5680    34.8653    % 
UB: 52.56796874999999
branching on 1 with b.
1091   535    13         38.9781    52.5680    34.8653    % 
UB: 52.56796874999999
branching on CartesianIndex(3, 2) with a.
1092   536    12         38.9781    52.5680    34.8653    % 
LB close or above UB, fathomed
1093   535    7          38.9781    52.5680    34.8653    % 
UB: 52.56796874999999
branching on CartesianIndex(2, 3) with a.
1094   536    8          38.9781    52.5680    34.8653    % 
UB: 52.56796874999999
branching on 1 with b.
1095   537    8          38.9781    52.5680    34.8653    % 
UB: 52.56796874999999
branching on 1 with b.
1096   538    7          38.9781    52.5680    34.8653    % 
LB close or above UB, fathomed
1097   537    20         38.9781    52.5680    34.8653    % 
LB close or above UB, fathomed
1098   536    20         38.9781    52.5680    34.8653    % 
UB: 52.56796874999999
branching on CartesianIndex(1, 4) with c.
1099   537    21         38.9781    52.5680    34.8653    % 
LB close or above UB, fathomed
1100   536    21         38.9781    52.5680    34.8653    % 
UB: 52.56796874999999
branching on CartesianIndex(1, 5) with c.
1101   537    22         38.9781    52.5680    34.8653    % 
UB: 52.56796874999999
branching on CartesianIndex(1, 6) with c.
1102   538    23         38.9781    52.5680    34.8653    % 
LB close or above UB, fathomed
1103   537    23         38.9781    52.5680    34.8653    % 
UB: 52.56796874999999
branching on 3 with b.
1104   538    24         38.9781    52.5680    34.8653    % 
UB: 52.56796874999999
branching on CartesianIndex(1, 7) with c.
1105   539    25         38.9781    52.5680    34.8653    % 
UB: 52.56796874999999
branching on 1 with b.
1106   540    26         38.9781    52.5680    34.8653    % 
UB: 52.56796874999999
branching on 2 with b.
1107   541    26         38.9781    52.5680    34.8653    % 
UB: 52.56796874999999
branching on 2 with b.
1108   542    27         38.9781    52.5680    34.8653    % 
UB: 52.56796874999999
branching on 3 with b.
1109   543    27         38.9781    52.5680    34.8653    % 
UB: 52.56796874999999
branching on 3 with b.
1110   544    25         38.9781    52.5680    34.8653    % 
LB close or above UB, fathomed
1111   543    24         38.9781    52.5680    34.8653    % 
LB close or above UB, fathomed
1112   542    22         38.9781    52.5680    34.8653    % 
LB close or above UB, fathomed
1113   541    21         38.9781    52.5680    34.8653    % 
LB close or above UB, fathomed
1114   540    21         38.9781    52.5680    34.8653    % 
UB: 52.56796874999999
branching on 2 with b.
1115   541    22         38.9781    52.5680    34.8653    % 
LB close or above UB, fathomed
1116   540    22         38.9781    52.5680    34.8653    % 
UB: 52.56796874999999
branching on 3 with b.
1117   541    20         38.9781    52.5680    34.8653    % 
LB close or above UB, fathomed
1118   540    20         38.9781    52.5680    34.8653    % 
UB: 52.56796874999999
branching on CartesianIndex(1, 7) with c.
1119   541    21         38.9781    52.5680    34.8653    % 
UB: 52.56796874999999
branching on 2 with b.
1120   542    22         38.9781    52.5680    34.8653    % 
LB close or above UB, fathomed
1121   541    22         38.9781    52.5680    34.8653    % 
UB: 52.56796874999999
branching on 3 with b.
1122   542    23         38.9781    52.5680    34.8653    % 
UB: 52.56796874999999
branching on 1 with b.
1123   543    23         38.9781    52.5680    34.8653    % 
UB: 52.56796874999999
branching on 1 with b.
1124   544    24         38.9781    52.5680    34.8653    % 
UB: 52.56796874999999
branching on 2 with b.
1125   545    24         38.9781    52.5680    34.8653    % 
LB close or above UB, fathomed
1126   544    21         38.9781    52.5680    34.8653    % 
LB close or above UB, fathomed
1127   543    16         38.9781    52.5680    34.8653    % 
LB close or above UB, fathomed
1128   542    16         38.9781    52.5680    34.8653    % 
UB: 52.56796874999999
branching on CartesianIndex(1, 5) with c.
1129   543    17         38.9781    52.5680    34.8653    % 
UB: 52.56796874999999
branching on CartesianIndex(1, 6) with c.
1130   544    18         38.9781    52.5680    34.8653    % 
UB: 52.56796874999999
branching on 1 with b.
1131   545    18         38.9781    52.5680    34.8653    % 
UB: 52.56796874999999
branching on CartesianIndex(1, 7) with c.
1132   546    19         38.9781    52.5680    34.8653    % 
UB: 52.56796874999999
branching on 1 with b.
1133   547    20         38.9781    52.5680    34.8653    % 
UB: 52.56796874999999
branching on 2 with b.
1134   548    21         38.9781    52.5680    34.8653    % 
UB: 52.56796874999999
branching on 3 with b.
1135   549    22         38.9781    52.5680    34.8653    % 
UB: 52.56796874999999
branching on 1 with b.
1136   550    22         38.9781    52.5680    34.8653    % 
UB: 52.56796874999999
branching on 1 with b.
1137   551    23         38.9781    52.5680    34.8653    % 
UB: 52.56796874999999
branching on 2 with b.
1138   552    24         38.9781    52.5680    34.8653    % 
UB: 52.56796874999999
branching on 3 with b.
1139   553    25         38.9781    52.5680    34.8653    % 
UB: 52.56796874999999
branching on 1 with b.
1140   554    26         38.9781    52.5680    34.8653    % 
UB: 52.56796874999999
branching on 2 with b.
1141   555    26         38.9781    52.5680    34.8653    % 
UB: 52.56796874999999
branching on 2 with b.
1142   556    25         38.9781    52.5680    34.8653    % 
UB: 52.56796874999999
branching on 1 with b.
1143   557    24         38.9781    52.5680    34.8653    % 
LB close or above UB, fathomed
1144   556    23         38.9781    52.5680    34.8653    % 
LB close or above UB, fathomed
1145   555    21         38.9781    52.5680    34.8653    % 
LB close or above UB, fathomed
1146   554    20         38.9781    52.5680    34.8653    % 
LB close or above UB, fathomed
1147   553    19         38.9781    52.5680    34.8653    % 
LB close or above UB, fathomed
1148   552    17         38.9781    52.5680    34.8653    % 
LB close or above UB, fathomed
1149   551    24         38.9781    52.5680    34.8653    % 
UB: 52.56796874999999
branching on 3 with b.
1150   552    24         38.9781    52.5680    34.8653    % 
UB: 52.56796874999999
branching on 3 with b.
1151   553    17         38.9781    52.5680    34.8653    % 
UB: 52.56796874999999
branching on CartesianIndex(2, 3) with a.
1152   554    17         38.9781    52.5680    34.8653    % 
LB close or above UB, fathomed
1153   553    18         38.9781    52.5680    34.8653    % 
UB: 52.56796874999999
branching on CartesianIndex(2, 3) with a.
1154   554    18         38.9781    52.5680    34.8653    % 
LB close or above UB, fathomed
1155   553    24         38.9781    52.5680    34.8653    % 
UB: 52.56796874999999
branching on 3 with b.
1156   554    25         38.9781    52.5680    34.8653    % 
UB: 52.56796874999999
branching on 1 with b.
1157   555    26         38.9781    52.5680    34.8653    % 
UB: 52.56796874999999
branching on 2 with b.
1158   556    26         38.9781    52.5680    34.8653    % 
UB: 52.56796874999999
branching on 2 with b.
1159   557    25         38.9781    52.5680    34.8653    % 
LB close or above UB, fathomed
1160   556    24         38.9781    52.5680    34.8653    % 
LB close or above UB, fathomed
1161   555    22         38.9781    52.5680    34.8653    % 
UB: 52.56796874999999
branching on CartesianIndex(1, 6) with c.
1162   556    23         38.9781    52.5680    34.8653    % 
LB close or above UB, fathomed
1163   555    23         38.9781    52.5680    34.8653    % 
UB: 52.56796874999999
branching on CartesianIndex(1, 7) with c.
1164   556    24         38.9781    52.5680    34.8653    % 
UB: 52.56796874999999
branching on 3 with b.
1165   557    25         38.9781    52.5680    34.8653    % 
UB: 52.56796874999999
branching on 1 with b.
1166   558    25         38.9781    52.5680    34.8653    % 
UB: 52.56796874999999
branching on 1 with b.
1167   559    24         38.9781    52.5680    34.8653    % 
LB close or above UB, fathomed
1168   558    22         38.9781    52.5680    34.8653    % 
UB: 52.56796874999999
branching on 3 with b.
1169   559    16         38.9781    52.5680    34.8653    % 
UB: 52.56796874999999
branching on CartesianIndex(1, 6) with c.
1170   560    16         38.9781    52.5680    34.8653    % 
UB: 52.56796874999999
branching on CartesianIndex(1, 6) with c.
1171   561    24         38.9781    52.5680    34.8653    % 
UB: 52.56796874999999
branching on 3 with b.
1172   562    25         38.9781    52.5680    34.8653    % 
UB: 52.56796874999999
branching on 1 with b.
1173   563    25         38.9781    52.5680    34.8653    % 
UB: 52.56796874999999
branching on 1 with b.
1174   564    24         38.9781    52.5680    34.8653    % 
LB close or above UB, fathomed
1175   563    22         38.9781    52.5680    34.8653    % 
UB: 52.56796874999999
branching on 2 with b.
1176   564    23         38.9781    52.5680    34.8653    % 
UB: 52.56796874999999
branching on CartesianIndex(1, 6) with c.
1177   565    23         38.9781    52.5680    34.8653    % 
UB: 52.56796874999999
branching on 3 with b.
1178   566    22         38.9781    52.5680    34.8653    % 
LB close or above UB, fathomed
1179   565    16         38.9781    52.5680    34.8653    % 
UB: 52.56796874999999
branching on CartesianIndex(1, 5) with c.
1180   566    16         38.9781    52.5680    34.8653    % 
UB: 52.56796874999999
branching on CartesianIndex(1, 5) with c.
1181   567    18         38.9781    52.5680    34.8653    % 
UB: 52.56796874999999
branching on CartesianIndex(2, 3) with a.
1182   568    18         38.9781    52.5680    34.8653    % 
LB close or above UB, fathomed
1183   567    19         38.9781    52.5680    34.8653    % 
LB close or above UB, fathomed
1184   566    19         38.9781    52.5680    34.8653    % 
UB: 52.56796874999999
branching on CartesianIndex(1, 5) with c.
1185   567    20         38.9781    52.5680    34.8653    % 
UB: 52.56796874999999
branching on 2 with b.
1186   568    21         38.9781    52.5680    34.8653    % 
LB close or above UB, fathomed
1187   567    21         38.9781    52.5680    34.8653    % 
UB: 52.56796874999999
branching on CartesianIndex(1, 6) with c.
1188   568    22         38.9781    52.5680    34.8653    % 
LB close or above UB, fathomed
1189   567    22         38.9781    52.5680    34.8653    % 
UB: 52.56796874999999
branching on CartesianIndex(1, 7) with c.
1190   568    23         38.9781    52.5680    34.8653    % 
UB: 52.56796874999999
branching on 3 with b.
1191   569    24         38.9781    52.5680    34.8653    % 
UB: 52.56796874999999
branching on 1 with b.
1192   570    25         38.9781    52.5680    34.8653    % 
UB: 52.56796874999999
branching on 2 with b.
1193   571    25         38.9781    52.5680    34.8653    % 
UB: 52.56796874999999
branching on 2 with b.
1194   572    24         38.9781    52.5680    34.8653    % 
LB close or above UB, fathomed
1195   571    23         38.9781    52.5680    34.8653    % 
LB close or above UB, fathomed
1196   570    20         38.9781    52.5680    34.8653    % 
LB close or above UB, fathomed
1197   569    17         38.9781    52.5680    34.8653    % 
LB close or above UB, fathomed
1198   568    17         38.9781    52.5680    34.8653    % 
UB: 52.56796874999999
branching on CartesianIndex(1, 6) with c.
1199   569    17         38.9781    52.5680    34.8653    % 
LB close or above UB, fathomed
1200   568    17         38.9781    52.5680    34.8653    % 
UB: 52.56796874999999
branching on CartesianIndex(1, 7) with c.
1201   569    18         38.9781    52.5680    34.8653    % 
UB: 52.56796874999999
branching on 1 with b.
1202   570    19         38.9781    52.5680    34.8653    % 
UB: 52.56796874999999
branching on 2 with b.
1203   571    19         38.9781    52.5680    34.8653    % 
UB: 52.56796874999999
branching on 2 with b.
1204   572    18         38.9781    52.5680    34.8653    % 
LB close or above UB, fathomed
1205   571    16         38.9781    52.5680    34.8653    % 
LB close or above UB, fathomed
1206   570    16         38.9781    52.5680    34.8653    % 
UB: 52.56796874999999
branching on CartesianIndex(1, 5) with c.
1207   571    17         38.9781    52.5680    34.8653    % 
UB: 52.56796874999999
branching on 1 with b.
1208   572    18         38.9781    52.5680    34.8653    % 
LB close or above UB, fathomed
1209   571    18         38.9781    52.5680    34.8653    % 
UB: 52.56796874999999
branching on CartesianIndex(1, 6) with c.
1210   572    17         38.9781    52.5680    34.8653    % 
UB: 52.56796874999999
branching on CartesianIndex(1, 6) with c.
1211   573    26         38.9781    52.5680    34.8653    % 
UB: 52.56796874999999
branching on 3 with b.
1212   574    26         38.9781    52.5680    34.8653    % 
UB: 52.56796874999999
branching on 3 with b.
1213   575    21         38.9781    52.5680    34.8653    % 
LB close or above UB, fathomed
1214   574    21         38.9781    52.5680    34.8653    % 
UB: 52.56796874999999
branching on 3 with b.
1215   575    22         38.9781    52.5680    34.8653    % 
LB close or above UB, fathomed
1216   574    22         38.9781    52.5680    34.8653    % 
UB: 52.56796874999999
branching on 1 with b.
1217   575    23         38.9781    52.5680    34.8653    % 
UB: 52.56796874999999
branching on 2 with b.
1218   576    23         38.9781    52.5680    34.8653    % 
UB: 52.56796874999999
branching on 2 with b.
1219   577    16         38.9781    52.5680    34.8653    % 
UB: 52.56796874999999
branching on CartesianIndex(3, 3) with a.
1220   578    16         38.9781    52.5680    34.8653    % 
UB: 52.56796874999999
branching on CartesianIndex(3, 3) with a.
1221   579    21         38.9781    52.5680    34.8653    % 
UB: 52.56796874999999
branching on CartesianIndex(4, 3) with a.
1222   580    21         38.9781    52.5680    34.8653    % 
UB: 52.56796874999999
branching on CartesianIndex(1, 4) with c.
1223   581    21         38.9781    52.5680    34.8653    % 
UB: 52.56796874999999
branching on CartesianIndex(4, 3) with a.
1224   582    21         38.9781    52.5680    34.8653    % 
UB: 52.56796874999999
branching on CartesianIndex(1, 4) with c.
1225   583    12         38.9781    52.5680    34.8653    % 
UB: 52.56796874999999
branching on CartesianIndex(2, 3) with a.
1226   584    13         38.9781    52.5680    34.8653    % 
LB close or above UB, fathomed
1227   583    13         38.9781    52.5680    34.8653    % 
UB: 52.56796874999999
branching on 3 with b.
1228   584    12         38.9781    52.5680    34.8653    % 
LB close or above UB, fathomed
1229   583    17         38.9781    52.5680    34.8653    % 
UB: 52.56796874999999
branching on CartesianIndex(4, 3) with a.
1230   584    17         38.9781    52.5680    34.8653    % 
UB: 52.56796874999999
branching on 1 with b.
1231   585    23         38.9781    52.5680    34.8653    % 
LB close or above UB, fathomed
1232   584    23         38.9781    52.5680    34.8653    % 
UB: 52.56796874999999
branching on CartesianIndex(1, 7) with c.
1233   585    24         38.9781    52.5680    34.8653    % 
UB: 52.56796874999999
branching on 1 with b.
1234   586    25         38.9781    52.5680    34.8653    % 
LB close or above UB, fathomed
1235   585    25         38.9781    52.5680    34.8653    % 
UB: 52.56796874999999
branching on 2 with b.
1236   586    24         38.9781    52.5680    34.8653    % 
LB close or above UB, fathomed
1237   585    14         38.9781    52.5680    34.8653    % 
UB: 52.56796874999999
branching on CartesianIndex(2, 3) with a.
1238   586    15         38.9781    52.5680    34.8653    % 
LB close or above UB, fathomed
1239   585    15         38.9781    52.5680    34.8653    % 
UB: 52.56796874999999
branching on CartesianIndex(1, 4) with c.
1240   586    14         38.9781    52.5680    34.8653    % 
LB close or above UB, fathomed
1241   585    17         38.9781    52.5680    34.8653    % 
UB: 52.56796874999999
branching on 1 with b.
1242   586    18         38.9781    52.5680    34.8653    % 
UB: 52.56796874999999
branching on CartesianIndex(2, 3) with a.
1243   587    19         38.9781    52.5680    34.8653    % 
LB close or above UB, fathomed
1244   586    19         38.9781    52.5680    34.8653    % 
UB: 52.56796874999999
branching on CartesianIndex(1, 4) with c.
1245   587    18         38.9781    52.5680    34.8653    % 
LB close or above UB, fathomed
1246   586    17         38.9781    52.5680    34.8653    % 
LB close or above UB, fathomed
1247   585    14         39.1723    52.5680    34.1969    % 
LB close or above UB, fathomed
1248   584    14         39.1723    52.5680    34.1969    % 
UB: 52.56796874999999
branching on CartesianIndex(3, 2) with a.
1249   585    15         39.3664    52.5680    33.5351    % 
UB: 52.56796874999999
branching on CartesianIndex(4, 2) with a.
1250   586    15         39.3664    52.5680    33.5351    % 
UB: 52.56796874999999
branching on CartesianIndex(1, 3) with a.
1251   587    13         40.8654    52.5680    28.6370    % 
LB close or above UB, fathomed
1252   586    13         40.8654    52.5680    28.6370    % 
UB: 52.56796874999999
branching on CartesianIndex(1, 5) with c.
1253   587    14         40.8654    52.5680    28.6370    % 
LB close or above UB, fathomed
1254   586    14         40.8654    52.5680    28.6370    % 
UB: 52.56796874999999
branching on CartesianIndex(1, 6) with c.
1255   587    15         40.8654    52.5680    28.6370    % 
LB close or above UB, fathomed
1256   586    15         40.8654    52.5680    28.6370    % 
UB: 52.56796874999999
branching on CartesianIndex(1, 7) with c.
1257   587    16         40.8654    52.5680    28.6370    % 
UB: 52.56796874999999
branching on 1 with b.
1258   588    17         40.8654    52.5680    28.6370    % 
LB close or above UB, fathomed
1259   587    17         40.8654    52.5680    28.6370    % 
UB: 52.56796874999999
branching on 3 with b.
1260   588    16         40.8654    52.5680    28.6370    % 
LB close or above UB, fathomed
1261   587    13         40.8654    52.5680    28.6370    % 
UB: 52.56796874999999
branching on CartesianIndex(1, 5) with c.
1262   588    13         40.8654    52.5680    28.6370    % 
LB close or above UB, fathomed
1263   587    10         40.8656    52.5680    28.6361    % 
LB close or above UB, fathomed
1264   586    10         40.8656    52.5680    28.6361    % 
UB: 52.56796874999999
branching on CartesianIndex(3, 1) with a.
1265   587    11         40.8656    52.5680    28.6361    % 
UB: 52.56796874999999
branching on CartesianIndex(4, 1) with a.
1266   588    11         40.8656    52.5680    28.6361    % 
LB close or above UB, fathomed
1267   587    7          40.8695    52.5680    28.6239    % 
UB: 52.56796874999999
branching on CartesianIndex(3, 1) with a.
1268   588    7          40.8695    52.5680    28.6239    % 
LB close or above UB, fathomed
1269   587    11         40.8695    52.5680    28.6239    % 
UB: 52.56796874999999
branching on CartesianIndex(2, 3) with a.
1270   588    11         40.8695    52.5680    28.6239    % 
LB close or above UB, fathomed
1271   587    19         40.9125    52.5680    28.4888    % 
LB close or above UB, fathomed
1272   586    19         40.9125    52.5680    28.4888    % 
UB: 52.56796874999999
branching on CartesianIndex(1, 7) with c.
1273   587    20         40.9125    52.5680    28.4888    % 
UB: 52.56796874999999
branching on 3 with b.
1274   588    21         40.9125    52.5680    28.4888    % 
UB: 52.56796874999999
branching on 1 with b.
1275   589    21         40.9125    52.5680    28.4888    % 
LB close or above UB, fathomed
1276   588    20         40.9125    52.5680    28.4888    % 
LB close or above UB, fathomed
1277   587    26         40.9195    52.5680    28.4667    % 
LB close or above UB, fathomed
1278   586    26         40.9195    52.5680    28.4667    % 
LB close or above UB, fathomed
1279   585    18         40.9195    52.5680    28.4667    % 
LB close or above UB, fathomed
1280   584    18         40.9195    52.5680    28.4667    % 
UB: 52.56796874999999
branching on CartesianIndex(1, 7) with c.
1281   585    19         40.9195    52.5680    28.4667    % 
UB: 52.56796874999999
branching on 3 with b.
1282   586    19         40.9195    52.5680    28.4667    % 
LB close or above UB, fathomed
1283   585    30         40.9195    52.5680    28.4667    % 
UB: 52.56796874999999
branching on 3 with b.
1284   586    31         40.9195    52.5680    28.4667    % 
UB: 52.56796874999999
branching on 1 with b.
1285   587    31         40.9195    52.5680    28.4667    % 
UB: 52.56796874999999
branching on 1 with b.
1286   588    30         40.9195    52.5680    28.4667    % 
LB close or above UB, fathomed
1287   587    28         40.9195    52.5680    28.4667    % 
UB: 52.56796874999999
branching on 3 with b.
1288   588    28         40.9195    52.5680    28.4667    % 
UB: 52.56796874999999
branching on 3 with b.
1289   589    34         40.9195    52.5680    28.4667    % 
UB: 52.56796874999999
branching on 3 with b.
1290   590    34         40.9195    52.5680    28.4667    % 
UB: 52.56796874999999
branching on 3 with b.
1291   591    23         40.9195    52.5680    28.4667    % 
UB: 52.56796874999999
branching on 2 with b.
1292   592    23         40.9195    52.5680    28.4667    % 
LB close or above UB, fathomed
1293   591    17         40.9195    52.5680    28.4667    % 
UB: 52.56796874999999
branching on CartesianIndex(3, 3) with a.
1294   592    17         40.9195    52.5680    28.4667    % 
UB: 52.56796874999999
branching on 2 with b.
1295   593    20         40.9195    52.5680    28.4667    % 
LB close or above UB, fathomed
1296   592    20         40.9195    52.5680    28.4667    % 
UB: 52.56796874999999
branching on 3 with b.
1297   593    21         40.9195    52.5680    28.4667    % 
UB: 52.56796874999999
branching on CartesianIndex(1, 7) with c.
1298   594    21         40.9195    52.5680    28.4667    % 
LB close or above UB, fathomed
1299   593    30         40.9195    52.5680    28.4667    % 
UB: 52.56796874999999
branching on 1 with b.
1300   594    31         40.9195    52.5680    28.4667    % 
UB: 52.56796874999999
branching on 2 with b.
1301   595    31         40.9195    52.5680    28.4667    % 
UB: 52.56796874999999
branching on 2 with b.
1302   596    32         40.9195    52.5680    28.4667    % 
UB: 52.56796874999999
branching on 3 with b.
1303   597    32         40.9195    52.5680    28.4667    % 
UB: 52.56796874999999
branching on 3 with b.
1304   598    30         40.9195    52.5680    28.4667    % 
LB close or above UB, fathomed
1305   597    30         40.9195    52.5680    28.4667    % 
UB: 52.56796874999999
branching on 2 with b.
1306   598    30         40.9195    52.5680    28.4667    % 
UB: 52.56796874999999
branching on 2 with b.
1307   599    33         40.9195    52.5680    28.4667    % 
UB: 52.56796874999999
branching on 1 with b.
1308   600    33         40.9195    52.5680    28.4667    % 
UB: 52.56796874999999
branching on 1 with b.
1309   601    18         40.9195    52.5680    28.4667    % 
UB: 52.56796874999999
branching on CartesianIndex(3, 3) with a.
1310   602    19         40.9195    52.5680    28.4667    % 
UB: 52.56796874999999
branching on CartesianIndex(4, 3) with a.
1311   603    19         40.9195    52.5680    28.4667    % 
UB: 52.56796874999999
branching on CartesianIndex(1, 4) with c.
1312   604    18         40.9195    52.5680    28.4667    % 
LB close or above UB, fathomed
1313   603    35         40.9195    52.5680    28.4667    % 
UB: 52.56796874999999
branching on 1 with b.
1314   604    35         40.9195    52.5680    28.4667    % 
UB: 52.56796874999999
branching on 1 with b.
1315   605    34         40.9195    52.5680    28.4667    % 
UB: 52.56796874999999
branching on 3 with b.
1316   606    34         40.9195    52.5680    28.4667    % 
UB: 52.56796874999999
branching on 3 with b.
1317   607    17         40.9195    52.5680    28.4667    % 
LB close or above UB, fathomed
1318   606    17         40.9195    52.5680    28.4667    % 
UB: 52.56796874999999
branching on 3 with b.
1319   607    18         40.9195    52.5680    28.4667    % 
UB: 52.56796874999999
branching on CartesianIndex(1, 6) with c.
1320   608    18         40.9195    52.5680    28.4667    % 
LB close or above UB, fathomed
1321   607    20         40.9195    52.5680    28.4667    % 
LB close or above UB, fathomed
1322   606    20         40.9195    52.5680    28.4667    % 
UB: 52.56796874999999
branching on CartesianIndex(1, 7) with c.
1323   607    21         40.9195    52.5680    28.4667    % 
UB: 52.56796874999999
branching on 3 with b.
1324   608    21         40.9195    52.5680    28.4667    % 
LB close or above UB, fathomed
1325   607    19         40.9195    52.5680    28.4667    % 
LB close or above UB, fathomed
1326   606    19         40.9195    52.5680    28.4667    % 
UB: 52.56796874999999
branching on 3 with b.
1327   607    20         40.9195    52.5680    28.4667    % 
UB: 52.56796874999999
branching on 1 with b.
1328   608    20         40.9195    52.5680    28.4667    % 
LB close or above UB, fathomed
1329   607    17         40.9195    52.5680    28.4667    % 
UB: 52.56796874999999
branching on CartesianIndex(1, 4) with c.
1330   608    17         40.9195    52.5680    28.4667    % 
UB: 52.56796874999999
branching on CartesianIndex(1, 4) with c.
1331   609    22         40.9195    52.5680    28.4667    % 
UB: 52.56796874999999
branching on 3 with b.
1332   610    22         40.9195    52.5680    28.4667    % 
UB: 52.56796874999999
branching on 3 with b.
1333   611    17         40.9195    52.5680    28.4667    % 
UB: 52.56796874999999
branching on CartesianIndex(1, 4) with c.
1334   612    17         40.9195    52.5680    28.4667    % 
LB close or above UB, fathomed
1335   611    28         40.9195    52.5680    28.4667    % 
UB: 52.56796874999999
branching on 2 with b.
1336   612    28         40.9195    52.5680    28.4667    % 
UB: 52.56796874999999
branching on 2 with b.
1337   613    15         40.9195    52.5680    28.4667    % 
UB: 52.56796874999999
branching on 1 with b.
1338   614    16         40.9195    52.5680    28.4667    % 
LB close or above UB, fathomed
1339   613    16         40.9195    52.5680    28.4667    % 
UB: 52.56796874999999
branching on CartesianIndex(2, 3) with a.
1340   614    17         40.9195    52.5680    28.4667    % 
LB close or above UB, fathomed
1341   613    17         40.9195    52.5680    28.4667    % 
UB: 52.56796874999999
branching on CartesianIndex(1, 4) with c.
1342   614    15         40.9195    52.5680    28.4667    % 
LB close or above UB, fathomed
1343   613    22         40.9195    52.5680    28.4667    % 
LB close or above UB, fathomed
1344   612    22         40.9195    52.5680    28.4667    % 
UB: 52.56796874999999
branching on CartesianIndex(1, 5) with c.
1345   613    23         40.9195    52.5680    28.4667    % 
UB: 52.56796874999999
branching on CartesianIndex(1, 6) with c.
1346   614    23         40.9195    52.5680    28.4667    % 
LB close or above UB, fathomed
1347   613    16         40.9195    52.5680    28.4667    % 
UB: 52.56796874999999
branching on CartesianIndex(1, 3) with a.
1348   614    17         40.9195    52.5680    28.4667    % 
UB: 52.56796874999999
branching on CartesianIndex(2, 3) with a.
1349   615    17         40.9195    52.5680    28.4667    % 
LB close or above UB, fathomed
1350   614    16         40.9195    52.5680    28.4667    % 
UB: 52.56796874999999
branching on CartesianIndex(1, 3) with a.
1351   615    17         40.9195    52.5680    28.4667    % 
UB: 52.56796874999999
branching on 3 with b.
1352   616    17         40.9195    52.5680    28.4667    % 
LB close or above UB, fathomed
1353   615    18         40.9195    52.5680    28.4667    % 
LB close or above UB, fathomed
1354   614    18         40.9195    52.5680    28.4667    % 
UB: 52.56796874999999
branching on CartesianIndex(1, 4) with c.
1355   615    19         40.9195    52.5680    28.4667    % 
UB: 52.56796874999999
branching on 2 with b.
1356   616    19         40.9195    52.5680    28.4667    % 
UB: 52.56796874999999
branching on 2 with b.
1357   617    28         40.9195    52.5680    28.4667    % 
UB: 52.56796874999999
branching on 3 with b.
1358   618    28         40.9195    52.5680    28.4667    % 
LB close or above UB, fathomed
1359   617    26         40.9195    52.5680    28.4667    % 
UB: 52.56796874999999
branching on 3 with b.
1360   618    26         40.9195    52.5680    28.4667    % 
LB close or above UB, fathomed
1361   617    18         40.9195    52.5680    28.4667    % 
UB: 52.56796874999999
branching on CartesianIndex(1, 4) with c.
1362   618    18         40.9195    52.5680    28.4667    % 
LB close or above UB, fathomed
1363   617    15         40.9195    52.5680    28.4667    % 
UB: 52.56796874999999
branching on CartesianIndex(4, 2) with a.
1364   618    16         40.9195    52.5680    28.4667    % 
UB: 52.56796874999999
branching on CartesianIndex(1, 3) with a.
1365   619    17         40.9195    52.5680    28.4667    % 
UB: 52.56796874999999
branching on 3 with b.
1366   620    17         40.9195    52.5680    28.4667    % 
LB close or above UB, fathomed
1367   619    16         40.9195    52.5680    28.4667    % 
UB: 52.56796874999999
branching on CartesianIndex(1, 3) with a.
1368   620    17         40.9195    52.5680    28.4667    % 
UB: 52.56796874999999
branching on CartesianIndex(2, 3) with a.
1369   621    17         40.9195    52.5680    28.4667    % 
LB close or above UB, fathomed
1370   620    15         40.9195    52.5680    28.4667    % 
UB: 52.56796874999999
branching on 3 with b.
1371   621    16         40.9195    52.5680    28.4667    % 
LB close or above UB, fathomed
1372   620    16         40.9195    52.5680    28.4667    % 
UB: 52.56796874999999
branching on CartesianIndex(1, 3) with a.
1373   621    17         40.9195    52.5680    28.4667    % 
UB: 52.56796874999999
branching on CartesianIndex(2, 3) with a.
1374   622    17         40.9195    52.5680    28.4667    % 
LB close or above UB, fathomed
1375   621    26         40.9195    52.5680    28.4667    % 
LB close or above UB, fathomed
1376   620    26         40.9195    52.5680    28.4667    % 
UB: 52.56796874999999
branching on 1 with b.
1377   621    25         40.9195    52.5680    28.4667    % 
UB: 52.56796874999999
branching on 3 with b.
1378   622    26         40.9195    52.5680    28.4667    % 
UB: 52.56796874999999
branching on 1 with b.
1379   623    26         40.9195    52.5680    28.4667    % 
UB: 52.56796874999999
branching on 1 with b.
1380   624    25         40.9195    52.5680    28.4667    % 
LB close or above UB, fathomed
1381   623    20         40.9195    52.5680    28.4667    % 
UB: 52.56796874999999
branching on CartesianIndex(1, 6) with c.
1382   624    20         40.9195    52.5680    28.4667    % 
LB close or above UB, fathomed
1383   623    17         40.9195    52.5680    28.4667    % 
UB: 52.56796874999999
branching on 2 with b.
1384   624    17         40.9195    52.5680    28.4667    % 
LB close or above UB, fathomed
1385   623    19         40.9195    52.5680    28.4667    % 
UB: 52.56796874999999
branching on 1 with b.
1386   624    20         40.9195    52.5680    28.4667    % 
LB close or above UB, fathomed
1387   623    20         40.9195    52.5680    28.4667    % 
UB: 52.56796874999999
branching on CartesianIndex(1, 6) with c.
1388   624    19         40.9195    52.5680    28.4667    % 
LB close or above UB, fathomed
1389   623    14         40.9195    52.5680    28.4667    % 
UB: 52.56796874999999
branching on 1 with b.
1390   624    14         40.9195    52.5680    28.4667    % 
UB: 52.56796874999999
branching on CartesianIndex(3, 3) with a.
1391   625    18         40.9195    52.5680    28.4667    % 
UB: 52.56796874999999
branching on 1 with b.
1392   626    19         40.9195    52.5680    28.4667    % 
UB: 52.56796874999999
branching on CartesianIndex(3, 3) with a.
1393   627    19         40.9195    52.5680    28.4667    % 
LB close or above UB, fathomed
1394   626    18         40.9195    52.5680    28.4667    % 
UB: 52.56796874999999
branching on CartesianIndex(3, 3) with a.
1395   627    17         40.9195    52.5680    28.4667    % 
UB: 52.56796874999999
branching on CartesianIndex(1, 5) with c.
1396   628    18         40.9195    52.5680    28.4667    % 
LB close or above UB, fathomed
1397   627    18         40.9195    52.5680    28.4667    % 
UB: 52.56796874999999
branching on CartesianIndex(1, 6) with c.
1398   628    19         40.9195    52.5680    28.4667    % 
LB close or above UB, fathomed
1399   627    19         40.9195    52.5680    28.4667    % 
UB: 52.56796874999999
branching on CartesianIndex(1, 7) with c.
1400   628    20         40.9195    52.5680    28.4667    % 
UB: 52.56796874999999
branching on 3 with b.
1401   629    21         40.9195    52.5680    28.4667    % 
UB: 52.56796874999999
branching on 1 with b.
1402   630    21         40.9195    52.5680    28.4667    % 
LB close or above UB, fathomed
1403   629    20         40.9195    52.5680    28.4667    % 
LB close or above UB, fathomed
1404   628    17         40.9195    52.5680    28.4667    % 
LB close or above UB, fathomed
1405   627    21         40.9195    52.5680    28.4667    % 
LB close or above UB, fathomed
1406   626    21         40.9195    52.5680    28.4667    % 
UB: 52.56796874999999
branching on CartesianIndex(1, 7) with c.
1407   627    22         40.9195    52.5680    28.4667    % 
UB: 52.56796874999999
branching on 2 with b.
1408   628    23         40.9195    52.5680    28.4667    % 
LB close or above UB, fathomed
1409   627    23         40.9195    52.5680    28.4667    % 
UB: 52.56796874999999
branching on 3 with b.
1410   628    24         40.9195    52.5680    28.4667    % 
LB close or above UB, fathomed
1411   627    24         40.9195    52.5680    28.4667    % 
UB: 52.56796874999999
branching on 1 with b.
1412   628    25         40.9195    52.5680    28.4667    % 
UB: 52.56796874999999
branching on 2 with b.
1413   629    26         40.9195    52.5680    28.4667    % 
UB: 52.56796874999999
branching on 3 with b.
1414   630    27         40.9195    52.5680    28.4667    % 
LB close or above UB, fathomed
1415   629    27         40.9195    52.5680    28.4667    % 
UB: 52.56796874999999
branching on 1 with b.
1416   630    28         40.9195    52.5680    28.4667    % 
UB: 52.56796874999999
branching on 2 with b.
1417   631    28         40.9195    52.5680    28.4667    % 
UB: 52.56796874999999
branching on 2 with b.
1418   632    26         40.9195    52.5680    28.4667    % 
LB close or above UB, fathomed
1419   631    25         40.9195    52.5680    28.4667    % 
LB close or above UB, fathomed
1420   630    22         40.9195    52.5680    28.4667    % 
LB close or above UB, fathomed
1421   629    24         40.9195    52.5680    28.4667    % 
UB: 52.56796874999999
branching on 3 with b.
1422   630    24         40.9195    52.5680    28.4667    % 
UB: 52.56796874999999
branching on 3 with b.
1423   631    25         40.9195    52.5680    28.4667    % 
LB close or above UB, fathomed
1424   630    25         40.9195    52.5680    28.4667    % 
UB: 52.56796874999999
branching on 1 with b.
1425   631    26         40.9195    52.5680    28.4667    % 
UB: 52.56796874999999
branching on 2 with b.
1426   632    27         40.9195    52.5680    28.4667    % 
UB: 52.56796874999999
branching on 3 with b.
1427   633    28         40.9195    52.5680    28.4667    % 
LB close or above UB, fathomed
1428   632    28         40.9195    52.5680    28.4667    % 
UB: 52.56796874999999
branching on 1 with b.
1429   633    27         40.9195    52.5680    28.4667    % 
UB: 52.56796874999999
branching on 3 with b.
1430   634    26         40.9195    52.5680    28.4667    % 
UB: 52.56796874999999
branching on 2 with b.
1431   635    20         40.9195    52.5680    28.4667    % 
UB: 52.56796874999999
branching on 1 with b.
1432   636    20         40.9195    52.5680    28.4667    % 
LB close or above UB, fathomed
1433   635    23         40.9195    52.5680    28.4667    % 
LB close or above UB, fathomed
1434   634    23         40.9195    52.5680    28.4667    % 
UB: 52.56796874999999
branching on CartesianIndex(1, 7) with c.
1435   635    24         40.9195    52.5680    28.4667    % 
UB: 52.56796874999999
branching on 1 with b.
1436   636    25         40.9195    52.5680    28.4667    % 
UB: 52.56796874999999
branching on 2 with b.
1437   637    26         40.9195    52.5680    28.4667    % 
UB: 52.56796874999999
branching on 3 with b.
1438   638    27         40.9195    52.5680    28.4667    % 
LB close or above UB, fathomed
1439   637    27         40.9195    52.5680    28.4667    % 
UB: 52.56796874999999
branching on 1 with b.
1440   638    28         40.9195    52.5680    28.4667    % 
UB: 52.56796874999999
branching on 2 with b.
1441   639    28         40.9195    52.5680    28.4667    % 
UB: 52.56796874999999
branching on 2 with b.
1442   640    26         40.9195    52.5680    28.4667    % 
LB close or above UB, fathomed
1443   639    25         40.9195    52.5680    28.4667    % 
LB close or above UB, fathomed
1444   638    24         40.9195    52.5680    28.4667    % 
LB close or above UB, fathomed
1445   637    17         40.9195    52.5680    28.4667    % 
UB: 52.56796874999999
branching on CartesianIndex(1, 5) with c.
1446   638    17         40.9195    52.5680    28.4667    % 
UB: 52.56796874999999
branching on CartesianIndex(1, 5) with c.
1447   639    18         40.9195    52.5680    28.4667    % 
UB: 52.56796874999999
branching on 2 with b.
1448   640    18         40.9195    52.5680    28.4667    % 
UB: 52.56796874999999
branching on 2 with b.
1449   641    27         40.9195    52.5680    28.4667    % 
UB: 52.56796874999999
branching on 3 with b.
1450   642    28         40.9195    52.5680    28.4667    % 
UB: 52.56796874999999
branching on 1 with b.
1451   643    29         40.9195    52.5680    28.4667    % 
UB: 52.56796874999999
branching on 2 with b.
1452   644    29         40.9195    52.5680    28.4667    % 
UB: 52.56796874999999
branching on 2 with b.
1453   645    28         40.9195    52.5680    28.4667    % 
LB close or above UB, fathomed
1454   644    27         40.9195    52.5680    28.4667    % 
LB close or above UB, fathomed
1455   643    31         40.9195    52.5680    28.4667    % 
UB: 52.56796874999999
branching on 3 with b.
1456   644    32         40.9195    52.5680    28.4667    % 
UB: 52.56796874999999
branching on 1 with b.
1457   645    33         40.9195    52.5680    28.4667    % 
UB: 52.56796874999999
branching on 2 with b.
1458   646    34         40.9195    52.5680    28.4667    % 
UB: 52.56796874999999
branching on 3 with b.
1459   647    35         40.9195    52.5680    28.4667    % 
UB: 52.56796874999999
branching on 1 with b.
1460   648    35         40.9195    52.5680    28.4667    % 
UB: 52.56796874999999
branching on 1 with b.
1461   649    34         40.9195    52.5680    28.4667    % 
UB: 52.56796874999999
branching on 3 with b.
1462   650    33         40.9195    52.5680    28.4667    % 
UB: 52.56796874999999
branching on 2 with b.
1463   651    32         40.9195    52.5680    28.4667    % 
LB close or above UB, fathomed
1464   650    31         40.9195    52.5680    28.4667    % 
LB close or above UB, fathomed
1465   649    31         40.9195    52.5680    28.4667    % 
LB close or above UB, fathomed
1466   648    31         40.9195    52.5680    28.4667    % 
UB: 52.56796874999999
branching on 3 with b.
1467   649    32         40.9195    52.5680    28.4667    % 
UB: 52.56796874999999
branching on 1 with b.
1468   650    33         40.9195    52.5680    28.4667    % 
UB: 52.56796874999999
branching on 2 with b.
1469   651    33         40.9195    52.5680    28.4667    % 
UB: 52.56796874999999
branching on 2 with b.
1470   652    32         40.9195    52.5680    28.4667    % 
UB: 52.56796874999999
branching on 1 with b.
1471   653    31         40.9195    52.5680    28.4667    % 
LB close or above UB, fathomed
1472   652    31         40.9195    52.5680    28.4667    % 
UB: 52.56796874999999
branching on 3 with b.
1473   653    32         40.9195    52.5680    28.4667    % 
UB: 52.56796874999999
branching on 1 with b.
1474   654    33         40.9195    52.5680    28.4667    % 
UB: 52.56796874999999
branching on 2 with b.
1475   655    34         40.9195    52.5680    28.4667    % 
UB: 52.56796874999999
branching on 3 with b.
1476   656    34         40.9195    52.5680    28.4667    % 
UB: 52.56796874999999
branching on 3 with b.
1477   657    35         40.9195    52.5680    28.4667    % 
UB: 52.56796874999999
branching on 1 with b.
1478   658    35         40.9195    52.5680    28.4667    % 
UB: 52.56796874999999
branching on 1 with b.
1479   659    33         40.9195    52.5680    28.4667    % 
UB: 52.56796874999999
branching on 2 with b.
1480   660    32         40.9195    52.5680    28.4667    % 
LB close or above UB, fathomed
1481   659    26         40.9195    52.5680    28.4667    % 
UB: 52.56796874999999
branching on 1 with b.
1482   660    27         40.9195    52.5680    28.4667    % 
UB: 52.56796874999999
branching on 2 with b.
1483   661    27         40.9195    52.5680    28.4667    % 
UB: 52.56796874999999
branching on 2 with b.
1484   662    26         40.9195    52.5680    28.4667    % 
LB close or above UB, fathomed
1485   661    26         40.9195    52.5680    28.4667    % 
UB: 52.56796874999999
branching on 2 with b.
1486   662    26         40.9195    52.5680    28.4667    % 
UB: 52.56796874999999
branching on 2 with b.
1487   663    15         40.9195    52.5680    28.4667    % 
UB: 52.56796874999999
branching on CartesianIndex(4, 3) with a.
1488   664    15         40.9195    52.5680    28.4667    % 
UB: 52.56796874999999
branching on 3 with b.
1489   665    16         40.9195    52.5680    28.4667    % 
UB: 52.56796874999999
branching on CartesianIndex(4, 3) with a.
1490   666    16         40.9195    52.5680    28.4667    % 
UB: 52.56796874999999
branching on CartesianIndex(4, 3) with a.
1491   667    16         40.9195    52.5680    28.4667    % 
UB: 52.56796874999999
branching on 3 with b.
1492   668    17         40.9195    52.5680    28.4667    % 
LB close or above UB, fathomed
1493   667    17         40.9195    52.5680    28.4667    % 
UB: 52.56796874999999
branching on CartesianIndex(2, 3) with a.
1494   668    18         40.9195    52.5680    28.4667    % 
UB: 52.56796874999999
branching on CartesianIndex(3, 3) with a.
1495   669    19         40.9195    52.5680    28.4667    % 
UB: 52.56796874999999
branching on CartesianIndex(4, 3) with a.
1496   670    19         40.9195    52.5680    28.4667    % 
UB: 52.56796874999999
branching on CartesianIndex(1, 4) with c.
1497   671    18         40.9195    52.5680    28.4667    % 
LB close or above UB, fathomed
1498   670    16         40.9195    52.5680    28.4667    % 
UB: 52.56796874999999
branching on CartesianIndex(2, 3) with a.
1499   671    27         40.9195    52.5680    28.4667    % 
LB close or above UB, fathomed
1500   670    27         40.9195    52.5680    28.4667    % 
UB: 52.56796874999999
branching on 1 with b.
1501   671    15         40.9195    52.5680    28.4667    % 
UB: 52.56796874999999
branching on CartesianIndex(1, 6) with c.
1502   672    16         40.9195    52.5680    28.4667    % 
LB close or above UB, fathomed
1503   671    16         40.9195    52.5680    28.4667    % 
UB: 52.56796874999999
branching on 2 with b.
1504   672    17         40.9195    52.5680    28.4667    % 
UB: 52.56796874999999
branching on 3 with b.
1505   673    18         40.9195    52.5680    28.4667    % 
UB: 52.56796874999999
branching on CartesianIndex(1, 7) with c.
1506   674    18         40.9195    52.5680    28.4667    % 
LB close or above UB, fathomed
1507   673    17         40.9195    52.5680    28.4667    % 
LB close or above UB, fathomed
1508   672    15         40.9195    52.5680    28.4667    % 
UB: 52.56796874999999
branching on 2 with b.
1509   673    29         40.9195    52.5680    28.4667    % 
UB: 52.56796874999999
branching on 1 with b.
1510   674    30         40.9195    52.5680    28.4667    % 
UB: 52.56796874999999
branching on 2 with b.
1511   675    30         40.9195    52.5680    28.4667    % 
UB: 52.56796874999999
branching on 2 with b.
1512   676    29         40.9195    52.5680    28.4667    % 
UB: 52.56796874999999
branching on 1 with b.
1513   677    14         40.9195    52.5680    28.4667    % 
UB: 52.56796874999999
branching on 1 with b.
1514   678    15         40.9195    52.5680    28.4667    % 
UB: 52.56796874999999
branching on CartesianIndex(2, 3) with a.
1515   679    16         40.9195    52.5680    28.4667    % 
UB: 52.56796874999999
branching on CartesianIndex(3, 3) with a.
1516   680    16         40.9195    52.5680    28.4667    % 
UB: 52.56796874999999
branching on CartesianIndex(1, 4) with c.
1517   681    17         40.9195    52.5680    28.4667    % 
LB close or above UB, fathomed
1518   680    17         40.9195    52.5680    28.4667    % 
UB: 52.56796874999999
branching on 2 with b.
1519   681    18         40.9195    52.5680    28.4667    % 
LB close or above UB, fathomed
1520   680    18         40.9195    52.5680    28.4667    % 
UB: 52.56796874999999
branching on 3 with b.
1521   681    19         40.9195    52.5680    28.4667    % 
UB: 52.56796874999999
branching on 1 with b.
1522   682    20         40.9195    52.5680    28.4667    % 
UB: 52.56796874999999
branching on CartesianIndex(1, 5) with c.
1523   683    20         40.9195    52.5680    28.4667    % 
LB close or above UB, fathomed
1524   682    19         40.9195    52.5680    28.4667    % 
UB: 52.56796874999999
branching on CartesianIndex(1, 5) with c.
1525   683    15         40.9195    52.5680    28.4667    % 
LB close or above UB, fathomed
1526   682    14         40.9195    52.5680    28.4667    % 
UB: 52.56796874999999
branching on CartesianIndex(1, 4) with c.
1527   683    26         40.9195    52.5680    28.4667    % 
UB: 52.56796874999999
branching on 1 with b.
1528   684    27         40.9195    52.5680    28.4667    % 
UB: 52.56796874999999
branching on 2 with b.
1529   685    27         40.9195    52.5680    28.4667    % 
UB: 52.56796874999999
branching on 2 with b.
1530   686    28         40.9195    52.5680    28.4667    % 
UB: 52.56796874999999
branching on 3 with b.
1531   687    29         40.9195    52.5680    28.4667    % 
UB: 52.56796874999999
branching on 1 with b.
1532   688    29         40.9195    52.5680    28.4667    % 
LB close or above UB, fathomed
1533   687    28         40.9195    52.5680    28.4667    % 
LB close or above UB, fathomed
1534   686    26         40.9195    52.5680    28.4667    % 
LB close or above UB, fathomed
1535   685    20         40.9195    52.5680    28.4667    % 
LB close or above UB, fathomed
1536   684    20         40.9195    52.5680    28.4667    % 
UB: 52.56796874999999
branching on 3 with b.
1537   685    21         40.9195    52.5680    28.4667    % 
LB close or above UB, fathomed
1538   684    21         40.9195    52.5680    28.4667    % 
UB: 52.56796874999999
branching on 1 with b.
1539   685    22         40.9195    52.5680    28.4667    % 
UB: 52.56796874999999
branching on 2 with b.
1540   686    23         40.9195    52.5680    28.4667    % 
UB: 52.56796874999999
branching on 3 with b.
1541   687    24         40.9195    52.5680    28.4667    % 
LB close or above UB, fathomed
1542   686    24         40.9195    52.5680    28.4667    % 
UB: 52.56796874999999
branching on 1 with b.
1543   687    25         40.9195    52.5680    28.4667    % 
UB: 52.56796874999999
branching on 2 with b.
1544   688    25         40.9195    52.5680    28.4667    % 
UB: 52.56796874999999
branching on 2 with b.
1545   689    23         40.9195    52.5680    28.4667    % 
LB close or above UB, fathomed
1546   688    22         40.9195    52.5680    28.4667    % 
LB close or above UB, fathomed
1547   687    27         40.9195    52.5680    28.4667    % 
LB close or above UB, fathomed
1548   686    27         40.9195    52.5680    28.4667    % 
UB: 52.56796874999999
branching on 3 with b.
1549   687    20         40.9195    52.5680    28.4667    % 
UB: 52.56796874999999
branching on CartesianIndex(1, 6) with c.
1550   688    21         40.9195    52.5680    28.4667    % 
LB close or above UB, fathomed
1551   687    21         40.9195    52.5680    28.4667    % 
UB: 52.56796874999999
branching on CartesianIndex(1, 7) with c.
1552   688    22         40.9195    52.5680    28.4667    % 
UB: 52.56796874999999
branching on 2 with b.
1553   689    23         40.9195    52.5680    28.4667    % 
UB: 52.56796874999999
branching on 3 with b.
1554   690    23         40.9195    52.5680    28.4667    % 
UB: 52.56796874999999
branching on 3 with b.
1555   691    22         40.9195    52.5680    28.4667    % 
LB close or above UB, fathomed
1556   690    20         40.9195    52.5680    28.4667    % 
LB close or above UB, fathomed
1557   689    26         40.9195    52.5680    28.4667    % 
UB: 52.56796874999999
branching on 1 with b.
1558   690    27         40.9195    52.5680    28.4667    % 
UB: 52.56796874999999
branching on 2 with b.
1559   691    28         40.9195    52.5680    28.4667    % 
LB close or above UB, fathomed
1560   690    28         40.9195    52.5680    28.4667    % 
UB: 52.56796874999999
branching on 3 with b.
1561   691    29         40.9195    52.5680    28.4667    % 
UB: 52.56796874999999
branching on 1 with b.
1562   692    30         40.9195    52.5680    28.4667    % 
UB: 52.56796874999999
branching on 2 with b.
1563   693    30         40.9195    52.5680    28.4667    % 
UB: 52.56796874999999
branching on 2 with b.
1564   694    29         40.9195    52.5680    28.4667    % 
LB close or above UB, fathomed
1565   693    27         40.9195    52.5680    28.4667    % 
LB close or above UB, fathomed
1566   692    26         40.9195    52.5680    28.4667    % 
LB close or above UB, fathomed
1567   691    8          40.9195    52.5680    28.4667    % 
UB: 52.56796874999999
branching on 1 with b.
1568   692    9          40.9195    52.5680    28.4667    % 
UB: 52.56796874999999
branching on CartesianIndex(2, 3) with a.
1569   693    10         40.9195    52.5680    28.4667    % 
UB: 52.56796874999999
branching on 1 with b.
1570   694    10         40.9195    52.5680    28.4667    % 
UB: 52.56796874999999
branching on 1 with b.
1571   695    9          40.9195    52.5680    28.4667    % 
LB close or above UB, fathomed
1572   694    8          40.9195    52.5680    28.4667    % 
LB close or above UB, fathomed
1573   693    24         40.9195    52.5680    28.4667    % 
LB close or above UB, fathomed
1574   692    24         40.9195    52.5680    28.4667    % 
UB: 52.56796874999999
branching on 2 with b.
1575   693    25         40.9195    52.5680    28.4667    % 
UB: 52.56796874999999
branching on CartesianIndex(1, 7) with c.
1576   694    25         40.9195    52.5680    28.4667    % 
UB: 52.56796874999999
branching on CartesianIndex(1, 7) with c.
1577   695    22         40.9195    52.5680    28.4667    % 
UB: 52.56796874999999
branching on 1 with b.
1578   696    22         40.9195    52.5680    28.4667    % 
LB close or above UB, fathomed
1579   695    14         40.9195    52.5680    28.4667    % 
UB: 52.56796874999999
branching on CartesianIndex(1, 4) with c.
1580   696    14         40.9195    52.5680    28.4667    % 
LB close or above UB, fathomed
1581   695    18         40.9195    52.5680    28.4667    % 
LB close or above UB, fathomed
1582   694    18         40.9195    52.5680    28.4667    % 
UB: 52.56796874999999
branching on CartesianIndex(1, 7) with c.
1583   695    19         40.9195    52.5680    28.4667    % 
UB: 52.56796874999999
branching on 1 with b.
1584   696    20         40.9195    52.5680    28.4667    % 
LB close or above UB, fathomed
1585   695    20         40.9195    52.5680    28.4667    % 
UB: 52.56796874999999
branching on 2 with b.
1586   696    19         40.9195    52.5680    28.4667    % 
LB close or above UB, fathomed
1587   695    19         40.9195    52.5680    28.4667    % 
UB: 52.56796874999999
branching on CartesianIndex(3, 3) with a.
1588   696    20         40.9195    52.5680    28.4667    % 
UB: 52.56796874999999
branching on CartesianIndex(4, 3) with a.
1589   697    20         40.9195    52.5680    28.4667    % 
UB: 52.56796874999999
branching on CartesianIndex(1, 4) with c.
1590   698    19         40.9195    52.5680    28.4667    % 
LB close or above UB, fathomed
1591   697    27         40.9195    52.5680    28.4667    % 
UB: 52.56796874999999
branching on 3 with b.
1592   698    27         40.9195    52.5680    28.4667    % 
LB close or above UB, fathomed
1593   697    19         40.9195    52.5680    28.4667    % 
UB: 52.56796874999999
branching on CartesianIndex(3, 3) with a.
1594   698    20         40.9195    52.5680    28.4667    % 
UB: 52.56796874999999
branching on CartesianIndex(4, 3) with a.
1595   699    20         40.9195    52.5680    28.4667    % 
UB: 52.56796874999999
branching on CartesianIndex(1, 4) with c.
1596   700    19         40.9195    52.5680    28.4667    % 
LB close or above UB, fathomed
1597   699    18         40.9195    52.5680    28.4667    % 
UB: 52.56796874999999
branching on 1 with b.
1598   700    19         40.9195    52.5680    28.4667    % 
UB: 52.56796874999999
branching on 2 with b.
1599   701    19         40.9195    52.5680    28.4667    % 
LB close or above UB, fathomed
1600   700    18         40.9195    52.5680    28.4667    % 
LB close or above UB, fathomed
1601   699    20         40.9195    52.5680    28.4667    % 
LB close or above UB, fathomed
1602   698    20         40.9195    52.5680    28.4667    % 
UB: 52.56796874999999
branching on 1 with b.
1603   699    19         40.9195    52.5680    28.4667    % 
UB: 52.56796874999999
branching on CartesianIndex(3, 3) with a.
1604   700    19         40.9195    52.5680    28.4667    % 
UB: 52.56796874999999
branching on 3 with b.
1605   701    23         40.9195    52.5680    28.4667    % 
UB: 52.56796874999999
branching on 3 with b.
1606   702    24         40.9195    52.5680    28.4667    % 
LB close or above UB, fathomed
1607   701    24         40.9195    52.5680    28.4667    % 
UB: 52.56796874999999
branching on 1 with b.
1608   702    25         40.9195    52.5680    28.4667    % 
UB: 52.56796874999999
branching on 2 with b.
1609   703    25         40.9195    52.5680    28.4667    % 
LB close or above UB, fathomed
1610   702    23         40.9195    52.5680    28.4667    % 
UB: 52.56796874999999
branching on 3 with b.
1611   703    20         40.9195    52.5680    28.4667    % 
UB: 52.56796874999999
branching on 3 with b.
1612   704    20         40.9195    52.5680    28.4667    % 
UB: 52.56796874999999
branching on 3 with b.
1613   705    19         40.9195    52.5680    28.4667    % 
UB: 52.56796874999999
branching on CartesianIndex(1, 5) with c.
1614   706    19         40.9195    52.5680    28.4667    % 
UB: 52.56796874999999
branching on CartesianIndex(1, 5) with c.
1615   707    20         40.9195    52.5680    28.4667    % 
UB: 52.56796874999999
branching on CartesianIndex(1, 6) with c.
1616   708    20         40.9195    52.5680    28.4667    % 
UB: 52.56796874999999
branching on 2 with b.
1617   709    21         40.9195    52.5680    28.4667    % 
LB close or above UB, fathomed
1618   708    21         40.9195    52.5680    28.4667    % 
UB: 52.56796874999999
branching on CartesianIndex(1, 6) with c.
1619   709    16         40.9195    52.5680    28.4667    % 
LB close or above UB, fathomed
1620   708    16         40.9195    52.5680    28.4667    % 
UB: 52.56796874999999
branching on CartesianIndex(1, 4) with c.
1621   709    17         40.9195    52.5680    28.4667    % 
LB close or above UB, fathomed
1622   708    17         40.9195    52.5680    28.4667    % 
UB: 52.56796874999999
branching on 1 with b.
1623   709    18         40.9195    52.5680    28.4667    % 
LB close or above UB, fathomed
1624   708    18         40.9195    52.5680    28.4667    % 
UB: 52.56796874999999
branching on CartesianIndex(1, 5) with c.
1625   709    21         40.9195    52.5680    28.4667    % 
UB: 52.56796874999999
branching on CartesianIndex(1, 6) with c.
1626   710    22         40.9195    52.5680    28.4667    % 
LB close or above UB, fathomed
1627   709    22         40.9195    52.5680    28.4667    % 
UB: 52.56796874999999
branching on CartesianIndex(1, 7) with c.
1628   710    23         40.9195    52.5680    28.4667    % 
UB: 52.56796874999999
branching on 2 with b.
1629   711    24         40.9195    52.5680    28.4667    % 
UB: 52.56796874999999
branching on 3 with b.
1630   712    24         40.9195    52.5680    28.4667    % 
UB: 52.56796874999999
branching on 3 with b.
1631   713    23         40.9195    52.5680    28.4667    % 
LB close or above UB, fathomed
1632   712    21         40.9195    52.5680    28.4667    % 
LB close or above UB, fathomed
1633   711    15         40.9195    52.5680    28.4667    % 
UB: 52.56796874999999
branching on CartesianIndex(1, 5) with c.
1634   712    15         40.9195    52.5680    28.4667    % 
UB: 52.56796874999999
branching on 1 with b.
1635   713    16         40.9195    52.5680    28.4667    % 
UB: 52.56796874999999
branching on 2 with b.
1636   714    16         40.9195    52.5680    28.4667    % 
UB: 52.56796874999999
branching on CartesianIndex(1, 5) with c.
1637   715    26         40.9195    52.5680    28.4667    % 
UB: 52.56796874999999
branching on 3 with b.
1638   716    27         40.9195    52.5680    28.4667    % 
UB: 52.56796874999999
branching on 1 with b.
1639   717    28         40.9195    52.5680    28.4667    % 
UB: 52.56796874999999
branching on 2 with b.
1640   718    28         40.9195    52.5680    28.4667    % 
UB: 52.56796874999999
branching on 2 with b.
1641   719    27         40.9195    52.5680    28.4667    % 
LB close or above UB, fathomed
1642   718    26         40.9195    52.5680    28.4667    % 
LB close or above UB, fathomed
1643   717    21         40.9195    52.5680    28.4667    % 
UB: 52.56796874999999
branching on 2 with b.
1644   718    22         40.9195    52.5680    28.4667    % 
UB: 52.56796874999999
branching on CartesianIndex(1, 6) with c.
1645   719    23         40.9195    52.5680    28.4667    % 
LB close or above UB, fathomed
1646   718    23         40.9195    52.5680    28.4667    % 
UB: 52.56796874999999
branching on CartesianIndex(1, 7) with c.
1647   719    24         40.9195    52.5680    28.4667    % 
UB: 52.56796874999999
branching on 3 with b.
1648   720    25         40.9195    52.5680    28.4667    % 
LB close or above UB, fathomed
1649   719    25         40.9195    52.5680    28.4667    % 
UB: 52.56796874999999
branching on 1 with b.
1650   720    26         40.9195    52.5680    28.4667    % 
UB: 52.56796874999999
branching on 2 with b.
1651   721    27         40.9195    52.5680    28.4667    % 
UB: 52.56796874999999
branching on 3 with b.
1652   722    28         40.9195    52.5680    28.4667    % 
LB close or above UB, fathomed
1653   721    28         40.9195    52.5680    28.4667    % 
UB: 52.56796874999999
branching on 1 with b.
1654   722    27         40.9195    52.5680    28.4667    % 
UB: 52.56796874999999
branching on 3 with b.
1655   723    26         40.9195    52.5680    28.4667    % 
LB close or above UB, fathomed
1656   722    24         40.9195    52.5680    28.4667    % 
LB close or above UB, fathomed
1657   721    22         40.9195    52.5680    28.4667    % 
LB close or above UB, fathomed
1658   720    21         40.9195    52.5680    28.4667    % 
LB close or above UB, fathomed
1659   719    27         40.9195    52.5680    28.4667    % 
UB: 52.56796874999999
branching on 1 with b.
1660   720    27         40.9195    52.5680    28.4667    % 
UB: 52.56796874999999
branching on 1 with b.
1661   721    15         40.9195    52.5680    28.4667    % 
LB close or above UB, fathomed
1662   720    15         40.9195    52.5680    28.4667    % 
UB: 52.56796874999999
branching on CartesianIndex(1, 5) with c.
1663   721    16         40.9195    52.5680    28.4667    % 
UB: 52.56796874999999
branching on 1 with b.
1664   722    16         40.9195    52.5680    28.4667    % 
UB: 52.56796874999999
branching on 1 with b.
1665   723    17         40.9195    52.5680    28.4667    % 
UB: 52.56796874999999
branching on 2 with b.
1666   724    17         40.9195    52.5680    28.4667    % 
UB: 52.56796874999999
branching on 2 with b.
1667   725    21         40.9195    52.5680    28.4667    % 
LB close or above UB, fathomed
1668   724    21         40.9195    52.5680    28.4667    % 
UB: 52.56796874999999
branching on CartesianIndex(1, 7) with c.
1669   725    22         40.9195    52.5680    28.4667    % 
UB: 52.56796874999999
branching on 2 with b.
1670   726    23         40.9195    52.5680    28.4667    % 
LB close or above UB, fathomed
1671   725    23         40.9195    52.5680    28.4667    % 
UB: 52.56796874999999
branching on 3 with b.
1672   726    24         40.9195    52.5680    28.4667    % 
LB close or above UB, fathomed
1673   725    24         40.9195    52.5680    28.4667    % 
UB: 52.56796874999999
branching on 1 with b.
1674   726    25         40.9195    52.5680    28.4667    % 
UB: 52.56796874999999
branching on 2 with b.
1675   727    25         40.9195    52.5680    28.4667    % 
UB: 52.56796874999999
branching on 2 with b.
1676   728    22         40.9195    52.5680    28.4667    % 
LB close or above UB, fathomed
1677   727    15         40.9195    52.5680    28.4667    % 
UB: 52.56796874999999
branching on 1 with b.
1678   728    15         40.9195    52.5680    28.4667    % 
UB: 52.56796874999999
branching on CartesianIndex(1, 4) with c.
1679   729    15         40.9195    52.5680    28.4667    % 
UB: 52.56796874999999
branching on 1 with b.
1680   730    15         40.9195    52.5680    28.4667    % 
UB: 52.56796874999999
branching on CartesianIndex(3, 3) with a.
1681   731    16         40.9195    52.5680    28.4667    % 
UB: 52.56796874999999
branching on CartesianIndex(4, 3) with a.
1682   732    16         40.9195    52.5680    28.4667    % 
UB: 52.56796874999999
branching on 1 with b.
1683   733    19         40.9195    52.5680    28.4667    % 
LB close or above UB, fathomed
1684   732    19         40.9195    52.5680    28.4667    % 
UB: 52.56796874999999
branching on 3 with b.
1685   733    20         40.9195    52.5680    28.4667    % 
LB close or above UB, fathomed
1686   732    20         40.9195    52.5680    28.4667    % 
UB: 52.56796874999999
branching on CartesianIndex(1, 5) with c.
1687   733    21         40.9195    52.5680    28.4667    % 
UB: 52.56796874999999
branching on CartesianIndex(1, 6) with c.
1688   734    22         40.9195    52.5680    28.4667    % 
LB close or above UB, fathomed
1689   733    22         40.9195    52.5680    28.4667    % 
UB: 52.56796874999999
branching on CartesianIndex(1, 7) with c.
1690   734    23         40.9195    52.5680    28.4667    % 
UB: 52.56796874999999
branching on 1 with b.
1691   735    24         40.9195    52.5680    28.4667    % 
UB: 52.56796874999999
branching on 2 with b.
1692   736    25         40.9195    52.5680    28.4667    % 
UB: 52.56796874999999
branching on 3 with b.
1693   737    25         40.9195    52.5680    28.4667    % 
UB: 52.56796874999999
branching on 3 with b.
1694   738    24         40.9195    52.5680    28.4667    % 
UB: 52.56796874999999
branching on 2 with b.
1695   739    23         40.9195    52.5680    28.4667    % 
LB close or above UB, fathomed
1696   738    21         40.9195    52.5680    28.4667    % 
LB close or above UB, fathomed
1697   737    15         40.9195    52.5680    28.4667    % 
UB: 52.56796874999999
branching on CartesianIndex(3, 3) with a.
1698   738    16         40.9195    52.5680    28.4667    % 
UB: 52.56796874999999
branching on CartesianIndex(4, 3) with a.
1699   739    17         40.9195    52.5680    28.4667    % 
UB: 52.56796874999999
branching on CartesianIndex(1, 4) with c.
1700   740    17         40.9195    52.5680    28.4667    % 
UB: 52.56796874999999
branching on CartesianIndex(1, 4) with c.
1701   741    18         40.9195    52.5680    28.4667    % 
LB close or above UB, fathomed
1702   740    18         40.9195    52.5680    28.4667    % 
UB: 52.56796874999999
branching on CartesianIndex(1, 5) with c.
1703   741    19         40.9195    52.5680    28.4667    % 
UB: 52.56796874999999
branching on 1 with b.
1704   742    20         40.9195    52.5680    28.4667    % 
UB: 52.56796874999999
branching on CartesianIndex(1, 6) with c.
1705   743    21         40.9195    52.5680    28.4667    % 
UB: 52.56796874999999
branching on 2 with b.
1706   744    21         40.9195    52.5680    28.4667    % 
UB: 52.56796874999999
branching on CartesianIndex(1, 7) with c.
1707   745    22         40.9195    52.5680    28.4667    % 
UB: 52.56796874999999
branching on 2 with b.
1708   746    23         40.9195    52.5680    28.4667    % 
UB: 52.56796874999999
branching on 3 with b.
1709   747    23         40.9195    52.5680    28.4667    % 
LB close or above UB, fathomed
1710   746    22         40.9195    52.5680    28.4667    % 
LB close or above UB, fathomed
1711   745    20         40.9195    52.5680    28.4667    % 
LB close or above UB, fathomed
1712   744    19         40.9195    52.5680    28.4667    % 
LB close or above UB, fathomed
1713   743    16         40.9195    52.5680    28.4667    % 
UB: 52.56796874999999
branching on CartesianIndex(1, 4) with c.
1714   744    17         40.9195    52.5680    28.4667    % 
LB close or above UB, fathomed
1715   743    17         40.9195    52.5680    28.4667    % 
UB: 52.56796874999999
branching on CartesianIndex(1, 5) with c.
1716   744    18         40.9195    52.5680    28.4667    % 
UB: 52.56796874999999
branching on CartesianIndex(1, 6) with c.
1717   745    19         40.9195    52.5680    28.4667    % 
UB: 52.56796874999999
branching on CartesianIndex(1, 7) with c.
1718   746    19         40.9195    52.5680    28.4667    % 
UB: 52.56796874999999
branching on CartesianIndex(1, 7) with c.
1719   747    20         40.9195    52.5680    28.4667    % 
UB: 52.56796874999999
branching on 1 with b.
1720   748    21         40.9195    52.5680    28.4667    % 
UB: 52.56796874999999
branching on 2 with b.
1721   749    22         40.9195    52.5680    28.4667    % 
UB: 52.56796874999999
branching on 3 with b.
1722   750    22         40.9195    52.5680    28.4667    % 
LB close or above UB, fathomed
1723   749    21         40.9195    52.5680    28.4667    % 
LB close or above UB, fathomed
1724   748    20         40.9195    52.5680    28.4667    % 
LB close or above UB, fathomed
1725   747    18         40.9195    52.5680    28.4667    % 
LB close or above UB, fathomed
1726   746    15         40.9195    52.5680    28.4667    % 
UB: 52.56796874999999
branching on CartesianIndex(1, 4) with c.
1727   747    18         40.9195    52.5680    28.4667    % 
LB close or above UB, fathomed
1728   746    18         40.9195    52.5680    28.4667    % 
UB: 52.56796874999999
branching on 3 with b.
1729   747    19         40.9195    52.5680    28.4667    % 
UB: 52.56796874999999
branching on 1 with b.
1730   748    19         40.9195    52.5680    28.4667    % 
LB close or above UB, fathomed
1731   747    14         41.1825    52.5680    27.6463    % 
LB close or above UB, fathomed
1732   746    14         41.1825    52.5680    27.6463    % 
UB: 52.56796874999999
branching on CartesianIndex(1, 3) with a.
1733   747    16         41.4049    52.5680    26.9608    % 
UB: 52.56796874999999
branching on CartesianIndex(2, 3) with a.
1734   748    17         41.4049    52.5680    26.9608    % 
LB close or above UB, fathomed
1735   747    17         41.4049    52.5680    26.9608    % 
LB close or above UB, fathomed
1736   746    16         41.4049    52.5680    26.9608    % 
LB close or above UB, fathomed
1737   745    11         41.6397    52.5680    26.2450    % 
UB: 52.56796874999999
branching on CartesianIndex(2, 2) with a.
1738   746    11         41.6397    52.5680    26.2450    % 
UB: 52.56796874999999
branching on 3 with b.
1739   747    12         42.0138    52.5680    25.1206    % 
UB: 52.56796874999999
branching on 3 with b.
1740   748    12         42.0138    52.5680    25.1206    % 
UB: 52.56796874999999
branching on 3 with b.
1741   749    14         42.8068    52.5680    22.8029    % 
LB close or above UB, fathomed
1742   748    14         42.8068    52.5680    22.8029    % 
UB: 52.56796874999999
branching on 1 with b.
1743   749    15         42.8068    52.5680    22.8029    % 
UB: 52.56796874999999
branching on CartesianIndex(1, 6) with c.
1744   750    16         42.8068    52.5680    22.8029    % 
LB close or above UB, fathomed
1745   749    16         42.8068    52.5680    22.8029    % 
UB: 52.56796874999999
branching on CartesianIndex(1, 7) with c.
1746   750    17         42.8068    52.5680    22.8029    % 
UB: 52.56796874999999
branching on 3 with b.
1747   751    18         42.8068    52.5680    22.8029    % 
LB close or above UB, fathomed
1748   750    18         42.8068    52.5680    22.8029    % 
UB: 52.56796874999999
branching on 1 with b.
1749   751    19         42.8068    52.5680    22.8029    % 
UB: 52.56796874999999
branching on 3 with b.
1750   752    20         42.8068    52.5680    22.8029    % 
LB close or above UB, fathomed
1751   751    20         42.8068    52.5680    22.8029    % 
UB: 52.56796874999999
branching on 1 with b.
1752   752    19         42.8068    52.5680    22.8029    % 
LB close or above UB, fathomed
1753   751    17         42.8068    52.5680    22.8029    % 
LB close or above UB, fathomed
1754   750    15         42.8068    52.5680    22.8029    % 
LB close or above UB, fathomed
1755   749    12         42.8070    52.5680    22.8022    % 
LB close or above UB, fathomed
1756   748    12         42.8070    52.5680    22.8022    % 
UB: 52.56796874999999
branching on CartesianIndex(1, 3) with a.
1757   749    13         42.8070    52.5680    22.8022    % 
UB: 52.56796874999999
branching on CartesianIndex(2, 3) with a.
1758   750    14         42.8070    52.5680    22.8022    % 
LB close or above UB, fathomed
1759   749    14         42.8070    52.5680    22.8022    % 
UB: 52.56796874999999
branching on 3 with b.
1760   750    13         42.8070    52.5680    22.8022    % 
LB close or above UB, fathomed
1761   749    10         42.8109    52.5680    22.7910    % 
UB: 52.56796874999999
branching on CartesianIndex(1, 2) with a.
1762   750    10         42.8109    52.5680    22.7910    % 
UB: 52.56796874999999
branching on CartesianIndex(1, 2) with a.
1763   751    12         42.8109    52.5680    22.7910    % 
LB close or above UB, fathomed
1764   750    12         42.8109    52.5680    22.7910    % 
UB: 52.56796874999999
branching on CartesianIndex(1, 5) with c.
1765   751    22         42.8539    52.5680    22.6679    % 
UB: 52.56796874999999
branching on 2 with b.
1766   752    23         42.8539    52.5680    22.6679    % 
UB: 52.56796874999999
branching on 3 with b.
1767   753    23         42.8539    52.5680    22.6679    % 
UB: 52.56796874999999
branching on 3 with b.
1768   754    22         42.8539    52.5680    22.6679    % 
LB close or above UB, fathomed
1769   753    24         42.8539    52.5680    22.6679    % 
LB close or above UB, fathomed
1770   752    24         42.8539    52.5680    22.6679    % 
UB: 52.56796874999999
branching on 1 with b.
1771   753    25         42.8539    52.5680    22.6679    % 
UB: 52.56796874999999
branching on 2 with b.
1772   754    26         42.8539    52.5680    22.6679    % 
UB: 52.56796874999999
branching on 3 with b.
1773   755    27         42.8539    52.5680    22.6679    % 
LB close or above UB, fathomed
1774   754    27         42.8539    52.5680    22.6679    % 
UB: 52.56796874999999
branching on 1 with b.
1775   755    26         42.8539    52.5680    22.6679    % 
UB: 52.56796874999999
branching on 3 with b.
1776   756    25         42.8539    52.5680    22.6679    % 
LB close or above UB, fathomed
1777   755    28         42.8609    52.5680    22.6477    % 
UB: 52.56796874999999
branching on 3 with b.
1778   756    29         42.8609    52.5680    22.6477    % 
UB: 52.56796874999999
branching on 1 with b.
1779   757    29         42.8609    52.5680    22.6477    % 
LB close or above UB, fathomed
1780   756    28         42.8609    52.5680    22.6477    % 
LB close or above UB, fathomed
1781   755    30         42.8609    52.5680    22.6477    % 
UB: 52.56796874999999
branching on 3 with b.
1782   756    30         42.8609    52.5680    22.6477    % 
LB close or above UB, fathomed
1783   755    31         42.8609    52.5680    22.6477    % 
UB: 52.56796874999999
branching on 1 with b.
1784   756    31         42.8609    52.5680    22.6477    % 
LB close or above UB, fathomed
1785   755    27         42.8609    52.5680    22.6477    % 
LB close or above UB, fathomed
1786   754    27         42.8609    52.5680    22.6477    % 
UB: 52.56796874999999
branching on 1 with b.
1787   755    24         42.8609    52.5680    22.6477    % 
LB close or above UB, fathomed
1788   754    24         42.8609    52.5680    22.6477    % 
UB: 52.56796874999999
branching on 1 with b.
1789   755    25         42.8609    52.5680    22.6477    % 
UB: 52.56796874999999
branching on 2 with b.
1790   756    26         42.8609    52.5680    22.6477    % 
UB: 52.56796874999999
branching on 3 with b.
1791   757    27         42.8609    52.5680    22.6477    % 
LB close or above UB, fathomed
1792   756    27         42.8609    52.5680    22.6477    % 
UB: 52.56796874999999
branching on 1 with b.
1793   757    26         42.8609    52.5680    22.6477    % 
UB: 52.56796874999999
branching on 3 with b.
1794   758    27         42.8609    52.5680    22.6477    % 
LB close or above UB, fathomed
1795   757    27         42.8609    52.5680    22.6477    % 
UB: 52.56796874999999
branching on 1 with b.
1796   758    25         42.8609    52.5680    22.6477    % 
LB close or above UB, fathomed
1797   757    29         42.8609    52.5680    22.6477    % 
UB: 52.56796874999999
branching on 3 with b.
1798   758    29         42.8609    52.5680    22.6477    % 
LB close or above UB, fathomed
1799   757    26         42.8609    52.5680    22.6477    % 
UB: 52.56796874999999
branching on 3 with b.
1800   758    26         42.8609    52.5680    22.6477    % 
LB close or above UB, fathomed
1801   757    27         42.8609    52.5680    22.6477    % 
UB: 52.56796874999999
branching on 3 with b.
1802   758    27         42.8609    52.5680    22.6477    % 
UB: 52.56796874999999
branching on 3 with b.
1803   759    29         42.8609    52.5680    22.6477    % 
UB: 52.56796874999999
branching on 3 with b.
1804   760    29         42.8609    52.5680    22.6477    % 
LB close or above UB, fathomed
1805   759    21         42.8609    52.5680    22.6477    % 
UB: 52.56796874999999
branching on 2 with b.
1806   760    21         42.8609    52.5680    22.6477    % 
LB close or above UB, fathomed
1807   759    28         42.8609    52.5680    22.6477    % 
LB close or above UB, fathomed
1808   758    28         42.8609    52.5680    22.6477    % 
UB: 52.56796874999999
branching on 1 with b.
1809   759    22         42.8609    52.5680    22.6477    % 
UB: 52.56796874999999
branching on 2 with b.
1810   760    23         42.8609    52.5680    22.6477    % 
UB: 52.56796874999999
branching on 3 with b.
1811   761    23         42.8609    52.5680    22.6477    % 
LB close or above UB, fathomed
1812   760    22         42.8609    52.5680    22.6477    % 
LB close or above UB, fathomed
1813   759    18         42.8609    52.5680    22.6477    % 
UB: 52.56796874999999
branching on 3 with b.
1814   760    19         42.8609    52.5680    22.6477    % 
LB close or above UB, fathomed
1815   759    19         42.8609    52.5680    22.6477    % 
UB: 52.56796874999999
branching on CartesianIndex(2, 3) with a.
1816   760    20         42.8609    52.5680    22.6477    % 
LB close or above UB, fathomed
1817   759    20         42.8609    52.5680    22.6477    % 
UB: 52.56796874999999
branching on CartesianIndex(1, 4) with c.
1818   760    18         42.8609    52.5680    22.6477    % 
UB: 52.56796874999999
branching on CartesianIndex(2, 3) with a.
1819   761    18         42.8609    52.5680    22.6477    % 
UB: 52.56796874999999
branching on CartesianIndex(3, 3) with a.
1820   762    19         42.8609    52.5680    22.6477    % 
LB close or above UB, fathomed
1821   761    19         42.8609    52.5680    22.6477    % 
UB: 52.56796874999999
branching on CartesianIndex(1, 4) with c.
1822   762    18         42.8609    52.5680    22.6477    % 
LB close or above UB, fathomed
1823   761    18         42.8609    52.5680    22.6477    % 
UB: 52.56796874999999
branching on CartesianIndex(3, 3) with a.
1824   762    19         42.8609    52.5680    22.6477    % 
LB close or above UB, fathomed
1825   761    19         42.8609    52.5680    22.6477    % 
UB: 52.56796874999999
branching on 3 with b.
1826   762    18         42.8609    52.5680    22.6477    % 
LB close or above UB, fathomed
1827   761    18         42.8609    52.5680    22.6477    % 
LB close or above UB, fathomed
1828   760    18         42.8609    52.5680    22.6477    % 
UB: 52.56796874999999
branching on CartesianIndex(2, 3) with a.
1829   761    19         42.8609    52.5680    22.6477    % 
UB: 52.56796874999999
branching on CartesianIndex(3, 3) with a.
1830   762    19         42.8609    52.5680    22.6477    % 
LB close or above UB, fathomed
1831   761    18         42.8609    52.5680    22.6477    % 
LB close or above UB, fathomed
1832   760    18         42.8609    52.5680    22.6477    % 
UB: 52.56796874999999
branching on CartesianIndex(2, 3) with a.
1833   761    19         42.8609    52.5680    22.6477    % 
UB: 52.56796874999999
branching on CartesianIndex(3, 3) with a.
1834   762    20         42.8609    52.5680    22.6477    % 
LB close or above UB, fathomed
1835   761    20         42.8609    52.5680    22.6477    % 
UB: 52.56796874999999
branching on CartesianIndex(1, 4) with c.
1836   762    19         42.8609    52.5680    22.6477    % 
LB close or above UB, fathomed
1837   761    18         42.8609    52.5680    22.6477    % 
UB: 52.56796874999999
branching on 3 with b.
1838   762    19         42.8609    52.5680    22.6477    % 
LB close or above UB, fathomed
1839   761    19         42.8609    52.5680    22.6477    % 
UB: 52.56796874999999
branching on CartesianIndex(3, 3) with a.
1840   762    20         42.8609    52.5680    22.6477    % 
LB close or above UB, fathomed
1841   761    20         42.8609    52.5680    22.6477    % 
UB: 52.56796874999999
branching on CartesianIndex(1, 4) with c.
1842   762    18         42.8609    52.5680    22.6477    % 
LB close or above UB, fathomed
1843   761    19         42.8609    52.5680    22.6477    % 
LB close or above UB, fathomed
1844   760    19         42.8609    52.5680    22.6477    % 
UB: 52.56796874999999
branching on CartesianIndex(1, 7) with c.
1845   761    35         42.8609    52.5680    22.6477    % 
UB: 52.56796874999999
branching on 1 with b.
1846   762    35         42.8609    52.5680    22.6477    % 
UB: 52.56796874999999
branching on 1 with b.
1847   763    34         42.8609    52.5680    22.6477    % 
UB: 52.56796874999999
branching on 2 with b.
1848   764    34         42.8609    52.5680    22.6477    % 
UB: 52.56796874999999
branching on 2 with b.
1849   765    31         42.8609    52.5680    22.6477    % 
LB close or above UB, fathomed
1850   764    31         42.8609    52.5680    22.6477    % 
UB: 52.56796874999999
branching on 3 with b.
1851   765    31         42.8609    52.5680    22.6477    % 
UB: 52.56796874999999
branching on 3 with b.
1852   766    31         42.8609    52.5680    22.6477    % 
UB: 52.56796874999999
branching on 3 with b.
1853   767    33         42.8609    52.5680    22.6477    % 
UB: 52.56796874999999
branching on 1 with b.
1854   768    33         42.8609    52.5680    22.6477    % 
UB: 52.56796874999999
branching on 1 with b.
1855   769    35         42.8609    52.5680    22.6477    % 
UB: 52.56796874999999
branching on 1 with b.
1856   770    35         42.8609    52.5680    22.6477    % 
UB: 52.56796874999999
branching on 1 with b.
1857   771    29         42.8609    52.5680    22.6477    % 
LB close or above UB, fathomed
1858   770    29         42.8609    52.5680    22.6477    % 
LB close or above UB, fathomed
1859   769    26         42.8609    52.5680    22.6477    % 
UB: 52.56796874999999
branching on 3 with b.
1860   770    26         42.8609    52.5680    22.6477    % 
UB: 52.56796874999999
branching on 3 with b.
1861   771    26         42.8609    52.5680    22.6477    % 
UB: 52.56796874999999
branching on 2 with b.
1862   772    26         42.8609    52.5680    22.6477    % 
UB: 52.56796874999999
branching on 2 with b.
1863   773    27         42.8609    52.5680    22.6477    % 
UB: 52.56796874999999
branching on 3 with b.
1864   774    27         42.8609    52.5680    22.6477    % 
UB: 52.56796874999999
branching on 3 with b.
1865   775    26         42.8609    52.5680    22.6477    % 
LB close or above UB, fathomed
1866   774    26         42.8609    52.5680    22.6477    % 
LB close or above UB, fathomed
1867   773    14         42.8609    52.5680    22.6477    % 
UB: 52.56796874999999
branching on 2 with b.
1868   774    15         42.8609    52.5680    22.6477    % 
LB close or above UB, fathomed
1869   773    15         42.8609    52.5680    22.6477    % 
UB: 52.56796874999999
branching on CartesianIndex(3, 2) with a.
1870   774    14         42.8609    52.5680    22.6477    % 
LB close or above UB, fathomed
1871   773    28         42.8609    52.5680    22.6477    % 
UB: 52.56796874999999
branching on 2 with b.
1872   774    28         42.8609    52.5680    22.6477    % 
UB: 52.56796874999999
branching on 2 with b.
1873   775    29         42.8609    52.5680    22.6477    % 
UB: 52.56796874999999
branching on 3 with b.
1874   776    29         42.8609    52.5680    22.6477    % 
UB: 52.56796874999999
branching on 3 with b.
1875   777    34         42.8609    52.5680    22.6477    % 
UB: 52.56796874999999
branching on 3 with b.
1876   778    34         42.8609    52.5680    22.6477    % 
UB: 52.56796874999999
branching on 3 with b.
1877   779    15         42.8609    52.5680    22.6477    % 
UB: 52.56796874999999
branching on CartesianIndex(4, 2) with a.
1878   780    16         42.8609    52.5680    22.6477    % 
UB: 52.56796874999999
branching on 1 with b.
1879   781    17         42.8609    52.5680    22.6477    % 
LB close or above UB, fathomed
1880   780    17         42.8609    52.5680    22.6477    % 
UB: 52.56796874999999
branching on CartesianIndex(1, 3) with a.
1881   781    18         42.8609    52.5680    22.6477    % 
UB: 52.56796874999999
branching on CartesianIndex(2, 3) with a.
1882   782    19         42.8609    52.5680    22.6477    % 
LB close or above UB, fathomed
1883   781    19         42.8609    52.5680    22.6477    % 
UB: 52.56796874999999
branching on CartesianIndex(1, 4) with c.
1884   782    18         42.8609    52.5680    22.6477    % 
LB close or above UB, fathomed
1885   781    16         42.8609    52.5680    22.6477    % 
UB: 52.56796874999999
branching on CartesianIndex(1, 3) with a.
1886   782    17         42.8609    52.5680    22.6477    % 
UB: 52.56796874999999
branching on 1 with b.
1887   783    18         42.8609    52.5680    22.6477    % 
LB close or above UB, fathomed
1888   782    18         42.8609    52.5680    22.6477    % 
UB: 52.56796874999999
branching on CartesianIndex(2, 3) with a.
1889   783    19         42.8609    52.5680    22.6477    % 
LB close or above UB, fathomed
1890   782    19         42.8609    52.5680    22.6477    % 
UB: 52.56796874999999
branching on CartesianIndex(1, 4) with c.
1891   783    17         42.8609    52.5680    22.6477    % 
LB close or above UB, fathomed
1892   782    15         42.8609    52.5680    22.6477    % 
UB: 52.56796874999999
branching on 1 with b.
1893   783    16         42.8609    52.5680    22.6477    % 
LB close or above UB, fathomed
1894   782    16         42.8609    52.5680    22.6477    % 
UB: 52.56796874999999
branching on CartesianIndex(1, 3) with a.
1895   783    17         42.8609    52.5680    22.6477    % 
UB: 52.56796874999999
branching on CartesianIndex(2, 3) with a.
1896   784    18         42.8609    52.5680    22.6477    % 
LB close or above UB, fathomed
1897   783    18         42.8609    52.5680    22.6477    % 
UB: 52.56796874999999
branching on CartesianIndex(1, 4) with c.
1898   784    17         42.8609    52.5680    22.6477    % 
LB close or above UB, fathomed
1899   783    15         42.8609    52.5680    22.6477    % 
LB close or above UB, fathomed
1900   782    15         42.8609    52.5680    22.6477    % 
UB: 52.56796874999999
branching on CartesianIndex(1, 4) with c.
1901   783    34         42.8609    52.5680    22.6477    % 
UB: 52.56796874999999
branching on 3 with b.
1902   784    34         42.8609    52.5680    22.6477    % 
UB: 52.56796874999999
branching on 3 with b.
1903   785    34         42.8609    52.5680    22.6477    % 
UB: 52.56796874999999
branching on 3 with b.
1904   786    34         42.8609    52.5680    22.6477    % 
UB: 52.56796874999999
branching on 3 with b.
1905   787    21         42.8609    52.5680    22.6477    % 
LB close or above UB, fathomed
1906   786    21         42.8609    52.5680    22.6477    % 
UB: 52.56796874999999
branching on 1 with b.
1907   787    22         42.8609    52.5680    22.6477    % 
LB close or above UB, fathomed
1908   786    22         42.8609    52.5680    22.6477    % 
UB: 52.56796874999999
branching on 2 with b.
1909   787    23         42.8609    52.5680    22.6477    % 
UB: 52.56796874999999
branching on 3 with b.
1910   788    24         42.8609    52.5680    22.6477    % 
LB close or above UB, fathomed
1911   787    24         42.8609    52.5680    22.6477    % 
UB: 52.56796874999999
branching on 1 with b.
1912   788    25         42.8609    52.5680    22.6477    % 
LB close or above UB, fathomed
1913   787    25         42.8609    52.5680    22.6477    % 
UB: 52.56796874999999
branching on 2 with b.
1914   788    23         42.8609    52.5680    22.6477    % 
LB close or above UB, fathomed
1915   787    14         42.8609    52.5680    22.6477    % 
UB: 52.56796874999999
branching on 2 with b.
1916   788    15         42.8609    52.5680    22.6477    % 
LB close or above UB, fathomed
1917   787    15         42.8609    52.5680    22.6477    % 
UB: 52.56796874999999
branching on CartesianIndex(1, 3) with a.
1918   788    14         42.8609    52.5680    22.6477    % 
LB close or above UB, fathomed
1919   787    28         42.8609    52.5680    22.6477    % 
UB: 52.56796874999999
branching on 2 with b.
1920   788    28         42.8609    52.5680    22.6477    % 
UB: 52.56796874999999
branching on 2 with b.
1921   789    33         42.8609    52.5680    22.6477    % 
UB: 52.56796874999999
branching on 2 with b.
1922   790    33         42.8609    52.5680    22.6477    % 
UB: 52.56796874999999
branching on 2 with b.
1923   791    34         42.8609    52.5680    22.6477    % 
UB: 52.56796874999999
branching on 3 with b.
1924   792    34         42.8609    52.5680    22.6477    % 
UB: 52.56796874999999
branching on 3 with b.
1925   793    26         42.8609    52.5680    22.6477    % 
UB: 52.56796874999999
branching on 1 with b.
1926   794    27         42.8609    52.5680    22.6477    % 
UB: 52.56796874999999
branching on 2 with b.
1927   795    27         42.8609    52.5680    22.6477    % 
UB: 52.56796874999999
branching on 2 with b.
1928   796    26         42.8609    52.5680    22.6477    % 
LB close or above UB, fathomed
1929   795    13         42.8609    52.5680    22.6477    % 
UB: 52.56796874999999
branching on CartesianIndex(4, 2) with a.
1930   796    13         42.8609    52.5680    22.6477    % 
UB: 52.56796874999999
branching on CartesianIndex(1, 3) with a.
1931   797    18         42.8609    52.5680    22.6477    % 
UB: 52.56796874999999
branching on 3 with b.
1932   798    19         42.8609    52.5680    22.6477    % 
LB close or above UB, fathomed
1933   797    19         42.8609    52.5680    22.6477    % 
UB: 52.56796874999999
branching on CartesianIndex(2, 3) with a.
1934   798    20         42.8609    52.5680    22.6477    % 
LB close or above UB, fathomed
1935   797    20         42.8609    52.5680    22.6477    % 
UB: 52.56796874999999
branching on CartesianIndex(1, 4) with c.
1936   798    18         42.8609    52.5680    22.6477    % 
LB close or above UB, fathomed
1937   797    21         42.8609    52.5680    22.6477    % 
LB close or above UB, fathomed
1938   796    21         42.8609    52.5680    22.6477    % 
UB: 52.56796874999999
branching on CartesianIndex(1, 5) with c.
1939   797    22         42.8609    52.5680    22.6477    % 
UB: 52.56796874999999
branching on CartesianIndex(1, 6) with c.
1940   798    22         42.8609    52.5680    22.6477    % 
LB close or above UB, fathomed
1941   797    17         42.8609    52.5680    22.6477    % 
UB: 52.56796874999999
branching on CartesianIndex(1, 5) with c.
1942   798    17         42.8609    52.5680    22.6477    % 
UB: 52.56796874999999
branching on 2 with b.
1943   799    20         42.8609    52.5680    22.6477    % 
UB: 52.56796874999999
branching on 1 with b.
1944   800    20         42.8609    52.5680    22.6477    % 
LB close or above UB, fathomed
1945   799    20         42.8609    52.5680    22.6477    % 
LB close or above UB, fathomed
1946   798    20         42.8609    52.5680    22.6477    % 
UB: 52.56796874999999
branching on CartesianIndex(1, 4) with c.
1947   799    19         42.8609    52.5680    22.6477    % 
LB close or above UB, fathomed
1948   798    19         42.8609    52.5680    22.6477    % 
UB: 52.56796874999999
branching on 3 with b.
1949   799    24         42.8609    52.5680    22.6477    % 
LB close or above UB, fathomed
1950   798    24         42.8609    52.5680    22.6477    % 
UB: 52.56796874999999
branching on 1 with b.
1951   799    25         42.8609    52.5680    22.6477    % 
UB: 52.56796874999999
branching on 2 with b.
1952   800    26         42.8609    52.5680    22.6477    % 
UB: 52.56796874999999
branching on 3 with b.
1953   801    27         42.8609    52.5680    22.6477    % 
LB close or above UB, fathomed
1954   800    27         42.8609    52.5680    22.6477    % 
UB: 52.56796874999999
branching on 1 with b.
1955   801    26         42.8609    52.5680    22.6477    % 
LB close or above UB, fathomed
1956   800    25         42.8609    52.5680    22.6477    % 
LB close or above UB, fathomed
1957   799    22         42.8609    52.5680    22.6477    % 
UB: 52.56796874999999
branching on 3 with b.
1958   800    23         42.8609    52.5680    22.6477    % 
LB close or above UB, fathomed
1959   799    23         42.8609    52.5680    22.6477    % 
UB: 52.56796874999999
branching on 1 with b.
1960   800    24         42.8609    52.5680    22.6477    % 
UB: 52.56796874999999
branching on 2 with b.
1961   801    25         42.8609    52.5680    22.6477    % 
UB: 52.56796874999999
branching on 3 with b.
1962   802    26         42.8609    52.5680    22.6477    % 
LB close or above UB, fathomed
1963   801    26         42.8609    52.5680    22.6477    % 
UB: 52.56796874999999
branching on 1 with b.
1964   802    25         42.8609    52.5680    22.6477    % 
UB: 52.56796874999999
branching on 3 with b.
1965   803    26         42.8609    52.5680    22.6477    % 
LB close or above UB, fathomed
1966   802    26         42.8609    52.5680    22.6477    % 
UB: 52.56796874999999
branching on 1 with b.
1967   803    24         42.8609    52.5680    22.6477    % 
LB close or above UB, fathomed
1968   802    22         42.8609    52.5680    22.6477    % 
UB: 52.56796874999999
branching on 3 with b.
1969   803    23         42.8609    52.5680    22.6477    % 
LB close or above UB, fathomed
1970   802    23         42.8609    52.5680    22.6477    % 
UB: 52.56796874999999
branching on 1 with b.
1971   803    24         42.8609    52.5680    22.6477    % 
UB: 52.56796874999999
branching on 2 with b.
1972   804    25         42.8609    52.5680    22.6477    % 
UB: 52.56796874999999
branching on 3 with b.
1973   805    26         42.8609    52.5680    22.6477    % 
LB close or above UB, fathomed
1974   804    26         42.8609    52.5680    22.6477    % 
UB: 52.56796874999999
branching on 1 with b.
1975   805    25         42.8609    52.5680    22.6477    % 
UB: 52.56796874999999
branching on 3 with b.
1976   806    26         42.8609    52.5680    22.6477    % 
LB close or above UB, fathomed
1977   805    26         42.8609    52.5680    22.6477    % 
UB: 52.56796874999999
branching on 1 with b.
1978   806    24         42.8609    52.5680    22.6477    % 
LB close or above UB, fathomed
1979   805    17         42.8609    52.5680    22.6477    % 
UB: 52.56796874999999
branching on CartesianIndex(3, 3) with a.
1980   806    17         42.8609    52.5680    22.6477    % 
LB close or above UB, fathomed
1981   805    34         42.8609    52.5680    22.6477    % 
UB: 52.56796874999999
branching on 3 with b.
1982   806    34         42.8609    52.5680    22.6477    % 
LB close or above UB, fathomed
1983   805    30         42.8609    52.5680    22.6477    % 
UB: 52.56796874999999
branching on 3 with b.
1984   806    30         42.8609    52.5680    22.6477    % 
LB close or above UB, fathomed
1985   805    29         42.8609    52.5680    22.6477    % 
UB: 52.56796874999999
branching on 3 with b.
1986   806    29         42.8609    52.5680    22.6477    % 
LB close or above UB, fathomed
1987   805    21         42.8609    52.5680    22.6477    % 
LB close or above UB, fathomed
1988   804    21         42.8609    52.5680    22.6477    % 
UB: 52.56796874999999
branching on CartesianIndex(1, 7) with c.
1989   805    22         42.8609    52.5680    22.6477    % 
UB: 52.56796874999999
branching on 2 with b.
1990   806    23         42.8609    52.5680    22.6477    % 
LB close or above UB, fathomed
1991   805    23         42.8609    52.5680    22.6477    % 
UB: 52.56796874999999
branching on 3 with b.
1992   806    24         42.8609    52.5680    22.6477    % 
UB: 52.56796874999999
branching on 1 with b.
1993   807    25         42.8609    52.5680    22.6477    % 
UB: 52.56796874999999
branching on 2 with b.
1994   808    25         42.8609    52.5680    22.6477    % 
UB: 52.56796874999999
branching on 2 with b.
1995   809    24         42.8609    52.5680    22.6477    % 
LB close or above UB, fathomed
1996   808    22         42.8609    52.5680    22.6477    % 
LB close or above UB, fathomed
1997   807    21         42.8609    52.5680    22.6477    % 
UB: 52.56796874999999
branching on CartesianIndex(1, 7) with c.
1998   808    22         42.8609    52.5680    22.6477    % 
UB: 52.56796874999999
branching on 2 with b.
1999   809    23         42.8609    52.5680    22.6477    % 
UB: 52.56796874999999
branching on 3 with b.
2000   810    24         42.8609    52.5680    22.6477    % 
LB close or above UB, fathomed
2001   809    24         42.8609    52.5680    22.6477    % 
UB: 52.56796874999999
branching on 1 with b.
2002   810    25         42.8609    52.5680    22.6477    % 
UB: 52.56796874999999
branching on 2 with b.
2003   811    26         42.8609    52.5680    22.6477    % 
UB: 52.56796874999999
branching on 3 with b.
2004   812    27         42.8609    52.5680    22.6477    % 
LB close or above UB, fathomed
2005   811    27         42.8609    52.5680    22.6477    % 
UB: 52.56796874999999
branching on 1 with b.
2006   812    26         42.8609    52.5680    22.6477    % 
UB: 52.56796874999999
branching on 3 with b.
2007   813    27         42.8609    52.5680    22.6477    % 
LB close or above UB, fathomed
2008   812    27         42.8609    52.5680    22.6477    % 
UB: 52.56796874999999
branching on 1 with b.
2009   813    25         42.8609    52.5680    22.6477    % 
LB close or above UB, fathomed
2010   812    23         42.8609    52.5680    22.6477    % 
UB: 52.56796874999999
branching on 3 with b.
2011   813    24         42.8609    52.5680    22.6477    % 
LB close or above UB, fathomed
2012   812    24         42.8609    52.5680    22.6477    % 
UB: 52.56796874999999
branching on 1 with b.
2013   813    25         42.8609    52.5680    22.6477    % 
UB: 52.56796874999999
branching on 2 with b.
2014   814    26         42.8609    52.5680    22.6477    % 
UB: 52.56796874999999
branching on 3 with b.
2015   815    27         42.8609    52.5680    22.6477    % 
LB close or above UB, fathomed
2016   814    27         42.8609    52.5680    22.6477    % 
UB: 52.56796874999999
branching on 1 with b.
2017   815    26         42.8609    52.5680    22.6477    % 
UB: 52.56796874999999
branching on 3 with b.
2018   816    27         42.8609    52.5680    22.6477    % 
LB close or above UB, fathomed
2019   815    27         42.8609    52.5680    22.6477    % 
UB: 52.56796874999999
branching on 1 with b.
2020   816    25         42.8609    52.5680    22.6477    % 
LB close or above UB, fathomed
2021   815    22         42.8609    52.5680    22.6477    % 
LB close or above UB, fathomed
2022   814    21         42.8609    52.5680    22.6477    % 
LB close or above UB, fathomed
2023   813    22         42.8609    52.5680    22.6477    % 
UB: 52.56796874999999
branching on 1 with b.
2024   814    23         42.8609    52.5680    22.6477    % 
UB: 52.56796874999999
branching on 2 with b.
2025   815    24         42.8609    52.5680    22.6477    % 
UB: 52.56796874999999
branching on 3 with b.
2026   816    25         42.8609    52.5680    22.6477    % 
LB close or above UB, fathomed
2027   815    25         42.8609    52.5680    22.6477    % 
UB: 52.56796874999999
branching on 1 with b.
2028   816    26         42.8609    52.5680    22.6477    % 
UB: 52.56796874999999
branching on 2 with b.
2029   817    27         42.8609    52.5680    22.6477    % 
UB: 52.56796874999999
branching on 3 with b.
2030   818    28         42.8609    52.5680    22.6477    % 
LB close or above UB, fathomed
2031   817    28         42.8609    52.5680    22.6477    % 
UB: 52.56796874999999
branching on 1 with b.
2032   818    27         42.8609    52.5680    22.6477    % 
UB: 52.56796874999999
branching on 3 with b.
2033   819    28         42.8609    52.5680    22.6477    % 
LB close or above UB, fathomed
2034   818    28         42.8609    52.5680    22.6477    % 
UB: 52.56796874999999
branching on 1 with b.
2035   819    26         42.8609    52.5680    22.6477    % 
LB close or above UB, fathomed
2036   818    24         42.8609    52.5680    22.6477    % 
UB: 52.56796874999999
branching on 3 with b.
2037   819    25         42.8609    52.5680    22.6477    % 
LB close or above UB, fathomed
2038   818    25         42.8609    52.5680    22.6477    % 
UB: 52.56796874999999
branching on 1 with b.
2039   819    26         42.8609    52.5680    22.6477    % 
UB: 52.56796874999999
branching on 2 with b.
2040   820    27         42.8609    52.5680    22.6477    % 
UB: 52.56796874999999
branching on 3 with b.
2041   821    28         42.8609    52.5680    22.6477    % 
LB close or above UB, fathomed
2042   820    28         42.8609    52.5680    22.6477    % 
UB: 52.56796874999999
branching on 1 with b.
2043   821    27         42.8609    52.5680    22.6477    % 
UB: 52.56796874999999
branching on 3 with b.
2044   822    28         42.8609    52.5680    22.6477    % 
LB close or above UB, fathomed
2045   821    28         42.8609    52.5680    22.6477    % 
UB: 52.56796874999999
branching on 1 with b.
2046   822    26         42.8609    52.5680    22.6477    % 
LB close or above UB, fathomed
2047   821    23         42.8609    52.5680    22.6477    % 
LB close or above UB, fathomed
2048   820    22         42.8609    52.5680    22.6477    % 
LB close or above UB, fathomed
2049   819    20         42.8609    52.5680    22.6477    % 
LB close or above UB, fathomed
2050   818    20         42.8609    52.5680    22.6477    % 
UB: 52.56796874999999
branching on 3 with b.
2051   819    21         42.8609    52.5680    22.6477    % 
LB close or above UB, fathomed
2052   818    21         42.8609    52.5680    22.6477    % 
UB: 52.56796874999999
branching on 1 with b.
2053   819    22         42.8609    52.5680    22.6477    % 
UB: 52.56796874999999
branching on 2 with b.
2054   820    22         42.8609    52.5680    22.6477    % 
LB close or above UB, fathomed
2055   819    27         42.8609    52.5680    22.6477    % 
UB: 52.56796874999999
branching on 3 with b.
2056   820    27         42.8609    52.5680    22.6477    % 
UB: 52.56796874999999
branching on 3 with b.
2057   821    19         42.8609    52.5680    22.6477    % 
LB close or above UB, fathomed
2058   820    19         42.8609    52.5680    22.6477    % 
UB: 52.56796874999999
branching on 1 with b.
2059   821    20         42.8609    52.5680    22.6477    % 
UB: 52.56796874999999
branching on CartesianIndex(1, 7) with c.
2060   822    21         42.8609    52.5680    22.6477    % 
UB: 52.56796874999999
branching on 2 with b.
2061   823    22         42.8609    52.5680    22.6477    % 
UB: 52.56796874999999
branching on 3 with b.
2062   824    23         42.8609    52.5680    22.6477    % 
LB close or above UB, fathomed
2063   823    23         42.8609    52.5680    22.6477    % 
UB: 52.56796874999999
branching on 1 with b.
2064   824    24         42.8609    52.5680    22.6477    % 
UB: 52.56796874999999
branching on 2 with b.
2065   825    25         42.8609    52.5680    22.6477    % 
UB: 52.56796874999999
branching on 3 with b.
2066   826    26         42.8609    52.5680    22.6477    % 
LB close or above UB, fathomed
2067   825    26         42.8609    52.5680    22.6477    % 
UB: 52.56796874999999
branching on 1 with b.
2068   826    25         42.8609    52.5680    22.6477    % 
UB: 52.56796874999999
branching on 3 with b.
2069   827    26         42.8609    52.5680    22.6477    % 
LB close or above UB, fathomed
2070   826    26         42.8609    52.5680    22.6477    % 
UB: 52.56796874999999
branching on 1 with b.
2071   827    24         42.8609    52.5680    22.6477    % 
LB close or above UB, fathomed
2072   826    22         42.8609    52.5680    22.6477    % 
UB: 52.56796874999999
branching on 3 with b.
2073   827    23         42.8609    52.5680    22.6477    % 
LB close or above UB, fathomed
2074   826    23         42.8609    52.5680    22.6477    % 
UB: 52.56796874999999
branching on 1 with b.
2075   827    24         42.8609    52.5680    22.6477    % 
UB: 52.56796874999999
branching on 2 with b.
2076   828    25         42.8609    52.5680    22.6477    % 
UB: 52.56796874999999
branching on 3 with b.
2077   829    26         42.8609    52.5680    22.6477    % 
LB close or above UB, fathomed
2078   828    26         42.8609    52.5680    22.6477    % 
UB: 52.56796874999999
branching on 1 with b.
2079   829    25         42.8609    52.5680    22.6477    % 
UB: 52.56796874999999
branching on 3 with b.
2080   830    26         42.8609    52.5680    22.6477    % 
LB close or above UB, fathomed
2081   829    26         42.8609    52.5680    22.6477    % 
UB: 52.56796874999999
branching on 1 with b.
2082   830    24         42.8609    52.5680    22.6477    % 
LB close or above UB, fathomed
2083   829    21         42.8609    52.5680    22.6477    % 
LB close or above UB, fathomed
2084   828    20         42.8609    52.5680    22.6477    % 
LB close or above UB, fathomed
2085   827    30         42.8609    52.5680    22.6477    % 
LB close or above UB, fathomed
2086   826    30         42.8609    52.5680    22.6477    % 
UB: 52.56796874999999
branching on 3 with b.
2087   827    31         42.8609    52.5680    22.6477    % 
UB: 52.56796874999999
branching on 1 with b.
2088   828    31         42.8609    52.5680    22.6477    % 
UB: 52.56796874999999
branching on 1 with b.
2089   829    30         42.8609    52.5680    22.6477    % 
UB: 52.56796874999999
branching on 3 with b.
2090   830    31         42.8609    52.5680    22.6477    % 
UB: 52.56796874999999
branching on 1 with b.
2091   831    31         42.8609    52.5680    22.6477    % 
UB: 52.56796874999999
branching on 1 with b.
2092   832    30         42.8609    52.5680    22.6477    % 
LB close or above UB, fathomed
2093   831    20         42.8609    52.5680    22.6477    % 
UB: 52.56796874999999
branching on CartesianIndex(1, 6) with c.
2094   832    20         42.8609    52.5680    22.6477    % 
UB: 52.56796874999999
branching on CartesianIndex(1, 6) with c.
2095   833    21         42.8609    52.5680    22.6477    % 
LB close or above UB, fathomed
2096   832    21         42.8609    52.5680    22.6477    % 
UB: 52.56796874999999
branching on CartesianIndex(1, 7) with c.
2097   833    22         42.8609    52.5680    22.6477    % 
UB: 52.56796874999999
branching on 1 with b.
2098   834    23         42.8609    52.5680    22.6477    % 
UB: 52.56796874999999
branching on 2 with b.
2099   835    24         42.8609    52.5680    22.6477    % 
UB: 52.56796874999999
branching on 3 with b.
2100   836    25         42.8609    52.5680    22.6477    % 
LB close or above UB, fathomed
2101   835    25         42.8609    52.5680    22.6477    % 
UB: 52.56796874999999
branching on 1 with b.
2102   836    26         42.8609    52.5680    22.6477    % 
UB: 52.56796874999999
branching on 2 with b.
2103   837    27         42.8609    52.5680    22.6477    % 
UB: 52.56796874999999
branching on 3 with b.
2104   838    28         42.8609    52.5680    22.6477    % 
LB close or above UB, fathomed
2105   837    28         42.8609    52.5680    22.6477    % 
UB: 52.56796874999999
branching on 1 with b.
2106   838    27         42.8609    52.5680    22.6477    % 
UB: 52.56796874999999
branching on 3 with b.
2107   839    28         42.8609    52.5680    22.6477    % 
LB close or above UB, fathomed
2108   838    28         42.8609    52.5680    22.6477    % 
UB: 52.56796874999999
branching on 1 with b.
2109   839    26         42.8609    52.5680    22.6477    % 
LB close or above UB, fathomed
2110   838    24         42.8609    52.5680    22.6477    % 
UB: 52.56796874999999
branching on 3 with b.
2111   839    25         42.8609    52.5680    22.6477    % 
LB close or above UB, fathomed
2112   838    25         42.8609    52.5680    22.6477    % 
UB: 52.56796874999999
branching on 1 with b.
2113   839    26         42.8609    52.5680    22.6477    % 
UB: 52.56796874999999
branching on 2 with b.
2114   840    27         42.8609    52.5680    22.6477    % 
UB: 52.56796874999999
branching on 3 with b.
2115   841    28         42.8609    52.5680    22.6477    % 
LB close or above UB, fathomed
2116   840    28         42.8609    52.5680    22.6477    % 
UB: 52.56796874999999
branching on 1 with b.
2117   841    27         42.8609    52.5680    22.6477    % 
UB: 52.56796874999999
branching on 3 with b.
2118   842    28         42.8609    52.5680    22.6477    % 
LB close or above UB, fathomed
2119   841    28         42.8609    52.5680    22.6477    % 
UB: 52.56796874999999
branching on 1 with b.
2120   842    26         42.8609    52.5680    22.6477    % 
LB close or above UB, fathomed
2121   841    23         42.8609    52.5680    22.6477    % 
LB close or above UB, fathomed
2122   840    22         42.8609    52.5680    22.6477    % 
LB close or above UB, fathomed
2123   839    21         42.8609    52.5680    22.6477    % 
LB close or above UB, fathomed
2124   838    21         42.8609    52.5680    22.6477    % 
LB close or above UB, fathomed
2125   837    14         42.8609    52.5680    22.6477    % 
LB close or above UB, fathomed
2126   836    14         42.8609    52.5680    22.6477    % 
UB: 52.56796874999999
branching on 3 with b.
2127   837    15         42.8609    52.5680    22.6477    % 
UB: 52.56796874999999
branching on 1 with b.
2128   838    15         42.8609    52.5680    22.6477    % 
UB: 52.56796874999999
branching on CartesianIndex(1, 5) with c.
2129   839    29         42.8609    52.5680    22.6477    % 
UB: 52.56796874999999
branching on 1 with b.
2130   840    29         42.8609    52.5680    22.6477    % 
UB: 52.56796874999999
branching on 1 with b.
2131   841    27         42.8609    52.5680    22.6477    % 
UB: 52.56796874999999
branching on 1 with b.
2132   842    27         42.8609    52.5680    22.6477    % 
LB close or above UB, fathomed
2133   841    16         42.8609    52.5680    22.6477    % 
LB close or above UB, fathomed
2134   840    16         42.8609    52.5680    22.6477    % 
UB: 52.56796874999999
branching on 3 with b.
2135   841    17         42.8609    52.5680    22.6477    % 
LB close or above UB, fathomed
2136   840    17         42.8609    52.5680    22.6477    % 
UB: 52.56796874999999
branching on CartesianIndex(1, 5) with c.
2137   841    18         42.8609    52.5680    22.6477    % 
UB: 52.56796874999999
branching on 2 with b.
2138   842    18         42.8609    52.5680    22.6477    % 
LB close or above UB, fathomed
2139   841    24         42.8609    52.5680    22.6477    % 
LB close or above UB, fathomed
2140   840    24         42.8609    52.5680    22.6477    % 
UB: 52.56796874999999
branching on 1 with b.
2141   841    25         42.8609    52.5680    22.6477    % 
UB: 52.56796874999999
branching on 2 with b.
2142   842    26         42.8609    52.5680    22.6477    % 
UB: 52.56796874999999
branching on 3 with b.
2143   843    27         42.8609    52.5680    22.6477    % 
LB close or above UB, fathomed
2144   842    27         42.8609    52.5680    22.6477    % 
UB: 52.56796874999999
branching on 1 with b.
2145   843    26         42.8609    52.5680    22.6477    % 
UB: 52.56796874999999
branching on 3 with b.
2146   844    27         42.8609    52.5680    22.6477    % 
LB close or above UB, fathomed
2147   843    27         42.8609    52.5680    22.6477    % 
UB: 52.56796874999999
branching on 1 with b.
2148   844    25         42.8609    52.5680    22.6477    % 
LB close or above UB, fathomed
2149   843    23         42.8609    52.5680    22.6477    % 
LB close or above UB, fathomed
2150   842    23         42.8609    52.5680    22.6477    % 
UB: 52.56796874999999
branching on 1 with b.
2151   843    24         42.8609    52.5680    22.6477    % 
UB: 52.56796874999999
branching on 2 with b.
2152   844    25         42.8609    52.5680    22.6477    % 
UB: 52.56796874999999
branching on 3 with b.
2153   845    26         42.8609    52.5680    22.6477    % 
LB close or above UB, fathomed
2154   844    26         42.8609    52.5680    22.6477    % 
UB: 52.56796874999999
branching on 1 with b.
2155   845    25         42.8609    52.5680    22.6477    % 
UB: 52.56796874999999
branching on 3 with b.
2156   846    26         42.8609    52.5680    22.6477    % 
LB close or above UB, fathomed
2157   845    26         42.8609    52.5680    22.6477    % 
UB: 52.56796874999999
branching on 1 with b.
2158   846    24         42.8609    52.5680    22.6477    % 
LB close or above UB, fathomed
2159   845    13         42.8609    52.5680    22.6477    % 
UB: 52.56796874999999
branching on CartesianIndex(1, 4) with c.
2160   846    13         42.8609    52.5680    22.6477    % 
UB: 52.56796874999999
branching on CartesianIndex(1, 4) with c.
2161   847    19         42.8609    52.5680    22.6477    % 
UB: 52.56796874999999
branching on CartesianIndex(1, 6) with c.
2162   848    19         42.8609    52.5680    22.6477    % 
UB: 52.56796874999999
branching on CartesianIndex(1, 6) with c.
2163   849    20         42.8609    52.5680    22.6477    % 
LB close or above UB, fathomed
2164   848    20         42.8609    52.5680    22.6477    % 
UB: 52.56796874999999
branching on 3 with b.
2165   849    21         42.8609    52.5680    22.6477    % 
LB close or above UB, fathomed
2166   848    21         42.8609    52.5680    22.6477    % 
UB: 52.56796874999999
branching on CartesianIndex(1, 7) with c.
2167   849    22         42.8609    52.5680    22.6477    % 
UB: 52.56796874999999
branching on 1 with b.
2168   850    23         42.8609    52.5680    22.6477    % 
UB: 52.56796874999999
branching on 2 with b.
2169   851    24         42.8609    52.5680    22.6477    % 
UB: 52.56796874999999
branching on 3 with b.
2170   852    25         42.8609    52.5680    22.6477    % 
LB close or above UB, fathomed
2171   851    25         42.8609    52.5680    22.6477    % 
UB: 52.56796874999999
branching on 1 with b.
2172   852    24         42.8609    52.5680    22.6477    % 
UB: 52.56796874999999
branching on 3 with b.
2173   853    25         42.8609    52.5680    22.6477    % 
LB close or above UB, fathomed
2174   852    25         42.8609    52.5680    22.6477    % 
UB: 52.56796874999999
branching on 1 with b.
2175   853    23         42.8609    52.5680    22.6477    % 
LB close or above UB, fathomed
2176   852    22         42.8609    52.5680    22.6477    % 
LB close or above UB, fathomed
2177   851    18         42.8609    52.5680    22.6477    % 
LB close or above UB, fathomed
2178   850    18         42.8609    52.5680    22.6477    % 
UB: 52.56796874999999
branching on CartesianIndex(1, 4) with c.
2179   851    21         42.8609    52.5680    22.6477    % 
UB: 52.56796874999999
branching on 2 with b.
2180   852    22         42.8609    52.5680    22.6477    % 
UB: 52.56796874999999
branching on 3 with b.
2181   853    23         42.8609    52.5680    22.6477    % 
LB close or above UB, fathomed
2182   852    23         42.8609    52.5680    22.6477    % 
UB: 52.56796874999999
branching on 1 with b.
2183   853    24         42.8609    52.5680    22.6477    % 
UB: 52.56796874999999
branching on 2 with b.
2184   854    25         42.8609    52.5680    22.6477    % 
UB: 52.56796874999999
branching on 3 with b.
2185   855    26         42.8609    52.5680    22.6477    % 
LB close or above UB, fathomed
2186   854    26         42.8609    52.5680    22.6477    % 
UB: 52.56796874999999
branching on 1 with b.
2187   855    25         42.8609    52.5680    22.6477    % 
LB close or above UB, fathomed
2188   854    24         42.8609    52.5680    22.6477    % 
LB close or above UB, fathomed
2189   853    22         42.8609    52.5680    22.6477    % 
LB close or above UB, fathomed
2190   852    21         42.8609    52.5680    22.6477    % 
LB close or above UB, fathomed
2191   851    23         42.8609    52.5680    22.6477    % 
LB close or above UB, fathomed
2192   850    23         42.8609    52.5680    22.6477    % 
UB: 52.56796874999999
branching on 2 with b.
2193   851    24         42.8609    52.5680    22.6477    % 
LB close or above UB, fathomed
2194   850    24         42.8609    52.5680    22.6477    % 
UB: 52.56796874999999
branching on 3 with b.
2195   851    16         42.8609    52.5680    22.6477    % 
UB: 52.56796874999999
branching on CartesianIndex(2, 3) with a.
2196   852    16         42.8609    52.5680    22.6477    % 
UB: 52.56796874999999
branching on 3 with b.
2197   853    23         42.8609    52.5680    22.6477    % 
UB: 52.56796874999999
branching on 2 with b.
2198   854    24         42.8609    52.5680    22.6477    % 
UB: 52.56796874999999
branching on 3 with b.
2199   855    25         42.8609    52.5680    22.6477    % 
LB close or above UB, fathomed
2200   854    25         42.8609    52.5680    22.6477    % 
UB: 52.56796874999999
branching on 1 with b.
2201   855    26         42.8609    52.5680    22.6477    % 
UB: 52.56796874999999
branching on 2 with b.
2202   856    27         42.8609    52.5680    22.6477    % 
UB: 52.56796874999999
branching on 3 with b.
2203   857    28         42.8609    52.5680    22.6477    % 
LB close or above UB, fathomed
2204   856    28         42.8609    52.5680    22.6477    % 
UB: 52.56796874999999
branching on 1 with b.
2205   857    27         42.8609    52.5680    22.6477    % 
LB close or above UB, fathomed
2206   856    26         42.8609    52.5680    22.6477    % 
LB close or above UB, fathomed
2207   855    24         42.8609    52.5680    22.6477    % 
LB close or above UB, fathomed
2208   854    23         42.8609    52.5680    22.6477    % 
LB close or above UB, fathomed
2209   853    26         42.8609    52.5680    22.6477    % 
UB: 52.56796874999999
branching on 3 with b.
2210   854    27         42.8609    52.5680    22.6477    % 
LB close or above UB, fathomed
2211   853    27         42.8609    52.5680    22.6477    % 
UB: 52.56796874999999
branching on 1 with b.
2212   854    28         42.8609    52.5680    22.6477    % 
UB: 52.56796874999999
branching on 2 with b.
2213   855    29         42.8609    52.5680    22.6477    % 
UB: 52.56796874999999
branching on 3 with b.
2214   856    30         42.8609    52.5680    22.6477    % 
LB close or above UB, fathomed
2215   855    30         42.8609    52.5680    22.6477    % 
UB: 52.56796874999999
branching on 1 with b.
2216   856    31         42.8609    52.5680    22.6477    % 
UB: 52.56796874999999
branching on 2 with b.
2217   857    31         42.8609    52.5680    22.6477    % 
UB: 52.56796874999999
branching on 2 with b.
2218   858    32         42.8609    52.5680    22.6477    % 
UB: 52.56796874999999
branching on 3 with b.
2219   859    32         42.8609    52.5680    22.6477    % 
LB close or above UB, fathomed
2220   858    29         42.8609    52.5680    22.6477    % 
LB close or above UB, fathomed
2221   857    28         42.8609    52.5680    22.6477    % 
LB close or above UB, fathomed
2222   856    26         42.8609    52.5680    22.6477    % 
LB close or above UB, fathomed
2223   855    24         42.8609    52.5680    22.6477    % 
UB: 52.56796874999999
branching on 3 with b.
2224   856    24         42.8609    52.5680    22.6477    % 
UB: 52.56796874999999
branching on 3 with b.
2225   857    19         42.8609    52.5680    22.6477    % 
LB close or above UB, fathomed
2226   856    19         42.8609    52.5680    22.6477    % 
UB: 52.56796874999999
branching on CartesianIndex(1, 7) with c.
2227   857    20         42.8609    52.5680    22.6477    % 
UB: 52.56796874999999
branching on 2 with b.
2228   858    21         42.8609    52.5680    22.6477    % 
UB: 52.56796874999999
branching on 3 with b.
2229   859    21         42.8609    52.5680    22.6477    % 
UB: 52.56796874999999
branching on 3 with b.
2230   860    20         42.8609    52.5680    22.6477    % 
LB close or above UB, fathomed
2231   859    20         42.8609    52.5680    22.6477    % 
LB close or above UB, fathomed
2232   858    20         42.8609    52.5680    22.6477    % 
UB: 52.56796874999999
branching on 3 with b.
2233   859    21         42.8609    52.5680    22.6477    % 
LB close or above UB, fathomed
2234   858    21         42.8609    52.5680    22.6477    % 
UB: 52.56796874999999
branching on 1 with b.
2235   859    22         42.8609    52.5680    22.6477    % 
LB close or above UB, fathomed
2236   858    22         42.8609    52.5680    22.6477    % 
UB: 52.56796874999999
branching on 2 with b.
2237   859    26         42.8609    52.5680    22.6477    % 
LB close or above UB, fathomed
2238   858    26         42.8609    52.5680    22.6477    % 
UB: 52.56796874999999
branching on 3 with b.
2239   859    25         42.8609    52.5680    22.6477    % 
LB close or above UB, fathomed
2240   858    25         42.8609    52.5680    22.6477    % 
UB: 52.56796874999999
branching on 1 with b.
2241   859    28         42.8609    52.5680    22.6477    % 
UB: 52.56796874999999
branching on 1 with b.
2242   860    29         42.8609    52.5680    22.6477    % 
UB: 52.56796874999999
branching on 2 with b.
2243   861    29         42.8609    52.5680    22.6477    % 
UB: 52.56796874999999
branching on 2 with b.
2244   862    30         42.8609    52.5680    22.6477    % 
LB close or above UB, fathomed
2245   861    30         42.8609    52.5680    22.6477    % 
UB: 52.56796874999999
branching on 3 with b.
2246   862    31         42.8609    52.5680    22.6477    % 
UB: 52.56796874999999
branching on 1 with b.
2247   863    32         42.8609    52.5680    22.6477    % 
UB: 52.56796874999999
branching on 2 with b.
2248   864    32         42.8609    52.5680    22.6477    % 
UB: 52.56796874999999
branching on 2 with b.
2249   865    31         42.8609    52.5680    22.6477    % 
UB: 52.56796874999999
branching on 1 with b.
2250   866    28         42.8609    52.5680    22.6477    % 
LB close or above UB, fathomed
2251   865    18         42.8609    52.5680    22.6477    % 
UB: 52.56796874999999
branching on CartesianIndex(2, 3) with a.
2252   866    19         42.8609    52.5680    22.6477    % 
LB close or above UB, fathomed
2253   865    19         42.8609    52.5680    22.6477    % 
UB: 52.56796874999999
branching on CartesianIndex(1, 4) with c.
2254   866    18         42.8609    52.5680    22.6477    % 
LB close or above UB, fathomed
2255   865    17         42.8609    52.5680    22.6477    % 
UB: 52.56796874999999
branching on CartesianIndex(1, 5) with c.
2256   866    18         42.8609    52.5680    22.6477    % 
LB close or above UB, fathomed
2257   865    18         42.8609    52.5680    22.6477    % 
UB: 52.56796874999999
branching on 2 with b.
2258   866    19         42.8609    52.5680    22.6477    % 
UB: 52.56796874999999
branching on 3 with b.
2259   867    20         42.8609    52.5680    22.6477    % 
LB close or above UB, fathomed
2260   866    20         42.8609    52.5680    22.6477    % 
UB: 52.56796874999999
branching on CartesianIndex(1, 6) with c.
2261   867    21         42.8609    52.5680    22.6477    % 
LB close or above UB, fathomed
2262   866    21         42.8609    52.5680    22.6477    % 
UB: 52.56796874999999
branching on 1 with b.
2263   867    22         42.8609    52.5680    22.6477    % 
UB: 52.56796874999999
branching on CartesianIndex(1, 7) with c.
2264   868    23         42.8609    52.5680    22.6477    % 
UB: 52.56796874999999
branching on 2 with b.
2265   869    24         42.8609    52.5680    22.6477    % 
UB: 52.56796874999999
branching on 3 with b.
2266   870    25         42.8609    52.5680    22.6477    % 
LB close or above UB, fathomed
2267   869    25         42.8609    52.5680    22.6477    % 
UB: 52.56796874999999
branching on 1 with b.
2268   870    24         42.8609    52.5680    22.6477    % 
LB close or above UB, fathomed
2269   869    23         42.8609    52.5680    22.6477    % 
LB close or above UB, fathomed
2270   868    22         42.8609    52.5680    22.6477    % 
LB close or above UB, fathomed
2271   867    19         42.8609    52.5680    22.6477    % 
LB close or above UB, fathomed
2272   866    17         42.8609    52.5680    22.6477    % 
LB close or above UB, fathomed
2273   865    17         42.8609    52.5680    22.6477    % 
LB close or above UB, fathomed
2274   864    17         42.8609    52.5680    22.6477    % 
UB: 52.56796874999999
branching on CartesianIndex(1, 5) with c.
2275   865    18         42.8609    52.5680    22.6477    % 
UB: 52.56796874999999
branching on CartesianIndex(1, 6) with c.
2276   866    18         42.8609    52.5680    22.6477    % 
UB: 52.56796874999999
branching on CartesianIndex(1, 6) with c.
2277   867    21         42.8609    52.5680    22.6477    % 
UB: 52.56796874999999
branching on 3 with b.
2278   868    21         42.8609    52.5680    22.6477    % 
UB: 52.56796874999999
branching on 3 with b.
2279   869    20         42.8609    52.5680    22.6477    % 
LB close or above UB, fathomed
2280   868    20         42.8609    52.5680    22.6477    % 
UB: 52.56796874999999
branching on CartesianIndex(1, 7) with c.
2281   869    21         42.8609    52.5680    22.6477    % 
UB: 52.56796874999999
branching on 3 with b.
2282   870    22         42.8609    52.5680    22.6477    % 
LB close or above UB, fathomed
2283   869    22         42.8609    52.5680    22.6477    % 
UB: 52.56796874999999
branching on 1 with b.
2284   870    23         42.8609    52.5680    22.6477    % 
UB: 52.56796874999999
branching on 2 with b.
2285   871    24         42.8609    52.5680    22.6477    % 
UB: 52.56796874999999
branching on 3 with b.
2286   872    25         42.8609    52.5680    22.6477    % 
LB close or above UB, fathomed
2287   871    25         42.8609    52.5680    22.6477    % 
UB: 52.56796874999999
branching on 1 with b.
2288   872    24         42.8609    52.5680    22.6477    % 
UB: 52.56796874999999
branching on 3 with b.
2289   873    25         42.8609    52.5680    22.6477    % 
LB close or above UB, fathomed
2290   872    25         42.8609    52.5680    22.6477    % 
UB: 52.56796874999999
branching on 1 with b.
2291   873    23         42.8609    52.5680    22.6477    % 
LB close or above UB, fathomed
2292   872    21         42.8609    52.5680    22.6477    % 
LB close or above UB, fathomed
2293   871    17         42.8609    52.5680    22.6477    % 
LB close or above UB, fathomed
2294   870    17         42.8609    52.5680    22.6477    % 
UB: 52.56796874999999
branching on 2 with b.
2295   871    17         42.8609    52.5680    22.6477    % 
UB: 52.56796874999999
branching on CartesianIndex(1, 4) with c.
2296   872    18         42.8609    52.5680    22.6477    % 
LB close or above UB, fathomed
2297   871    18         42.8609    52.5680    22.6477    % 
UB: 52.56796874999999
branching on 1 with b.
2298   872    19         42.8609    52.5680    22.6477    % 
LB close or above UB, fathomed
2299   871    19         42.8609    52.5680    22.6477    % 
UB: 52.56796874999999
branching on 2 with b.
2300   872    20         42.8609    52.5680    22.6477    % 
UB: 52.56796874999999
branching on CartesianIndex(1, 5) with c.
2301   873    21         42.8609    52.5680    22.6477    % 
UB: 52.56796874999999
branching on 3 with b.
2302   874    22         42.8609    52.5680    22.6477    % 
UB: 52.56796874999999
branching on CartesianIndex(1, 6) with c.
2303   875    22         42.8609    52.5680    22.6477    % 
LB close or above UB, fathomed
2304   874    21         42.8609    52.5680    22.6477    % 
LB close or above UB, fathomed
2305   873    20         42.8609    52.5680    22.6477    % 
LB close or above UB, fathomed
2306   872    17         42.8609    52.5680    22.6477    % 
LB close or above UB, fathomed
2307   871    22         42.8609    52.5680    22.6477    % 
LB close or above UB, fathomed
2308   870    22         42.8609    52.5680    22.6477    % 
UB: 52.56796874999999
branching on CartesianIndex(1, 5) with c.
2309   871    23         42.8609    52.5680    22.6477    % 
UB: 52.56796874999999
branching on CartesianIndex(1, 6) with c.
2310   872    23         42.8609    52.5680    22.6477    % 
LB close or above UB, fathomed
2311   871    19         42.8609    52.5680    22.6477    % 
LB close or above UB, fathomed
2312   870    19         42.8609    52.5680    22.6477    % 
UB: 52.56796874999999
branching on CartesianIndex(1, 4) with c.
2313   871    20         42.8609    52.5680    22.6477    % 
LB close or above UB, fathomed
2314   870    20         42.8609    52.5680    22.6477    % 
UB: 52.56796874999999
branching on CartesianIndex(1, 5) with c.
2315   871    21         42.8609    52.5680    22.6477    % 
UB: 52.56796874999999
branching on CartesianIndex(1, 6) with c.
2316   872    21         42.8609    52.5680    22.6477    % 
UB: 52.56796874999999
branching on CartesianIndex(1, 6) with c.
2317   873    14         42.8609    52.5680    22.6477    % 
UB: 52.56796874999999
branching on 2 with b.
2318   874    15         42.8609    52.5680    22.6477    % 
UB: 52.56796874999999
branching on 3 with b.
2319   875    16         42.8609    52.5680    22.6477    % 
LB close or above UB, fathomed
2320   874    16         42.8609    52.5680    22.6477    % 
UB: 52.56796874999999
branching on 1 with b.
2321   875    17         42.8609    52.5680    22.6477    % 
UB: 52.56796874999999
branching on CartesianIndex(3, 2) with a.
2322   876    17         42.8609    52.5680    22.6477    % 
UB: 52.56796874999999
branching on 2 with b.
2323   877    18         42.8609    52.5680    22.6477    % 
UB: 52.56796874999999
branching on CartesianIndex(3, 2) with a.
2324   878    19         42.8609    52.5680    22.6477    % 
UB: 52.56796874999999
branching on CartesianIndex(4, 2) with a.
2325   879    19         42.8609    52.5680    22.6477    % 
UB: 52.56796874999999
branching on CartesianIndex(1, 3) with a.
2326   880    20         42.8609    52.5680    22.6477    % 
UB: 52.56796874999999
branching on CartesianIndex(2, 3) with a.
2327   881    21         42.8609    52.5680    22.6477    % 
LB close or above UB, fathomed
2328   880    21         42.8609    52.5680    22.6477    % 
UB: 52.56796874999999
branching on CartesianIndex(1, 4) with c.
2329   881    20         42.8609    52.5680    22.6477    % 
LB close or above UB, fathomed
2330   880    18         42.8609    52.5680    22.6477    % 
UB: 52.56796874999999
branching on CartesianIndex(3, 2) with a.
2331   881    19         42.8609    52.5680    22.6477    % 
UB: 52.56796874999999
branching on CartesianIndex(4, 2) with a.
2332   882    19         42.8609    52.5680    22.6477    % 
UB: 52.56796874999999
branching on CartesianIndex(1, 3) with a.
2333   883    20         42.8609    52.5680    22.6477    % 
UB: 52.56796874999999
branching on CartesianIndex(2, 3) with a.
2334   884    21         42.8609    52.5680    22.6477    % 
LB close or above UB, fathomed
2335   883    21         42.8609    52.5680    22.6477    % 
UB: 52.56796874999999
branching on CartesianIndex(1, 4) with c.
2336   884    20         42.8609    52.5680    22.6477    % 
LB close or above UB, fathomed
2337   883    15         42.8609    52.5680    22.6477    % 
UB: 52.56796874999999
branching on 3 with b.
2338   884    16         42.8609    52.5680    22.6477    % 
LB close or above UB, fathomed
2339   883    16         42.8609    52.5680    22.6477    % 
UB: 52.56796874999999
branching on 1 with b.
2340   884    17         42.8609    52.5680    22.6477    % 
UB: 52.56796874999999
branching on CartesianIndex(3, 2) with a.
2341   885    17         42.8609    52.5680    22.6477    % 
UB: 52.56796874999999
branching on 2 with b.
2342   886    18         42.8609    52.5680    22.6477    % 
UB: 52.56796874999999
branching on CartesianIndex(3, 2) with a.
2343   887    19         42.8609    52.5680    22.6477    % 
UB: 52.56796874999999
branching on CartesianIndex(4, 2) with a.
2344   888    19         42.8609    52.5680    22.6477    % 
UB: 52.56796874999999
branching on CartesianIndex(1, 3) with a.
2345   889    20         42.8609    52.5680    22.6477    % 
UB: 52.56796874999999
branching on CartesianIndex(2, 3) with a.
2346   890    21         42.8609    52.5680    22.6477    % 
LB close or above UB, fathomed
2347   889    21         42.8609    52.5680    22.6477    % 
UB: 52.56796874999999
branching on CartesianIndex(1, 4) with c.
2348   890    20         42.8609    52.5680    22.6477    % 
LB close or above UB, fathomed
2349   889    18         42.8609    52.5680    22.6477    % 
UB: 52.56796874999999
branching on CartesianIndex(3, 2) with a.
2350   890    19         42.8609    52.5680    22.6477    % 
UB: 52.56796874999999
branching on CartesianIndex(4, 2) with a.
2351   891    19         42.8609    52.5680    22.6477    % 
UB: 52.56796874999999
branching on CartesianIndex(1, 3) with a.
2352   892    20         42.8609    52.5680    22.6477    % 
UB: 52.56796874999999
branching on CartesianIndex(2, 3) with a.
2353   893    21         42.8609    52.5680    22.6477    % 
LB close or above UB, fathomed
2354   892    21         42.8609    52.5680    22.6477    % 
UB: 52.56796874999999
branching on CartesianIndex(1, 4) with c.
2355   893    20         42.8609    52.5680    22.6477    % 
LB close or above UB, fathomed
2356   892    14         42.8609    52.5680    22.6477    % 
UB: 52.56796874999999
branching on 2 with b.
2357   893    25         42.8609    52.5680    22.6477    % 
LB close or above UB, fathomed
2358   892    25         42.8609    52.5680    22.6477    % 
UB: 52.56796874999999
branching on 3 with b.
2359   893    26         42.8609    52.5680    22.6477    % 
UB: 52.56796874999999
branching on 1 with b.
2360   894    27         42.8609    52.5680    22.6477    % 
UB: 52.56796874999999
branching on 2 with b.
2361   895    27         42.8609    52.5680    22.6477    % 
UB: 52.56796874999999
branching on 2 with b.
2362   896    26         42.8609    52.5680    22.6477    % 
LB close or above UB, fathomed
2363   895    14         42.8609    52.5680    22.6477    % 
LB close or above UB, fathomed
2364   894    14         42.8609    52.5680    22.6477    % 
UB: 52.56796874999999
branching on 3 with b.
2365   895    15         42.8609    52.5680    22.6477    % 
UB: 52.56796874999999
branching on 1 with b.
2366   896    16         42.8609    52.5680    22.6477    % 
UB: 52.56796874999999
branching on 2 with b.
2367   897    17         42.8609    52.5680    22.6477    % 
UB: 52.56796874999999
branching on CartesianIndex(1, 5) with c.
2368   898    17         42.8609    52.5680    22.6477    % 
LB close or above UB, fathomed
2369   897    16         42.8609    52.5680    22.6477    % 
LB close or above UB, fathomed
2370   896    15         42.8609    52.5680    22.6477    % 
UB: 52.56796874999999
branching on CartesianIndex(1, 5) with c.
2371   897    17         42.8609    52.5680    22.6477    % 
LB close or above UB, fathomed
2372   896    17         42.8609    52.5680    22.6477    % 
UB: 52.56796874999999
branching on CartesianIndex(1, 5) with c.
2373   897    18         42.8609    52.5680    22.6477    % 
LB close or above UB, fathomed
2374   896    18         42.8609    52.5680    22.6477    % 
LB close or above UB, fathomed
2375   895    23         42.8609    52.5680    22.6477    % 
UB: 52.56796874999999
branching on 1 with b.
2376   896    24         42.8609    52.5680    22.6477    % 
LB close or above UB, fathomed
2377   895    24         42.8609    52.5680    22.6477    % 
UB: 52.56796874999999
branching on CartesianIndex(1, 7) with c.
2378   896    23         42.8609    52.5680    22.6477    % 
LB close or above UB, fathomed
2379   895    19         42.8609    52.5680    22.6477    % 
LB close or above UB, fathomed
2380   894    19         42.8609    52.5680    22.6477    % 
UB: 52.56796874999999
branching on CartesianIndex(1, 7) with c.
2381   895    20         42.8609    52.5680    22.6477    % 
UB: 52.56796874999999
branching on 1 with b.
2382   896    21         42.8609    52.5680    22.6477    % 
LB close or above UB, fathomed
2383   895    21         42.8609    52.5680    22.6477    % 
UB: 52.56796874999999
branching on 2 with b.
2384   896    22         42.8609    52.5680    22.6477    % 
UB: 52.56796874999999
branching on 3 with b.
2385   897    23         42.8609    52.5680    22.6477    % 
LB close or above UB, fathomed
2386   896    23         42.8609    52.5680    22.6477    % 
UB: 52.56796874999999
branching on 1 with b.
2387   897    24         42.8609    52.5680    22.6477    % 
LB close or above UB, fathomed
2388   896    24         42.8609    52.5680    22.6477    % 
UB: 52.56796874999999
branching on 2 with b.
2389   897    25         42.8609    52.5680    22.6477    % 
UB: 52.56796874999999
branching on 3 with b.
2390   898    26         42.8609    52.5680    22.6477    % 
LB close or above UB, fathomed
2391   897    26         42.8609    52.5680    22.6477    % 
UB: 52.56796874999999
branching on 1 with b.
2392   898    25         42.8609    52.5680    22.6477    % 
UB: 52.56796874999999
branching on 3 with b.
2393   899    22         42.8609    52.5680    22.6477    % 
UB: 52.56796874999999
branching on 3 with b.
2394   900    20         42.8609    52.5680    22.6477    % 
LB close or above UB, fathomed
2395   899    20         42.8609    52.5680    22.6477    % 
UB: 52.56796874999999
branching on CartesianIndex(1, 5) with c.
2396   900    21         42.8609    52.5680    22.6477    % 
UB: 52.56796874999999
branching on CartesianIndex(1, 6) with c.
2397   901    22         42.8609    52.5680    22.6477    % 
LB close or above UB, fathomed
2398   900    22         42.8609    52.5680    22.6477    % 
UB: 52.56796874999999
branching on 2 with b.
2399   901    23         42.8609    52.5680    22.6477    % 
UB: 52.56796874999999
branching on CartesianIndex(1, 7) with c.
2400   902    24         42.8609    52.5680    22.6477    % 
UB: 52.56796874999999
branching on 3 with b.
2401   903    25         42.8609    52.5680    22.6477    % 
LB close or above UB, fathomed
2402   902    25         42.8609    52.5680    22.6477    % 
UB: 52.56796874999999
branching on 1 with b.
2403   903    26         42.8609    52.5680    22.6477    % 
UB: 52.56796874999999
branching on 2 with b.
2404   904    27         42.8609    52.5680    22.6477    % 
UB: 52.56796874999999
branching on 3 with b.
2405   905    28         42.8609    52.5680    22.6477    % 
LB close or above UB, fathomed
2406   904    28         42.8609    52.5680    22.6477    % 
UB: 52.56796874999999
branching on 1 with b.
2407   905    27         42.8609    52.5680    22.6477    % 
UB: 52.56796874999999
branching on 3 with b.
2408   906    28         42.8609    52.5680    22.6477    % 
LB close or above UB, fathomed
2409   905    28         42.8609    52.5680    22.6477    % 
UB: 52.56796874999999
branching on 1 with b.
2410   906    26         42.8609    52.5680    22.6477    % 
LB close or above UB, fathomed
2411   905    24         42.8609    52.5680    22.6477    % 
LB close or above UB, fathomed
2412   904    23         42.8609    52.5680    22.6477    % 
UB: 52.56796874999999
branching on CartesianIndex(1, 7) with c.
2413   905    24         42.8609    52.5680    22.6477    % 
UB: 52.56796874999999
branching on 3 with b.
2414   906    25         42.8609    52.5680    22.6477    % 
LB close or above UB, fathomed
2415   905    25         42.8609    52.5680    22.6477    % 
UB: 52.56796874999999
branching on 1 with b.
2416   906    26         42.8609    52.5680    22.6477    % 
UB: 52.56796874999999
branching on 2 with b.
2417   907    27         42.8609    52.5680    22.6477    % 
UB: 52.56796874999999
branching on 3 with b.
2418   908    28         42.8609    52.5680    22.6477    % 
LB close or above UB, fathomed
2419   907    28         42.8609    52.5680    22.6477    % 
UB: 52.56796874999999
branching on 1 with b.
2420   908    27         42.8609    52.5680    22.6477    % 
UB: 52.56796874999999
branching on 3 with b.
2421   909    28         42.8609    52.5680    22.6477    % 
LB close or above UB, fathomed
2422   908    28         42.8609    52.5680    22.6477    % 
UB: 52.56796874999999
branching on 1 with b.
2423   909    26         42.8609    52.5680    22.6477    % 
LB close or above UB, fathomed
2424   908    24         42.8609    52.5680    22.6477    % 
LB close or above UB, fathomed
2425   907    21         42.8609    52.5680    22.6477    % 
UB: 52.56796874999999
branching on CartesianIndex(1, 6) with c.
2426   908    22         42.8609    52.5680    22.6477    % 
LB close or above UB, fathomed
2427   907    22         42.8609    52.5680    22.6477    % 
UB: 52.56796874999999
branching on CartesianIndex(1, 7) with c.
2428   908    23         42.8609    52.5680    22.6477    % 
UB: 52.56796874999999
branching on 2 with b.
2429   909    24         42.8609    52.5680    22.6477    % 
UB: 52.56796874999999
branching on 3 with b.
2430   910    25         42.8609    52.5680    22.6477    % 
LB close or above UB, fathomed
2431   909    25         42.8609    52.5680    22.6477    % 
UB: 52.56796874999999
branching on 1 with b.
2432   910    26         42.8609    52.5680    22.6477    % 
UB: 52.56796874999999
branching on 2 with b.
2433   911    27         42.8609    52.5680    22.6477    % 
UB: 52.56796874999999
branching on 3 with b.
2434   912    28         42.8609    52.5680    22.6477    % 
LB close or above UB, fathomed
2435   911    28         42.8609    52.5680    22.6477    % 
UB: 52.56796874999999
branching on 1 with b.
2436   912    27         42.8609    52.5680    22.6477    % 
UB: 52.56796874999999
branching on 3 with b.
2437   913    28         42.8609    52.5680    22.6477    % 
LB close or above UB, fathomed
2438   912    28         42.8609    52.5680    22.6477    % 
UB: 52.56796874999999
branching on 1 with b.
2439   913    26         42.8609    52.5680    22.6477    % 
LB close or above UB, fathomed
2440   912    24         42.8609    52.5680    22.6477    % 
UB: 52.56796874999999
branching on 3 with b.
2441   913    25         42.8609    52.5680    22.6477    % 
LB close or above UB, fathomed
2442   912    25         42.8609    52.5680    22.6477    % 
UB: 52.56796874999999
branching on 1 with b.
2443   913    26         42.8609    52.5680    22.6477    % 
UB: 52.56796874999999
branching on 2 with b.
2444   914    27         42.8609    52.5680    22.6477    % 
UB: 52.56796874999999
branching on 3 with b.
2445   915    28         42.8609    52.5680    22.6477    % 
LB close or above UB, fathomed
2446   914    28         42.8609    52.5680    22.6477    % 
UB: 52.56796874999999
branching on 1 with b.
2447   915    27         42.8609    52.5680    22.6477    % 
UB: 52.56796874999999
branching on 3 with b.
2448   916    28         42.8609    52.5680    22.6477    % 
LB close or above UB, fathomed
2449   915    28         42.8609    52.5680    22.6477    % 
UB: 52.56796874999999
branching on 1 with b.
2450   916    26         42.8609    52.5680    22.6477    % 
LB close or above UB, fathomed
2451   915    23         42.8609    52.5680    22.6477    % 
LB close or above UB, fathomed
2452   914    20         42.8609    52.5680    22.6477    % 
LB close or above UB, fathomed
2453   913    16         42.8609    52.5680    22.6477    % 
UB: 52.56796874999999
branching on CartesianIndex(3, 3) with a.
2454   914    17         42.8609    52.5680    22.6477    % 
UB: 52.56796874999999
branching on CartesianIndex(4, 3) with a.
2455   915    17         42.8609    52.5680    22.6477    % 
UB: 52.56796874999999
branching on CartesianIndex(1, 4) with c.
2456   916    16         42.8609    52.5680    22.6477    % 
LB close or above UB, fathomed
2457   915    16         42.8609    52.5680    22.6477    % 
LB close or above UB, fathomed
2458   914    16         42.8609    52.5680    22.6477    % 
UB: 52.56796874999999
branching on CartesianIndex(1, 5) with c.
2459   915    17         42.8609    52.5680    22.6477    % 
UB: 52.56796874999999
branching on CartesianIndex(1, 6) with c.
2460   916    18         42.8609    52.5680    22.6477    % 
LB close or above UB, fathomed
2461   915    18         42.8609    52.5680    22.6477    % 
UB: 52.56796874999999
branching on CartesianIndex(1, 7) with c.
2462   916    19         42.8609    52.5680    22.6477    % 
UB: 52.56796874999999
branching on 1 with b.
2463   917    20         42.8609    52.5680    22.6477    % 
UB: 52.56796874999999
branching on 2 with b.
2464   918    21         42.8609    52.5680    22.6477    % 
UB: 52.56796874999999
branching on 3 with b.
2465   919    22         42.8609    52.5680    22.6477    % 
LB close or above UB, fathomed
2466   918    22         42.8609    52.5680    22.6477    % 
UB: 52.56796874999999
branching on 1 with b.
2467   919    23         42.8609    52.5680    22.6477    % 
UB: 52.56796874999999
branching on 2 with b.
2468   920    24         42.8609    52.5680    22.6477    % 
UB: 52.56796874999999
branching on 3 with b.
2469   921    25         42.8609    52.5680    22.6477    % 
LB close or above UB, fathomed
2470   920    25         42.8609    52.5680    22.6477    % 
UB: 52.56796874999999
branching on 1 with b.
2471   921    24         42.8609    52.5680    22.6477    % 
UB: 52.56796874999999
branching on 3 with b.
2472   922    25         42.8609    52.5680    22.6477    % 
LB close or above UB, fathomed
2473   921    25         42.8609    52.5680    22.6477    % 
UB: 52.56796874999999
branching on 1 with b.
2474   922    23         42.8609    52.5680    22.6477    % 
LB close or above UB, fathomed
2475   921    21         42.8609    52.5680    22.6477    % 
UB: 52.56796874999999
branching on 3 with b.
2476   922    22         42.8609    52.5680    22.6477    % 
LB close or above UB, fathomed
2477   921    22         42.8609    52.5680    22.6477    % 
UB: 52.56796874999999
branching on 1 with b.
2478   922    23         42.8609    52.5680    22.6477    % 
UB: 52.56796874999999
branching on 2 with b.
2479   923    24         42.8609    52.5680    22.6477    % 
UB: 52.56796874999999
branching on 3 with b.
2480   924    25         42.8609    52.5680    22.6477    % 
LB close or above UB, fathomed
2481   923    25         42.8609    52.5680    22.6477    % 
UB: 52.56796874999999
branching on 1 with b.
2482   924    24         42.8609    52.5680    22.6477    % 
UB: 52.56796874999999
branching on 3 with b.
2483   925    25         42.8609    52.5680    22.6477    % 
LB close or above UB, fathomed
2484   924    25         42.8609    52.5680    22.6477    % 
UB: 52.56796874999999
branching on 1 with b.
2485   925    23         42.8609    52.5680    22.6477    % 
LB close or above UB, fathomed
2486   924    20         42.8609    52.5680    22.6477    % 
LB close or above UB, fathomed
2487   923    19         42.8609    52.5680    22.6477    % 
LB close or above UB, fathomed
2488   922    17         42.8609    52.5680    22.6477    % 
UB: 52.56796874999999
branching on CartesianIndex(1, 6) with c.
2489   923    18         42.8609    52.5680    22.6477    % 
LB close or above UB, fathomed
2490   922    18         42.8609    52.5680    22.6477    % 
UB: 52.56796874999999
branching on 1 with b.
2491   923    19         42.8609    52.5680    22.6477    % 
UB: 52.56796874999999
branching on 2 with b.
2492   924    20         42.8609    52.5680    22.6477    % 
UB: 52.56796874999999
branching on CartesianIndex(1, 7) with c.
2493   925    21         42.8609    52.5680    22.6477    % 
UB: 52.56796874999999
branching on 3 with b.
2494   926    22         42.8609    52.5680    22.6477    % 
LB close or above UB, fathomed
2495   925    22         42.8609    52.5680    22.6477    % 
UB: 52.56796874999999
branching on 1 with b.
2496   926    23         42.8609    52.5680    22.6477    % 
UB: 52.56796874999999
branching on 2 with b.
2497   927    24         42.8609    52.5680    22.6477    % 
UB: 52.56796874999999
branching on 3 with b.
2498   928    25         42.8609    52.5680    22.6477    % 
LB close or above UB, fathomed
2499   927    25         42.8609    52.5680    22.6477    % 
UB: 52.56796874999999
branching on 1 with b.
2500   928    24         42.8609    52.5680    22.6477    % 
UB: 52.56796874999999
branching on 3 with b.
2501   929    25         42.8609    52.5680    22.6477    % 
LB close or above UB, fathomed
2502   928    25         42.8609    52.5680    22.6477    % 
UB: 52.56796874999999
branching on 1 with b.
2503   929    23         42.8609    52.5680    22.6477    % 
LB close or above UB, fathomed
2504   928    21         42.8609    52.5680    22.6477    % 
LB close or above UB, fathomed
2505   927    20         42.8609    52.5680    22.6477    % 
UB: 52.56796874999999
branching on CartesianIndex(1, 7) with c.
2506   928    21         42.8609    52.5680    22.6477    % 
UB: 52.56796874999999
branching on 3 with b.
2507   929    22         42.8609    52.5680    22.6477    % 
LB close or above UB, fathomed
2508   928    22         42.8609    52.5680    22.6477    % 
UB: 52.56796874999999
branching on 1 with b.
2509   929    23         42.8609    52.5680    22.6477    % 
UB: 52.56796874999999
branching on 2 with b.
2510   930    24         42.8609    52.5680    22.6477    % 
UB: 52.56796874999999
branching on 3 with b.
2511   931    25         42.8609    52.5680    22.6477    % 
LB close or above UB, fathomed
2512   930    25         42.8609    52.5680    22.6477    % 
UB: 52.56796874999999
branching on 1 with b.
2513   931    24         42.8609    52.5680    22.6477    % 
UB: 52.56796874999999
branching on 3 with b.
2514   932    25         42.8609    52.5680    22.6477    % 
LB close or above UB, fathomed
2515   931    25         42.8609    52.5680    22.6477    % 
UB: 52.56796874999999
branching on 1 with b.
2516   932    23         42.8609    52.5680    22.6477    % 
LB close or above UB, fathomed
2517   931    21         42.8609    52.5680    22.6477    % 
LB close or above UB, fathomed
2518   930    19         42.8609    52.5680    22.6477    % 
LB close or above UB, fathomed
2519   929    22         42.8609    52.5680    22.6477    % 
UB: 52.56796874999999
branching on CartesianIndex(1, 6) with c.
2520   930    23         42.8609    52.5680    22.6477    % 
LB close or above UB, fathomed
2521   929    23         42.8609    52.5680    22.6477    % 
UB: 52.56796874999999
branching on CartesianIndex(1, 7) with c.
2522   930    24         42.8609    52.5680    22.6477    % 
UB: 52.56796874999999
branching on 2 with b.
2523   931    25         42.8609    52.5680    22.6477    % 
UB: 52.56796874999999
branching on 3 with b.
2524   932    25         42.8609    52.5680    22.6477    % 
UB: 52.56796874999999
branching on 3 with b.
2525   933    24         42.8609    52.5680    22.6477    % 
LB close or above UB, fathomed
2526   932    22         42.8609    52.5680    22.6477    % 
LB close or above UB, fathomed
2527   931    21         42.8609    52.5680    22.6477    % 
LB close or above UB, fathomed
2528   930    21         42.8609    52.5680    22.6477    % 
UB: 52.56796874999999
branching on CartesianIndex(1, 4) with c.
2529   931    22         42.8609    52.5680    22.6477    % 
LB close or above UB, fathomed
2530   930    22         42.8609    52.5680    22.6477    % 
UB: 52.56796874999999
branching on CartesianIndex(1, 5) with c.
2531   931    23         42.8609    52.5680    22.6477    % 
UB: 52.56796874999999
branching on 3 with b.
2532   932    24         42.8609    52.5680    22.6477    % 
UB: 52.56796874999999
branching on CartesianIndex(1, 6) with c.
2533   933    25         42.8609    52.5680    22.6477    % 
LB close or above UB, fathomed
2534   932    25         42.8609    52.5680    22.6477    % 
UB: 52.56796874999999
branching on CartesianIndex(1, 7) with c.
2535   933    26         42.8609    52.5680    22.6477    % 
UB: 52.56796874999999
branching on 1 with b.
2536   934    27         42.8609    52.5680    22.6477    % 
LB close or above UB, fathomed
2537   933    27         42.8609    52.5680    22.6477    % 
UB: 52.56796874999999
branching on 2 with b.
2538   934    26         42.8609    52.5680    22.6477    % 
LB close or above UB, fathomed
2539   933    24         42.8609    52.5680    22.6477    % 
LB close or above UB, fathomed
2540   932    23         42.8609    52.5680    22.6477    % 
LB close or above UB, fathomed
2541   931    18         42.8609    52.5680    22.6477    % 
LB close or above UB, fathomed
2542   930    18         42.8609    52.5680    22.6477    % 
UB: 52.56796874999999
branching on 1 with b.
2543   931    19         42.8609    52.5680    22.6477    % 
UB: 52.56796874999999
branching on CartesianIndex(1, 5) with c.
2544   932    19         42.8609    52.5680    22.6477    % 
UB: 52.56796874999999
branching on CartesianIndex(1, 5) with c.
2545   933    16         42.8609    52.5680    22.6477    % 
LB close or above UB, fathomed
2546   932    16         42.8609    52.5680    22.6477    % 
UB: 52.56796874999999
branching on 2 with b.
2547   933    17         42.8609    52.5680    22.6477    % 
UB: 52.56796874999999
branching on CartesianIndex(1, 5) with c.
2548   934    17         42.8609    52.5680    22.6477    % 
LB close or above UB, fathomed
2549   933    20         42.8609    52.5680    22.6477    % 
UB: 52.56796874999999
branching on CartesianIndex(1, 3) with a.
2550   934    21         42.8609    52.5680    22.6477    % 
UB: 52.56796874999999
branching on 3 with b.
2551   935    22         42.8609    52.5680    22.6477    % 
LB close or above UB, fathomed
2552   934    22         42.8609    52.5680    22.6477    % 
UB: 52.56796874999999
branching on CartesianIndex(2, 3) with a.
2553   935    21         42.8609    52.5680    22.6477    % 
LB close or above UB, fathomed
2554   934    20         42.8609    52.5680    22.6477    % 
UB: 52.56796874999999
branching on CartesianIndex(1, 3) with a.
2555   935    21         42.8609    52.5680    22.6477    % 
UB: 52.56796874999999
branching on CartesianIndex(2, 3) with a.
2556   936    22         42.8609    52.5680    22.6477    % 
LB close or above UB, fathomed
2557   935    22         42.8609    52.5680    22.6477    % 
UB: 52.56796874999999
branching on CartesianIndex(1, 4) with c.
2558   936    21         42.8609    52.5680    22.6477    % 
LB close or above UB, fathomed
2559   935    20         42.8609    52.5680    22.6477    % 
UB: 52.56796874999999
branching on CartesianIndex(1, 3) with a.
2560   936    21         42.8609    52.5680    22.6477    % 
UB: 52.56796874999999
branching on CartesianIndex(2, 3) with a.
2561   937    22         42.8609    52.5680    22.6477    % 
LB close or above UB, fathomed
2562   936    22         42.8609    52.5680    22.6477    % 
UB: 52.56796874999999
branching on CartesianIndex(1, 4) with c.
2563   937    21         42.8609    52.5680    22.6477    % 
LB close or above UB, fathomed
2564   936    20         42.8609    52.5680    22.6477    % 
UB: 52.56796874999999
branching on CartesianIndex(1, 3) with a.
2565   937    21         42.8609    52.5680    22.6477    % 
UB: 52.56796874999999
branching on CartesianIndex(2, 3) with a.
2566   938    22         42.8609    52.5680    22.6477    % 
LB close or above UB, fathomed
2567   937    22         42.8609    52.5680    22.6477    % 
UB: 52.56796874999999
branching on CartesianIndex(1, 4) with c.
2568   938    21         42.8609    52.5680    22.6477    % 
LB close or above UB, fathomed
2569   937    20         42.8609    52.5680    22.6477    % 
UB: 52.56796874999999
branching on CartesianIndex(1, 3) with a.
2570   938    21         42.8609    52.5680    22.6477    % 
UB: 52.56796874999999
branching on CartesianIndex(2, 3) with a.
2571   939    22         42.8609    52.5680    22.6477    % 
LB close or above UB, fathomed
2572   938    22         42.8609    52.5680    22.6477    % 
UB: 52.56796874999999
branching on CartesianIndex(1, 4) with c.
2573   939    21         42.8609    52.5680    22.6477    % 
LB close or above UB, fathomed
2574   938    20         42.8609    52.5680    22.6477    % 
UB: 52.56796874999999
branching on CartesianIndex(1, 3) with a.
2575   939    21         42.8609    52.5680    22.6477    % 
UB: 52.56796874999999
branching on CartesianIndex(2, 3) with a.
2576   940    22         42.8609    52.5680    22.6477    % 
LB close or above UB, fathomed
2577   939    22         42.8609    52.5680    22.6477    % 
UB: 52.56796874999999
branching on CartesianIndex(1, 4) with c.
2578   940    21         42.8609    52.5680    22.6477    % 
LB close or above UB, fathomed
2579   939    20         42.8609    52.5680    22.6477    % 
UB: 52.56796874999999
branching on CartesianIndex(1, 3) with a.
2580   940    21         42.8609    52.5680    22.6477    % 
UB: 52.56796874999999
branching on CartesianIndex(2, 3) with a.
2581   941    22         42.8609    52.5680    22.6477    % 
LB close or above UB, fathomed
2582   940    22         42.8609    52.5680    22.6477    % 
UB: 52.56796874999999
branching on CartesianIndex(1, 4) with c.
2583   941    21         42.8609    52.5680    22.6477    % 
LB close or above UB, fathomed
2584   940    20         42.8609    52.5680    22.6477    % 
UB: 52.56796874999999
branching on CartesianIndex(1, 3) with a.
2585   941    21         42.8609    52.5680    22.6477    % 
UB: 52.56796874999999
branching on CartesianIndex(2, 3) with a.
2586   942    22         42.8609    52.5680    22.6477    % 
LB close or above UB, fathomed
2587   941    22         42.8609    52.5680    22.6477    % 
UB: 52.56796874999999
branching on CartesianIndex(1, 4) with c.
2588   942    21         42.8609    52.5680    22.6477    % 
LB close or above UB, fathomed
2589   941    20         42.8609    52.5680    22.6477    % 
LB close or above UB, fathomed
2590   940    20         42.8609    52.5680    22.6477    % 
UB: 52.56796874999999
branching on 2 with b.
2591   941    21         42.8609    52.5680    22.6477    % 
UB: 52.56796874999999
branching on 3 with b.
2592   942    22         42.8609    52.5680    22.6477    % 
LB close or above UB, fathomed
2593   941    22         42.8609    52.5680    22.6477    % 
UB: 52.56796874999999
branching on CartesianIndex(1, 5) with c.
2594   942    23         42.8609    52.5680    22.6477    % 
UB: 52.56796874999999
branching on 1 with b.
2595   943    24         42.8609    52.5680    22.6477    % 
UB: 52.56796874999999
branching on CartesianIndex(1, 6) with c.
2596   944    25         42.8609    52.5680    22.6477    % 
LB close or above UB, fathomed
2597   943    25         42.8609    52.5680    22.6477    % 
UB: 52.56796874999999
branching on CartesianIndex(1, 7) with c.
2598   944    26         42.8609    52.5680    22.6477    % 
UB: 52.56796874999999
branching on 2 with b.
2599   945    27         42.8609    52.5680    22.6477    % 
UB: 52.56796874999999
branching on 3 with b.
2600   946    28         42.8609    52.5680    22.6477    % 
LB close or above UB, fathomed
2601   945    28         42.8609    52.5680    22.6477    % 
UB: 52.56796874999999
branching on 1 with b.
2602   946    27         42.8609    52.5680    22.6477    % 
UB: 52.56796874999999
branching on 3 with b.
2603   947    28         42.8609    52.5680    22.6477    % 
LB close or above UB, fathomed
2604   946    28         42.8609    52.5680    22.6477    % 
UB: 52.56796874999999
branching on 1 with b.
2605   947    26         42.8609    52.5680    22.6477    % 
LB close or above UB, fathomed
2606   946    24         42.8609    52.5680    22.6477    % 
LB close or above UB, fathomed
2607   945    23         42.8609    52.5680    22.6477    % 
UB: 52.56796874999999
branching on CartesianIndex(1, 6) with c.
2608   946    24         42.8609    52.5680    22.6477    % 
LB close or above UB, fathomed
2609   945    24         42.8609    52.5680    22.6477    % 
UB: 52.56796874999999
branching on CartesianIndex(1, 7) with c.
2610   946    25         42.8609    52.5680    22.6477    % 
UB: 52.56796874999999
branching on 1 with b.
2611   947    26         42.8609    52.5680    22.6477    % 
UB: 52.56796874999999
branching on 2 with b.
2612   948    27         42.8609    52.5680    22.6477    % 
UB: 52.56796874999999
branching on 3 with b.
2613   949    28         42.8609    52.5680    22.6477    % 
LB close or above UB, fathomed
2614   948    28         42.8609    52.5680    22.6477    % 
UB: 52.56796874999999
branching on 1 with b.
2615   949    27         42.8609    52.5680    22.6477    % 
UB: 52.56796874999999
branching on 3 with b.
2616   950    28         42.8609    52.5680    22.6477    % 
LB close or above UB, fathomed
2617   949    28         42.8609    52.5680    22.6477    % 
UB: 52.56796874999999
branching on 1 with b.
2618   950    26         42.8609    52.5680    22.6477    % 
LB close or above UB, fathomed
2619   949    25         42.8609    52.5680    22.6477    % 
LB close or above UB, fathomed
2620   948    21         42.8609    52.5680    22.6477    % 
UB: 52.56796874999999
branching on 3 with b.
2621   949    22         42.8609    52.5680    22.6477    % 
LB close or above UB, fathomed
2622   948    22         42.8609    52.5680    22.6477    % 
UB: 52.56796874999999
branching on CartesianIndex(1, 5) with c.
2623   949    23         42.8609    52.5680    22.6477    % 
UB: 52.56796874999999
branching on CartesianIndex(1, 6) with c.
2624   950    24         42.8609    52.5680    22.6477    % 
LB close or above UB, fathomed
2625   949    24         42.8609    52.5680    22.6477    % 
UB: 52.56796874999999
branching on CartesianIndex(1, 7) with c.
2626   950    25         42.8609    52.5680    22.6477    % 
UB: 52.56796874999999
branching on 1 with b.
2627   951    26         42.8609    52.5680    22.6477    % 
UB: 52.56796874999999
branching on 2 with b.
2628   952    27         42.8609    52.5680    22.6477    % 
UB: 52.56796874999999
branching on 3 with b.
2629   953    28         42.8609    52.5680    22.6477    % 
LB close or above UB, fathomed
2630   952    28         42.8609    52.5680    22.6477    % 
UB: 52.56796874999999
branching on 1 with b.
2631   953    27         42.8609    52.5680    22.6477    % 
UB: 52.56796874999999
branching on 3 with b.
2632   954    28         42.8609    52.5680    22.6477    % 
LB close or above UB, fathomed
2633   953    28         42.8609    52.5680    22.6477    % 
UB: 52.56796874999999
branching on 1 with b.
2634   954    26         42.8609    52.5680    22.6477    % 
LB close or above UB, fathomed
2635   953    25         42.8609    52.5680    22.6477    % 
LB close or above UB, fathomed
2636   952    23         42.8609    52.5680    22.6477    % 
UB: 52.56796874999999
branching on CartesianIndex(1, 6) with c.
2637   953    24         42.8609    52.5680    22.6477    % 
LB close or above UB, fathomed
2638   952    24         42.8609    52.5680    22.6477    % 
UB: 52.56796874999999
branching on 1 with b.
2639   953    25         42.8609    52.5680    22.6477    % 
UB: 52.56796874999999
branching on 2 with b.
2640   954    26         42.8609    52.5680    22.6477    % 
UB: 52.56796874999999
branching on CartesianIndex(1, 7) with c.
2641   955    27         42.8609    52.5680    22.6477    % 
UB: 52.56796874999999
branching on 3 with b.
2642   956    28         42.8609    52.5680    22.6477    % 
LB close or above UB, fathomed
2643   955    28         42.8609    52.5680    22.6477    % 
UB: 52.56796874999999
branching on 1 with b.
2644   956    27         42.8609    52.5680    22.6477    % 
LB close or above UB, fathomed
2645   955    26         42.8609    52.5680    22.6477    % 
UB: 52.56796874999999
branching on 3 with b.
2646   956    27         42.8609    52.5680    22.6477    % 
LB close or above UB, fathomed
2647   955    27         42.8609    52.5680    22.6477    % 
UB: 52.56796874999999
branching on CartesianIndex(1, 7) with c.
2648   956    25         42.8609    52.5680    22.6477    % 
LB close or above UB, fathomed
2649   955    16         42.9117    52.5680    22.5026    % 
LB close or above UB, fathomed
2650   954    16         42.9117    52.5680    22.5026    % 
UB: 52.56796874999999
branching on 1 with b.
2651   955    12         44.0743    52.5680    19.2712    % 
UB: 52.56796874999999
branching on CartesianIndex(2, 3) with a.
2652   956    12         44.0743    52.5680    19.2712    % 
LB close or above UB, fathomed
2653   955    13         44.3473    52.5680    18.5370    % 
LB close or above UB, fathomed
2654   954    13         44.3473    52.5680    18.5370    % 
UB: 52.56796874999999
branching on CartesianIndex(1, 5) with c.
2655   955    18         44.7482    52.5680    17.4751    % 
UB: 52.56796874999999
branching on 1 with b.
2656   956    18         44.7482    52.5680    17.4751    % 
UB: 52.56796874999999
branching on 1 with b.
2657   957    13         44.7482    52.5680    17.4751    % 
LB close or above UB, fathomed
2658   956    13         44.7482    52.5680    17.4751    % 
UB: 52.56796874999999
branching on CartesianIndex(1, 6) with c.
2659   957    14         44.7482    52.5680    17.4751    % 
LB close or above UB, fathomed
2660   956    14         44.7482    52.5680    17.4751    % 
UB: 52.56796874999999
branching on CartesianIndex(1, 7) with c.
2661   957    15         44.7482    52.5680    17.4751    % 
UB: 52.56796874999999
branching on 1 with b.
2662   958    16         44.7482    52.5680    17.4751    % 
UB: 52.56796874999999
branching on 3 with b.
2663   959    16         44.7482    52.5680    17.4751    % 
UB: 52.56796874999999
branching on 3 with b.
2664   960    15         44.7482    52.5680    17.4751    % 
LB close or above UB, fathomed
2665   959    8          44.7523    52.5680    17.4642    % 
UB: 52.56796874999999
branching on CartesianIndex(4, 1) with a.
2666   960    8          44.7523    52.5680    17.4642    % 
UB: 52.56796874999999
branching on CartesianIndex(1, 2) with a.
2667   961    10         44.7523    52.5680    17.4642    % 
UB: 52.56796874999999
branching on CartesianIndex(1, 2) with a.
2668   962    10         44.7523    52.5680    17.4642    % 
UB: 52.56796874999999
branching on CartesianIndex(1, 2) with a.
2669   963    13         44.7523    52.5680    17.4642    % 
LB close or above UB, fathomed
2670   962    13         44.7523    52.5680    17.4642    % 
UB: 52.56796874999999
branching on CartesianIndex(1, 6) with c.
2671   963    14         44.7523    52.5680    17.4642    % 
LB close or above UB, fathomed
2672   962    14         44.7523    52.5680    17.4642    % 
UB: 52.56796874999999
branching on CartesianIndex(1, 7) with c.
2673   963    15         44.7523    52.5680    17.4642    % 
UB: 52.56796874999999
branching on 1 with b.
2674   964    16         44.7523    52.5680    17.4642    % 
UB: 52.56796874999999
branching on 3 with b.
2675   965    16         44.7523    52.5680    17.4642    % 
UB: 52.56796874999999
branching on 3 with b.
2676   966    15         44.7523    52.5680    17.4642    % 
LB close or above UB, fathomed
2677   965    18         44.7926    52.5680    17.3586    % 
LB close or above UB, fathomed
2678   964    18         44.7926    52.5680    17.3586    % 
UB: 52.56796874999999
branching on CartesianIndex(1, 5) with c.
2679   965    19         44.7926    52.5680    17.3586    % 
UB: 52.56796874999999
branching on CartesianIndex(1, 6) with c.
2680   966    20         44.7926    52.5680    17.3586    % 
LB close or above UB, fathomed
2681   965    20         44.7926    52.5680    17.3586    % 
UB: 52.56796874999999
branching on CartesianIndex(1, 7) with c.
2682   966    21         44.7926    52.5680    17.3586    % 
UB: 52.56796874999999
branching on 2 with b.
2683   967    22         44.7926    52.5680    17.3586    % 
LB close or above UB, fathomed
2684   966    22         44.7926    52.5680    17.3586    % 
UB: 52.56796874999999
branching on 3 with b.
2685   967    23         44.7926    52.5680    17.3586    % 
LB close or above UB, fathomed
2686   966    23         44.7926    52.5680    17.3586    % 
UB: 52.56796874999999
branching on 1 with b.
2687   967    24         44.7926    52.5680    17.3586    % 
LB close or above UB, fathomed
2688   966    24         44.7926    52.5680    17.3586    % 
UB: 52.56796874999999
branching on 2 with b.
2689   967    25         44.7926    52.5680    17.3586    % 
UB: 52.56796874999999
branching on 3 with b.
2690   968    25         44.7926    52.5680    17.3586    % 
LB close or above UB, fathomed
2691   967    21         44.7926    52.5680    17.3586    % 
LB close or above UB, fathomed
2692   966    19         44.7926    52.5680    17.3586    % 
LB close or above UB, fathomed
2693   965    31         44.8023    52.5680    17.3331    % 
UB: 52.56796874999999
branching on 1 with b.
2694   966    31         44.8023    52.5680    17.3331    % 
LB close or above UB, fathomed
2695   965    30         44.8023    52.5680    17.3331    % 
UB: 52.56796874999999
branching on 1 with b.
2696   966    30         44.8023    52.5680    17.3331    % 
LB close or above UB, fathomed
2697   965    28         44.8023    52.5680    17.3331    % 
UB: 52.56796874999999
branching on 3 with b.
2698   966    29         44.8023    52.5680    17.3331    % 
UB: 52.56796874999999
branching on 1 with b.
2699   967    29         44.8023    52.5680    17.3331    % 
LB close or above UB, fathomed
2700   966    28         44.8023    52.5680    17.3331    % 
LB close or above UB, fathomed
2701   965    30         44.8023    52.5680    17.3331    % 
UB: 52.56796874999999
branching on 2 with b.
2702   966    30         44.8023    52.5680    17.3331    % 
UB: 52.56796874999999
branching on 2 with b.
2703   967    31         44.8023    52.5680    17.3331    % 
UB: 52.56796874999999
branching on 3 with b.
2704   968    31         44.8023    52.5680    17.3331    % 
LB close or above UB, fathomed
2705   967    33         44.8023    52.5680    17.3331    % 
LB close or above UB, fathomed
2706   966    33         44.8023    52.5680    17.3331    % 
UB: 52.56796874999999
branching on 3 with b.
2707   967    16         44.8023    52.5680    17.3331    % 
UB: 52.56796874999999
branching on CartesianIndex(1, 6) with c.
2708   968    17         44.8023    52.5680    17.3331    % 
UB: 52.56796874999999
branching on CartesianIndex(1, 7) with c.
2709   969    18         44.8023    52.5680    17.3331    % 
UB: 52.56796874999999
branching on 1 with b.
2710   970    18         44.8023    52.5680    17.3331    % 
UB: 52.56796874999999
branching on 1 with b.
2711   971    17         44.8023    52.5680    17.3331    % 
LB close or above UB, fathomed
2712   970    16         44.8023    52.5680    17.3331    % 
LB close or above UB, fathomed
2713   969    32         44.8023    52.5680    17.3331    % 
UB: 52.56796874999999
branching on 2 with b.
2714   970    32         44.8023    52.5680    17.3331    % 
UB: 52.56796874999999
branching on 2 with b.
2715   971    33         44.8023    52.5680    17.3331    % 
UB: 52.56796874999999
branching on 3 with b.
2716   972    34         44.8023    52.5680    17.3331    % 
UB: 52.56796874999999
branching on 1 with b.
2717   973    34         44.8023    52.5680    17.3331    % 
UB: 52.56796874999999
branching on 1 with b.
2718   974    33         44.8023    52.5680    17.3331    % 
LB close or above UB, fathomed
2719   973    32         44.8023    52.5680    17.3331    % 
UB: 52.56796874999999
branching on 2 with b.
2720   974    32         44.8023    52.5680    17.3331    % 
UB: 52.56796874999999
branching on 2 with b.
2721   975    33         44.8023    52.5680    17.3331    % 
LB close or above UB, fathomed
2722   974    33         44.8023    52.5680    17.3331    % 
UB: 52.56796874999999
branching on 3 with b.
2723   975    34         44.8023    52.5680    17.3331    % 
UB: 52.56796874999999
branching on 1 with b.
2724   976    34         44.8023    52.5680    17.3331    % 
UB: 52.56796874999999
branching on 1 with b.
2725   977    35         44.8023    52.5680    17.3331    % 
UB: 52.56796874999999
branching on 1 with b.
2726   978    35         44.8023    52.5680    17.3331    % 
LB close or above UB, fathomed
2727   977    22         44.8023    52.5680    17.3331    % 
UB: 52.56796874999999
branching on CartesianIndex(1, 6) with c.
2728   978    23         44.8023    52.5680    17.3331    % 
LB close or above UB, fathomed
2729   977    23         44.8023    52.5680    17.3331    % 
UB: 52.56796874999999
branching on CartesianIndex(1, 7) with c.
2730   978    24         44.8023    52.5680    17.3331    % 
UB: 52.56796874999999
branching on 3 with b.
2731   979    25         44.8023    52.5680    17.3331    % 
LB close or above UB, fathomed
2732   978    25         44.8023    52.5680    17.3331    % 
UB: 52.56796874999999
branching on 1 with b.
2733   979    24         44.8023    52.5680    17.3331    % 
LB close or above UB, fathomed
2734   978    22         44.8023    52.5680    17.3331    % 
LB close or above UB, fathomed
2735   977    14         44.8023    52.5680    17.3331    % 
UB: 52.56796874999999
branching on CartesianIndex(2, 3) with a.
2736   978    14         44.8023    52.5680    17.3331    % 
UB: 52.56796874999999
branching on CartesianIndex(1, 4) with c.
2737   979    35         44.8023    52.5680    17.3331    % 
UB: 52.56796874999999
branching on 1 with b.
2738   980    36         44.8023    52.5680    17.3331    % 
UB: 52.56796874999999
branching on 2 with b.
2739   981    36         44.8023    52.5680    17.3331    % 
UB: 52.56796874999999
branching on 2 with b.
2740   982    37         44.8023    52.5680    17.3331    % 
UB: 52.56796874999999
branching on 3 with b.
2741   983    38         44.8023    52.5680    17.3331    % 
UB: 52.56796874999999
branching on 1 with b.
2742   984    39         44.8023    52.5680    17.3331    % 
UB: 52.56796874999999
branching on 2 with b.
2743   985    40         44.8023    52.5680    17.3331    % 
LB close or above UB, fathomed
2744   984    40         44.8023    52.5680    17.3331    % 
UB: 52.56796874999999
branching on 3 with b.
2745   985    41         44.8023    52.5680    17.3331    % 
UB: 50.62656249999999
branching on 1 with b.
2746   986    41         44.8023    50.6266    12.9998    % 
UB: 50.62656249999999
branching on 1 with b.
2747   827    42         44.8023    50.6266    12.9998    % 
UB: 50.62656249999999
branching on 2 with b.
2748   828    42         44.8023    50.6266    12.9998    % 
UB: 50.62656249999999
branching on 2 with b.
2749   829    39         44.8023    50.6266    12.9998    % 
UB: 50.62656249999999
branching on 2 with b.
2750   830    38         44.8023    50.6266    12.9998    % 
UB: 50.62656249999999
branching on 1 with b.
2751   831    37         44.8023    50.6266    12.9998    % 
UB: 50.62656249999999
branching on 3 with b.
2752   832    35         44.8023    50.6266    12.9998    % 
LB close or above UB, fathomed
2753   831    35         44.8023    50.6266    12.9998    % 
UB: 50.62656249999999
branching on 1 with b.
2754   832    36         44.8023    50.6266    12.9998    % 
UB: 50.62656249999999
branching on 2 with b.
2755   833    37         44.8023    50.6266    12.9998    % 
UB: 50.62656249999999
branching on 3 with b.
2756   834    38         44.8023    50.6266    12.9998    % 
UB: 50.62656249999999
branching on 1 with b.
2757   834    39         44.8023    50.6266    12.9998    % 
UB: 50.62656249999999
branching on 2 with b.
2758   835    40         44.8023    50.6266    12.9998    % 
LB close or above UB, fathomed
2759   834    40         44.8023    50.6266    12.9998    % 
UB: 50.62656249999999
branching on 3 with b.
2760   835    41         44.8023    50.6266    12.9998    % 
UB: 50.62656249999999
branching on 1 with b.
2761   836    41         44.8023    50.6266    12.9998    % 
UB: 50.62656249999999
branching on 1 with b.
2762   837    42         44.8023    50.6266    12.9998    % 
UB: 50.62656249999999
branching on 2 with b.
2763   838    42         44.8023    50.6266    12.9998    % 
UB: 50.62656249999999
branching on 2 with b.
2764   839    38         44.8023    50.6266    12.9998    % 
UB: 50.62656249999999
branching on 1 with b.
2765   839    37         44.8023    50.6266    12.9998    % 
UB: 50.62656249999999
branching on 3 with b.
2766   840    36         44.8023    50.6266    12.9998    % 
UB: 50.62656249999999
branching on 2 with b.
2767   841    35         44.8023    50.6266    12.9998    % 
LB close or above UB, fathomed
2768   840    35         44.8023    50.6266    12.9998    % 
UB: 50.62656249999999
branching on 1 with b.
2769   841    35         44.8023    50.6266    12.9998    % 
UB: 50.62656249999999
branching on 1 with b.
2770   842    35         44.8023    50.6266    12.9998    % 
UB: 50.62656249999999
branching on 1 with b.
2771   843    35         44.8023    50.6266    12.9998    % 
LB close or above UB, fathomed
2772   842    30         44.8023    50.6266    12.9998    % 
LB close or above UB, fathomed
2773   841    30         44.8023    50.6266    12.9998    % 
LB close or above UB, fathomed
2774   840    34         44.8023    50.6266    12.9998    % 
UB: 50.62656249999999
branching on 2 with b.
2775   841    34         44.8023    50.6266    12.9998    % 
UB: 50.62656249999999
branching on 2 with b.
2776   842    35         44.8023    50.6266    12.9998    % 
UB: 50.62656249999999
branching on 3 with b.
2777   843    36         44.8023    50.6266    12.9998    % 
UB: 50.62656249999999
branching on 1 with b.
2778   844    36         44.8023    50.6266    12.9998    % 
LB close or above UB, fathomed
2779   843    35         44.8023    50.6266    12.9998    % 
UB: 50.62656249999999
branching on 3 with b.
2780   844    35         44.8023    50.6266    12.9998    % 
UB: 50.62656249999999
branching on 3 with b.
2781   845    36         44.8023    50.6266    12.9998    % 
UB: 50.62656249999999
branching on 1 with b.
2782   846    36         44.8023    50.6266    12.9998    % 
LB close or above UB, fathomed
2783   845    35         44.8023    50.6266    12.9998    % 
UB: 50.62656249999999
branching on 3 with b.
2784   846    35         44.8023    50.6266    12.9998    % 
UB: 50.62656249999999
branching on 3 with b.
2785   847    36         44.8023    50.6266    12.9998    % 
UB: 50.62656249999999
branching on 1 with b.
2786   847    36         44.8023    50.6266    12.9998    % 
LB close or above UB, fathomed
2787   846    35         44.8023    50.6266    12.9998    % 
UB: 50.62656249999999
branching on 3 with b.
2788   847    30         44.8023    50.6266    12.9998    % 
LB close or above UB, fathomed
2789   846    30         44.8023    50.6266    12.9998    % 
UB: 50.62656249999999
branching on 1 with b.
2790   847    31         44.8023    50.6266    12.9998    % 
UB: 50.62656249999999
branching on 2 with b.
2791   848    31         44.8023    50.6266    12.9998    % 
UB: 50.62656249999999
branching on 2 with b.
2792   849    32         44.8023    50.6266    12.9998    % 
UB: 50.62656249999999
branching on 3 with b.
2793   850    32         44.8023    50.6266    12.9998    % 
LB close or above UB, fathomed
2794   849    25         44.8023    50.6266    12.9998    % 
LB close or above UB, fathomed
2795   848    25         44.8023    50.6266    12.9998    % 
UB: 50.62656249999999
branching on 1 with b.
2796   849    26         44.8023    50.6266    12.9998    % 
LB close or above UB, fathomed
2797   848    26         44.8023    50.6266    12.9998    % 
UB: 50.62656249999999
branching on 2 with b.
2798   849    30         44.8023    50.6266    12.9998    % 
UB: 50.62656249999999
branching on 2 with b.
2799   850    31         44.8023    50.6266    12.9998    % 
UB: 50.62656249999999
branching on 3 with b.
2800   851    31         44.8023    50.6266    12.9998    % 
LB close or above UB, fathomed
2801   850    30         44.8023    50.6266    12.9998    % 
UB: 50.62656249999999
branching on 2 with b.
2802   851    31         44.8023    50.6266    12.9998    % 
UB: 50.62656249999999
branching on 3 with b.
2803   852    31         44.8023    50.6266    12.9998    % 
LB close or above UB, fathomed
2804   851    28         44.8023    50.6266    12.9998    % 
UB: 50.62656249999999
branching on 2 with b.
2805   852    28         44.8023    50.6266    12.9998    % 
LB close or above UB, fathomed
2806   851    36         44.8023    50.6266    12.9998    % 
LB close or above UB, fathomed
2807   850    36         44.8023    50.6266    12.9998    % 
UB: 50.62656249999999
branching on 2 with b.
2808   851    37         44.8023    50.6266    12.9998    % 
LB close or above UB, fathomed
2809   850    37         44.8023    50.6266    12.9998    % 
UB: 50.62656249999999
branching on 3 with b.
2810   851    34         44.8023    50.6266    12.9998    % 
LB close or above UB, fathomed
2811   850    34         44.8023    50.6266    12.9998    % 
UB: 50.62656249999999
branching on 3 with b.
2812   851    35         44.8023    50.6266    12.9998    % 
UB: 50.62656249999999
branching on 1 with b.
2813   852    35         44.8023    50.6266    12.9998    % 
LB close or above UB, fathomed
2814   851    36         44.8023    50.6266    12.9998    % 
LB close or above UB, fathomed
2815   850    36         44.8023    50.6266    12.9998    % 
UB: 50.62656249999999
branching on 2 with b.
2816   851    37         44.8023    50.6266    12.9998    % 
UB: 50.62656249999999
branching on 3 with b.
2817   852    38         44.8023    50.6266    12.9998    % 
UB: 50.62656249999999
branching on 1 with b.
2818   853    38         44.8023    50.6266    12.9998    % 
LB close or above UB, fathomed
2819   852    37         44.8023    50.6266    12.9998    % 
UB: 50.62656249999999
branching on 3 with b.
2820   853    29         44.8023    50.6266    12.9998    % 
UB: 50.62656249999999
branching on 2 with b.
2821   854    29         44.8023    50.6266    12.9998    % 
UB: 50.62656249999999
branching on 2 with b.
2822   855    30         44.8023    50.6266    12.9998    % 
UB: 50.62656249999999
branching on 3 with b.
2823   856    31         44.8023    50.6266    12.9998    % 
LB close or above UB, fathomed
2824   855    31         44.8023    50.6266    12.9998    % 
LB close or above UB, fathomed
2825   854    30         44.8023    50.6266    12.9998    % 
LB close or above UB, fathomed
2826   853    29         44.8023    50.6266    12.9998    % 
UB: 50.62656249999999
branching on 3 with b.
2827   854    29         44.8023    50.6266    12.9998    % 
LB close or above UB, fathomed
2828   853    27         44.8023    50.6266    12.9998    % 
UB: 50.62656249999999
branching on 2 with b.
2829   854    27         44.8023    50.6266    12.9998    % 
LB close or above UB, fathomed
2830   853    27         44.8023    50.6266    12.9998    % 
UB: 50.62656249999999
branching on 1 with b.
2831   854    28         44.8023    50.6266    12.9998    % 
UB: 50.62656249999999
branching on 2 with b.
2832   855    28         44.8023    50.6266    12.9998    % 
UB: 50.62656249999999
branching on 2 with b.
2833   856    29         44.8023    50.6266    12.9998    % 
LB close or above UB, fathomed
2834   855    29         44.8023    50.6266    12.9998    % 
LB close or above UB, fathomed
2835   854    27         44.8023    50.6266    12.9998    % 
LB close or above UB, fathomed
2836   853    29         44.8023    50.6266    12.9998    % 
UB: 50.62656249999999
branching on 1 with b.
2837   854    30         44.8023    50.6266    12.9998    % 
UB: 50.62656249999999
branching on 2 with b.
2838   855    31         44.8023    50.6266    12.9998    % 
UB: 50.62656249999999
branching on 3 with b.
2839   856    31         44.8023    50.6266    12.9998    % 
LB close or above UB, fathomed
2840   855    30         44.8023    50.6266    12.9998    % 
UB: 50.62656249999999
branching on 2 with b.
2841   856    29         44.8023    50.6266    12.9998    % 
LB close or above UB, fathomed
2842   855    20         44.8023    50.6266    12.9998    % 
LB close or above UB, fathomed
2843   854    20         44.8023    50.6266    12.9998    % 
UB: 50.62656249999999
branching on 3 with b.
2844   855    21         44.8023    50.6266    12.9998    % 
LB close or above UB, fathomed
2845   854    21         44.8023    50.6266    12.9998    % 
UB: 50.62656249999999
branching on 1 with b.
2846   855    22         44.8023    50.6266    12.9998    % 
LB close or above UB, fathomed
2847   854    22         44.8023    50.6266    12.9998    % 
LB close or above UB, fathomed
2848   853    29         44.8023    50.6266    12.9998    % 
UB: 50.62656249999999
branching on 3 with b.
2849   854    30         44.8023    50.6266    12.9998    % 
LB close or above UB, fathomed
2850   853    30         44.8023    50.6266    12.9998    % 
LB close or above UB, fathomed
2851   852    29         44.8023    50.6266    12.9998    % 
UB: 50.62656249999999
branching on 3 with b.
2852   853    30         44.8023    50.6266    12.9998    % 
LB close or above UB, fathomed
2853   852    30         44.8023    50.6266    12.9998    % 
LB close or above UB, fathomed
2854   851    18         44.8023    50.6266    12.9998    % 
UB: 50.62656249999999
branching on CartesianIndex(1, 5) with c.
2855   852    18         44.8023    50.6266    12.9998    % 
UB: 50.62656249999999
branching on CartesianIndex(1, 5) with c.
2856   853    19         44.8023    50.6266    12.9998    % 
UB: 50.62656249999999
branching on CartesianIndex(1, 6) with c.
2857   854    19         44.8023    50.6266    12.9998    % 
UB: 50.62656249999999
branching on 1 with b.
2858   855    23         44.8023    50.6266    12.9998    % 
LB close or above UB, fathomed
2859   854    23         44.8023    50.6266    12.9998    % 
UB: 50.62656249999999
branching on 1 with b.
2860   855    24         44.8023    50.6266    12.9998    % 
LB close or above UB, fathomed
2861   854    24         44.8023    50.6266    12.9998    % 
UB: 50.62656249999999
branching on 2 with b.
2862   855    25         44.8023    50.6266    12.9998    % 
UB: 50.62656249999999
branching on 3 with b.
2863   856    26         44.8023    50.6266    12.9998    % 
LB close or above UB, fathomed
2864   855    26         44.8023    50.6266    12.9998    % 
UB: 50.62656249999999
branching on 1 with b.
2865   856    27         44.8023    50.6266    12.9998    % 
UB: 50.62656249999999
branching on 2 with b.
2866   857    27         44.8023    50.6266    12.9998    % 
UB: 50.62656249999999
branching on 2 with b.
2867   858    25         44.8023    50.6266    12.9998    % 
LB close or above UB, fathomed
2868   857    18         44.8023    50.6266    12.9998    % 
LB close or above UB, fathomed
2869   856    18         44.8023    50.6266    12.9998    % 
UB: 50.62656249999999
branching on CartesianIndex(1, 5) with c.
2870   857    36         44.8023    50.6266    12.9998    % 
UB: 50.62656249999999
branching on 2 with b.
2871   858    37         44.8023    50.6266    12.9998    % 
UB: 50.62656249999999
branching on 3 with b.
2872   859    38         44.8023    50.6266    12.9998    % 
UB: 50.62656249999999
branching on 1 with b.
2873   860    39         44.8023    50.6266    12.9998    % 
UB: 50.62656249999999
branching on 2 with b.
2874   861    40         44.8023    50.6266    12.9998    % 
LB close or above UB, fathomed
2875   860    40         44.8023    50.6266    12.9998    % 
UB: 50.62656249999999
branching on 3 with b.
2876   861    41         44.8023    50.6266    12.9998    % 
UB: 50.62656249999999
branching on 1 with b.
2877   862    41         44.8023    50.6266    12.9998    % 
LB close or above UB, fathomed
2878   861    39         44.8023    50.6266    12.9998    % 
UB: 50.62656249999999
branching on 2 with b.
2879   862    40         44.8023    50.6266    12.9998    % 
LB close or above UB, fathomed
2880   861    40         44.8023    50.6266    12.9998    % 
UB: 50.62656249999999
branching on 3 with b.
2881   862    41         44.8023    50.6266    12.9998    % 
UB: 50.62656249999999
branching on 1 with b.
2882   862    41         44.8023    50.6266    12.9998    % 
LB close or above UB, fathomed
2883   861    38         44.8023    50.6266    12.9998    % 
LB close or above UB, fathomed
2884   860    37         44.8023    50.6266    12.9998    % 
UB: 50.62656249999999
branching on 3 with b.
2885   861    36         44.8023    50.6266    12.9998    % 
UB: 50.62656249999999
branching on 2 with b.
2886   862    37         44.8023    50.6266    12.9998    % 
UB: 50.62656249999999
branching on 3 with b.
2887   863    38         44.8023    50.6266    12.9998    % 
UB: 50.62656249999999
branching on 1 with b.
2888   864    39         44.8023    50.6266    12.9998    % 
UB: 50.62656249999999
branching on 2 with b.
2889   865    40         44.8023    50.6266    12.9998    % 
LB close or above UB, fathomed
2890   864    40         44.8023    50.6266    12.9998    % 
UB: 50.62656249999999
branching on 3 with b.
2891   865    41         44.8023    50.6266    12.9998    % 
UB: 50.62656249999999
branching on 1 with b.
2892   866    41         44.8023    50.6266    12.9998    % 
LB close or above UB, fathomed
2893   865    39         44.8023    50.6266    12.9998    % 
UB: 50.62656249999999
branching on 2 with b.
2894   866    38         44.8023    50.6266    12.9998    % 
LB close or above UB, fathomed
2895   865    37         44.8023    50.6266    12.9998    % 
UB: 50.62656249999999
branching on 3 with b.
2896   866    32         44.8023    50.6266    12.9998    % 
UB: 50.62656249999999
branching on 3 with b.
2897   867    32         44.8023    50.6266    12.9998    % 
LB close or above UB, fathomed
2898   866    32         44.8023    50.6266    12.9998    % 
UB: 50.62656249999999
branching on 2 with b.
2899   867    32         44.8023    50.6266    12.9998    % 
UB: 50.62656249999999
branching on 2 with b.
2900   868    32         44.8023    50.6266    12.9998    % 
UB: 50.62656249999999
branching on 2 with b.
2901   869    32         44.8023    50.6266    12.9998    % 
UB: 50.62656249999999
branching on 2 with b.
2902   870    27         44.8023    50.6266    12.9998    % 
LB close or above UB, fathomed
2903   869    27         44.8023    50.6266    12.9998    % 
LB close or above UB, fathomed
2904   868    26         44.8023    50.6266    12.9998    % 
UB: 50.62656249999999
branching on 2 with b.
2905   869    26         44.8023    50.6266    12.9998    % 
LB close or above UB, fathomed
2906   868    19         44.8023    50.6266    12.9998    % 
UB: 50.62656249999999
branching on CartesianIndex(1, 5) with c.
2907   869    20         44.8023    50.6266    12.9998    % 
LB close or above UB, fathomed
2908   868    20         44.8023    50.6266    12.9998    % 
UB: 50.62656249999999
branching on CartesianIndex(1, 6) with c.
2909   869    21         44.8023    50.6266    12.9998    % 
LB close or above UB, fathomed
2910   868    21         44.8023    50.6266    12.9998    % 
UB: 50.62656249999999
branching on CartesianIndex(1, 7) with c.
2911   869    22         44.8023    50.6266    12.9998    % 
UB: 50.62656249999999
branching on 3 with b.
2912   870    23         44.8023    50.6266    12.9998    % 
LB close or above UB, fathomed
2913   869    23         44.8023    50.6266    12.9998    % 
UB: 50.62656249999999
branching on 1 with b.
2914   870    22         44.8023    50.6266    12.9998    % 
LB close or above UB, fathomed
2915   869    19         44.8023    50.6266    12.9998    % 
LB close or above UB, fathomed
2916   868    19         44.8023    50.6266    12.9998    % 
UB: 50.62656249999999
branching on CartesianIndex(4, 3) with a.
2917   869    19         44.8023    50.6266    12.9998    % 
UB: 50.62656249999999
branching on CartesianIndex(1, 4) with c.
2918   870    34         44.8023    50.6266    12.9998    % 
UB: 50.62656249999999
branching on 3 with b.
2919   871    34         44.8023    50.6266    12.9998    % 
LB close or above UB, fathomed
2920   870    30         44.8023    50.6266    12.9998    % 
LB close or above UB, fathomed
2921   869    30         44.8023    50.6266    12.9998    % 
UB: 50.62656249999999
branching on 2 with b.
2922   870    32         44.8023    50.6266    12.9998    % 
UB: 50.62656249999999
branching on 3 with b.
2923   871    32         44.8023    50.6266    12.9998    % 
LB close or above UB, fathomed
2924   870    26         44.8023    50.6266    12.9998    % 
LB close or above UB, fathomed
2925   869    26         44.8023    50.6266    12.9998    % 
LB close or above UB, fathomed
2926   868    26         44.8023    50.6266    12.9998    % 
UB: 50.62656249999999
branching on 2 with b.
2927   869    26         44.8023    50.6266    12.9998    % 
UB: 50.62656249999999
branching on 2 with b.
2928   870    16         44.8023    50.6266    12.9998    % 
LB close or above UB, fathomed
2929   869    16         44.8023    50.6266    12.9998    % 
UB: 50.62656249999999
branching on CartesianIndex(1, 7) with c.
2930   870    17         44.8023    50.6266    12.9998    % 
UB: 50.62656249999999
branching on 3 with b.
2931   871    18         44.8023    50.6266    12.9998    % 
UB: 50.62656249999999
branching on 1 with b.
2932   872    18         44.8023    50.6266    12.9998    % 
LB close or above UB, fathomed
2933   871    17         44.8023    50.6266    12.9998    % 
LB close or above UB, fathomed
2934   870    12         44.8023    50.6266    12.9998    % 
UB: 50.62656249999999
branching on CartesianIndex(4, 3) with a.
2935   871    12         44.8023    50.6266    12.9998    % 
LB close or above UB, fathomed
2936   870    21         44.8023    50.6266    12.9998    % 
LB close or above UB, fathomed
2937   869    21         44.8023    50.6266    12.9998    % 
UB: 50.62656249999999
branching on CartesianIndex(1, 4) with c.
2938   870    22         44.8023    50.6266    12.9998    % 
LB close or above UB, fathomed
2939   869    22         44.8023    50.6266    12.9998    % 
UB: 50.62656249999999
branching on CartesianIndex(1, 5) with c.
2940   870    23         44.8023    50.6266    12.9998    % 
UB: 50.62656249999999
branching on 2 with b.
2941   871    24         44.8023    50.6266    12.9998    % 
LB close or above UB, fathomed
2942   870    24         44.8023    50.6266    12.9998    % 
UB: 50.62656249999999
branching on CartesianIndex(1, 6) with c.
2943   871    23         44.8023    50.6266    12.9998    % 
LB close or above UB, fathomed
2944   870    15         44.8023    50.6266    12.9998    % 
LB close or above UB, fathomed
2945   869    15         44.8023    50.6266    12.9998    % 
LB close or above UB, fathomed
2946   868    15         44.8023    50.6266    12.9998    % 
UB: 50.62656249999999
branching on 1 with b.
2947   869    16         44.8023    50.6266    12.9998    % 
UB: 50.62656249999999
branching on CartesianIndex(2, 3) with a.
2948   870    17         44.8023    50.6266    12.9998    % 
UB: 50.62656249999999
branching on CartesianIndex(3, 3) with a.
2949   871    17         44.8023    50.6266    12.9998    % 
LB close or above UB, fathomed
2950   870    16         44.8023    50.6266    12.9998    % 
LB close or above UB, fathomed
2951   869    15         44.8023    50.6266    12.9998    % 
LB close or above UB, fathomed
2952   868    12         44.8023    50.6266    12.9998    % 
UB: 50.62656249999999
branching on 2 with b.
2953   869    13         44.8023    50.6266    12.9998    % 
UB: 50.62656249999999
branching on 3 with b.
2954   870    14         44.8023    50.6266    12.9998    % 
UB: 50.62656249999999
branching on 1 with b.
2955   871    14         44.8023    50.6266    12.9998    % 
LB close or above UB, fathomed
2956   870    13         44.8023    50.6266    12.9998    % 
LB close or above UB, fathomed
2957   869    12         44.8023    50.6266    12.9998    % 
UB: 50.62656249999999
branching on 2 with b.
2958   870    26         44.8023    50.6266    12.9998    % 
UB: 50.62656249999999
branching on 2 with b.
2959   871    26         44.8023    50.6266    12.9998    % 
LB close or above UB, fathomed
2960   870    33         44.8023    50.6266    12.9998    % 
LB close or above UB, fathomed
2961   869    33         44.8023    50.6266    12.9998    % 
UB: 50.62656249999999
branching on 1 with b.
2962   870    25         44.8023    50.6266    12.9998    % 
LB close or above UB, fathomed
2963   869    25         44.8023    50.6266    12.9998    % 
UB: 50.62656249999999
branching on CartesianIndex(1, 7) with c.
2964   870    26         44.8023    50.6266    12.9998    % 
UB: 50.62656249999999
branching on 1 with b.
2965   871    26         44.8023    50.6266    12.9998    % 
LB close or above UB, fathomed
2966   870    14         44.8023    50.6266    12.9998    % 
LB close or above UB, fathomed
2967   869    14         44.8023    50.6266    12.9998    % 
UB: 50.62656249999999
branching on 3 with b.
2968   870    15         44.8023    50.6266    12.9998    % 
UB: 50.62656249999999
branching on CartesianIndex(1, 5) with c.
2969   871    15         44.8023    50.6266    12.9998    % 
LB close or above UB, fathomed
2970   870    18         44.8023    50.6266    12.9998    % 
UB: 50.62656249999999
branching on 1 with b.
2971   871    19         44.8023    50.6266    12.9998    % 
LB close or above UB, fathomed
2972   870    19         44.8023    50.6266    12.9998    % 
UB: 50.62656249999999
branching on CartesianIndex(1, 6) with c.
2973   871    20         44.8023    50.6266    12.9998    % 
LB close or above UB, fathomed
2974   870    20         44.8023    50.6266    12.9998    % 
LB close or above UB, fathomed
2975   869    18         44.8023    50.6266    12.9998    % 
LB close or above UB, fathomed
2976   868    30         44.8023    50.6266    12.9998    % 
LB close or above UB, fathomed
2977   867    30         44.8023    50.6266    12.9998    % 
UB: 50.62656249999999
branching on 1 with b.
2978   868    31         44.8023    50.6266    12.9998    % 
UB: 50.62656249999999
branching on 2 with b.
2979   869    32         44.8023    50.6266    12.9998    % 
UB: 50.62656249999999
branching on 3 with b.
2980   870    32         44.8023    50.6266    12.9998    % 
LB close or above UB, fathomed
2981   869    31         44.8023    50.6266    12.9998    % 
LB close or above UB, fathomed
2982   868    21         44.8023    50.6266    12.9998    % 
UB: 50.62656249999999
branching on 1 with b.
2983   869    21         44.8023    50.6266    12.9998    % 
UB: 50.62656249999999
branching on CartesianIndex(1, 5) with c.
2984   870    16         44.8023    50.6266    12.9998    % 
LB close or above UB, fathomed
2985   869    16         44.8023    50.6266    12.9998    % 
LB close or above UB, fathomed
2986   868    29         44.8023    50.6266    12.9998    % 
UB: 50.62656249999999
branching on 2 with b.
2987   869    29         44.8023    50.6266    12.9998    % 
LB close or above UB, fathomed
2988   868    19         44.8023    50.6266    12.9998    % 
UB: 50.62656249999999
branching on 2 with b.
2989   869    19         44.8023    50.6266    12.9998    % 
UB: 50.62656249999999
branching on CartesianIndex(1, 6) with c.
2990   870    31         44.8023    50.6266    12.9998    % 
LB close or above UB, fathomed
2991   869    31         44.8023    50.6266    12.9998    % 
UB: 50.62656249999999
branching on 3 with b.
2992   870    32         44.8023    50.6266    12.9998    % 
UB: 50.62656249999999
branching on 1 with b.
2993   871    32         44.8023    50.6266    12.9998    % 
LB close or above UB, fathomed
2994   870    24         44.8023    50.6266    12.9998    % 
LB close or above UB, fathomed
2995   869    24         44.8023    50.6266    12.9998    % 
UB: 50.62656249999999
branching on 1 with b.
2996   870    25         44.8023    50.6266    12.9998    % 
LB close or above UB, fathomed
2997   869    25         44.8023    50.6266    12.9998    % 
UB: 50.62656249999999
branching on 2 with b.
2998   870    26         44.8023    50.6266    12.9998    % 
UB: 50.62656249999999
branching on 3 with b.
2999   871    27         44.8023    50.6266    12.9998    % 
LB close or above UB, fathomed
3000   870    27         44.8023    50.6266    12.9998    % 
UB: 50.62656249999999
branching on 1 with b.
3001   871    28         44.8023    50.6266    12.9998    % 
LB close or above UB, fathomed
3002   870    28         44.8023    50.6266    12.9998    % 
UB: 50.62656249999999
branching on 2 with b.
3003   871    26         44.8023    50.6266    12.9998    % 
LB close or above UB, fathomed
3004   870    28         44.8023    50.6266    12.9998    % 
UB: 50.62656249999999
branching on 1 with b.
3005   871    29         44.8023    50.6266    12.9998    % 
UB: 50.62656249999999
branching on 2 with b.
3006   872    30         44.8023    50.6266    12.9998    % 
UB: 50.62656249999999
branching on 3 with b.
3007   873    31         44.8023    50.6266    12.9998    % 
UB: 50.62656249999999
branching on 1 with b.
3008   874    31         44.8023    50.6266    12.9998    % 
UB: 50.62656249999999
branching on 1 with b.
3009   875    30         44.8023    50.6266    12.9998    % 
LB close or above UB, fathomed
3010   874    29         44.8023    50.6266    12.9998    % 
LB close or above UB, fathomed
3011   873    28         44.8023    50.6266    12.9998    % 
LB close or above UB, fathomed
3012   872    21         44.8023    50.6266    12.9998    % 
UB: 50.62656249999999
branching on CartesianIndex(1, 6) with c.
3013   873    22         44.8023    50.6266    12.9998    % 
LB close or above UB, fathomed
3014   872    22         44.8023    50.6266    12.9998    % 
UB: 50.62656249999999
branching on CartesianIndex(1, 7) with c.
3015   873    23         44.8023    50.6266    12.9998    % 
UB: 50.62656249999999
branching on 2 with b.
3016   874    23         44.8023    50.6266    12.9998    % 
LB close or above UB, fathomed
3017   873    21         44.8023    50.6266    12.9998    % 
LB close or above UB, fathomed
3018   872    17         44.8023    50.6266    12.9998    % 
UB: 50.62656249999999
branching on CartesianIndex(4, 3) with a.
3019   873    17         44.8023    50.6266    12.9998    % 
UB: 50.62656249999999
branching on 2 with b.
3020   874    31         44.8023    50.6266    12.9998    % 
UB: 50.62656249999999
branching on 3 with b.
3021   875    31         44.8023    50.6266    12.9998    % 
LB close or above UB, fathomed
3022   874    19         44.8023    50.6266    12.9998    % 
UB: 50.62656249999999
branching on 1 with b.
3023   875    20         44.8023    50.6266    12.9998    % 
UB: 50.62656249999999
branching on 2 with b.
3024   876    21         44.8023    50.6266    12.9998    % 
LB close or above UB, fathomed
3025   875    21         44.8023    50.6266    12.9998    % 
UB: 50.62656249999999
branching on 3 with b.
3026   876    22         44.8023    50.6266    12.9998    % 
LB close or above UB, fathomed
3027   875    22         44.8023    50.6266    12.9998    % 
UB: 50.62656249999999
branching on 1 with b.
3028   876    23         44.8023    50.6266    12.9998    % 
LB close or above UB, fathomed
3029   875    23         44.8023    50.6266    12.9998    % 
LB close or above UB, fathomed
3030   874    20         44.8023    50.6266    12.9998    % 
LB close or above UB, fathomed
3031   873    19         44.8023    50.6266    12.9998    % 
LB close or above UB, fathomed
3032   872    34         44.8023    50.6266    12.9998    % 
LB close or above UB, fathomed
3033   871    34         44.8023    50.6266    12.9998    % 
UB: 50.62656249999999
branching on 3 with b.
3034   872    35         44.8023    50.6266    12.9998    % 
UB: 50.62656249999999
branching on 1 with b.
3035   873    35         44.8023    50.6266    12.9998    % 
LB close or above UB, fathomed
3036   872    19         44.8023    50.6266    12.9998    % 
UB: 50.62656249999999
branching on CartesianIndex(1, 6) with c.
3037   873    19         44.8023    50.6266    12.9998    % 
UB: 50.62656249999999
branching on CartesianIndex(1, 6) with c.
3038   874    34         44.8023    50.6266    12.9998    % 
UB: 50.62656249999999
branching on 3 with b.
3039   875    34         44.8023    50.6266    12.9998    % 
LB close or above UB, fathomed
3040   874    11         44.8023    50.6266    12.9998    % 
LB close or above UB, fathomed
3041   873    11         44.8023    50.6266    12.9998    % 
UB: 50.62656249999999
branching on CartesianIndex(1, 3) with a.
3042   874    12         44.8023    50.6266    12.9998    % 
UB: 50.62656249999999
branching on CartesianIndex(2, 3) with a.
3043   875    13         44.8023    50.6266    12.9998    % 
LB close or above UB, fathomed
3044   874    13         44.8023    50.6266    12.9998    % 
UB: 50.62656249999999
branching on CartesianIndex(1, 4) with c.
3045   875    12         44.8023    50.6266    12.9998    % 
LB close or above UB, fathomed
3046   874    20         44.8023    50.6266    12.9998    % 
LB close or above UB, fathomed
3047   873    20         44.8023    50.6266    12.9998    % 
UB: 50.62656249999999
branching on CartesianIndex(1, 7) with c.
3048   874    21         44.8023    50.6266    12.9998    % 
UB: 50.62656249999999
branching on 3 with b.
3049   875    22         44.8023    50.6266    12.9998    % 
LB close or above UB, fathomed
3050   874    22         44.8023    50.6266    12.9998    % 
UB: 50.62656249999999
branching on 1 with b.
3051   875    21         44.8023    50.6266    12.9998    % 
LB close or above UB, fathomed
3052   874    20         44.8023    50.6266    12.9998    % 
LB close or above UB, fathomed
3053   873    20         44.8023    50.6266    12.9998    % 
UB: 50.62656249999999
branching on CartesianIndex(1, 7) with c.
3054   874    21         44.8023    50.6266    12.9998    % 
UB: 50.62656249999999
branching on 3 with b.
3055   875    22         44.8023    50.6266    12.9998    % 
LB close or above UB, fathomed
3056   874    22         44.8023    50.6266    12.9998    % 
UB: 50.62656249999999
branching on 1 with b.
3057   875    21         44.8023    50.6266    12.9998    % 
LB close or above UB, fathomed
3058   874    24         44.8023    50.6266    12.9998    % 
LB close or above UB, fathomed
3059   873    24         44.8023    50.6266    12.9998    % 
UB: 50.62656249999999
branching on 3 with b.
3060   874    25         44.8023    50.6266    12.9998    % 
UB: 50.62656249999999
branching on 1 with b.
3061   875    26         44.8023    50.6266    12.9998    % 
LB close or above UB, fathomed
3062   874    26         44.8023    50.6266    12.9998    % 
LB close or above UB, fathomed
3063   873    25         44.8023    50.6266    12.9998    % 
LB close or above UB, fathomed
3064   872    20         44.8023    50.6266    12.9998    % 
LB close or above UB, fathomed
3065   871    20         44.8023    50.6266    12.9998    % 
UB: 50.62656249999999
branching on CartesianIndex(1, 7) with c.
3066   872    21         44.8023    50.6266    12.9998    % 
UB: 50.62656249999999
branching on 2 with b.
3067   873    22         44.8023    50.6266    12.9998    % 
UB: 50.62656249999999
branching on 3 with b.
3068   874    23         44.8023    50.6266    12.9998    % 
LB close or above UB, fathomed
3069   873    23         44.8023    50.6266    12.9998    % 
UB: 50.62656249999999
branching on 1 with b.
3070   874    22         44.8023    50.6266    12.9998    % 
UB: 50.62656249999999
branching on 3 with b.
3071   875    23         44.8023    50.6266    12.9998    % 
LB close or above UB, fathomed
3072   874    23         44.8023    50.6266    12.9998    % 
UB: 50.62656249999999
branching on 1 with b.
3073   875    21         44.8023    50.6266    12.9998    % 
LB close or above UB, fathomed
3074   874    20         44.8023    50.6266    12.9998    % 
UB: 50.62656249999999
branching on CartesianIndex(1, 6) with c.
3075   875    21         44.8023    50.6266    12.9998    % 
LB close or above UB, fathomed
3076   874    21         44.8023    50.6266    12.9998    % 
UB: 50.62656249999999
branching on CartesianIndex(1, 7) with c.
3077   875    22         44.8023    50.6266    12.9998    % 
UB: 50.62656249999999
branching on 3 with b.
3078   876    23         44.8023    50.6266    12.9998    % 
LB close or above UB, fathomed
3079   875    23         44.8023    50.6266    12.9998    % 
UB: 50.62656249999999
branching on 1 with b.
3080   876    22         44.8023    50.6266    12.9998    % 
LB close or above UB, fathomed
3081   875    20         44.8023    50.6266    12.9998    % 
UB: 50.62656249999999
branching on CartesianIndex(1, 6) with c.
3082   876    21         44.8023    50.6266    12.9998    % 
LB close or above UB, fathomed
3083   875    21         44.8023    50.6266    12.9998    % 
UB: 50.62656249999999
branching on 3 with b.
3084   876    22         44.8023    50.6266    12.9998    % 
LB close or above UB, fathomed
3085   875    22         44.8023    50.6266    12.9998    % 
UB: 50.62656249999999
branching on CartesianIndex(1, 7) with c.
3086   876    22         44.8023    50.6266    12.9998    % 
LB close or above UB, fathomed
3087   875    22         44.8023    50.6266    12.9998    % 
UB: 50.62656249999999
branching on CartesianIndex(1, 6) with c.
3088   876    18         44.8023    50.6266    12.9998    % 
UB: 50.62656249999999
branching on CartesianIndex(1, 6) with c.
3089   877    18         44.8023    50.6266    12.9998    % 
LB close or above UB, fathomed
3090   876    28         44.8023    50.6266    12.9998    % 
LB close or above UB, fathomed
3091   875    28         44.8023    50.6266    12.9998    % 
UB: 50.62656249999999
branching on 3 with b.
3092   876    29         44.8023    50.6266    12.9998    % 
UB: 50.62656249999999
branching on 1 with b.
3093   877    30         44.8023    50.6266    12.9998    % 
UB: 50.62656249999999
branching on 2 with b.
3094   878    31         44.8023    50.6266    12.9998    % 
LB close or above UB, fathomed
3095   877    31         44.8023    50.6266    12.9998    % 
UB: 50.62656249999999
branching on 3 with b.
3096   878    30         44.8023    50.6266    12.9998    % 
UB: 50.62656249999999
branching on 2 with b.
3097   879    29         44.8023    50.6266    12.9998    % 
LB close or above UB, fathomed
3098   878    22         44.8023    50.6266    12.9998    % 
LB close or above UB, fathomed
3099   877    22         44.8023    50.6266    12.9998    % 
UB: 50.62656249999999
branching on CartesianIndex(1, 7) with c.
3100   878    23         44.8023    50.6266    12.9998    % 
UB: 50.62656249999999
branching on 2 with b.
3101   879    24         44.8023    50.6266    12.9998    % 
UB: 50.62656249999999
branching on 3 with b.
3102   880    25         44.8023    50.6266    12.9998    % 
LB close or above UB, fathomed
3103   879    25         44.8023    50.6266    12.9998    % 
UB: 50.62656249999999
branching on 1 with b.
3104   880    24         44.8023    50.6266    12.9998    % 
UB: 50.62656249999999
branching on 3 with b.
3105   881    25         44.8023    50.6266    12.9998    % 
LB close or above UB, fathomed
3106   880    25         44.8023    50.6266    12.9998    % 
UB: 50.62656249999999
branching on 1 with b.
3107   881    23         44.8023    50.6266    12.9998    % 
LB close or above UB, fathomed
3108   880    22         44.8023    50.6266    12.9998    % 
LB close or above UB, fathomed
3109   879    22         44.8023    50.6266    12.9998    % 
UB: 50.62656249999999
branching on 2 with b.
3110   880    23         44.8023    50.6266    12.9998    % 
UB: 50.62656249999999
branching on 3 with b.
3111   881    24         44.8023    50.6266    12.9998    % 
LB close or above UB, fathomed
3112   880    24         44.8023    50.6266    12.9998    % 
UB: 50.62656249999999
branching on CartesianIndex(1, 7) with c.
3113   881    23         44.8023    50.6266    12.9998    % 
UB: 50.62656249999999
branching on CartesianIndex(1, 7) with c.
3114   882    22         44.8023    50.6266    12.9998    % 
UB: 50.62656249999999
branching on 1 with b.
3115   883    23         44.8023    50.6266    12.9998    % 
LB close or above UB, fathomed
3116   882    23         44.8023    50.6266    12.9998    % 
UB: 50.62656249999999
branching on 2 with b.
3117   883    24         44.8023    50.6266    12.9998    % 
UB: 50.62656249999999
branching on 3 with b.
3118   884    25         44.8023    50.6266    12.9998    % 
UB: 50.62656249999999
branching on 1 with b.
3119   885    26         44.8023    50.6266    12.9998    % 
LB close or above UB, fathomed
3120   884    26         44.8023    50.6266    12.9998    % 
UB: 50.62656249999999
branching on 2 with b.
3121   885    25         44.8023    50.6266    12.9998    % 
LB close or above UB, fathomed
3122   884    24         44.8023    50.6266    12.9998    % 
LB close or above UB, fathomed
3123   883    22         44.8023    50.6266    12.9998    % 
LB close or above UB, fathomed
3124   882    20         44.8023    50.6266    12.9998    % 
UB: 50.62656249999999
branching on CartesianIndex(1, 5) with c.
3125   883    21         44.8023    50.6266    12.9998    % 
LB close or above UB, fathomed
3126   882    21         44.8023    50.6266    12.9998    % 
UB: 50.62656249999999
branching on 3 with b.
3127   883    22         44.8023    50.6266    12.9998    % 
LB close or above UB, fathomed
3128   882    22         44.8023    50.6266    12.9998    % 
UB: 50.62656249999999
branching on 1 with b.
3129   883    23         44.8023    50.6266    12.9998    % 
UB: 50.62656249999999
branching on 2 with b.
3130   884    23         44.8023    50.6266    12.9998    % 
LB close or above UB, fathomed
3131   883    20         44.8023    50.6266    12.9998    % 
UB: 50.62656249999999
branching on 3 with b.
3132   884    23         44.8023    50.6266    12.9998    % 
LB close or above UB, fathomed
3133   883    23         44.8023    50.6266    12.9998    % 
UB: 50.62656249999999
branching on 3 with b.
3134   884    22         44.8023    50.6266    12.9998    % 
LB close or above UB, fathomed
3135   883    22         44.8023    50.6266    12.9998    % 
UB: 50.62656249999999
branching on 1 with b.
3136   884    22         44.8023    50.6266    12.9998    % 
UB: 50.62656249999999
branching on 1 with b.
3137   885    22         44.8023    50.6266    12.9998    % 
UB: 50.62656249999999
branching on 1 with b.
3138   886    17         44.8023    50.6266    12.9998    % 
UB: 50.62656249999999
branching on CartesianIndex(3, 3) with a.
3139   887    18         44.8023    50.6266    12.9998    % 
UB: 50.62656249999999
branching on 3 with b.
3140   888    19         44.8023    50.6266    12.9998    % 
UB: 50.62656249999999
branching on CartesianIndex(4, 3) with a.
3141   889    19         44.8023    50.6266    12.9998    % 
UB: 50.62656249999999
branching on CartesianIndex(4, 3) with a.
3142   890    18         44.8023    50.6266    12.9998    % 
UB: 50.62656249999999
branching on 3 with b.
3143   891    17         44.8023    50.6266    12.9998    % 
UB: 50.62656249999999
branching on CartesianIndex(1, 4) with c.
3144   892    23         44.8023    50.6266    12.9998    % 
LB close or above UB, fathomed
3145   891    23         44.8023    50.6266    12.9998    % 
UB: 50.62656249999999
branching on 3 with b.
3146   892    24         44.8023    50.6266    12.9998    % 
LB close or above UB, fathomed
3147   891    24         44.8023    50.6266    12.9998    % 
LB close or above UB, fathomed
3148   890    23         44.8023    50.6266    12.9998    % 
UB: 50.62656249999999
branching on 1 with b.
3149   891    23         44.8023    50.6266    12.9998    % 
UB: 50.62656249999999
branching on 1 with b.
3150   892    24         44.8023    50.6266    12.9998    % 
UB: 50.62656249999999
branching on 2 with b.
3151   893    24         44.8023    50.6266    12.9998    % 
LB close or above UB, fathomed
3152   892    24         44.8023    50.6266    12.9998    % 
UB: 50.62656249999999
branching on 1 with b.
3153   893    25         44.8023    50.6266    12.9998    % 
UB: 50.62656249999999
branching on 2 with b.
3154   894    26         44.8023    50.6266    12.9998    % 
UB: 50.62656249999999
branching on 3 with b.
3155   895    26         44.8023    50.6266    12.9998    % 
LB close or above UB, fathomed
3156   894    25         44.8023    50.6266    12.9998    % 
LB close or above UB, fathomed
3157   893    24         44.8023    50.6266    12.9998    % 
LB close or above UB, fathomed
3158   892    26         44.8023    50.6266    12.9998    % 
UB: 50.62656249999999
branching on 3 with b.
3159   893    27         44.8023    50.6266    12.9998    % 
LB close or above UB, fathomed
3160   892    27         44.8023    50.6266    12.9998    % 
UB: 50.62656249999999
branching on 1 with b.
3161   893    26         44.8023    50.6266    12.9998    % 
UB: 50.62656249999999
branching on 3 with b.
3162   894    22         44.8023    50.6266    12.9998    % 
LB close or above UB, fathomed
3163   893    22         44.8023    50.6266    12.9998    % 
UB: 50.62656249999999
branching on CartesianIndex(1, 7) with c.
3164   894    23         44.8023    50.6266    12.9998    % 
UB: 50.62656249999999
branching on 2 with b.
3165   895    24         44.8023    50.6266    12.9998    % 
UB: 50.62656249999999
branching on 3 with b.
3166   896    25         44.8023    50.6266    12.9998    % 
LB close or above UB, fathomed
3167   895    25         44.8023    50.6266    12.9998    % 
UB: 50.62656249999999
branching on 1 with b.
3168   896    24         44.8023    50.6266    12.9998    % 
UB: 50.62656249999999
branching on 3 with b.
3169   897    25         44.8023    50.6266    12.9998    % 
LB close or above UB, fathomed
3170   896    25         44.8023    50.6266    12.9998    % 
UB: 50.62656249999999
branching on 1 with b.
3171   897    23         44.8023    50.6266    12.9998    % 
LB close or above UB, fathomed
3172   896    20         44.8023    50.6266    12.9998    % 
UB: 50.62656249999999
branching on CartesianIndex(3, 3) with a.
3173   897    20         44.8023    50.6266    12.9998    % 
UB: 50.62656249999999
branching on CartesianIndex(3, 3) with a.
3174   898    21         44.8023    50.6266    12.9998    % 
LB close or above UB, fathomed
3175   897    21         44.8023    50.6266    12.9998    % 
LB close or above UB, fathomed
3176   896    21         44.8023    50.6266    12.9998    % 
LB close or above UB, fathomed
3177   895    21         44.8023    50.6266    12.9998    % 
UB: 50.62656249999999
branching on CartesianIndex(1, 4) with c.
3178   896    21         44.8023    50.6266    12.9998    % 
UB: 50.62656249999999
branching on 3 with b.
3179   897    22         44.8023    50.6266    12.9998    % 
LB close or above UB, fathomed
3180   896    22         44.8023    50.6266    12.9998    % 
UB: 50.62656249999999
branching on 1 with b.
3181   897    21         44.8023    50.6266    12.9998    % 
UB: 50.62656249999999
branching on 3 with b.
3182   898    22         44.8023    50.6266    12.9998    % 
LB close or above UB, fathomed
3183   897    22         44.8023    50.6266    12.9998    % 
UB: 50.62656249999999
branching on 1 with b.
3184   898    15         44.8023    50.6266    12.9998    % 
LB close or above UB, fathomed
3185   897    15         44.8023    50.6266    12.9998    % 
UB: 50.62656249999999
branching on CartesianIndex(1, 5) with c.
3186   898    16         44.8023    50.6266    12.9998    % 
UB: 50.62656249999999
branching on CartesianIndex(1, 6) with c.
3187   899    16         44.8023    50.6266    12.9998    % 
UB: 50.62656249999999
branching on CartesianIndex(1, 6) with c.
3188   900    17         44.8023    50.6266    12.9998    % 
LB close or above UB, fathomed
3189   899    17         44.8023    50.6266    12.9998    % 
UB: 50.62656249999999
branching on 1 with b.
3190   900    18         44.8023    50.6266    12.9998    % 
LB close or above UB, fathomed
3191   899    18         44.8023    50.6266    12.9998    % 
UB: 50.62656249999999
branching on CartesianIndex(1, 6) with c.
3192   900    18         44.8023    50.6266    12.9998    % 
UB: 50.62656249999999
branching on CartesianIndex(1, 4) with c.
3193   901    18         44.8023    50.6266    12.9998    % 
UB: 50.62656249999999
branching on CartesianIndex(1, 4) with c.
3194   902    19         44.8023    50.6266    12.9998    % 
LB close or above UB, fathomed
3195   901    19         44.8023    50.6266    12.9998    % 
UB: 50.62656249999999
branching on CartesianIndex(1, 5) with c.
3196   902    20         44.8023    50.6266    12.9998    % 
UB: 50.62656249999999
branching on CartesianIndex(1, 6) with c.
3197   903    20         44.8023    50.6266    12.9998    % 
UB: 50.62656249999999
branching on CartesianIndex(1, 6) with c.
3198   904    24         44.8023    50.6266    12.9998    % 
LB close or above UB, fathomed
3199   903    24         44.8023    50.6266    12.9998    % 
UB: 50.62656249999999
branching on CartesianIndex(1, 6) with c.
3200   904    25         44.8023    50.6266    12.9998    % 
LB close or above UB, fathomed
3201   903    25         44.8023    50.6266    12.9998    % 
UB: 50.62656249999999
branching on CartesianIndex(1, 7) with c.
3202   904    26         44.8023    50.6266    12.9998    % 
UB: 50.62656249999999
branching on 1 with b.
3203   905    27         44.8023    50.6266    12.9998    % 
LB close or above UB, fathomed
3204   904    27         44.8023    50.6266    12.9998    % 
UB: 50.62656249999999
branching on 2 with b.
3205   905    26         44.8023    50.6266    12.9998    % 
LB close or above UB, fathomed
3206   904    24         44.8023    50.6266    12.9998    % 
LB close or above UB, fathomed
3207   903    24         44.8023    50.6266    12.9998    % 
UB: 50.62656249999999
branching on 3 with b.
3208   904    25         44.8023    50.6266    12.9998    % 
LB close or above UB, fathomed
3209   903    25         44.8023    50.6266    12.9998    % 
UB: 50.62656249999999
branching on CartesianIndex(1, 7) with c.
3210   904    26         44.8023    50.6266    12.9998    % 
UB: 50.62656249999999
branching on 1 with b.
3211   905    27         44.8023    50.6266    12.9998    % 
LB close or above UB, fathomed
3212   904    27         44.8023    50.6266    12.9998    % 
UB: 50.62656249999999
branching on 2 with b.
3213   905    26         44.8023    50.6266    12.9998    % 
LB close or above UB, fathomed
3214   904    17         44.8023    50.6266    12.9998    % 
LB close or above UB, fathomed
3215   903    17         44.8023    50.6266    12.9998    % 
UB: 50.62656249999999
branching on CartesianIndex(1, 7) with c.
3216   904    18         44.8023    50.6266    12.9998    % 
UB: 50.62656249999999
branching on 1 with b.
3217   905    19         44.8023    50.6266    12.9998    % 
UB: 50.62656249999999
branching on 2 with b.
3218   906    19         44.8023    50.6266    12.9998    % 
UB: 50.62656249999999
branching on 2 with b.
3219   907    18         44.8023    50.6266    12.9998    % 
LB close or above UB, fathomed
3220   906    16         44.8023    50.6266    12.9998    % 
UB: 50.62656249999999
branching on 1 with b.
3221   907    16         44.8023    50.6266    12.9998    % 
UB: 50.62656249999999
branching on CartesianIndex(1, 5) with c.
3222   908    20         44.8023    50.6266    12.9998    % 
UB: 50.62656249999999
branching on CartesianIndex(1, 6) with c.
3223   909    21         44.8023    50.6266    12.9998    % 
LB close or above UB, fathomed
3224   908    21         44.8023    50.6266    12.9998    % 
UB: 50.62656249999999
branching on CartesianIndex(1, 7) with c.
3225   909    22         44.8023    50.6266    12.9998    % 
UB: 50.62656249999999
branching on 3 with b.
3226   910    23         44.8023    50.6266    12.9998    % 
LB close or above UB, fathomed
3227   909    23         44.8023    50.6266    12.9998    % 
UB: 50.62656249999999
branching on 1 with b.
3228   910    22         44.8023    50.6266    12.9998    % 
LB close or above UB, fathomed
3229   909    20         44.8023    50.6266    12.9998    % 
UB: 50.62656249999999
branching on CartesianIndex(1, 6) with c.
3230   910    21         44.8023    50.6266    12.9998    % 
LB close or above UB, fathomed
3231   909    21         44.8023    50.6266    12.9998    % 
UB: 50.62656249999999
branching on CartesianIndex(1, 7) with c.
3232   910    22         44.8023    50.6266    12.9998    % 
UB: 50.62656249999999
branching on 3 with b.
3233   911    23         44.8023    50.6266    12.9998    % 
LB close or above UB, fathomed
3234   910    23         44.8023    50.6266    12.9998    % 
UB: 50.62656249999999
branching on 1 with b.
3235   911    22         44.8023    50.6266    12.9998    % 
LB close or above UB, fathomed
3236   910    20         44.8023    50.6266    12.9998    % 
UB: 50.62656249999999
branching on CartesianIndex(1, 6) with c.
3237   911    20         44.8023    50.6266    12.9998    % 
LB close or above UB, fathomed
3238   910    22         44.8023    50.6266    12.9998    % 
LB close or above UB, fathomed
3239   909    22         44.8023    50.6266    12.9998    % 
UB: 50.62656249999999
branching on 3 with b.
3240   910    23         44.8023    50.6266    12.9998    % 
LB close or above UB, fathomed
3241   909    23         44.8023    50.6266    12.9998    % 
UB: 50.62656249999999
branching on 1 with b.
3242   910    24         44.8023    50.6266    12.9998    % 
UB: 50.62656249999999
branching on 2 with b.
3243   911    25         44.8023    50.6266    12.9998    % 
UB: 50.62656249999999
branching on 3 with b.
3244   912    26         44.8023    50.6266    12.9998    % 
LB close or above UB, fathomed
3245   911    26         44.8023    50.6266    12.9998    % 
UB: 50.62656249999999
branching on 1 with b.
3246   912    27         44.8023    50.6266    12.9998    % 
UB: 50.62656249999999
branching on 2 with b.
3247   913    27         44.8023    50.6266    12.9998    % 
LB close or above UB, fathomed
3248   912    25         44.8023    50.6266    12.9998    % 
LB close or above UB, fathomed
3249   911    24         44.8023    50.6266    12.9998    % 
LB close or above UB, fathomed
3250   910    22         44.8023    50.6266    12.9998    % 
LB close or above UB, fathomed
3251   909    22         44.8023    50.6266    12.9998    % 
UB: 50.62656249999999
branching on CartesianIndex(1, 5) with c.
3252   910    23         44.8023    50.6266    12.9998    % 
UB: 50.62656249999999
branching on CartesianIndex(1, 6) with c.
3253   911    24         44.8023    50.6266    12.9998    % 
LB close or above UB, fathomed
3254   910    24         44.8023    50.6266    12.9998    % 
UB: 50.62656249999999
branching on CartesianIndex(1, 7) with c.
3255   911    25         44.8023    50.6266    12.9998    % 
UB: 50.62656249999999
branching on 2 with b.
3256   912    26         44.8023    50.6266    12.9998    % 
UB: 50.62656249999999
branching on 3 with b.
3257   913    26         44.8023    50.6266    12.9998    % 
UB: 50.62656249999999
branching on 3 with b.
3258   914    25         44.8023    50.6266    12.9998    % 
LB close or above UB, fathomed
3259   913    23         44.8023    50.6266    12.9998    % 
LB close or above UB, fathomed
3260   912    22         44.8023    50.6266    12.9998    % 
LB close or above UB, fathomed
3261   911    22         44.8023    50.6266    12.9998    % 
UB: 50.62656249999999
branching on CartesianIndex(1, 7) with c.
3262   912    23         44.8023    50.6266    12.9998    % 
UB: 50.62656249999999
branching on 3 with b.
3263   913    24         44.8023    50.6266    12.9998    % 
LB close or above UB, fathomed
3264   912    24         44.8023    50.6266    12.9998    % 
UB: 50.62656249999999
branching on 1 with b.
3265   913    23         44.8023    50.6266    12.9998    % 
LB close or above UB, fathomed
3266   912    16         44.8023    50.6266    12.9998    % 
LB close or above UB, fathomed
3267   911    16         44.8023    50.6266    12.9998    % 
UB: 50.62656249999999
branching on CartesianIndex(1, 5) with c.
3268   912    17         44.8023    50.6266    12.9998    % 
UB: 50.62656249999999
branching on CartesianIndex(1, 6) with c.
3269   913    17         44.8023    50.6266    12.9998    % 
UB: 50.62656249999999
branching on CartesianIndex(1, 6) with c.
3270   914    16         44.8023    50.6266    12.9998    % 
UB: 50.62656249999999
branching on CartesianIndex(1, 5) with c.
3271   915    16         44.8023    50.6266    12.9998    % 
UB: 50.62656249999999
branching on CartesianIndex(1, 5) with c.
3272   916    17         44.8023    50.6266    12.9998    % 
LB close or above UB, fathomed
3273   915    17         44.8023    50.6266    12.9998    % 
UB: 50.62656249999999
branching on CartesianIndex(1, 5) with c.
3274   916    18         44.8023    50.6266    12.9998    % 
UB: 50.62656249999999
branching on CartesianIndex(1, 6) with c.
3275   917    18         44.8023    50.6266    12.9998    % 
UB: 50.62656249999999
branching on CartesianIndex(1, 6) with c.
3276   918    23         44.8023    50.6266    12.9998    % 
UB: 50.62656249999999
branching on 3 with b.
3277   919    24         44.8023    50.6266    12.9998    % 
UB: 50.62656249999999
branching on 1 with b.
3278   920    25         44.8023    50.6266    12.9998    % 
UB: 50.62656249999999
branching on 2 with b.
3279   921    26         44.8023    50.6266    12.9998    % 
LB close or above UB, fathomed
3280   920    26         44.8023    50.6266    12.9998    % 
LB close or above UB, fathomed
3281   919    25         44.8023    50.6266    12.9998    % 
LB close or above UB, fathomed
3282   918    24         44.8023    50.6266    12.9998    % 
LB close or above UB, fathomed
3283   917    23         44.8023    50.6266    12.9998    % 
LB close or above UB, fathomed
3284   916    28         44.8023    50.6266    12.9998    % 
UB: 50.62656249999999
branching on 3 with b.
3285   917    29         44.8023    50.6266    12.9998    % 
UB: 50.62656249999999
branching on 1 with b.
3286   918    30         44.8023    50.6266    12.9998    % 
UB: 50.62656249999999
branching on 2 with b.
3287   919    31         44.8023    50.6266    12.9998    % 
UB: 50.62656249999999
branching on 3 with b.
3288   920    31         44.8023    50.6266    12.9998    % 
LB close or above UB, fathomed
3289   919    30         44.8023    50.6266    12.9998    % 
LB close or above UB, fathomed
3290   918    29         44.8023    50.6266    12.9998    % 
UB: 50.62656249999999
branching on 1 with b.
3291   919    28         44.8023    50.6266    12.9998    % 
LB close or above UB, fathomed
3292   918    21         44.8023    50.6266    12.9998    % 
LB close or above UB, fathomed
3293   917    21         44.8023    50.6266    12.9998    % 
UB: 50.62656249999999
branching on CartesianIndex(1, 7) with c.
3294   918    22         44.8023    50.6266    12.9998    % 
UB: 50.62656249999999
branching on 2 with b.
3295   919    23         44.8023    50.6266    12.9998    % 
UB: 50.62656249999999
branching on 3 with b.
3296   920    23         44.8023    50.6266    12.9998    % 
UB: 50.62656249999999
branching on 3 with b.
3297   921    22         44.8023    50.6266    12.9998    % 
LB close or above UB, fathomed
3298   920    17         44.8023    50.6266    12.9998    % 
UB: 50.62656249999999
branching on CartesianIndex(1, 6) with c.
3299   921    17         44.8023    50.6266    12.9998    % 
UB: 50.62656249999999
branching on CartesianIndex(1, 6) with c.
3300   922    19         44.8023    50.6266    12.9998    % 
LB close or above UB, fathomed
3301   921    19         44.8023    50.6266    12.9998    % 
UB: 50.62656249999999
branching on CartesianIndex(1, 7) with c.
3302   922    20         44.8023    50.6266    12.9998    % 
UB: 50.62656249999999
branching on 2 with b.
3303   923    21         44.8023    50.6266    12.9998    % 
UB: 50.62656249999999
branching on 3 with b.
3304   924    22         44.8023    50.6266    12.9998    % 
LB close or above UB, fathomed
3305   923    22         44.8023    50.6266    12.9998    % 
UB: 50.62656249999999
branching on 1 with b.
3306   924    21         44.8023    50.6266    12.9998    % 
LB close or above UB, fathomed
3307   923    20         44.8023    50.6266    12.9998    % 
LB close or above UB, fathomed
3308   922    22         44.8023    50.6266    12.9998    % 
UB: 50.62656249999999
branching on CartesianIndex(1, 5) with c.
3309   923    23         44.8023    50.6266    12.9998    % 
LB close or above UB, fathomed
3310   922    23         44.8023    50.6266    12.9998    % 
UB: 50.62656249999999
branching on CartesianIndex(1, 6) with c.
3311   923    24         44.8023    50.6266    12.9998    % 
LB close or above UB, fathomed
3312   922    24         44.8023    50.6266    12.9998    % 
UB: 50.62656249999999
branching on CartesianIndex(1, 7) with c.
3313   923    25         44.8023    50.6266    12.9998    % 
UB: 50.62656249999999
branching on 1 with b.
3314   924    26         44.8023    50.6266    12.9998    % 
LB close or above UB, fathomed
3315   923    26         44.8023    50.6266    12.9998    % 
LB close or above UB, fathomed
3316   922    25         44.8023    50.6266    12.9998    % 
LB close or above UB, fathomed
3317   921    22         44.8023    50.6266    12.9998    % 
UB: 50.62656249999999
branching on CartesianIndex(1, 5) with c.
3318   922    21         44.8023    50.6266    12.9998    % 
LB close or above UB, fathomed
3319   921    21         44.8023    50.6266    12.9998    % 
LB close or above UB, fathomed
3320   920    18         44.8023    50.6266    12.9998    % 
UB: 50.62656249999999
branching on CartesianIndex(1, 6) with c.
3321   921    18         44.8023    50.6266    12.9998    % 
LB close or above UB, fathomed
3322   920    17         44.8023    50.6266    12.9998    % 
LB close or above UB, fathomed
3323   919    17         44.8023    50.6266    12.9998    % 
LB close or above UB, fathomed
3324   918    21         44.8023    50.6266    12.9998    % 
LB close or above UB, fathomed
3325   917    21         44.8023    50.6266    12.9998    % 
UB: 50.62656249999999
branching on 1 with b.
3326   918    22         44.8023    50.6266    12.9998    % 
UB: 50.62656249999999
branching on CartesianIndex(4, 3) with a.
3327   919    22         44.8023    50.6266    12.9998    % 
UB: 50.62656249999999
branching on CartesianIndex(4, 3) with a.
3328   920    19         44.8023    50.6266    12.9998    % 
UB: 50.62656249999999
branching on CartesianIndex(1, 5) with c.
3329   921    20         44.8023    50.6266    12.9998    % 
LB close or above UB, fathomed
3330   920    20         44.8023    50.6266    12.9998    % 
UB: 50.62656249999999
branching on CartesianIndex(1, 6) with c.
3331   921    19         44.8023    50.6266    12.9998    % 
UB: 50.62656249999999
branching on CartesianIndex(1, 5) with c.
3332   922    18         44.8023    50.6266    12.9998    % 
LB close or above UB, fathomed
3333   921    18         44.8023    50.6266    12.9998    % 
UB: 50.62656249999999
branching on CartesianIndex(1, 7) with c.
3334   922    19         44.8023    50.6266    12.9998    % 
UB: 50.62656249999999
branching on 1 with b.
3335   923    20         44.8023    50.6266    12.9998    % 
UB: 50.62656249999999
branching on 2 with b.
3336   924    20         44.8023    50.6266    12.9998    % 
UB: 50.62656249999999
branching on 2 with b.
3337   925    19         44.8023    50.6266    12.9998    % 
LB close or above UB, fathomed
3338   924    23         44.8023    50.6266    12.9998    % 
LB close or above UB, fathomed
3339   923    23         44.8023    50.6266    12.9998    % 
UB: 50.62656249999999
branching on CartesianIndex(1, 6) with c.
3340   924    18         44.8023    50.6266    12.9998    % 
LB close or above UB, fathomed
3341   923    18         44.8023    50.6266    12.9998    % 
UB: 50.62656249999999
branching on CartesianIndex(1, 3) with a.
3342   924    19         44.8023    50.6266    12.9998    % 
UB: 50.62656249999999
branching on CartesianIndex(2, 3) with a.
3343   925    20         44.8023    50.6266    12.9998    % 
LB close or above UB, fathomed
3344   924    20         44.8023    50.6266    12.9998    % 
UB: 50.62656249999999
branching on CartesianIndex(1, 4) with c.
3345   925    19         44.8023    50.6266    12.9998    % 
LB close or above UB, fathomed
3346   924    18         44.8023    50.6266    12.9998    % 
LB close or above UB, fathomed
3347   923    18         44.8023    50.6266    12.9998    % 
LB close or above UB, fathomed
3348   922    21         44.8023    50.6266    12.9998    % 
LB close or above UB, fathomed
3349   921    21         44.8023    50.6266    12.9998    % 
UB: 50.62656249999999
branching on CartesianIndex(1, 7) with c.
3350   922    22         44.8023    50.6266    12.9998    % 
UB: 50.62656249999999
branching on 1 with b.
3351   923    23         44.8023    50.6266    12.9998    % 
LB close or above UB, fathomed
3352   922    23         44.8023    50.6266    12.9998    % 
UB: 50.62656249999999
branching on 2 with b.
3353   923    24         44.8023    50.6266    12.9998    % 
UB: 50.62656249999999
branching on 3 with b.
3354   924    25         44.8023    50.6266    12.9998    % 
LB close or above UB, fathomed
3355   923    25         44.8023    50.6266    12.9998    % 
UB: 50.62656249999999
branching on 1 with b.
3356   924    26         44.8023    50.6266    12.9998    % 
LB close or above UB, fathomed
3357   923    26         44.8023    50.6266    12.9998    % 
UB: 50.62656249999999
branching on 2 with b.
3358   924    27         44.8023    50.6266    12.9998    % 
UB: 50.62656249999999
branching on 3 with b.
3359   925    28         44.8023    50.6266    12.9998    % 
LB close or above UB, fathomed
3360   924    28         44.8023    50.6266    12.9998    % 
UB: 50.62656249999999
branching on 1 with b.
3361   925    27         44.8023    50.6266    12.9998    % 
LB close or above UB, fathomed
3362   924    24         44.8023    50.6266    12.9998    % 
LB close or above UB, fathomed
3363   923    22         44.8023    50.6266    12.9998    % 
LB close or above UB, fathomed
3364   922    23         44.8023    50.6266    12.9998    % 
LB close or above UB, fathomed
3365   921    23         44.8023    50.6266    12.9998    % 
UB: 50.62656249999999
branching on CartesianIndex(1, 4) with c.
3366   922    24         44.8023    50.6266    12.9998    % 
LB close or above UB, fathomed
3367   921    24         44.8023    50.6266    12.9998    % 
UB: 50.62656249999999
branching on 2 with b.
3368   922    25         44.8023    50.6266    12.9998    % 
LB close or above UB, fathomed
3369   921    25         44.8023    50.6266    12.9998    % 
UB: 50.62656249999999
branching on CartesianIndex(1, 5) with c.
3370   922    19         44.8023    50.6266    12.9998    % 
LB close or above UB, fathomed
3371   921    19         44.8023    50.6266    12.9998    % 
UB: 50.62656249999999
branching on CartesianIndex(1, 7) with c.
3372   922    20         44.8023    50.6266    12.9998    % 
UB: 50.62656249999999
branching on 2 with b.
3373   923    21         44.8023    50.6266    12.9998    % 
UB: 50.62656249999999
branching on 3 with b.
3374   924    22         44.8023    50.6266    12.9998    % 
LB close or above UB, fathomed
3375   923    22         44.8023    50.6266    12.9998    % 
UB: 50.62656249999999
branching on 1 with b.
3376   924    23         44.8023    50.6266    12.9998    % 
LB close or above UB, fathomed
3377   923    23         44.8023    50.6266    12.9998    % 
UB: 50.62656249999999
branching on 2 with b.
3378   924    24         44.8023    50.6266    12.9998    % 
UB: 50.62656249999999
branching on 3 with b.
3379   925    25         44.8023    50.6266    12.9998    % 
LB close or above UB, fathomed
3380   924    25         44.8023    50.6266    12.9998    % 
UB: 50.62656249999999
branching on 1 with b.
3381   925    24         44.8023    50.6266    12.9998    % 
UB: 50.62656249999999
branching on 3 with b.
3382   926    21         44.8023    50.6266    12.9998    % 
UB: 50.62656249999999
branching on 3 with b.
3383   927    20         44.8023    50.6266    12.9998    % 
LB close or above UB, fathomed
3384   926    18         44.8023    50.6266    12.9998    % 
LB close or above UB, fathomed
3385   925    18         44.8023    50.6266    12.9998    % 
UB: 50.62656249999999
branching on CartesianIndex(1, 7) with c.
3386   926    19         44.8023    50.6266    12.9998    % 
UB: 50.62656249999999
branching on 1 with b.
3387   927    20         44.8023    50.6266    12.9998    % 
LB close or above UB, fathomed
3388   926    20         44.8023    50.6266    12.9998    % 
LB close or above UB, fathomed
3389   925    19         44.8023    50.6266    12.9998    % 
LB close or above UB, fathomed
3390   924    18         44.8023    50.6266    12.9998    % 
LB close or above UB, fathomed
3391   923    18         44.8023    50.6266    12.9998    % 
UB: 50.62656249999999
branching on CartesianIndex(1, 7) with c.
3392   924    19         44.8023    50.6266    12.9998    % 
UB: 50.62656249999999
branching on 1 with b.
3393   925    20         44.8023    50.6266    12.9998    % 
LB close or above UB, fathomed
3394   924    20         44.8023    50.6266    12.9998    % 
LB close or above UB, fathomed
3395   923    19         44.8023    50.6266    12.9998    % 
LB close or above UB, fathomed
3396   922    21         44.8023    50.6266    12.9998    % 
LB close or above UB, fathomed
3397   921    21         44.8023    50.6266    12.9998    % 
UB: 50.62656249999999
branching on CartesianIndex(1, 7) with c.
3398   922    22         44.8023    50.6266    12.9998    % 
UB: 50.62656249999999
branching on 3 with b.
3399   923    23         44.8023    50.6266    12.9998    % 
LB close or above UB, fathomed
3400   922    23         44.8023    50.6266    12.9998    % 
UB: 50.62656249999999
branching on 1 with b.
3401   923    24         44.8023    50.6266    12.9998    % 
UB: 50.62656249999999
branching on 2 with b.
3402   924    24         44.8023    50.6266    12.9998    % 
UB: 50.62656249999999
branching on 2 with b.
3403   925    22         44.8023    50.6266    12.9998    % 
LB close or above UB, fathomed
3404   924    17         44.8023    50.6266    12.9998    % 
LB close or above UB, fathomed
3405   923    17         44.8023    50.6266    12.9998    % 
UB: 50.62656249999999
branching on CartesianIndex(1, 7) with c.
3406   924    18         44.8023    50.6266    12.9998    % 
UB: 50.62656249999999
branching on 1 with b.
3407   925    19         44.8023    50.6266    12.9998    % 
UB: 50.62656249999999
branching on 2 with b.
3408   926    19         44.8023    50.6266    12.9998    % 
UB: 50.62656249999999
branching on 2 with b.
3409   927    18         44.8023    50.6266    12.9998    % 
LB close or above UB, fathomed
3410   926    17         44.8023    50.6266    12.9998    % 
LB close or above UB, fathomed
3411   925    17         44.8023    50.6266    12.9998    % 
UB: 50.62656249999999
branching on CartesianIndex(1, 7) with c.
3412   926    18         44.8023    50.6266    12.9998    % 
UB: 50.62656249999999
branching on 1 with b.
3413   927    19         44.8023    50.6266    12.9998    % 
UB: 50.62656249999999
branching on 2 with b.
3414   928    19         44.8023    50.6266    12.9998    % 
UB: 50.62656249999999
branching on 2 with b.
3415   929    18         44.8023    50.6266    12.9998    % 
LB close or above UB, fathomed
3416   928    20         44.8023    50.6266    12.9998    % 
UB: 50.62656249999999
branching on CartesianIndex(1, 4) with c.
3417   929    20         44.8023    50.6266    12.9998    % 
UB: 50.62656249999999
branching on CartesianIndex(1, 4) with c.
3418   930    21         44.8023    50.6266    12.9998    % 
LB close or above UB, fathomed
3419   929    21         44.8023    50.6266    12.9998    % 
UB: 50.62656249999999
branching on 1 with b.
3420   930    22         44.8023    50.6266    12.9998    % 
UB: 50.62656249999999
branching on CartesianIndex(1, 5) with c.
3421   931    23         44.8023    50.6266    12.9998    % 
LB close or above UB, fathomed
3422   930    23         44.8023    50.6266    12.9998    % 
LB close or above UB, fathomed
3423   929    22         44.8023    50.6266    12.9998    % 
LB close or above UB, fathomed
3424   928    20         44.8023    50.6266    12.9998    % 
LB close or above UB, fathomed
3425   927    20         44.8023    50.6266    12.9998    % 
UB: 50.62656249999999
branching on CartesianIndex(1, 7) with c.
3426   928    21         44.8023    50.6266    12.9998    % 
UB: 50.62656249999999
branching on 1 with b.
3427   929    22         44.8023    50.6266    12.9998    % 
LB close or above UB, fathomed
3428   928    22         44.8023    50.6266    12.9998    % 
UB: 50.62656249999999
branching on 2 with b.
3429   929    23         44.8023    50.6266    12.9998    % 
LB close or above UB, fathomed
3430   928    23         44.8023    50.6266    12.9998    % 
UB: 50.62656249999999
branching on 3 with b.
3431   929    24         44.8023    50.6266    12.9998    % 
LB close or above UB, fathomed
3432   928    24         44.8023    50.6266    12.9998    % 
UB: 50.62656249999999
branching on 1 with b.
3433   929    25         44.8023    50.6266    12.9998    % 
LB close or above UB, fathomed
3434   928    25         44.8023    50.6266    12.9998    % 
UB: 50.62656249999999
branching on 2 with b.
3435   929    21         44.8023    50.6266    12.9998    % 
LB close or above UB, fathomed
3436   928    18         44.8023    50.6266    12.9998    % 
UB: 50.62656249999999
branching on CartesianIndex(1, 6) with c.
3437   929    19         44.8023    50.6266    12.9998    % 
LB close or above UB, fathomed
3438   928    19         44.8023    50.6266    12.9998    % 
UB: 50.62656249999999
branching on CartesianIndex(1, 7) with c.
3439   929    20         44.8023    50.6266    12.9998    % 
UB: 50.62656249999999
branching on 3 with b.
3440   930    21         44.8023    50.6266    12.9998    % 
LB close or above UB, fathomed
3441   929    21         44.8023    50.6266    12.9998    % 
UB: 50.62656249999999
branching on 1 with b.
3442   930    20         44.8023    50.6266    12.9998    % 
LB close or above UB, fathomed
3443   929    18         44.8023    50.6266    12.9998    % 
LB close or above UB, fathomed
3444   928    18         44.8023    50.6266    12.9998    % 
LB close or above UB, fathomed
3445   927    18         44.8023    50.6266    12.9998    % 
UB: 50.62656249999999
branching on CartesianIndex(1, 5) with c.
3446   928    19         44.8023    50.6266    12.9998    % 
UB: 50.62656249999999
branching on CartesianIndex(1, 6) with c.
3447   929    20         44.8023    50.6266    12.9998    % 
UB: 50.62656249999999
branching on 2 with b.
3448   930    20         44.8023    50.6266    12.9998    % 
LB close or above UB, fathomed
3449   929    19         44.8023    50.6266    12.9998    % 
LB close or above UB, fathomed
3450   928    18         44.8023    50.6266    12.9998    % 
UB: 50.62656249999999
branching on CartesianIndex(1, 4) with c.
3451   929    19         44.8023    50.6266    12.9998    % 
LB close or above UB, fathomed
3452   928    19         44.8023    50.6266    12.9998    % 
UB: 50.62656249999999
branching on 2 with b.
3453   929    20         44.8023    50.6266    12.9998    % 
UB: 50.62656249999999
branching on CartesianIndex(1, 5) with c.
3454   930    21         44.8023    50.6266    12.9998    % 
UB: 50.62656249999999
branching on CartesianIndex(1, 6) with c.
3455   931    21         44.8023    50.6266    12.9998    % 
LB close or above UB, fathomed
3456   930    20         44.8023    50.6266    12.9998    % 
LB close or above UB, fathomed
3457   929    18         44.8023    50.6266    12.9998    % 
UB: 50.62656249999999
branching on CartesianIndex(1, 4) with c.
3458   930    15         44.8023    50.6266    12.9998    % 
UB: 50.62656249999999
branching on 3 with b.
3459   931    16         44.8023    50.6266    12.9998    % 
LB close or above UB, fathomed
3460   930    16         44.8023    50.6266    12.9998    % 
UB: 50.62656249999999
branching on CartesianIndex(3, 2) with a.
3461   931    17         44.8023    50.6266    12.9998    % 
UB: 50.62656249999999
branching on 1 with b.
3462   932    18         44.8023    50.6266    12.9998    % 
UB: 50.62656249999999
branching on CartesianIndex(4, 2) with a.
3463   933    19         44.8023    50.6266    12.9998    % 
UB: 50.62656249999999
branching on CartesianIndex(1, 3) with a.
3464   934    20         44.8023    50.6266    12.9998    % 
UB: 50.62656249999999
branching on CartesianIndex(2, 3) with a.
3465   935    21         44.8023    50.6266    12.9998    % 
LB close or above UB, fathomed
3466   934    21         44.8023    50.6266    12.9998    % 
UB: 50.62656249999999
branching on CartesianIndex(1, 4) with c.
3467   935    20         44.8023    50.6266    12.9998    % 
LB close or above UB, fathomed
3468   934    19         44.8023    50.6266    12.9998    % 
UB: 50.62656249999999
branching on CartesianIndex(1, 3) with a.
3469   935    18         44.8023    50.6266    12.9998    % 
LB close or above UB, fathomed
3470   934    17         44.8023    50.6266    12.9998    % 
UB: 50.62656249999999
branching on CartesianIndex(1, 3) with a.
3471   935    18         44.8023    50.6266    12.9998    % 
UB: 50.62656249999999
branching on CartesianIndex(2, 3) with a.
3472   936    19         44.8023    50.6266    12.9998    % 
LB close or above UB, fathomed
3473   935    19         44.8023    50.6266    12.9998    % 
UB: 50.62656249999999
branching on CartesianIndex(1, 4) with c.
3474   936    18         44.8023    50.6266    12.9998    % 
LB close or above UB, fathomed
3475   935    15         44.8023    50.6266    12.9998    % 
UB: 50.62656249999999
branching on CartesianIndex(3, 2) with a.
3476   936    16         44.8023    50.6266    12.9998    % 
UB: 50.62656249999999
branching on CartesianIndex(4, 2) with a.
3477   937    17         44.8023    50.6266    12.9998    % 
UB: 50.62656249999999
branching on CartesianIndex(1, 3) with a.
3478   938    18         44.8023    50.6266    12.9998    % 
UB: 50.62656249999999
branching on CartesianIndex(2, 3) with a.
3479   939    19         44.8023    50.6266    12.9998    % 
LB close or above UB, fathomed
3480   938    19         44.8023    50.6266    12.9998    % 
UB: 50.62656249999999
branching on 3 with b.
3481   939    18         44.8023    50.6266    12.9998    % 
LB close or above UB, fathomed
3482   938    17         44.8023    50.6266    12.9998    % 
UB: 50.62656249999999
branching on 3 with b.
3483   939    18         44.8023    50.6266    12.9998    % 
LB close or above UB, fathomed
3484   938    18         44.8023    50.6266    12.9998    % 
UB: 50.62656249999999
branching on CartesianIndex(1, 3) with a.
3485   939    19         44.8023    50.6266    12.9998    % 
UB: 50.62656249999999
branching on CartesianIndex(2, 3) with a.
3486   940    20         44.8023    50.6266    12.9998    % 
LB close or above UB, fathomed
3487   939    20         44.8023    50.6266    12.9998    % 
UB: 50.62656249999999
branching on CartesianIndex(1, 4) with c.
3488   940    19         44.8023    50.6266    12.9998    % 
LB close or above UB, fathomed
3489   939    16         44.8023    50.6266    12.9998    % 
UB: 50.62656249999999
branching on CartesianIndex(1, 3) with a.
3490   940    17         44.8023    50.6266    12.9998    % 
UB: 50.62656249999999
branching on CartesianIndex(2, 3) with a.
3491   941    18         44.8023    50.6266    12.9998    % 
LB close or above UB, fathomed
3492   940    18         44.8023    50.6266    12.9998    % 
UB: 50.62656249999999
branching on 3 with b.
3493   941    17         44.8023    50.6266    12.9998    % 
LB close or above UB, fathomed
3494   940    17         44.8023    50.6266    12.9998    % 
UB: 50.62656249999999
branching on CartesianIndex(1, 4) with c.
3495   941    18         44.8023    50.6266    12.9998    % 
LB close or above UB, fathomed
3496   940    18         44.8023    50.6266    12.9998    % 
UB: 50.62656249999999
branching on CartesianIndex(1, 5) with c.
3497   941    19         44.8023    50.6266    12.9998    % 
UB: 50.62656249999999
branching on 1 with b.
3498   942    20         44.8023    50.6266    12.9998    % 
UB: 50.62656249999999
branching on CartesianIndex(1, 6) with c.
3499   943    21         44.8023    50.6266    12.9998    % 
UB: 50.62656249999999
branching on CartesianIndex(1, 7) with c.
3500   944    22         44.8023    50.6266    12.9998    % 
LB close or above UB, fathomed
3501   943    22         44.8023    50.6266    12.9998    % 
UB: 50.62656249999999
branching on 2 with b.
3502   944    23         44.8023    50.6266    12.9998    % 
UB: 50.62656249999999
branching on 3 with b.
3503   945    24         44.8023    50.6266    12.9998    % 
UB: 50.62656249999999
branching on 1 with b.
3504   946    24         44.8023    50.6266    12.9998    % 
UB: 50.62656249999999
branching on 1 with b.
3505   947    23         44.8023    50.6266    12.9998    % 
LB close or above UB, fathomed
3506   946    21         44.8023    50.6266    12.9998    % 
LB close or above UB, fathomed
3507   945    20         44.8023    50.6266    12.9998    % 
LB close or above UB, fathomed
3508   944    19         44.8023    50.6266    12.9998    % 
LB close or above UB, fathomed
3509   943    17         44.8023    50.6266    12.9998    % 
UB: 50.62656249999999
branching on CartesianIndex(1, 4) with c.
3510   944    16         44.8023    50.6266    12.9998    % 
LB close or above UB, fathomed
3511   943    16         44.8023    50.6266    12.9998    % 
UB: 50.62656249999999
branching on CartesianIndex(1, 5) with c.
3512   944    17         44.8023    50.6266    12.9998    % 
UB: 50.62656249999999
branching on CartesianIndex(1, 6) with c.
3513   945    18         44.8023    50.6266    12.9998    % 
UB: 50.62656249999999
branching on CartesianIndex(1, 7) with c.
3514   946    18         44.8023    50.6266    12.9998    % 
UB: 50.62656249999999
branching on CartesianIndex(1, 7) with c.
3515   947    19         44.8023    50.6266    12.9998    % 
UB: 50.62656249999999
branching on 1 with b.
3516   948    20         44.8023    50.6266    12.9998    % 
UB: 50.62656249999999
branching on 2 with b.
3517   949    21         44.8023    50.6266    12.9998    % 
UB: 50.62656249999999
branching on 3 with b.
3518   950    22         44.8023    50.6266    12.9998    % 
UB: 50.62656249999999
branching on 1 with b.
3519   951    23         44.8023    50.6266    12.9998    % 
UB: 50.62656249999999
branching on 2 with b.
3520   952    23         44.8023    50.6266    12.9998    % 
LB close or above UB, fathomed
3521   951    22         44.8023    50.6266    12.9998    % 
LB close or above UB, fathomed
3522   950    21         44.8023    50.6266    12.9998    % 
LB close or above UB, fathomed
3523   949    20         44.8023    50.6266    12.9998    % 
LB close or above UB, fathomed
3524   948    19         44.8023    50.6266    12.9998    % 
LB close or above UB, fathomed
3525   947    17         44.8023    50.6266    12.9998    % 
LB close or above UB, fathomed
3526   946    16         44.8023    50.6266    12.9998    % 
LB close or above UB, fathomed
3527   945    16         44.8023    50.6266    12.9998    % 
UB: 50.62656249999999
branching on CartesianIndex(1, 6) with c.
3528   946    17         44.8023    50.6266    12.9998    % 
LB close or above UB, fathomed
3529   945    17         44.8023    50.6266    12.9998    % 
UB: 50.62656249999999
branching on CartesianIndex(1, 7) with c.
3530   946    18         44.8023    50.6266    12.9998    % 
UB: 50.62656249999999
branching on 1 with b.
3531   947    19         44.8023    50.6266    12.9998    % 
LB close or above UB, fathomed
3532   946    19         44.8023    50.6266    12.9998    % 
LB close or above UB, fathomed
3533   945    18         44.8023    50.6266    12.9998    % 
LB close or above UB, fathomed
3534   944    17         44.8023    50.6266    12.9998    % 
LB close or above UB, fathomed
3535   943    17         44.8023    50.6266    12.9998    % 
UB: 50.62656249999999
branching on 1 with b.
3536   944    18         44.8023    50.6266    12.9998    % 
UB: 50.62656249999999
branching on CartesianIndex(1, 6) with c.
3537   945    18         44.8023    50.6266    12.9998    % 
UB: 50.62656249999999
branching on 2 with b.
3538   946    20         44.8023    50.6266    12.9998    % 
LB close or above UB, fathomed
3539   945    20         44.8023    50.6266    12.9998    % 
UB: 50.62656249999999
branching on CartesianIndex(1, 7) with c.
3540   946    21         44.8023    50.6266    12.9998    % 
UB: 50.62656249999999
branching on 1 with b.
3541   947    22         44.8023    50.6266    12.9998    % 
LB close or above UB, fathomed
3542   946    22         44.8023    50.6266    12.9998    % 
LB close or above UB, fathomed
3543   945    21         44.8023    50.6266    12.9998    % 
LB close or above UB, fathomed
3544   944    20         44.8023    50.6266    12.9998    % 
UB: 50.62656249999999
branching on 3 with b.
3545   945    21         44.8023    50.6266    12.9998    % 
UB: 50.62656249999999
branching on CartesianIndex(3, 3) with a.
3546   946    21         44.8023    50.6266    12.9998    % 
LB close or above UB, fathomed
3547   945    20         44.8023    50.6266    12.9998    % 
UB: 50.62656249999999
branching on 3 with b.
3548   946    21         44.8023    50.6266    12.9998    % 
UB: 50.62656249999999
branching on CartesianIndex(3, 3) with a.
3549   947    21         44.8023    50.6266    12.9998    % 
LB close or above UB, fathomed
3550   946    17         44.8023    50.6266    12.9998    % 
LB close or above UB, fathomed
3551   945    17         44.8023    50.6266    12.9998    % 
UB: 50.62656249999999
branching on CartesianIndex(1, 6) with c.
3552   946    18         44.8023    50.6266    12.9998    % 
LB close or above UB, fathomed
3553   945    18         44.8023    50.6266    12.9998    % 
UB: 50.62656249999999
branching on CartesianIndex(1, 7) with c.
3554   946    19         44.8023    50.6266    12.9998    % 
LB close or above UB, fathomed
3555   945    19         44.8023    50.6266    12.9998    % 
LB close or above UB, fathomed
3556   944    19         44.8023    50.6266    12.9998    % 
UB: 50.62656249999999
branching on 1 with b.
3557   945    20         44.8023    50.6266    12.9998    % 
LB close or above UB, fathomed
3558   944    20         44.8023    50.6266    12.9998    % 
LB close or above UB, fathomed
3559   943    19         44.8023    50.6266    12.9998    % 
LB close or above UB, fathomed
3560   942    20         44.8023    50.6266    12.9998    % 
UB: 50.62656249999999
branching on CartesianIndex(2, 3) with a.
3561   943    21         44.8023    50.6266    12.9998    % 
LB close or above UB, fathomed
3562   942    21         44.8023    50.6266    12.9998    % 
UB: 50.62656249999999
branching on CartesianIndex(1, 4) with c.
3563   943    20         44.8023    50.6266    12.9998    % 
LB close or above UB, fathomed
3564   942    19         44.8023    50.6266    12.9998    % 
UB: 50.62656249999999
branching on CartesianIndex(1, 4) with c.
3565   943    19         44.8023    50.6266    12.9998    % 
UB: 50.62656249999999
branching on CartesianIndex(1, 4) with c.
3566   944    20         44.8023    50.6266    12.9998    % 
LB close or above UB, fathomed
3567   943    20         44.8023    50.6266    12.9998    % 
UB: 50.62656249999999
branching on CartesianIndex(1, 5) with c.
3568   944    21         44.8023    50.6266    12.9998    % 
UB: 50.62656249999999
branching on CartesianIndex(1, 6) with c.
3569   945    21         44.8023    50.6266    12.9998    % 
LB close or above UB, fathomed
3570   944    18         44.8023    50.6266    12.9998    % 
LB close or above UB, fathomed
3571   943    18         44.8023    50.6266    12.9998    % 
UB: 50.62656249999999
branching on CartesianIndex(1, 7) with c.
3572   944    19         44.8023    50.6266    12.9998    % 
UB: 50.62656249999999
branching on 1 with b.
3573   945    20         44.8023    50.6266    12.9998    % 
LB close or above UB, fathomed
3574   944    20         44.8023    50.6266    12.9998    % 
UB: 50.62656249999999
branching on 2 with b.
3575   945    21         44.8023    50.6266    12.9998    % 
LB close or above UB, fathomed
3576   944    21         44.8023    50.6266    12.9998    % 
UB: 50.62656249999999
branching on 3 with b.
3577   945    22         44.8023    50.6266    12.9998    % 
LB close or above UB, fathomed
3578   944    22         44.8023    50.6266    12.9998    % 
UB: 50.62656249999999
branching on 1 with b.
3579   945    23         44.8023    50.6266    12.9998    % 
LB close or above UB, fathomed
3580   944    23         44.8023    50.6266    12.9998    % 
UB: 50.62656249999999
branching on 2 with b.
3581   945    24         44.8023    50.6266    12.9998    % 
LB close or above UB, fathomed
3582   944    24         44.8023    50.6266    12.9998    % 
UB: 50.62656249999999
branching on 3 with b.
3583   945    19         44.8023    50.6266    12.9998    % 
LB close or above UB, fathomed
3584   944    14         44.9970    50.6266    12.5110    % 
UB: 50.62656249999999
branching on CartesianIndex(1, 5) with c.
3585   945    14         44.9970    50.6266    12.5110    % 
LB close or above UB, fathomed
3586   944    11         45.1000    50.6266    12.2540    % 
LB close or above UB, fathomed
3587   943    11         45.1000    50.6266    12.2540    % 
LB close or above UB, fathomed
3588   942    18         45.1925    50.6266    12.0242    % 
UB: 50.62656249999999
branching on 1 with b.
3589   943    18         45.1925    50.6266    12.0242    % 
LB close or above UB, fathomed
3590   942    13         45.5225    50.6266    11.2123    % 
LB close or above UB, fathomed
3591   941    13         45.5225    50.6266    11.2123    % 
LB close or above UB, fathomed
3592   940    13         45.6113    50.6266    10.9957    % 
UB: 50.62656249999999
branching on 3 with b.
3593   941    13         45.6113    50.6266    10.9957    % 
LB close or above UB, fathomed
3594   940    14         45.9117    50.6266    10.2694    % 
LB close or above UB, fathomed
3595   939    14         45.9117    50.6266    10.2694    % 
LB close or above UB, fathomed
3596   938    16         46.0382    50.6266    9.9664     % 
UB: 50.62656249999999
branching on CartesianIndex(1, 6) with c.
3597   939    17         46.0382    50.6266    9.9664     % 
LB close or above UB, fathomed
3598   938    17         46.0382    50.6266    9.9664     % 
LB close or above UB, fathomed
3599   937    16         46.0382    50.6266    9.9664     % 
LB close or above UB, fathomed
3600   936    15         46.4659    50.6266    8.9543     % 
LB close or above UB, fathomed
3601   935    15         46.4659    50.6266    8.9543     % 
UB: 50.62656249999999
branching on 3 with b.
3602   936    15         46.6899    50.6266    8.4316     % 
LB close or above UB, fathomed
3603   935    15         46.6899    50.6266    8.4316     % 
UB: 50.62656249999999
branching on CartesianIndex(1, 5) with c.
3604   936    16         46.6899    50.6266    8.4316     % 
LB close or above UB, fathomed
3605   935    16         46.6899    50.6266    8.4316     % 
UB: 50.62656249999999
branching on CartesianIndex(1, 6) with c.
3606   936    17         46.6899    50.6266    8.4316     % 
LB close or above UB, fathomed
3607   935    17         46.6899    50.6266    8.4316     % 
UB: 50.62656249999999
branching on 1 with b.
3608   936    18         46.6899    50.6266    8.4316     % 
LB close or above UB, fathomed
3609   935    18         46.6899    50.6266    8.4316     % 
UB: 50.62656249999999
branching on CartesianIndex(1, 7) with c.
3610   936    19         46.6899    50.6266    8.4316     % 
UB: 50.62656249999999
branching on 3 with b.
3611   937    20         46.6899    50.6266    8.4316     % 
LB close or above UB, fathomed
3612   936    20         46.6899    50.6266    8.4316     % 
LB close or above UB, fathomed
3613   935    19         46.6899    50.6266    8.4316     % 
LB close or above UB, fathomed
3614   934    21         46.6937    50.6266    8.4226     % 
UB: 50.62656249999999
branching on 3 with b.
3615   935    21         46.6937    50.6266    8.4226     % 
LB close or above UB, fathomed
3616   934    12         46.6937    50.6266    8.4226     % 
LB close or above UB, fathomed
3617   933    12         46.6937    50.6266    8.4226     % 
UB: 50.62656249999999
branching on CartesianIndex(1, 4) with c.
3618   934    17         46.6938    50.6266    8.4226     % 
LB close or above UB, fathomed
3619   933    17         46.6938    50.6266    8.4226     % 
UB: 50.62656249999999
branching on 1 with b.
3620   934    18         46.6938    50.6266    8.4226     % 
UB: 50.62656249999999
branching on 3 with b.
3621   935    18         46.6938    50.6266    8.4226     % 
LB close or above UB, fathomed
3622   934    17         46.6938    50.6266    8.4226     % 
LB close or above UB, fathomed
3623   933    17         46.6938    50.6266    8.4226     % 
UB: 50.62656249999999
branching on 1 with b.
3624   934    18         46.6938    50.6266    8.4226     % 
LB close or above UB, fathomed
3625   933    18         46.6938    50.6266    8.4226     % 
UB: 50.62656249999999
branching on 3 with b.
3626   934    19         46.6938    50.6266    8.4226     % 
LB close or above UB, fathomed
3627   933    19         46.6938    50.6266    8.4226     % 
LB close or above UB, fathomed
3628   932    12         46.6938    50.6266    8.4226     % 
LB close or above UB, fathomed
3629   931    12         46.6938    50.6266    8.4226     % 
UB: 50.62656249999999
branching on CartesianIndex(1, 4) with c.
3630   932    13         46.6938    50.6266    8.4226     % 
LB close or above UB, fathomed
3631   931    13         46.6938    50.6266    8.4226     % 
UB: 50.62656249999999
branching on CartesianIndex(1, 5) with c.
3632   932    14         46.6938    50.6266    8.4226     % 
UB: 50.62656249999999
branching on CartesianIndex(1, 7) with c.
3633   933    15         46.6938    50.6266    8.4226     % 
UB: 50.62656249999999
branching on 1 with b.
3634   934    16         46.6938    50.6266    8.4226     % 
UB: 50.62656249999999
branching on 2 with b.
3635   935    17         46.6938    50.6266    8.4226     % 
UB: 50.62656249999999
branching on 1 with b.
3636   936    17         46.6938    50.6266    8.4226     % 
LB close or above UB, fathomed
3637   935    16         46.6938    50.6266    8.4226     % 
LB close or above UB, fathomed
3638   934    15         46.6938    50.6266    8.4226     % 
LB close or above UB, fathomed
3639   933    14         46.6938    50.6266    8.4226     % 
LB close or above UB, fathomed
3640   932    32         46.7437    50.6266    8.3066     % 
LB close or above UB, fathomed
3641   931    32         46.7437    50.6266    8.3066     % 
UB: 50.62656249999999
branching on 1 with b.
3642   932    27         46.7437    50.6266    8.3066     % 
UB: 50.62656249999999
branching on 3 with b.
3643   933    27         46.7437    50.6266    8.3066     % 
LB close or above UB, fathomed
3644   932    32         46.7437    50.6266    8.3066     % 
UB: 50.62656249999999
branching on 3 with b.
3645   933    32         46.7437    50.6266    8.3066     % 
LB close or above UB, fathomed
3646   932    29         46.7437    50.6266    8.3066     % 
UB: 50.62656249999999
branching on 3 with b.
3647   933    29         46.7437    50.6266    8.3066     % 
LB close or above UB, fathomed
3648   932    33         46.7437    50.6266    8.3066     % 
LB close or above UB, fathomed
3649   931    33         46.7437    50.6266    8.3066     % 
LB close or above UB, fathomed
3650   930    22         46.7437    50.6266    8.3066     % 
LB close or above UB, fathomed
3651   929    22         46.7437    50.6266    8.3066     % 
UB: 50.62656249999999
branching on 1 with b.
3652   930    23         46.7437    50.6266    8.3066     % 
LB close or above UB, fathomed
3653   929    23         46.7437    50.6266    8.3066     % 
UB: 50.62656249999999
branching on 2 with b.
3654   930    21         46.7437    50.6266    8.3066     % 
UB: 50.62656249999999
branching on 3 with b.
3655   931    21         46.7437    50.6266    8.3066     % 
UB: 50.62656249999999
branching on 3 with b.
3656   932    22         46.7437    50.6266    8.3066     % 
LB close or above UB, fathomed
3657   931    22         46.7437    50.6266    8.3066     % 
UB: 50.62656249999999
branching on 1 with b.
3658   932    23         46.7437    50.6266    8.3066     % 
UB: 50.62656249999999
branching on 2 with b.
3659   933    23         46.7437    50.6266    8.3066     % 
LB close or above UB, fathomed
3660   932    25         46.7437    50.6266    8.3066     % 
LB close or above UB, fathomed
3661   931    25         46.7437    50.6266    8.3066     % 
LB close or above UB, fathomed
3662   930    25         46.7437    50.6266    8.3066     % 
UB: 50.62656249999999
branching on 3 with b.
3663   931    25         46.7437    50.6266    8.3066     % 
LB close or above UB, fathomed
3664   930    24         46.7437    50.6266    8.3066     % 
LB close or above UB, fathomed
3665   929    24         46.7437    50.6266    8.3066     % 
LB close or above UB, fathomed
3666   928    32         46.7437    50.6266    8.3066     % 
LB close or above UB, fathomed
3667   927    32         46.7437    50.6266    8.3066     % 
LB close or above UB, fathomed
3668   926    23         46.7437    50.6266    8.3066     % 
LB close or above UB, fathomed
3669   925    23         46.7437    50.6266    8.3066     % 
LB close or above UB, fathomed
3670   924    23         46.7437    50.6266    8.3066     % 
LB close or above UB, fathomed
3671   923    23         46.7437    50.6266    8.3066     % 
LB close or above UB, fathomed
3672   922    35         46.7437    50.6266    8.3066     % 
UB: 50.62656249999999
branching on 1 with b.
3673   923    36         46.7437    50.6266    8.3066     % 
UB: 50.62656249999999
branching on 2 with b.
3674   924    37         46.7437    50.6266    8.3066     % 
UB: 50.62656249999999
branching on 3 with b.
3675   925    38         46.7437    50.6266    8.3066     % 
UB: 50.62656249999999
branching on 1 with b.
3676   926    39         46.7437    50.6266    8.3066     % 
UB: 50.62656249999999
branching on 2 with b.
3677   927    39         46.7437    50.6266    8.3066     % 
UB: 50.62656249999999
branching on 2 with b.
3678   928    40         46.7437    50.6266    8.3066     % 
LB close or above UB, fathomed
3679   927    40         46.7437    50.6266    8.3066     % 
UB: 50.62656249999999
branching on 3 with b.
3680   928    41         46.7437    50.6266    8.3066     % 
UB: 50.62656249999999
branching on 1 with b.
3681   929    41         46.7437    50.6266    8.3066     % 
UB: 50.62656249999999
branching on 1 with b.
3682   930    42         46.7437    50.6266    8.3066     % 
UB: 50.62656249999999
branching on 2 with b.
3683   931    42         46.7437    50.6266    8.3066     % 
UB: 50.62656249999999
branching on 2 with b.
3684   932    43         46.7437    50.6266    8.3066     % 
LB close or above UB, fathomed
3685   931    43         46.7437    50.6266    8.3066     % 
UB: 50.62656249999999
branching on 3 with b.
3686   932    38         46.7437    50.6266    8.3066     % 
UB: 50.62656249999999
branching on 1 with b.
3687   933    37         46.7437    50.6266    8.3066     % 
UB: 50.62656249999999
branching on 3 with b.
3688   934    36         46.7437    50.6266    8.3066     % 
UB: 50.62656249999999
branching on 2 with b.
3689   935    35         46.7437    50.6266    8.3066     % 
LB close or above UB, fathomed
3690   934    32         46.7437    50.6266    8.3066     % 
LB close or above UB, fathomed
3691   933    32         46.7437    50.6266    8.3066     % 
LB close or above UB, fathomed
3692   932    32         46.7437    50.6266    8.3066     % 
UB: 50.62656249999999
branching on 2 with b.
3693   933    32         46.7437    50.6266    8.3066     % 
LB close or above UB, fathomed
3694   932    30         46.7437    50.6266    8.3066     % 
UB: 50.62656249999999
branching on 3 with b.
3695   933    31         46.7437    50.6266    8.3066     % 
LB close or above UB, fathomed
3696   932    31         46.7437    50.6266    8.3066     % 
LB close or above UB, fathomed
3697   931    30         46.7437    50.6266    8.3066     % 
LB close or above UB, fathomed
3698   930    33         46.7437    50.6266    8.3066     % 
UB: 50.62656249999999
branching on 1 with b.
3699   931    34         46.7437    50.6266    8.3066     % 
UB: 50.62656249999999
branching on 2 with b.
3700   932    35         46.7437    50.6266    8.3066     % 
UB: 50.62656249999999
branching on 3 with b.
3701   933    36         46.7437    50.6266    8.3066     % 
LB close or above UB, fathomed
3702   932    36         46.7437    50.6266    8.3066     % 
UB: 50.62656249999999
branching on 1 with b.
3703   932    35         46.7437    50.6266    8.3066     % 
UB: 50.62656249999999
branching on 3 with b.
3704   933    34         46.7437    50.6266    8.3066     % 
UB: 50.62656249999999
branching on 2 with b.
3705   934    33         46.7437    50.6266    8.3066     % 
UB: 50.62656249999999
branching on 1 with b.
3706   935    15         46.7437    50.6266    8.3066     % 
LB close or above UB, fathomed
3707   934    15         46.7437    50.6266    8.3066     % 
UB: 50.62656249999999
branching on CartesianIndex(3, 2) with a.
3708   935    25         46.7437    50.6266    8.3066     % 
LB close or above UB, fathomed
3709   934    25         46.7437    50.6266    8.3066     % 
UB: 50.62656249999999
branching on CartesianIndex(1, 7) with c.
3710   935    26         46.7437    50.6266    8.3066     % 
UB: 50.62656249999999
branching on 3 with b.
3711   936    27         46.7437    50.6266    8.3066     % 
UB: 50.62656249999999
branching on 1 with b.
3712   937    28         46.7437    50.6266    8.3066     % 
LB close or above UB, fathomed
3713   936    28         46.7437    50.6266    8.3066     % 
UB: 50.62656249999999
branching on 2 with b.
3714   937    27         46.7437    50.6266    8.3066     % 
LB close or above UB, fathomed
3715   936    26         46.7437    50.6266    8.3066     % 
LB close or above UB, fathomed
3716   935    13         46.7437    50.6266    8.3066     % 
LB close or above UB, fathomed
3717   934    13         46.7437    50.6266    8.3066     % 
LB close or above UB, fathomed
3718   933    27         46.7437    50.6266    8.3066     % 
LB close or above UB, fathomed
3719   932    27         46.7437    50.6266    8.3066     % 
LB close or above UB, fathomed
3720   931    27         46.7437    50.6266    8.3066     % 
UB: 50.62656249999999
branching on 3 with b.
3721   932    27         46.7437    50.6266    8.3066     % 
LB close or above UB, fathomed
3722   931    33         46.7437    50.6266    8.3066     % 
LB close or above UB, fathomed
3723   930    33         46.7437    50.6266    8.3066     % 
UB: 50.62656249999999
branching on 1 with b.
3724   931    31         46.7437    50.6266    8.3066     % 
LB close or above UB, fathomed
3725   930    31         46.7437    50.6266    8.3066     % 
LB close or above UB, fathomed
3726   929    35         46.7437    50.6266    8.3066     % 
LB close or above UB, fathomed
3727   928    35         46.7437    50.6266    8.3066     % 
LB close or above UB, fathomed
3728   927    20         46.7437    50.6266    8.3066     % 
LB close or above UB, fathomed
3729   926    20         46.7437    50.6266    8.3066     % 
UB: 50.62656249999999
branching on CartesianIndex(1, 4) with c.
3730   927    24         46.7437    50.6266    8.3066     % 
LB close or above UB, fathomed
3731   926    24         46.7437    50.6266    8.3066     % 
LB close or above UB, fathomed
3732   925    27         46.7437    50.6266    8.3066     % 
LB close or above UB, fathomed
3733   924    27         46.7437    50.6266    8.3066     % 
LB close or above UB, fathomed
3734   923    33         46.7437    50.6266    8.3066     % 
UB: 50.62656249999999
branching on 3 with b.
3735   924    33         46.7437    50.6266    8.3066     % 
LB close or above UB, fathomed
3736   923    33         46.7437    50.6266    8.3066     % 
UB: 50.62656249999999
branching on 3 with b.
3737   924    33         46.7437    50.6266    8.3066     % 
LB close or above UB, fathomed
3738   923    33         46.7437    50.6266    8.3066     % 
LB close or above UB, fathomed
3739   922    33         46.7437    50.6266    8.3066     % 
LB close or above UB, fathomed
3740   921    38         46.7437    50.6266    8.3066     % 
UB: 50.62656249999999
branching on 1 with b.
3741   922    39         46.7437    50.6266    8.3066     % 
UB: 50.62656249999999
branching on 2 with b.
3742   923    40         46.7437    50.6266    8.3066     % 
UB: 50.62656249999999
branching on 3 with b.
3743   924    41         46.7437    50.6266    8.3066     % 
LB close or above UB, fathomed
3744   923    41         46.7437    50.6266    8.3066     % 
LB close or above UB, fathomed
3745   922    40         46.7437    50.6266    8.3066     % 
UB: 50.62656249999999
branching on 3 with b.
3746   923    39         46.7437    50.6266    8.3066     % 
LB close or above UB, fathomed
3747   922    38         46.7437    50.6266    8.3066     % 
LB close or above UB, fathomed
3748   921    38         46.7437    50.6266    8.3066     % 
UB: 50.62656249999999
branching on 1 with b.
3749   922    39         46.7437    50.6266    8.3066     % 
UB: 50.62656249999999
branching on 2 with b.
3750   923    40         46.7437    50.6266    8.3066     % 
UB: 50.62656249999999
branching on 3 with b.
3751   924    41         46.7437    50.6266    8.3066     % 
LB close or above UB, fathomed
3752   923    41         46.7437    50.6266    8.3066     % 
LB close or above UB, fathomed
3753   922    40         46.7437    50.6266    8.3066     % 
UB: 50.62656249999999
branching on 3 with b.
3754   923    39         46.7437    50.6266    8.3066     % 
UB: 50.62656249999999
branching on 2 with b.
3755   924    40         46.7437    50.6266    8.3066     % 
UB: 50.62656249999999
branching on 3 with b.
3756   925    41         46.7437    50.6266    8.3066     % 
LB close or above UB, fathomed
3757   924    41         46.7437    50.6266    8.3066     % 
LB close or above UB, fathomed
3758   923    40         46.7437    50.6266    8.3066     % 
UB: 50.62656249999999
branching on 3 with b.
3759   924    38         46.7437    50.6266    8.3066     % 
LB close or above UB, fathomed
3760   923    19         46.7437    50.6266    8.3066     % 
UB: 50.62656249999999
branching on 2 with b.
3761   924    20         46.7437    50.6266    8.3066     % 
LB close or above UB, fathomed
3762   923    20         46.7437    50.6266    8.3066     % 
LB close or above UB, fathomed
3763   922    19         46.7437    50.6266    8.3066     % 
LB close or above UB, fathomed
3764   921    28         46.7437    50.6266    8.3066     % 
LB close or above UB, fathomed
3765   920    28         46.7437    50.6266    8.3066     % 
LB close or above UB, fathomed
3766   919    31         46.7437    50.6266    8.3066     % 
UB: 50.62656249999999
branching on 3 with b.
3767   920    31         46.7437    50.6266    8.3066     % 
LB close or above UB, fathomed
3768   919    32         46.7437    50.6266    8.3066     % 
LB close or above UB, fathomed
3769   918    32         46.7437    50.6266    8.3066     % 
LB close or above UB, fathomed
3770   917    28         46.7437    50.6266    8.3066     % 
UB: 50.62656249999999
branching on 3 with b.
3771   918    29         46.7437    50.6266    8.3066     % 
LB close or above UB, fathomed
3772   917    29         46.7437    50.6266    8.3066     % 
LB close or above UB, fathomed
3773   916    28         46.7437    50.6266    8.3066     % 
UB: 50.62656249999999
branching on 3 with b.
3774   917    29         46.7437    50.6266    8.3066     % 
LB close or above UB, fathomed
3775   916    29         46.7437    50.6266    8.3066     % 
LB close or above UB, fathomed
3776   915    29         46.7437    50.6266    8.3066     % 
UB: 50.62656249999999
branching on 3 with b.
3777   916    30         46.7437    50.6266    8.3066     % 
LB close or above UB, fathomed
3778   915    30         46.7437    50.6266    8.3066     % 
LB close or above UB, fathomed
3779   914    29         46.7437    50.6266    8.3066     % 
UB: 50.62656249999999
branching on 3 with b.
3780   915    31         46.7437    50.6266    8.3066     % 
UB: 50.62656249999999
branching on 3 with b.
3781   916    31         46.7437    50.6266    8.3066     % 
LB close or above UB, fathomed
3782   915    27         46.7437    50.6266    8.3066     % 
UB: 50.62656249999999
branching on 3 with b.
3783   916    28         46.7437    50.6266    8.3066     % 
LB close or above UB, fathomed
3784   915    28         46.7437    50.6266    8.3066     % 
UB: 50.62656249999999
branching on 1 with b.
3785   916    29         46.7437    50.6266    8.3066     % 
LB close or above UB, fathomed
3786   915    29         46.7437    50.6266    8.3066     % 
LB close or above UB, fathomed
3787   914    27         46.7437    50.6266    8.3066     % 
LB close or above UB, fathomed
3788   913    33         46.7437    50.6266    8.3066     % 
UB: 50.62656249999999
branching on 1 with b.
3789   914    34         46.7437    50.6266    8.3066     % 
UB: 50.62656249999999
branching on 2 with b.
3790   915    35         46.7437    50.6266    8.3066     % 
UB: 50.62656249999999
branching on 3 with b.
3791   916    36         46.7437    50.6266    8.3066     % 
LB close or above UB, fathomed
3792   915    36         46.7437    50.6266    8.3066     % 
UB: 50.62656249999999
branching on 1 with b.
3793   916    35         46.7437    50.6266    8.3066     % 
UB: 50.62656249999999
branching on 3 with b.
3794   917    34         46.7437    50.6266    8.3066     % 
UB: 50.62656249999999
branching on 2 with b.
3795   918    35         46.7437    50.6266    8.3066     % 
UB: 50.62656249999999
branching on 3 with b.
3796   919    36         46.7437    50.6266    8.3066     % 
LB close or above UB, fathomed
3797   918    36         46.7437    50.6266    8.3066     % 
UB: 50.62656249999999
branching on 1 with b.
3798   919    35         46.7437    50.6266    8.3066     % 
UB: 50.62656249999999
branching on 3 with b.
3799   920    33         46.7437    50.6266    8.3066     % 
UB: 50.62656249999999
branching on 1 with b.
3800   921    32         46.7437    50.6266    8.3066     % 
UB: 50.62656249999999
branching on 3 with b.
3801   922    32         46.7437    50.6266    8.3066     % 
LB close or above UB, fathomed
3802   921    36         46.7437    50.6266    8.3066     % 
UB: 50.62656249999999
branching on 1 with b.
3803   921    36         46.7437    50.6266    8.3066     % 
LB close or above UB, fathomed
3804   920    37         46.7437    50.6266    8.3066     % 
UB: 50.62656249999999
branching on 2 with b.
3805   921    38         46.7437    50.6266    8.3066     % 
LB close or above UB, fathomed
3806   920    38         46.7437    50.6266    8.3066     % 
UB: 50.62656249999999
branching on 3 with b.
3807   921    39         46.7437    50.6266    8.3066     % 
UB: 50.62656249999999
branching on 1 with b.
3808   922    39         46.7437    50.6266    8.3066     % 
LB close or above UB, fathomed
3809   921    36         46.7437    50.6266    8.3066     % 
UB: 50.62656249999999
branching on 1 with b.
3810   922    36         46.7437    50.6266    8.3066     % 
LB close or above UB, fathomed
3811   921    37         46.7437    50.6266    8.3066     % 
UB: 50.62656249999999
branching on 2 with b.
3812   922    38         46.7437    50.6266    8.3066     % 
LB close or above UB, fathomed
3813   921    38         46.7437    50.6266    8.3066     % 
UB: 50.62656249999999
branching on 3 with b.
3814   922    39         46.7437    50.6266    8.3066     % 
UB: 50.62656249999999
branching on 1 with b.
3815   923    39         46.7437    50.6266    8.3066     % 
LB close or above UB, fathomed
3816   922    37         46.7437    50.6266    8.3066     % 
UB: 50.62656249999999
branching on 2 with b.
3817   923    36         46.7437    50.6266    8.3066     % 
UB: 50.62656249999999
branching on 1 with b.
3818   924    36         46.7437    50.6266    8.3066     % 
LB close or above UB, fathomed
3819   923    37         46.7437    50.6266    8.3066     % 
UB: 50.62656249999999
branching on 2 with b.
3820   924    37         46.7437    50.6266    8.3066     % 
UB: 50.62656249999999
branching on 2 with b.
3821   925    35         46.7437    50.6266    8.3066     % 
UB: 50.62656249999999
branching on 3 with b.
3822   926    36         46.7437    50.6266    8.3066     % 
UB: 50.62656249999999
branching on 1 with b.
3823   927    36         46.7437    50.6266    8.3066     % 
LB close or above UB, fathomed
3824   926    35         46.7437    50.6266    8.3066     % 
UB: 50.62656249999999
branching on 3 with b.
3825   927    37         46.7437    50.6266    8.3066     % 
UB: 50.62656249999999
branching on 3 with b.
3826   928    38         46.7437    50.6266    8.3066     % 
UB: 50.62656249999999
branching on 1 with b.
3827   929    39         46.7437    50.6266    8.3066     % 
UB: 50.62656249999999
branching on 2 with b.
3828   930    40         46.7437    50.6266    8.3066     % 
LB close or above UB, fathomed
3829   929    40         46.7437    50.6266    8.3066     % 
UB: 50.62656249999999
branching on 3 with b.
3830   930    41         46.7437    50.6266    8.3066     % 
UB: 50.62656249999999
branching on 1 with b.
3831   931    41         46.7437    50.6266    8.3066     % 
UB: 50.62656249999999
branching on 1 with b.
3832   932    42         46.7437    50.6266    8.3066     % 
UB: 50.62656249999999
branching on 2 with b.
3833   933    43         46.7437    50.6266    8.3066     % 
LB close or above UB, fathomed
3834   932    43         46.7437    50.6266    8.3066     % 
UB: 50.62656249999999
branching on 3 with b.
3835   933    42         46.7437    50.6266    8.3066     % 
UB: 50.62656249999999
branching on 2 with b.
3836   934    39         46.7437    50.6266    8.3066     % 
UB: 50.62656249999999
branching on 2 with b.
3837   935    38         46.7437    50.6266    8.3066     % 
LB close or above UB, fathomed
3838   934    37         46.7437    50.6266    8.3066     % 
UB: 50.62656249999999
branching on 3 with b.
3839   935    38         46.7437    50.6266    8.3066     % 
UB: 50.62656249999999
branching on 1 with b.
3840   935    39         46.7437    50.6266    8.3066     % 
UB: 50.62656249999999
branching on 2 with b.
3841   936    40         46.7437    50.6266    8.3066     % 
UB: 50.62656249999999
branching on 3 with b.
3842   937    41         46.7437    50.6266    8.3066     % 
UB: 50.62656249999999
branching on 1 with b.
3843   938    41         46.7437    50.6266    8.3066     % 
UB: 50.62656249999999
branching on 1 with b.
3844   939    42         46.7437    50.6266    8.3066     % 
UB: 50.62656249999999
branching on 2 with b.
3845   940    42         46.7437    50.6266    8.3066     % 
UB: 50.62656249999999
branching on 2 with b.
3846   941    40         46.7437    50.6266    8.3066     % 
UB: 50.62656249999999
branching on 3 with b.
3847   942    38         46.7437    50.6266    8.3066     % 
LB close or above UB, fathomed
3848   941    43         46.7437    50.6266    8.3066     % 
LB close or above UB, fathomed
3849   940    43         46.7437    50.6266    8.3066     % 
UB: 50.62656249999999
branching on 3 with b.
3850   941    43         46.7437    50.6266    8.3066     % 
LB close or above UB, fathomed
3851   940    43         46.7437    50.6266    8.3066     % 
UB: 50.62656249999999
branching on 3 with b.
3852   941    42         46.7437    50.6266    8.3066     % 
UB: 50.62656249999999
branching on 2 with b.
3853   942    42         46.7437    50.6266    8.3066     % 
UB: 50.62656249999999
branching on 2 with b.
3854   943    38         46.7437    50.6266    8.3066     % 
UB: 50.62656249999999
branching on 1 with b.
3855   944    39         46.7437    50.6266    8.3066     % 
UB: 50.62656249999999
branching on 2 with b.
3856   945    40         46.7437    50.6266    8.3066     % 
UB: 50.62656249999999
branching on 3 with b.
3857   946    41         46.7437    50.6266    8.3066     % 
UB: 50.62656249999999
branching on 1 with b.
3858   947    41         46.7437    50.6266    8.3066     % 
UB: 50.62656249999999
branching on 1 with b.
3859   948    42         46.7437    50.6266    8.3066     % 
UB: 50.62656249999999
branching on 2 with b.
3860   949    42         46.7437    50.6266    8.3066     % 
UB: 50.62656249999999
branching on 2 with b.
3861   950    40         46.7437    50.6266    8.3066     % 
UB: 50.62656249999999
branching on 3 with b.
3862   951    39         46.7437    50.6266    8.3066     % 
UB: 50.62656249999999
branching on 2 with b.
3863   952    38         46.7437    50.6266    8.3066     % 
LB close or above UB, fathomed
3864   951    40         46.7437    50.6266    8.3066     % 
LB close or above UB, fathomed
3865   950    40         46.7437    50.6266    8.3066     % 
UB: 50.62656249999999
branching on 3 with b.
3866   951    41         46.7437    50.6266    8.3066     % 
UB: 50.62656249999999
branching on 1 with b.
3867   952    41         46.7437    50.6266    8.3066     % 
UB: 50.62656249999999
branching on 1 with b.
3868   953    42         46.7437    50.6266    8.3066     % 
UB: 50.62656249999999
branching on 2 with b.
3869   954    43         46.7437    50.6266    8.3066     % 
LB close or above UB, fathomed
3870   953    43         46.7437    50.6266    8.3066     % 
UB: 50.62656249999999
branching on 3 with b.
3871   954    42         46.7437    50.6266    8.3066     % 
UB: 50.62656249999999
branching on 2 with b.
3872   955    43         46.7437    50.6266    8.3066     % 
LB close or above UB, fathomed
3873   954    43         46.7437    50.6266    8.3066     % 
UB: 50.62656249999999
branching on 3 with b.
3874   955    43         46.7437    50.6266    8.3066     % 
LB close or above UB, fathomed
3875   954    43         46.7437    50.6266    8.3066     % 
UB: 50.62656249999999
branching on 3 with b.
3876   955    43         46.7437    50.6266    8.3066     % 
LB close or above UB, fathomed
3877   954    43         46.7437    50.6266    8.3066     % 
UB: 50.62656249999999
branching on 3 with b.
3878   955    42         46.7437    50.6266    8.3066     % 
UB: 50.62656249999999
branching on 2 with b.
3879   956    42         46.7437    50.6266    8.3066     % 
UB: 50.62656249999999
branching on 2 with b.
3880   957    37         46.7437    50.6266    8.3066     % 
UB: 50.62656249999999
branching on 3 with b.
3881   958    38         46.7437    50.6266    8.3066     % 
UB: 50.62656249999999
branching on 1 with b.
3882   959    39         46.7437    50.6266    8.3066     % 
UB: 50.62656249999999
branching on 2 with b.
3883   960    39         46.7437    50.6266    8.3066     % 
UB: 50.62656249999999
branching on 2 with b.
3884   961    40         46.7437    50.6266    8.3066     % 
LB close or above UB, fathomed
3885   960    40         46.7437    50.6266    8.3066     % 
UB: 50.62656249999999
branching on 3 with b.
3886   961    41         46.7437    50.6266    8.3066     % 
UB: 50.62656249999999
branching on 1 with b.
3887   961    41         46.7437    50.6266    8.3066     % 
UB: 50.62656249999999
branching on 1 with b.
3888   961    42         46.7437    50.6266    8.3066     % 
UB: 50.62656249999999
branching on 2 with b.
3889   962    43         46.7437    50.6266    8.3066     % 
LB close or above UB, fathomed
3890   961    43         46.7437    50.6266    8.3066     % 
UB: 50.62656249999999
branching on 3 with b.
3891   962    38         46.7437    50.6266    8.3066     % 
LB close or above UB, fathomed
3892   961    37         46.7437    50.6266    8.3066     % 
UB: 50.62656249999999
branching on 3 with b.
3893   962    15         46.7437    50.6266    8.3066     % 
LB close or above UB, fathomed
3894   961    15         46.7437    50.6266    8.3066     % 
UB: 50.62656249999999
branching on 2 with b.
3895   962    15         46.7437    50.6266    8.3066     % 
UB: 50.62656249999999
branching on CartesianIndex(3, 3) with a.
3896   963    15         46.7437    50.6266    8.3066     % 
LB close or above UB, fathomed
3897   962    33         46.7437    50.6266    8.3066     % 
LB close or above UB, fathomed
3898   961    33         46.7437    50.6266    8.3066     % 
UB: 50.62656249999999
branching on 3 with b.
3899   962    34         46.7437    50.6266    8.3066     % 
LB close or above UB, fathomed
3900   961    34         46.7437    50.6266    8.3066     % 
LB close or above UB, fathomed
3901   960    33         46.7437    50.6266    8.3066     % 
UB: 50.62656249999999
branching on 3 with b.
3902   961    34         46.7437    50.6266    8.3066     % 
LB close or above UB, fathomed
3903   960    34         46.7437    50.6266    8.3066     % 
LB close or above UB, fathomed
3904   959    33         46.7437    50.6266    8.3066     % 
LB close or above UB, fathomed
3905   958    19         46.7437    50.6266    8.3066     % 
UB: 50.62656249999999
branching on 2 with b.
3906   959    19         46.7437    50.6266    8.3066     % 
LB close or above UB, fathomed
3907   958    34         46.7437    50.6266    8.3066     % 
LB close or above UB, fathomed
3908   957    34         46.7437    50.6266    8.3066     % 
LB close or above UB, fathomed
3909   956    32         46.7437    50.6266    8.3066     % 
LB close or above UB, fathomed
3910   955    32         46.7437    50.6266    8.3066     % 
UB: 50.62656249999999
branching on 1 with b.
3911   956    13         46.7437    50.6266    8.3066     % 
LB close or above UB, fathomed
3912   955    13         46.7437    50.6266    8.3066     % 
LB close or above UB, fathomed
3913   954    29         46.7437    50.6266    8.3066     % 
UB: 50.62656249999999
branching on 2 with b.
3914   954    29         46.7437    50.6266    8.3066     % 
LB close or above UB, fathomed
3915   953    29         46.7437    50.6266    8.3066     % 
UB: 50.62656249999999
branching on 2 with b.
3916   954    29         46.7437    50.6266    8.3066     % 
LB close or above UB, fathomed
3917   953    26         46.7437    50.6266    8.3066     % 
UB: 50.62656249999999
branching on 2 with b.
3918   953    26         46.7437    50.6266    8.3066     % 
LB close or above UB, fathomed
3919   952    26         46.7437    50.6266    8.3066     % 
UB: 50.62656249999999
branching on 2 with b.
3920   953    26         46.7437    50.6266    8.3066     % 
LB close or above UB, fathomed
3921   952    26         46.7437    50.6266    8.3066     % 
UB: 50.62656249999999
branching on 2 with b.
3922   953    26         46.7437    50.6266    8.3066     % 
LB close or above UB, fathomed
3923   952    26         46.7437    50.6266    8.3066     % 
UB: 50.62656249999999
branching on 2 with b.
3924   952    26         46.7437    50.6266    8.3066     % 
LB close or above UB, fathomed
3925   951    26         46.7437    50.6266    8.3066     % 
UB: 50.62656249999999
branching on 2 with b.
3926   952    26         46.7437    50.6266    8.3066     % 
LB close or above UB, fathomed
3927   951    29         46.7437    50.6266    8.3066     % 
UB: 50.62656249999999
branching on 2 with b.
3928   952    29         46.7437    50.6266    8.3066     % 
LB close or above UB, fathomed
3929   951    29         46.7437    50.6266    8.3066     % 
UB: 50.62656249999999
branching on 2 with b.
3930   952    29         46.7437    50.6266    8.3066     % 
LB close or above UB, fathomed
3931   951    29         46.7437    50.6266    8.3066     % 
UB: 50.62656249999999
branching on 2 with b.
3932   952    29         46.7437    50.6266    8.3066     % 
LB close or above UB, fathomed
3933   951    29         46.7437    50.6266    8.3066     % 
UB: 50.62656249999999
branching on 2 with b.
3934   952    29         46.7437    50.6266    8.3066     % 
LB close or above UB, fathomed
3935   951    29         46.7437    50.6266    8.3066     % 
UB: 50.62656249999999
branching on 2 with b.
3936   952    29         46.7437    50.6266    8.3066     % 
LB close or above UB, fathomed
3937   951    29         46.7437    50.6266    8.3066     % 
UB: 50.62656249999999
branching on 2 with b.
3938   952    29         46.7437    50.6266    8.3066     % 
LB close or above UB, fathomed
3939   951    29         46.7437    50.6266    8.3066     % 
UB: 50.62656249999999
branching on 2 with b.
3940   952    29         46.7437    50.6266    8.3066     % 
LB close or above UB, fathomed
3941   951    29         46.7437    50.6266    8.3066     % 
UB: 50.62656249999999
branching on 2 with b.
3942   952    29         46.7437    50.6266    8.3066     % 
LB close or above UB, fathomed
3943   951    23         46.7437    50.6266    8.3066     % 
LB close or above UB, fathomed
3944   950    23         46.7437    50.6266    8.3066     % 
UB: 50.62656249999999
branching on 1 with b.
3945   951    24         46.7437    50.6266    8.3066     % 
LB close or above UB, fathomed
3946   950    24         46.7437    50.6266    8.3066     % 
UB: 50.62656249999999
branching on 2 with b.
3947   951    25         46.7437    50.6266    8.3066     % 
UB: 50.62656249999999
branching on 3 with b.
3948   952    26         46.7437    50.6266    8.3066     % 
LB close or above UB, fathomed
3949   951    26         46.7437    50.6266    8.3066     % 
LB close or above UB, fathomed
3950   950    25         46.7437    50.6266    8.3066     % 
UB: 50.62656249999999
branching on 3 with b.
3951   951    26         46.7437    50.6266    8.3066     % 
LB close or above UB, fathomed
3952   950    26         46.7437    50.6266    8.3066     % 
LB close or above UB, fathomed
3953   949    26         46.7437    50.6266    8.3066     % 
LB close or above UB, fathomed
3954   948    26         46.7437    50.6266    8.3066     % 
LB close or above UB, fathomed
3955   947    26         46.7437    50.6266    8.3066     % 
UB: 50.62656249999999
branching on 2 with b.
3956   948    26         46.7437    50.6266    8.3066     % 
LB close or above UB, fathomed
3957   947    26         46.7437    50.6266    8.3066     % 
UB: 50.62656249999999
branching on 2 with b.
3958   948    26         46.7437    50.6266    8.3066     % 
LB close or above UB, fathomed
3959   947    33         46.7437    50.6266    8.3066     % 
LB close or above UB, fathomed
3960   946    33         46.7437    50.6266    8.3066     % 
UB: 50.62656249999999
branching on 3 with b.
3961   947    34         46.7437    50.6266    8.3066     % 
LB close or above UB, fathomed
3962   946    34         46.7437    50.6266    8.3066     % 
LB close or above UB, fathomed
3963   945    30         46.7437    50.6266    8.3066     % 
LB close or above UB, fathomed
3964   944    30         46.7437    50.6266    8.3066     % 
UB: 50.62656249999999
branching on 3 with b.
3965   945    31         46.7437    50.6266    8.3066     % 
UB: 50.62656249999999
branching on 1 with b.
3966   946    32         46.7437    50.6266    8.3066     % 
UB: 50.62656249999999
branching on 2 with b.
3967   947    33         46.7437    50.6266    8.3066     % 
LB close or above UB, fathomed
3968   946    33         46.7437    50.6266    8.3066     % 
UB: 50.62656249999999
branching on 3 with b.
3969   947    32         46.7437    50.6266    8.3066     % 
UB: 50.62656249999999
branching on 2 with b.
3970   948    31         46.7437    50.6266    8.3066     % 
LB close or above UB, fathomed
3971   947    26         46.7437    50.6266    8.3066     % 
UB: 50.62656249999999
branching on 2 with b.
3972   948    26         46.7437    50.6266    8.3066     % 
LB close or above UB, fathomed
3973   947    27         46.7437    50.6266    8.3066     % 
UB: 50.62656249999999
branching on 1 with b.
3974   948    28         46.7437    50.6266    8.3066     % 
LB close or above UB, fathomed
3975   947    28         46.7437    50.6266    8.3066     % 
LB close or above UB, fathomed
3976   946    27         46.7437    50.6266    8.3066     % 
LB close or above UB, fathomed
3977   945    29         46.7437    50.6266    8.3066     % 
UB: 50.62656249999999
branching on 2 with b.
3978   946    29         46.7437    50.6266    8.3066     % 
LB close or above UB, fathomed
3979   945    27         46.7437    50.6266    8.3066     % 
UB: 50.62656249999999
branching on 2 with b.
3980   946    27         46.7437    50.6266    8.3066     % 
LB close or above UB, fathomed
3981   945    26         46.7437    50.6266    8.3066     % 
UB: 50.62656249999999
branching on 2 with b.
3982   946    26         46.7437    50.6266    8.3066     % 
LB close or above UB, fathomed
3983   945    26         46.7437    50.6266    8.3066     % 
UB: 50.62656249999999
branching on 2 with b.
3984   946    26         46.7437    50.6266    8.3066     % 
LB close or above UB, fathomed
3985   945    27         46.7437    50.6266    8.3066     % 
UB: 50.62656249999999
branching on 2 with b.
3986   946    27         46.7437    50.6266    8.3066     % 
LB close or above UB, fathomed
3987   945    28         46.7437    50.6266    8.3066     % 
UB: 50.62656249999999
branching on 2 with b.
3988   946    28         46.7437    50.6266    8.3066     % 
LB close or above UB, fathomed
3989   945    28         46.7437    50.6266    8.3066     % 
UB: 50.62656249999999
branching on 2 with b.
3990   946    28         46.7437    50.6266    8.3066     % 
LB close or above UB, fathomed
3991   945    28         46.7437    50.6266    8.3066     % 
UB: 50.62656249999999
branching on 2 with b.
3992   946    29         46.7437    50.6266    8.3066     % 
LB close or above UB, fathomed
3993   945    29         46.7437    50.6266    8.3066     % 
LB close or above UB, fathomed
3994   944    28         46.7437    50.6266    8.3066     % 
LB close or above UB, fathomed
3995   943    30         46.7437    50.6266    8.3066     % 
LB close or above UB, fathomed
3996   942    30         46.7437    50.6266    8.3066     % 
LB close or above UB, fathomed
3997   941    16         46.7437    50.6266    8.3066     % 
UB: 50.62656249999999
branching on 2 with b.
3998   942    16         46.7437    50.6266    8.3066     % 
LB close or above UB, fathomed
3999   941    29         46.7437    50.6266    8.3066     % 
UB: 50.62656249999999
branching on 2 with b.
4000   942    29         46.7437    50.6266    8.3066     % 
LB close or above UB, fathomed
4001   941    29         46.7437    50.6266    8.3066     % 
UB: 50.62656249999999
branching on 2 with b.
4002   942    29         46.7437    50.6266    8.3066     % 
LB close or above UB, fathomed
4003   941    29         46.7437    50.6266    8.3066     % 
UB: 50.62656249999999
branching on 2 with b.
4004   942    29         46.7437    50.6266    8.3066     % 
LB close or above UB, fathomed
4005   941    32         46.7437    50.6266    8.3066     % 
LB close or above UB, fathomed
4006   940    32         46.7437    50.6266    8.3066     % 
UB: 50.62656249999999
branching on 2 with b.
4007   941    33         46.7437    50.6266    8.3066     % 
UB: 50.62656249999999
branching on 3 with b.
4008   942    33         46.7437    50.6266    8.3066     % 
LB close or above UB, fathomed
4009   941    27         46.7437    50.6266    8.3066     % 
UB: 50.62656249999999
branching on 2 with b.
4010   942    27         46.7437    50.6266    8.3066     % 
LB close or above UB, fathomed
4011   941    27         46.7437    50.6266    8.3066     % 
UB: 50.62656249999999
branching on 2 with b.
4012   942    27         46.7437    50.6266    8.3066     % 
LB close or above UB, fathomed
4013   941    29         46.7437    50.6266    8.3066     % 
UB: 50.62656249999999
branching on 2 with b.
4014   942    29         46.7437    50.6266    8.3066     % 
LB close or above UB, fathomed
4015   941    29         46.7437    50.6266    8.3066     % 
UB: 50.62656249999999
branching on 2 with b.
4016   942    29         46.7437    50.6266    8.3066     % 
LB close or above UB, fathomed
4017   941    29         46.7437    50.6266    8.3066     % 
UB: 50.62656249999999
branching on 2 with b.
4018   942    29         46.7437    50.6266    8.3066     % 
LB close or above UB, fathomed
4019   941    28         46.7437    50.6266    8.3066     % 
UB: 50.62656249999999
branching on 2 with b.
4020   942    28         46.7437    50.6266    8.3066     % 
LB close or above UB, fathomed
4021   941    28         46.7437    50.6266    8.3066     % 
UB: 50.62656249999999
branching on 2 with b.
4022   942    28         46.7437    50.6266    8.3066     % 
LB close or above UB, fathomed
4023   941    28         46.7437    50.6266    8.3066     % 
UB: 50.62656249999999
branching on 2 with b.
4024   942    28         46.7437    50.6266    8.3066     % 
LB close or above UB, fathomed
4025   941    28         46.7437    50.6266    8.3066     % 
UB: 50.62656249999999
branching on 2 with b.
4026   942    28         46.7437    50.6266    8.3066     % 
LB close or above UB, fathomed
4027   941    27         46.7437    50.6266    8.3066     % 
UB: 50.62656249999999
branching on 2 with b.
4028   942    27         46.7437    50.6266    8.3066     % 
LB close or above UB, fathomed
4029   941    27         46.7437    50.6266    8.3066     % 
UB: 50.62656249999999
branching on 2 with b.
4030   942    27         46.7437    50.6266    8.3066     % 
LB close or above UB, fathomed
4031   941    27         46.7437    50.6266    8.3066     % 
UB: 50.62656249999999
branching on 2 with b.
4032   942    27         46.7437    50.6266    8.3066     % 
LB close or above UB, fathomed
4033   941    27         46.7437    50.6266    8.3066     % 
UB: 50.62656249999999
branching on 2 with b.
4034   942    27         46.7437    50.6266    8.3066     % 
LB close or above UB, fathomed
4035   941    28         46.7437    50.6266    8.3066     % 
UB: 50.62656249999999
branching on 2 with b.
4036   942    28         46.7437    50.6266    8.3066     % 
LB close or above UB, fathomed
4037   941    28         46.7437    50.6266    8.3066     % 
LB close or above UB, fathomed
4038   940    28         46.7437    50.6266    8.3066     % 
UB: 50.62656249999999
branching on 3 with b.
4039   941    29         46.7437    50.6266    8.3066     % 
LB close or above UB, fathomed
4040   940    29         46.7437    50.6266    8.3066     % 
LB close or above UB, fathomed
4041   939    28         46.7437    50.6266    8.3066     % 
LB close or above UB, fathomed
4042   938    28         46.7437    50.6266    8.3066     % 
UB: 50.62656249999999
branching on 3 with b.
4043   939    29         46.7437    50.6266    8.3066     % 
UB: 50.62656249999999
branching on 1 with b.
4044   940    30         46.7437    50.6266    8.3066     % 
LB close or above UB, fathomed
4045   939    30         46.7437    50.6266    8.3066     % 
UB: 50.62656249999999
branching on 2 with b.
4046   940    31         46.7437    50.6266    8.3066     % 
LB close or above UB, fathomed
4047   939    31         46.7437    50.6266    8.3066     % 
UB: 50.62656249999999
branching on 3 with b.
4048   940    32         46.7437    50.6266    8.3066     % 
LB close or above UB, fathomed
4049   939    32         46.7437    50.6266    8.3066     % 
UB: 50.62656249999999
branching on 1 with b.
4050   940    29         46.7437    50.6266    8.3066     % 
LB close or above UB, fathomed
4051   939    26         46.7437    50.6266    8.3066     % 
LB close or above UB, fathomed
4052   938    26         46.7437    50.6266    8.3066     % 
LB close or above UB, fathomed
4053   937    20         46.7437    50.6266    8.3066     % 
LB close or above UB, fathomed
4054   936    20         46.7437    50.6266    8.3066     % 
UB: 50.62656249999999
branching on CartesianIndex(1, 5) with c.
4055   937    21         46.7437    50.6266    8.3066     % 
UB: 50.62656249999999
branching on CartesianIndex(1, 6) with c.
4056   938    21         46.7437    50.6266    8.3066     % 
UB: 50.62656249999999
branching on CartesianIndex(1, 6) with c.
4057   939    20         46.7437    50.6266    8.3066     % 
LB close or above UB, fathomed
4058   938    20         46.7437    50.6266    8.3066     % 
UB: 50.62656249999999
branching on CartesianIndex(1, 5) with c.
4059   939    21         46.7437    50.6266    8.3066     % 
UB: 50.62656249999999
branching on CartesianIndex(1, 6) with c.
4060   940    21         46.7437    50.6266    8.3066     % 
UB: 50.62656249999999
branching on CartesianIndex(1, 6) with c.
4061   941    28         46.7437    50.6266    8.3066     % 
LB close or above UB, fathomed
4062   940    28         46.7437    50.6266    8.3066     % 
UB: 50.62656249999999
branching on 1 with b.
4063   941    27         46.7437    50.6266    8.3066     % 
UB: 50.62656249999999
branching on 1 with b.
4064   942    28         46.7437    50.6266    8.3066     % 
UB: 50.62656249999999
branching on 2 with b.
4065   943    28         46.7437    50.6266    8.3066     % 
LB close or above UB, fathomed
4066   942    27         46.7437    50.6266    8.3066     % 
LB close or above UB, fathomed
4067   941    36         46.7437    50.6266    8.3066     % 
UB: 50.62656249999999
branching on 2 with b.
4068   942    36         46.7437    50.6266    8.3066     % 
UB: 50.62656249999999
branching on 2 with b.
4069   943    37         46.7437    50.6266    8.3066     % 
UB: 50.62656249999999
branching on 3 with b.
4070   944    38         46.7437    50.6266    8.3066     % 
UB: 50.62656249999999
branching on 1 with b.
4071   945    38         46.7437    50.6266    8.3066     % 
LB close or above UB, fathomed
4072   944    37         46.7437    50.6266    8.3066     % 
UB: 50.62656249999999
branching on 3 with b.
4073   945    36         46.7437    50.6266    8.3066     % 
UB: 50.62656249999999
branching on 2 with b.
4074   946    36         46.7437    50.6266    8.3066     % 
UB: 50.62656249999999
branching on 2 with b.
4075   947    37         46.7437    50.6266    8.3066     % 
UB: 50.62656249999999
branching on 3 with b.
4076   948    38         46.7437    50.6266    8.3066     % 
UB: 50.62656249999999
branching on 1 with b.
4077   949    38         46.7437    50.6266    8.3066     % 
LB close or above UB, fathomed
4078   948    37         46.7437    50.6266    8.3066     % 
UB: 50.62656249999999
branching on 3 with b.
4079   949    29         46.7437    50.6266    8.3066     % 
UB: 50.62656249999999
branching on 2 with b.
4080   950    29         46.7437    50.6266    8.3066     % 
LB close or above UB, fathomed
4081   949    28         46.7437    50.6266    8.3066     % 
LB close or above UB, fathomed
4082   948    28         46.7437    50.6266    8.3066     % 
UB: 50.62656249999999
branching on 1 with b.
4083   949    27         46.7437    50.6266    8.3066     % 
LB close or above UB, fathomed
4084   948    27         46.7437    50.6266    8.3066     % 
UB: 50.62656249999999
branching on 1 with b.
4085   949    28         46.7437    50.6266    8.3066     % 
UB: 50.62656249999999
branching on 2 with b.
4086   950    28         46.7437    50.6266    8.3066     % 
UB: 50.62656249999999
branching on 2 with b.
4087   951    28         46.7437    50.6266    8.3066     % 
UB: 50.62656249999999
branching on 2 with b.
4088   952    28         46.7437    50.6266    8.3066     % 
LB close or above UB, fathomed
4089   951    28         46.7437    50.6266    8.3066     % 
UB: 50.62656249999999
branching on 2 with b.
4090   952    28         46.7437    50.6266    8.3066     % 
LB close or above UB, fathomed
4091   951    28         46.7437    50.6266    8.3066     % 
UB: 50.62656249999999
branching on 2 with b.
4092   952    28         46.7437    50.6266    8.3066     % 
LB close or above UB, fathomed
4093   951    30         46.7437    50.6266    8.3066     % 
UB: 50.62656249999999
branching on 2 with b.
4094   952    30         46.7437    50.6266    8.3066     % 
LB close or above UB, fathomed
4095   951    28         46.7437    50.6266    8.3066     % 
UB: 50.62656249999999
branching on 2 with b.
4096   952    28         46.7437    50.6266    8.3066     % 
LB close or above UB, fathomed
4097   951    26         46.7437    50.6266    8.3066     % 
LB close or above UB, fathomed
4098   950    26         46.7437    50.6266    8.3066     % 
UB: 50.62656249999999
branching on 1 with b.
4099   951    27         46.7437    50.6266    8.3066     % 
UB: 50.62656249999999
branching on 2 with b.
4100   952    27         46.7437    50.6266    8.3066     % 
LB close or above UB, fathomed
4101   951    28         46.7437    50.6266    8.3066     % 
UB: 50.62656249999999
branching on 2 with b.
4102   952    28         46.7437    50.6266    8.3066     % 
LB close or above UB, fathomed
4103   951    11         46.7437    50.6266    8.3066     % 
LB close or above UB, fathomed
4104   950    11         46.7437    50.6266    8.3066     % 
UB: 50.62656249999999
branching on CartesianIndex(1, 4) with c.
4105   951    12         46.7437    50.6266    8.3066     % 
LB close or above UB, fathomed
4106   950    12         46.7437    50.6266    8.3066     % 
UB: 50.62656249999999
branching on CartesianIndex(1, 5) with c.
4107   951    13         46.7437    50.6266    8.3066     % 
UB: 50.62656249999999
branching on CartesianIndex(1, 6) with c.
4108   952    14         46.7437    50.6266    8.3066     % 
LB close or above UB, fathomed
4109   951    14         46.7437    50.6266    8.3066     % 
UB: 50.62656249999999
branching on CartesianIndex(1, 7) with c.
4110   952    15         46.7437    50.6266    8.3066     % 
UB: 50.62656249999999
branching on 2 with b.
4111   953    16         46.7437    50.6266    8.3066     % 
LB close or above UB, fathomed
4112   952    16         46.7437    50.6266    8.3066     % 
UB: 50.62656249999999
branching on 3 with b.
4113   953    15         46.7437    50.6266    8.3066     % 
LB close or above UB, fathomed
4114   952    13         46.7437    50.6266    8.3066     % 
UB: 50.62656249999999
branching on 2 with b.
4115   953    31         46.7437    50.6266    8.3066     % 
LB close or above UB, fathomed
4116   952    31         46.7437    50.6266    8.3066     % 
UB: 50.62656249999999
branching on 3 with b.
4117   953    32         46.7437    50.6266    8.3066     % 
LB close or above UB, fathomed
4118   952    32         46.7437    50.6266    8.3066     % 
LB close or above UB, fathomed
4119   951    26         46.7437    50.6266    8.3066     % 
LB close or above UB, fathomed
4120   950    26         46.7437    50.6266    8.3066     % 
LB close or above UB, fathomed
4121   949    28         46.7437    50.6266    8.3066     % 
UB: 50.62656249999999
branching on 3 with b.
4122   950    29         46.7437    50.6266    8.3066     % 
LB close or above UB, fathomed
4123   949    29         46.7437    50.6266    8.3066     % 
LB close or above UB, fathomed
4124   948    28         46.7437    50.6266    8.3066     % 
LB close or above UB, fathomed
4125   947    34         46.7437    50.6266    8.3066     % 
LB close or above UB, fathomed
4126   946    34         46.7437    50.6266    8.3066     % 
UB: 50.62656249999999
branching on 3 with b.
4127   947    35         46.7437    50.6266    8.3066     % 
LB close or above UB, fathomed
4128   946    35         46.7437    50.6266    8.3066     % 
LB close or above UB, fathomed
4129   945    27         46.7437    50.6266    8.3066     % 
UB: 50.62656249999999
branching on 3 with b.
4130   946    28         46.7437    50.6266    8.3066     % 
LB close or above UB, fathomed
4131   945    28         46.7437    50.6266    8.3066     % 
UB: 50.62656249999999
branching on 1 with b.
4132   946    27         46.7437    50.6266    8.3066     % 
LB close or above UB, fathomed
4133   945    29         46.7437    50.6266    8.3066     % 
LB close or above UB, fathomed
4134   944    29         46.7437    50.6266    8.3066     % 
LB close or above UB, fathomed
4135   943    20         46.7437    50.6266    8.3066     % 
LB close or above UB, fathomed
4136   942    20         46.7437    50.6266    8.3066     % 
LB close or above UB, fathomed
4137   941    15         46.7437    50.6266    8.3066     % 
LB close or above UB, fathomed
4138   940    15         46.7437    50.6266    8.3066     % 
UB: 50.62656249999999
branching on 1 with b.
4139   941    15         46.7437    50.6266    8.3066     % 
LB close or above UB, fathomed
4140   940    15         46.7437    50.6266    8.3066     % 
UB: 50.62656249999999
branching on CartesianIndex(3, 3) with a.
4141   941    27         46.7437    50.6266    8.3066     % 
LB close or above UB, fathomed
4142   940    27         46.7437    50.6266    8.3066     % 
LB close or above UB, fathomed
4143   939    29         46.7437    50.6266    8.3066     % 
UB: 50.62656249999999
branching on 3 with b.
4144   940    30         46.7437    50.6266    8.3066     % 
LB close or above UB, fathomed
4145   939    30         46.7437    50.6266    8.3066     % 
LB close or above UB, fathomed
4146   938    29         46.7437    50.6266    8.3066     % 
UB: 50.62656249999999
branching on 3 with b.
4147   939    30         46.7437    50.6266    8.3066     % 
LB close or above UB, fathomed
4148   938    30         46.7437    50.6266    8.3066     % 
LB close or above UB, fathomed
4149   937    23         46.7437    50.6266    8.3066     % 
LB close or above UB, fathomed
4150   936    23         46.7437    50.6266    8.3066     % 
UB: 50.62656249999999
branching on 1 with b.
4151   937    24         46.7437    50.6266    8.3066     % 
LB close or above UB, fathomed
4152   936    24         46.7437    50.6266    8.3066     % 
LB close or above UB, fathomed
4153   935    36         46.7437    50.6266    8.3066     % 
UB: 50.62656249999999
branching on 2 with b.
4154   936    37         46.7437    50.6266    8.3066     % 
UB: 50.62656249999999
branching on 3 with b.
4155   937    38         46.7437    50.6266    8.3066     % 
UB: 50.62656249999999
branching on 1 with b.
4156   938    38         46.7437    50.6266    8.3066     % 
UB: 50.62656249999999
branching on 1 with b.
4157   939    37         46.7437    50.6266    8.3066     % 
UB: 50.62656249999999
branching on 3 with b.
4158   940    36         46.7437    50.6266    8.3066     % 
UB: 50.62656249999999
branching on 2 with b.
4159   941    37         46.7437    50.6266    8.3066     % 
UB: 50.62656249999999
branching on 3 with b.
4160   942    38         46.7437    50.6266    8.3066     % 
UB: 50.62656249999999
branching on 1 with b.
4161   943    38         46.7437    50.6266    8.3066     % 
UB: 50.62656249999999
branching on 1 with b.
4162   944    37         46.7437    50.6266    8.3066     % 
UB: 50.62656249999999
branching on 3 with b.
4163   945    34         46.7437    50.6266    8.3066     % 
UB: 50.62656249999999
branching on 2 with b.
4164   946    34         46.7437    50.6266    8.3066     % 
UB: 50.62656249999999
branching on 2 with b.
4165   947    29         46.7437    50.6266    8.3066     % 
LB close or above UB, fathomed
4166   946    29         46.7437    50.6266    8.3066     % 
LB close or above UB, fathomed
4167   945    26         46.7437    50.6266    8.3066     % 
LB close or above UB, fathomed
4168   944    26         46.7437    50.6266    8.3066     % 
UB: 50.62656249999999
branching on 2 with b.
4169   945    27         46.7437    50.6266    8.3066     % 
LB close or above UB, fathomed
4170   944    27         46.7437    50.6266    8.3066     % 
LB close or above UB, fathomed
4171   943    27         46.7437    50.6266    8.3066     % 
UB: 50.62656249999999
branching on 3 with b.
4172   944    27         46.7437    50.6266    8.3066     % 
LB close or above UB, fathomed
4173   943    24         46.7437    50.6266    8.3066     % 
LB close or above UB, fathomed
4174   942    24         46.7437    50.6266    8.3066     % 
LB close or above UB, fathomed
4175   941    28         46.7437    50.6266    8.3066     % 
UB: 50.62656249999999
branching on 1 with b.
4176   942    29         46.7437    50.6266    8.3066     % 
LB close or above UB, fathomed
4177   941    29         46.7437    50.6266    8.3066     % 
UB: 50.62656249999999
branching on 2 with b.
4178   942    30         46.7437    50.6266    8.3066     % 
UB: 50.62656249999999
branching on 3 with b.
4179   943    31         46.7437    50.6266    8.3066     % 
UB: 50.62656249999999
branching on 1 with b.
4180   944    32         46.7437    50.6266    8.3066     % 
UB: 50.62656249999999
branching on 2 with b.
4181   945    32         46.7437    50.6266    8.3066     % 
UB: 50.62656249999999
branching on 2 with b.
4182   946    31         46.7437    50.6266    8.3066     % 
LB close or above UB, fathomed
4183   945    30         46.7437    50.6266    8.3066     % 
LB close or above UB, fathomed
4184   944    28         46.7437    50.6266    8.3066     % 
LB close or above UB, fathomed
4185   943    30         46.7437    50.6266    8.3066     % 
LB close or above UB, fathomed
4186   942    30         46.7437    50.6266    8.3066     % 
UB: 50.62656249999999
branching on 3 with b.
4187   943    31         46.7437    50.6266    8.3066     % 
LB close or above UB, fathomed
4188   942    31         46.7437    50.6266    8.3066     % 
LB close or above UB, fathomed
4189   941    28         46.7437    50.6266    8.3066     % 
LB close or above UB, fathomed
4190   940    28         46.7437    50.6266    8.3066     % 
UB: 50.62656249999999
branching on 3 with b.
4191   941    33         46.7437    50.6266    8.3066     % 
LB close or above UB, fathomed
4192   940    33         46.7437    50.6266    8.3066     % 
UB: 50.62656249999999
branching on 2 with b.
4193   941    21         46.7437    50.6266    8.3066     % 
LB close or above UB, fathomed
4194   940    21         46.7437    50.6266    8.3066     % 
UB: 50.62656249999999
branching on 1 with b.
4195   941    22         46.7437    50.6266    8.3066     % 
LB close or above UB, fathomed
4196   940    22         46.7437    50.6266    8.3066     % 
UB: 50.62656249999999
branching on 2 with b.
4197   941    33         46.7437    50.6266    8.3066     % 
LB close or above UB, fathomed
4198   940    33         46.7437    50.6266    8.3066     % 
UB: 50.62656249999999
branching on 1 with b.
4199   941    35         46.7437    50.6266    8.3066     % 
LB close or above UB, fathomed
4200   940    35         46.7437    50.6266    8.3066     % 
LB close or above UB, fathomed
4201   939    14         46.7437    50.6266    8.3066     % 
LB close or above UB, fathomed
4202   938    14         46.7437    50.6266    8.3066     % 
LB close or above UB, fathomed
4203   937    28         46.7437    50.6266    8.3066     % 
LB close or above UB, fathomed
4204   936    28         46.7437    50.6266    8.3066     % 
LB close or above UB, fathomed
4205   935    25         46.7437    50.6266    8.3066     % 
LB close or above UB, fathomed
4206   934    25         46.7437    50.6266    8.3066     % 
LB close or above UB, fathomed
4207   933    17         46.7437    50.6266    8.3066     % 
UB: 50.62656249999999
branching on 3 with b.
4208   934    17         46.7437    50.6266    8.3066     % 
LB close or above UB, fathomed
4209   933    27         46.7437    50.6266    8.3066     % 
LB close or above UB, fathomed
4210   932    27         46.7437    50.6266    8.3066     % 
LB close or above UB, fathomed
4211   931    14         46.7437    50.6266    8.3066     % 
UB: 50.62656249999999
branching on 2 with b.
4212   932    15         46.7437    50.6266    8.3066     % 
LB close or above UB, fathomed
4213   931    15         46.7437    50.6266    8.3066     % 
UB: 50.62656249999999
branching on 3 with b.
4214   932    14         46.7437    50.6266    8.3066     % 
LB close or above UB, fathomed
4215   931    23         46.7437    50.6266    8.3066     % 
LB close or above UB, fathomed
4216   930    23         46.7437    50.6266    8.3066     % 
UB: 50.62656249999999
branching on 3 with b.
4217   931    24         46.7437    50.6266    8.3066     % 
LB close or above UB, fathomed
4218   930    24         46.7437    50.6266    8.3066     % 
UB: 50.62656249999999
branching on 1 with b.
4219   931    25         46.7437    50.6266    8.3066     % 
UB: 50.62656249999999
branching on 2 with b.
4220   932    25         46.7437    50.6266    8.3066     % 
LB close or above UB, fathomed
4221   931    22         46.7437    50.6266    8.3066     % 
LB close or above UB, fathomed
4222   930    22         46.7437    50.6266    8.3066     % 
UB: 50.62656249999999
branching on 3 with b.
4223   931    23         46.7437    50.6266    8.3066     % 
UB: 50.62656249999999
branching on CartesianIndex(1, 7) with c.
4224   932    24         46.7437    50.6266    8.3066     % 
UB: 50.62656249999999
branching on 1 with b.
4225   933    25         46.7437    50.6266    8.3066     % 
UB: 50.62656249999999
branching on 2 with b.
4226   934    25         46.7437    50.6266    8.3066     % 
LB close or above UB, fathomed
4227   933    24         46.7437    50.6266    8.3066     % 
LB close or above UB, fathomed
4228   932    23         46.7437    50.6266    8.3066     % 
LB close or above UB, fathomed
4229   931    10         46.7437    50.6266    8.3066     % 
UB: 50.62656249999999
branching on 1 with b.
4230   932    11         46.7437    50.6266    8.3066     % 
UB: 50.62656249999999
branching on CartesianIndex(2, 2) with a.
4231   933    12         46.7437    50.6266    8.3066     % 
LB close or above UB, fathomed
4232   932    12         46.7437    50.6266    8.3066     % 
LB close or above UB, fathomed
4233   931    11         46.7437    50.6266    8.3066     % 
LB close or above UB, fathomed
4234   930    10         46.7437    50.6266    8.3066     % 
LB close or above UB, fathomed
4235   929    15         46.7437    50.6266    8.3066     % 
UB: 50.62656249999999
branching on CartesianIndex(2, 3) with a.
4236   930    15         46.7437    50.6266    8.3066     % 
LB close or above UB, fathomed
4237   929    26         46.7437    50.6266    8.3066     % 
LB close or above UB, fathomed
4238   928    26         46.7437    50.6266    8.3066     % 
UB: 50.62656249999999
branching on 3 with b.
4239   929    27         46.7437    50.6266    8.3066     % 
UB: 50.62656249999999
branching on 1 with b.
4240   930    28         46.7437    50.6266    8.3066     % 
LB close or above UB, fathomed
4241   929    28         46.7437    50.6266    8.3066     % 
UB: 50.62656249999999
branching on 2 with b.
4242   930    27         46.7437    50.6266    8.3066     % 
LB close or above UB, fathomed
4243   929    21         46.7437    50.6266    8.3066     % 
LB close or above UB, fathomed
4244   928    21         46.7437    50.6266    8.3066     % 
UB: 50.62656249999999
branching on CartesianIndex(1, 5) with c.
4245   929    22         46.7437    50.6266    8.3066     % 
UB: 50.62656249999999
branching on CartesianIndex(1, 6) with c.
4246   930    23         46.7437    50.6266    8.3066     % 
LB close or above UB, fathomed
4247   929    23         46.7437    50.6266    8.3066     % 
UB: 50.62656249999999
branching on CartesianIndex(1, 7) with c.
4248   930    24         46.7437    50.6266    8.3066     % 
UB: 50.62656249999999
branching on 2 with b.
4249   931    25         46.7437    50.6266    8.3066     % 
LB close or above UB, fathomed
4250   930    25         46.7437    50.6266    8.3066     % 
UB: 50.62656249999999
branching on 3 with b.
4251   931    26         46.7437    50.6266    8.3066     % 
LB close or above UB, fathomed
4252   930    26         46.7437    50.6266    8.3066     % 
UB: 50.62656249999999
branching on 1 with b.
4253   931    27         46.7437    50.6266    8.3066     % 
LB close or above UB, fathomed
4254   930    27         46.7437    50.6266    8.3066     % 
UB: 50.62656249999999
branching on 2 with b.
4255   931    28         46.7437    50.6266    8.3066     % 
LB close or above UB, fathomed
4256   930    28         46.7437    50.6266    8.3066     % 
LB close or above UB, fathomed
4257   929    24         46.7437    50.6266    8.3066     % 
LB close or above UB, fathomed
4258   928    22         46.7437    50.6266    8.3066     % 
LB close or above UB, fathomed
4259   927    22         46.7437    50.6266    8.3066     % 
LB close or above UB, fathomed
4260   926    22         46.7437    50.6266    8.3066     % 
UB: 50.62656249999999
branching on 1 with b.
4261   927    23         46.7437    50.6266    8.3066     % 
UB: 50.62656249999999
branching on 2 with b.
4262   928    23         46.7437    50.6266    8.3066     % 
LB close or above UB, fathomed
4263   927    25         46.7437    50.6266    8.3066     % 
LB close or above UB, fathomed
4264   926    25         46.7437    50.6266    8.3066     % 
LB close or above UB, fathomed
4265   925    25         46.7437    50.6266    8.3066     % 
UB: 50.62656249999999
branching on 2 with b.
4266   926    26         46.7437    50.6266    8.3066     % 
UB: 50.62656249999999
branching on 3 with b.
4267   927    27         46.7437    50.6266    8.3066     % 
LB close or above UB, fathomed
4268   926    27         46.7437    50.6266    8.3066     % 
UB: 50.62656249999999
branching on 1 with b.
4269   927    28         46.7437    50.6266    8.3066     % 
LB close or above UB, fathomed
4270   926    28         46.7437    50.6266    8.3066     % 
LB close or above UB, fathomed
4271   925    26         46.7437    50.6266    8.3066     % 
LB close or above UB, fathomed
4272   924    25         46.7437    50.6266    8.3066     % 
LB close or above UB, fathomed
4273   923    32         46.7437    50.6266    8.3066     % 
LB close or above UB, fathomed
4274   922    32         46.7437    50.6266    8.3066     % 
UB: 50.62656249999999
branching on 1 with b.
4275   923    24         46.7437    50.6266    8.3066     % 
LB close or above UB, fathomed
4276   922    24         46.7437    50.6266    8.3066     % 
LB close or above UB, fathomed
4277   921    20         46.7437    50.6266    8.3066     % 
UB: 50.62656249999999
branching on 3 with b.
4278   922    21         46.7437    50.6266    8.3066     % 
LB close or above UB, fathomed
4279   921    21         46.7437    50.6266    8.3066     % 
UB: 50.62656249999999
branching on 1 with b.
4280   922    22         46.7437    50.6266    8.3066     % 
UB: 50.62656249999999
branching on 2 with b.
4281   923    22         46.7437    50.6266    8.3066     % 
LB close or above UB, fathomed
4282   922    20         46.7437    50.6266    8.3066     % 
UB: 50.62656249999999
branching on 3 with b.
4283   923    21         46.7437    50.6266    8.3066     % 
LB close or above UB, fathomed
4284   922    21         46.7437    50.6266    8.3066     % 
UB: 50.62656249999999
branching on 1 with b.
4285   923    22         46.7437    50.6266    8.3066     % 
UB: 50.62656249999999
branching on 2 with b.
4286   924    22         46.7437    50.6266    8.3066     % 
LB close or above UB, fathomed
4287   923    20         46.7437    50.6266    8.3066     % 
UB: 50.62656249999999
branching on 3 with b.
4288   924    21         46.7437    50.6266    8.3066     % 
LB close or above UB, fathomed
4289   923    21         46.7437    50.6266    8.3066     % 
UB: 50.62656249999999
branching on 1 with b.
4290   924    22         46.7437    50.6266    8.3066     % 
LB close or above UB, fathomed
4291   923    22         46.7437    50.6266    8.3066     % 
UB: 50.62656249999999
branching on 2 with b.
4292   924    20         46.7437    50.6266    8.3066     % 
UB: 50.62656249999999
branching on 3 with b.
4293   925    21         46.7437    50.6266    8.3066     % 
LB close or above UB, fathomed
4294   924    21         46.7437    50.6266    8.3066     % 
UB: 50.62656249999999
branching on 1 with b.
4295   925    22         46.7437    50.6266    8.3066     % 
LB close or above UB, fathomed
4296   924    22         46.7437    50.6266    8.3066     % 
UB: 50.62656249999999
branching on 2 with b.
4297   925    28         46.7437    50.6266    8.3066     % 
LB close or above UB, fathomed
4298   924    28         46.7437    50.6266    8.3066     % 
UB: 50.62656249999999
branching on 3 with b.
4299   925    29         46.7437    50.6266    8.3066     % 
LB close or above UB, fathomed
4300   924    29         46.7437    50.6266    8.3066     % 
UB: 50.62656249999999
branching on 1 with b.
4301   925    30         46.7437    50.6266    8.3066     % 
UB: 50.62656249999999
branching on 2 with b.
4302   926    30         46.7437    50.6266    8.3066     % 
LB close or above UB, fathomed
4303   925    28         46.7437    50.6266    8.3066     % 
UB: 50.62656249999999
branching on 3 with b.
4304   926    29         46.7437    50.6266    8.3066     % 
LB close or above UB, fathomed
4305   925    29         46.7437    50.6266    8.3066     % 
UB: 50.62656249999999
branching on 1 with b.
4306   926    30         46.7437    50.6266    8.3066     % 
UB: 50.62656249999999
branching on 2 with b.
4307   927    30         46.7437    50.6266    8.3066     % 
UB: 50.62656249999999
branching on 2 with b.
4308   928    28         46.7437    50.6266    8.3066     % 
LB close or above UB, fathomed
4309   927    23         46.7437    50.6266    8.3066     % 
LB close or above UB, fathomed
4310   926    23         46.7437    50.6266    8.3066     % 
LB close or above UB, fathomed
4311   925    23         46.7437    50.6266    8.3066     % 
LB close or above UB, fathomed
4312   924    23         46.7437    50.6266    8.3066     % 
LB close or above UB, fathomed
4313   923    23         46.7437    50.6266    8.3066     % 
LB close or above UB, fathomed
4314   922    23         46.7437    50.6266    8.3066     % 
LB close or above UB, fathomed
4315   921    23         46.7437    50.6266    8.3066     % 
LB close or above UB, fathomed
4316   920    23         46.7437    50.6266    8.3066     % 
LB close or above UB, fathomed
4317   919    26         46.7437    50.6266    8.3066     % 
LB close or above UB, fathomed
4318   918    26         46.7437    50.6266    8.3066     % 
LB close or above UB, fathomed
4319   917    18         46.7437    50.6266    8.3066     % 
LB close or above UB, fathomed
4320   916    18         46.7437    50.6266    8.3066     % 
UB: 50.62656249999999
branching on CartesianIndex(1, 4) with c.
4321   917    19         46.7437    50.6266    8.3066     % 
LB close or above UB, fathomed
4322   916    19         46.7437    50.6266    8.3066     % 
UB: 50.62656249999999
branching on CartesianIndex(1, 5) with c.
4323   917    20         46.7437    50.6266    8.3066     % 
LB close or above UB, fathomed
4324   916    20         46.7437    50.6266    8.3066     % 
LB close or above UB, fathomed
4325   915    33         46.7437    50.6266    8.3066     % 
UB: 50.62656249999999
branching on 2 with b.
4326   916    33         46.7437    50.6266    8.3066     % 
UB: 50.62656249999999
branching on 2 with b.
4327   917    22         46.7437    50.6266    8.3066     % 
UB: 50.62656249999999
branching on CartesianIndex(1, 5) with c.
4328   918    22         46.7437    50.6266    8.3066     % 
LB close or above UB, fathomed
4329   917    27         46.7437    50.6266    8.3066     % 
UB: 50.62656249999999
branching on 2 with b.
4330   918    28         46.7437    50.6266    8.3066     % 
UB: 50.62656249999999
branching on 3 with b.
4331   919    29         46.7437    50.6266    8.3066     % 
LB close or above UB, fathomed
4332   918    29         46.7437    50.6266    8.3066     % 
UB: 50.62656249999999
branching on 1 with b.
4333   919    30         46.7437    50.6266    8.3066     % 
UB: 50.62656249999999
branching on 2 with b.
4334   920    30         46.7437    50.6266    8.3066     % 
UB: 50.62656249999999
branching on 2 with b.
4335   921    31         46.7437    50.6266    8.3066     % 
UB: 50.62656249999999
branching on 3 with b.
4336   922    31         46.7437    50.6266    8.3066     % 
LB close or above UB, fathomed
4337   921    28         46.7437    50.6266    8.3066     % 
LB close or above UB, fathomed
4338   920    27         46.7437    50.6266    8.3066     % 
LB close or above UB, fathomed
4339   919    20         46.7437    50.6266    8.3066     % 
LB close or above UB, fathomed
4340   918    20         46.7437    50.6266    8.3066     % 
UB: 50.62656249999999
branching on CartesianIndex(1, 6) with c.
4341   919    21         46.7437    50.6266    8.3066     % 
LB close or above UB, fathomed
4342   918    21         46.7437    50.6266    8.3066     % 
UB: 50.62656249999999
branching on CartesianIndex(1, 7) with c.
4343   919    22         46.7437    50.6266    8.3066     % 
UB: 50.62656249999999
branching on 2 with b.
4344   920    23         46.7437    50.6266    8.3066     % 
UB: 50.62656249999999
branching on 3 with b.
4345   921    24         46.7437    50.6266    8.3066     % 
LB close or above UB, fathomed
4346   920    24         46.7437    50.6266    8.3066     % 
UB: 50.62656249999999
branching on 1 with b.
4347   921    25         46.7437    50.6266    8.3066     % 
LB close or above UB, fathomed
4348   920    25         46.7437    50.6266    8.3066     % 
UB: 50.62656249999999
branching on 2 with b.
4349   921    26         46.7437    50.6266    8.3066     % 
UB: 50.62656249999999
branching on 3 with b.
4350   922    27         46.7437    50.6266    8.3066     % 
LB close or above UB, fathomed
4351   921    27         46.7437    50.6266    8.3066     % 
LB close or above UB, fathomed
4352   920    26         46.7437    50.6266    8.3066     % 
UB: 50.62656249999999
branching on 3 with b.
4353   921    27         46.7437    50.6266    8.3066     % 
LB close or above UB, fathomed
4354   920    27         46.7437    50.6266    8.3066     % 
LB close or above UB, fathomed
4355   919    23         46.7437    50.6266    8.3066     % 
UB: 50.62656249999999
branching on 3 with b.
4356   920    24         46.7437    50.6266    8.3066     % 
LB close or above UB, fathomed
4357   919    24         46.7437    50.6266    8.3066     % 
UB: 50.62656249999999
branching on 1 with b.
4358   920    22         46.7437    50.6266    8.3066     % 
LB close or above UB, fathomed
4359   919    29         46.7437    50.6266    8.3066     % 
UB: 50.62656249999999
branching on 2 with b.
4360   919    29         46.7437    50.6266    8.3066     % 
LB close or above UB, fathomed
4361   918    29         46.7437    50.6266    8.3066     % 
UB: 50.62656249999999
branching on 2 with b.
4362   919    29         46.7437    50.6266    8.3066     % 
LB close or above UB, fathomed
4363   918    29         46.7437    50.6266    8.3066     % 
UB: 50.62656249999999
branching on 2 with b.
4364   919    29         46.7437    50.6266    8.3066     % 
LB close or above UB, fathomed
4365   918    29         46.7437    50.6266    8.3066     % 
UB: 50.62656249999999
branching on 2 with b.
4366   919    29         46.7437    50.6266    8.3066     % 
LB close or above UB, fathomed
4367   918    26         46.7437    50.6266    8.3066     % 
UB: 50.62656249999999
branching on 2 with b.
4368   919    26         46.7437    50.6266    8.3066     % 
LB close or above UB, fathomed
4369   918    26         46.7437    50.6266    8.3066     % 
UB: 50.62656249999999
branching on 2 with b.
4370   919    26         46.7437    50.6266    8.3066     % 
LB close or above UB, fathomed
4371   918    16         46.7437    50.6266    8.3066     % 
UB: 50.62656249999999
branching on 1 with b.
4372   919    17         46.7437    50.6266    8.3066     % 
UB: 50.62656249999999
branching on CartesianIndex(1, 6) with c.
4373   920    18         46.7437    50.6266    8.3066     % 
UB: 50.62656249999999
branching on CartesianIndex(1, 7) with c.
4374   921    19         46.7437    50.6266    8.3066     % 
UB: 50.62656249999999
branching on 2 with b.
4375   922    20         46.7437    50.6266    8.3066     % 
UB: 50.62656249999999
branching on 3 with b.
4376   923    20         46.7437    50.6266    8.3066     % 
LB close or above UB, fathomed
4377   922    19         46.7437    50.6266    8.3066     % 
UB: 50.62656249999999
branching on 2 with b.
4378   923    18         46.7437    50.6266    8.3066     % 
LB close or above UB, fathomed
4379   922    17         46.7437    50.6266    8.3066     % 
LB close or above UB, fathomed
4380   921    16         46.7437    50.6266    8.3066     % 
LB close or above UB, fathomed
4381   920    26         46.7437    50.6266    8.3066     % 
UB: 50.62656249999999
branching on 2 with b.
4382   921    26         46.7437    50.6266    8.3066     % 
LB close or above UB, fathomed
4383   920    27         46.7437    50.6266    8.3066     % 
UB: 50.62656249999999
branching on 2 with b.
4384   921    27         46.7437    50.6266    8.3066     % 
LB close or above UB, fathomed
4385   920    30         46.7437    50.6266    8.3066     % 
LB close or above UB, fathomed
4386   919    30         46.7437    50.6266    8.3066     % 
LB close or above UB, fathomed
4387   918    29         46.7437    50.6266    8.3066     % 
UB: 50.62656249999999
branching on 2 with b.
4388   919    29         46.7437    50.6266    8.3066     % 
LB close or above UB, fathomed
4389   918    27         46.7437    50.6266    8.3066     % 
UB: 50.62656249999999
branching on 2 with b.
4390   919    27         46.7437    50.6266    8.3066     % 
LB close or above UB, fathomed
4391   918    27         46.7437    50.6266    8.3066     % 
UB: 50.62656249999999
branching on 2 with b.
4392   919    27         46.7437    50.6266    8.3066     % 
LB close or above UB, fathomed
4393   918    28         46.7437    50.6266    8.3066     % 
LB close or above UB, fathomed
4394   917    28         46.7437    50.6266    8.3066     % 
UB: 50.62656249999999
branching on 1 with b.
4395   918    29         46.7437    50.6266    8.3066     % 
UB: 50.62656249999999
branching on 2 with b.
4396   919    29         46.7437    50.6266    8.3066     % 
LB close or above UB, fathomed
4397   918    19         46.7437    50.6266    8.3066     % 
LB close or above UB, fathomed
4398   917    19         46.7437    50.6266    8.3066     % 
UB: 50.62656249999999
branching on 2 with b.
4399   918    27         46.7437    50.6266    8.3066     % 
LB close or above UB, fathomed
4400   917    27         46.7437    50.6266    8.3066     % 
LB close or above UB, fathomed
4401   916    28         46.7437    50.6266    8.3066     % 
LB close or above UB, fathomed
4402   915    28         46.7437    50.6266    8.3066     % 
LB close or above UB, fathomed
4403   914    27         46.7437    50.6266    8.3066     % 
LB close or above UB, fathomed
4404   913    27         46.7437    50.6266    8.3066     % 
LB close or above UB, fathomed
4405   912    26         46.7437    50.6266    8.3066     % 
LB close or above UB, fathomed
4406   911    26         46.7437    50.6266    8.3066     % 
LB close or above UB, fathomed
4407   910    14         46.7437    50.6266    8.3066     % 
LB close or above UB, fathomed
4408   909    14         46.7437    50.6266    8.3066     % 
UB: 50.62656249999999
branching on CartesianIndex(1, 4) with c.
4409   910    22         46.7437    50.6266    8.3066     % 
LB close or above UB, fathomed
4410   909    22         46.7437    50.6266    8.3066     % 
UB: 50.62656249999999
branching on 1 with b.
4411   910    23         46.7437    50.6266    8.3066     % 
UB: 50.62656249999999
branching on 2 with b.
4412   911    23         46.7437    50.6266    8.3066     % 
LB close or above UB, fathomed
4413   910    12         46.7437    50.6266    8.3066     % 
UB: 50.62656249999999
branching on 3 with b.
4414   911    13         46.7437    50.6266    8.3066     % 
LB close or above UB, fathomed
4415   910    13         46.7437    50.6266    8.3066     % 
LB close or above UB, fathomed
4416   909    12         46.7437    50.6266    8.3066     % 
UB: 50.62656249999999
branching on 3 with b.
4417   910    20         46.7438    50.6266    8.3066     % 
UB: 50.62656249999999
branching on 3 with b.
4418   911    20         46.7438    50.6266    8.3066     % 
UB: 50.62656249999999
branching on 3 with b.
4419   912    25         46.7438    50.6266    8.3066     % 
LB close or above UB, fathomed
4420   911    25         46.7438    50.6266    8.3066     % 
UB: 50.62656249999999
branching on 2 with b.
4421   912    26         46.7438    50.6266    8.3066     % 
UB: 50.62656249999999
branching on 3 with b.
4422   913    27         46.7438    50.6266    8.3066     % 
LB close or above UB, fathomed
4423   912    27         46.7438    50.6266    8.3066     % 
LB close or above UB, fathomed
4424   911    26         46.7438    50.6266    8.3066     % 
UB: 50.62656249999999
branching on 3 with b.
4425   912    27         46.7438    50.6266    8.3066     % 
LB close or above UB, fathomed
4426   911    27         46.7438    50.6266    8.3066     % 
LB close or above UB, fathomed
4427   910    19         46.7438    50.6266    8.3066     % 
LB close or above UB, fathomed
4428   909    19         46.7438    50.6266    8.3066     % 
UB: 50.62656249999999
branching on CartesianIndex(1, 7) with c.
4429   910    20         46.7438    50.6266    8.3066     % 
UB: 50.62656249999999
branching on 2 with b.
4430   911    21         46.7438    50.6266    8.3066     % 
UB: 50.62656249999999
branching on 3 with b.
4431   912    22         46.7438    50.6266    8.3066     % 
LB close or above UB, fathomed
4432   911    22         46.7438    50.6266    8.3066     % 
UB: 50.62656249999999
branching on 1 with b.
4433   912    23         46.7438    50.6266    8.3066     % 
LB close or above UB, fathomed
4434   911    23         46.7438    50.6266    8.3066     % 
UB: 50.62656249999999
branching on 2 with b.
4435   912    21         46.7438    50.6266    8.3066     % 
LB close or above UB, fathomed
4436   911    20         46.7438    50.6266    8.3066     % 
LB close or above UB, fathomed
4437   910    24         46.7438    50.6266    8.3066     % 
UB: 50.62656249999999
branching on 3 with b.
4438   911    24         46.7438    50.6266    8.3066     % 
LB close or above UB, fathomed
4439   910    19         46.7438    50.6266    8.3066     % 
UB: 50.62656249999999
branching on 1 with b.
4440   911    20         46.7438    50.6266    8.3066     % 
UB: 50.62656249999999
branching on 2 with b.
4441   912    21         46.7438    50.6266    8.3066     % 
UB: 50.62656249999999
branching on 3 with b.
4442   913    21         46.7438    50.6266    8.3066     % 
LB close or above UB, fathomed
4443   912    20         46.7438    50.6266    8.3066     % 
LB close or above UB, fathomed
4444   911    19         46.7438    50.6266    8.3066     % 
UB: 50.62656249999999
branching on 1 with b.
4445   912    20         46.7438    50.6266    8.3066     % 
UB: 50.62656249999999
branching on 2 with b.
4446   913    21         46.7438    50.6266    8.3066     % 
UB: 50.62656249999999
branching on 3 with b.
4447   914    21         46.7438    50.6266    8.3066     % 
LB close or above UB, fathomed
4448   913    20         46.7438    50.6266    8.3066     % 
LB close or above UB, fathomed
4449   912    22         46.7438    50.6266    8.3066     % 
UB: 50.62656249999999
branching on 3 with b.
4450   913    23         46.7438    50.6266    8.3066     % 
UB: 50.62656249999999
branching on CartesianIndex(1, 7) with c.
4451   914    24         46.7438    50.6266    8.3066     % 
UB: 50.62656249999999
branching on 1 with b.
4452   915    24         46.7438    50.6266    8.3066     % 
UB: 50.62656249999999
branching on 1 with b.
4453   916    23         46.7438    50.6266    8.3066     % 
UB: 50.62656249999999
branching on CartesianIndex(1, 7) with c.
4454   917    22         46.7438    50.6266    8.3066     % 
LB close or above UB, fathomed
4455   916    26         46.7438    50.6266    8.3066     % 
UB: 50.62656249999999
branching on 3 with b.
4456   917    26         46.7438    50.6266    8.3066     % 
UB: 50.62656249999999
branching on 3 with b.
4457   918    27         46.7438    50.6266    8.3066     % 
LB close or above UB, fathomed
4458   917    27         46.7438    50.6266    8.3066     % 
LB close or above UB, fathomed
4459   916    20         46.7438    50.6266    8.3066     % 
UB: 50.62656249999999
branching on 3 with b.
4460   917    21         46.7438    50.6266    8.3066     % 
LB close or above UB, fathomed
4461   916    21         46.7438    50.6266    8.3066     % 
UB: 50.62656249999999
branching on 1 with b.
4462   917    22         46.7438    50.6266    8.3066     % 
LB close or above UB, fathomed
4463   916    22         46.7438    50.6266    8.3066     % 
UB: 50.62656249999999
branching on 2 with b.
4464   917    20         46.7438    50.6266    8.3066     % 
UB: 50.62656249999999
branching on 3 with b.
4465   918    21         46.7438    50.6266    8.3066     % 
LB close or above UB, fathomed
4466   917    21         46.7438    50.6266    8.3066     % 
UB: 50.62656249999999
branching on 1 with b.
4467   918    22         46.7438    50.6266    8.3066     % 
LB close or above UB, fathomed
4468   917    22         46.7438    50.6266    8.3066     % 
UB: 50.62656249999999
branching on 2 with b.
4469   918    20         46.7438    50.6266    8.3066     % 
UB: 50.62656249999999
branching on 3 with b.
4470   919    21         46.7438    50.6266    8.3066     % 
LB close or above UB, fathomed
4471   918    21         46.7438    50.6266    8.3066     % 
UB: 50.62656249999999
branching on 1 with b.
4472   919    22         46.7438    50.6266    8.3066     % 
UB: 50.62656249999999
branching on 2 with b.
4473   920    22         46.7438    50.6266    8.3066     % 
LB close or above UB, fathomed
4474   919    20         46.7438    50.6266    8.3066     % 
UB: 50.62656249999999
branching on 3 with b.
4475   920    21         46.7438    50.6266    8.3066     % 
LB close or above UB, fathomed
4476   919    21         46.7438    50.6266    8.3066     % 
UB: 50.62656249999999
branching on 1 with b.
4477   920    22         46.7438    50.6266    8.3066     % 
UB: 50.62656249999999
branching on 2 with b.
4478   921    22         46.7438    50.6266    8.3066     % 
LB close or above UB, fathomed
4479   920    20         46.7438    50.6266    8.3066     % 
UB: 50.62656249999999
branching on 3 with b.
4480   921    21         46.7438    50.6266    8.3066     % 
LB close or above UB, fathomed
4481   920    21         46.7438    50.6266    8.3066     % 
UB: 50.62656249999999
branching on 1 with b.
4482   921    22         46.7438    50.6266    8.3066     % 
LB close or above UB, fathomed
4483   920    22         46.7438    50.6266    8.3066     % 
UB: 50.62656249999999
branching on 2 with b.
4484   921    20         46.7438    50.6266    8.3066     % 
UB: 50.62656249999999
branching on 3 with b.
4485   922    21         46.7438    50.6266    8.3066     % 
LB close or above UB, fathomed
4486   921    21         46.7438    50.6266    8.3066     % 
UB: 50.62656249999999
branching on 1 with b.
4487   922    22         46.7438    50.6266    8.3066     % 
LB close or above UB, fathomed
4488   921    22         46.7438    50.6266    8.3066     % 
UB: 50.62656249999999
branching on 2 with b.
4489   922    21         46.7438    50.6266    8.3066     % 
LB close or above UB, fathomed
4490   921    21         46.7438    50.6266    8.3066     % 
UB: 50.62656249999999
branching on 1 with b.
4491   922    24         46.7438    50.6266    8.3066     % 
LB close or above UB, fathomed
4492   921    24         46.7438    50.6266    8.3066     % 
UB: 50.62656249999999
branching on 1 with b.
4493   922    25         46.7438    50.6266    8.3066     % 
LB close or above UB, fathomed
4494   921    25         46.7438    50.6266    8.3066     % 
LB close or above UB, fathomed
4495   920    21         46.7438    50.6266    8.3066     % 
UB: 50.62656249999999
branching on 3 with b.
4496   921    22         46.7438    50.6266    8.3066     % 
LB close or above UB, fathomed
4497   920    22         46.7438    50.6266    8.3066     % 
UB: 50.62656249999999
branching on 1 with b.
4498   921    23         46.7438    50.6266    8.3066     % 
LB close or above UB, fathomed
4499   920    23         46.7438    50.6266    8.3066     % 
UB: 50.62656249999999
branching on 2 with b.
4500   921    21         46.7438    50.6266    8.3066     % 
UB: 50.62656249999999
branching on 3 with b.
4501   922    22         46.7438    50.6266    8.3066     % 
LB close or above UB, fathomed
4502   921    22         46.7438    50.6266    8.3066     % 
UB: 50.62656249999999
branching on 1 with b.
4503   922    23         46.7438    50.6266    8.3066     % 
LB close or above UB, fathomed
4504   921    23         46.7438    50.6266    8.3066     % 
UB: 50.62656249999999
branching on 2 with b.
4505   922    23         46.7438    50.6266    8.3066     % 
LB close or above UB, fathomed
4506   921    23         46.7438    50.6266    8.3066     % 
LB close or above UB, fathomed
4507   920    24         46.7438    50.6266    8.3066     % 
LB close or above UB, fathomed
4508   919    24         46.7438    50.6266    8.3066     % 
LB close or above UB, fathomed
4509   918    21         46.7438    50.6266    8.3066     % 
LB close or above UB, fathomed
4510   917    21         46.7438    50.6266    8.3066     % 
UB: 50.62656249999999
branching on CartesianIndex(1, 7) with c.
4511   918    26         46.7438    50.6266    8.3066     % 
LB close or above UB, fathomed
4512   917    26         46.7438    50.6266    8.3066     % 
LB close or above UB, fathomed
4513   916    26         46.7438    50.6266    8.3066     % 
LB close or above UB, fathomed
4514   915    26         46.7438    50.6266    8.3066     % 
LB close or above UB, fathomed
4515   914    20         46.7438    50.6266    8.3066     % 
UB: 50.62656249999999
branching on CartesianIndex(1, 4) with c.
4516   915    20         46.7438    50.6266    8.3066     % 
UB: 50.62656249999999
branching on CartesianIndex(1, 4) with c.
4517   916    24         46.7438    50.6266    8.3066     % 
UB: 50.62656249999999
branching on CartesianIndex(1, 6) with c.
4518   917    25         46.7438    50.6266    8.3066     % 
LB close or above UB, fathomed
4519   916    25         46.7438    50.6266    8.3066     % 
UB: 50.62656249999999
branching on CartesianIndex(1, 7) with c.
4520   917    26         46.7438    50.6266    8.3066     % 
UB: 50.62656249999999
branching on 3 with b.
4521   918    27         46.7438    50.6266    8.3066     % 
LB close or above UB, fathomed
4522   917    27         46.7438    50.6266    8.3066     % 
LB close or above UB, fathomed
4523   916    26         46.7438    50.6266    8.3066     % 
LB close or above UB, fathomed
4524   915    24         46.7438    50.6266    8.3066     % 
LB close or above UB, fathomed
4525   914    25         46.7438    50.6266    8.3066     % 
UB: 50.62656249999999
branching on 1 with b.
4526   915    26         46.7438    50.6266    8.3066     % 
LB close or above UB, fathomed
4527   914    26         46.7438    50.6266    8.3066     % 
LB close or above UB, fathomed
4528   913    25         46.7438    50.6266    8.3066     % 
LB close or above UB, fathomed
4529   912    26         46.7438    50.6266    8.3066     % 
LB close or above UB, fathomed
4530   911    26         46.7438    50.6266    8.3066     % 
LB close or above UB, fathomed
4531   910    19         46.7438    50.6266    8.3066     % 
UB: 50.62656249999999
branching on 3 with b.
4532   911    19         46.7438    50.6266    8.3066     % 
UB: 50.62656249999999
branching on CartesianIndex(1, 7) with c.
4533   912    23         46.7438    50.6266    8.3066     % 
LB close or above UB, fathomed
4534   911    23         46.7438    50.6266    8.3066     % 
UB: 50.62656249999999
branching on CartesianIndex(1, 7) with c.
4535   912    24         46.7438    50.6266    8.3066     % 
UB: 50.62656249999999
branching on 1 with b.
4536   913    25         46.7438    50.6266    8.3066     % 
UB: 50.62656249999999
branching on 2 with b.
4537   914    25         46.7438    50.6266    8.3066     % 
LB close or above UB, fathomed
4538   913    24         46.7438    50.6266    8.3066     % 
LB close or above UB, fathomed
4539   912    23         46.7438    50.6266    8.3066     % 
UB: 50.62656249999999
branching on 1 with b.
4540   913    24         46.7438    50.6266    8.3066     % 
LB close or above UB, fathomed
4541   912    24         46.7438    50.6266    8.3066     % 
LB close or above UB, fathomed
4542   911    23         46.7438    50.6266    8.3066     % 
LB close or above UB, fathomed
4543   910    24         46.7438    50.6266    8.3066     % 
LB close or above UB, fathomed
4544   909    24         46.7438    50.6266    8.3066     % 
LB close or above UB, fathomed
4545   908    24         46.7438    50.6266    8.3066     % 
LB close or above UB, fathomed
4546   907    24         46.7438    50.6266    8.3066     % 
LB close or above UB, fathomed
4547   906    24         46.7438    50.6266    8.3066     % 
LB close or above UB, fathomed
4548   905    24         46.7438    50.6266    8.3066     % 
LB close or above UB, fathomed
4549   904    18         46.7438    50.6266    8.3066     % 
UB: 50.62656249999999
branching on CartesianIndex(1, 4) with c.
4550   905    19         46.7438    50.6266    8.3066     % 
LB close or above UB, fathomed
4551   904    19         46.7438    50.6266    8.3066     % 
UB: 50.62656249999999
branching on CartesianIndex(1, 5) with c.
4552   905    20         46.7438    50.6266    8.3066     % 
LB close or above UB, fathomed
4553   904    20         46.7438    50.6266    8.3066     % 
LB close or above UB, fathomed
4554   903    18         46.7438    50.6266    8.3066     % 
UB: 50.62656249999999
branching on CartesianIndex(1, 4) with c.
4555   904    16         46.7438    50.6266    8.3066     % 
UB: 50.62656249999999
branching on CartesianIndex(1, 6) with c.
4556   905    17         46.7438    50.6266    8.3066     % 
LB close or above UB, fathomed
4557   904    17         46.7438    50.6266    8.3066     % 
UB: 50.62656249999999
branching on CartesianIndex(1, 7) with c.
4558   905    18         46.7438    50.6266    8.3066     % 
UB: 50.62656249999999
branching on 1 with b.
4559   906    19         46.7438    50.6266    8.3066     % 
LB close or above UB, fathomed
4560   905    19         46.7438    50.6266    8.3066     % 
UB: 50.62656249999999
branching on 2 with b.
4561   906    20         46.7438    50.6266    8.3066     % 
UB: 50.62656249999999
branching on 3 with b.
4562   907    21         46.7438    50.6266    8.3066     % 
LB close or above UB, fathomed
4563   906    21         46.7438    50.6266    8.3066     % 
UB: 50.62656249999999
branching on 1 with b.
4564   907    20         46.7438    50.6266    8.3066     % 
LB close or above UB, fathomed
4565   906    18         46.7438    50.6266    8.3066     % 
LB close or above UB, fathomed
4566   905    16         46.7438    50.6266    8.3066     % 
LB close or above UB, fathomed
4567   904    29         46.7438    50.6266    8.3066     % 
UB: 50.62656249999999
branching on 2 with b.
4568   904    29         46.7438    50.6266    8.3066     % 
LB close or above UB, fathomed
4569   903    28         46.7438    50.6266    8.3066     % 
LB close or above UB, fathomed
4570   902    28         46.7438    50.6266    8.3066     % 
LB close or above UB, fathomed
4571   901    26         46.7438    50.6266    8.3066     % 
LB close or above UB, fathomed
4572   900    26         46.7438    50.6266    8.3066     % 
LB close or above UB, fathomed
4573   899    26         46.7438    50.6266    8.3066     % 
UB: 50.62656249999999
branching on 2 with b.
4574   900    26         46.7438    50.6266    8.3066     % 
LB close or above UB, fathomed
4575   899    27         46.7438    50.6266    8.3066     % 
LB close or above UB, fathomed
4576   898    27         46.7438    50.6266    8.3066     % 
UB: 50.62656249999999
branching on 2 with b.
4577   899    28         46.7438    50.6266    8.3066     % 
LB close or above UB, fathomed
4578   898    28         46.7438    50.6266    8.3066     % 
UB: 50.62656249999999
branching on 3 with b.
4579   899    29         46.7438    50.6266    8.3066     % 
LB close or above UB, fathomed
4580   898    29         46.7438    50.6266    8.3066     % 
LB close or above UB, fathomed
4581   897    18         46.7438    50.6266    8.3066     % 
UB: 50.62656249999999
branching on 2 with b.
4582   898    19         46.7438    50.6266    8.3066     % 
LB close or above UB, fathomed
4583   897    19         46.7438    50.6266    8.3066     % 
UB: 50.62656249999999
branching on CartesianIndex(1, 6) with c.
4584   898    18         46.7438    50.6266    8.3066     % 
LB close or above UB, fathomed
4585   897    16         46.7438    50.6266    8.3066     % 
LB close or above UB, fathomed
4586   896    16         46.7438    50.6266    8.3066     % 
UB: 50.62656249999999
branching on CartesianIndex(1, 5) with c.
4587   897    17         46.7438    50.6266    8.3066     % 
UB: 50.62656249999999
branching on CartesianIndex(1, 6) with c.
4588   898    17         46.7438    50.6266    8.3066     % 
UB: 50.62656249999999
branching on CartesianIndex(1, 6) with c.
4589   899    21         46.7438    50.6266    8.3066     % 
UB: 50.62656249999999
branching on CartesianIndex(1, 5) with c.
4590   900    22         46.7438    50.6266    8.3066     % 
LB close or above UB, fathomed
4591   899    22         46.7438    50.6266    8.3066     % 
UB: 50.62656249999999
branching on CartesianIndex(1, 6) with c.
4592   900    23         46.7438    50.6266    8.3066     % 
LB close or above UB, fathomed
4593   899    23         46.7438    50.6266    8.3066     % 
UB: 50.62656249999999
branching on CartesianIndex(1, 7) with c.
4594   900    24         46.7438    50.6266    8.3066     % 
UB: 50.62656249999999
branching on 1 with b.
4595   901    25         46.7438    50.6266    8.3066     % 
LB close or above UB, fathomed
4596   900    25         46.7438    50.6266    8.3066     % 
UB: 50.62656249999999
branching on 2 with b.
4597   901    24         46.7438    50.6266    8.3066     % 
LB close or above UB, fathomed
4598   900    21         46.7438    50.6266    8.3066     % 
UB: 50.62656249999999
branching on CartesianIndex(1, 5) with c.
4599   901    22         46.7438    50.6266    8.3066     % 
LB close or above UB, fathomed
4600   900    22         46.7438    50.6266    8.3066     % 
UB: 50.62656249999999
branching on 1 with b.
4601   901    22         46.7438    50.6266    8.3066     % 
UB: 50.62656249999999
branching on CartesianIndex(1, 7) with c.
4602   902    22         46.7438    50.6266    8.3066     % 
LB close or above UB, fathomed
4603   901    21         46.7438    50.6266    8.3066     % 
LB close or above UB, fathomed
4604   900    21         46.7438    50.6266    8.3066     % 
UB: 50.62656249999999
branching on CartesianIndex(1, 4) with c.
4605   901    22         46.7438    50.6266    8.3066     % 
LB close or above UB, fathomed
4606   900    22         46.7438    50.6266    8.3066     % 
UB: 50.62656249999999
branching on CartesianIndex(1, 5) with c.
4607   901    23         46.7438    50.6266    8.3066     % 
LB close or above UB, fathomed
4608   900    23         46.7438    50.6266    8.3066     % 
UB: 50.62656249999999
branching on CartesianIndex(1, 6) with c.
4609   901    24         46.7438    50.6266    8.3066     % 
LB close or above UB, fathomed
4610   900    24         46.7438    50.6266    8.3066     % 
UB: 50.62656249999999
branching on CartesianIndex(1, 7) with c.
4611   901    25         46.7438    50.6266    8.3066     % 
UB: 50.62656249999999
branching on 1 with b.
4612   902    26         46.7438    50.6266    8.3066     % 
LB close or above UB, fathomed
4613   901    26         46.7438    50.6266    8.3066     % 
LB close or above UB, fathomed
4614   900    25         46.7438    50.6266    8.3066     % 
LB close or above UB, fathomed
4615   899    19         46.7438    50.6266    8.3066     % 
UB: 50.62656249999999
branching on CartesianIndex(1, 5) with c.
4616   900    19         46.7438    50.6266    8.3066     % 
UB: 50.62656249999999
branching on CartesianIndex(1, 5) with c.
4617   901    20         46.7438    50.6266    8.3066     % 
UB: 50.62656249999999
branching on CartesianIndex(1, 6) with c.
4618   902    20         46.7438    50.6266    8.3066     % 
UB: 50.62656249999999
branching on CartesianIndex(1, 6) with c.
4619   903    21         46.7438    50.6266    8.3066     % 
LB close or above UB, fathomed
4620   902    21         46.7438    50.6266    8.3066     % 
UB: 50.62656249999999
branching on CartesianIndex(1, 7) with c.
4621   903    22         46.7438    50.6266    8.3066     % 
UB: 50.62656249999999
branching on 1 with b.
4622   904    23         46.7438    50.6266    8.3066     % 
LB close or above UB, fathomed
4623   903    23         46.7438    50.6266    8.3066     % 
UB: 50.62656249999999
branching on 2 with b.
4624   904    24         46.7438    50.6266    8.3066     % 
UB: 50.62656249999999
branching on 3 with b.
4625   905    25         46.7438    50.6266    8.3066     % 
LB close or above UB, fathomed
4626   904    25         46.7438    50.6266    8.3066     % 
UB: 50.62656249999999
branching on 1 with b.
4627   905    26         46.7438    50.6266    8.3066     % 
LB close or above UB, fathomed
4628   904    26         46.7438    50.6266    8.3066     % 
UB: 50.62656249999999
branching on 2 with b.
4629   905    27         46.7438    50.6266    8.3066     % 
UB: 50.62656249999999
branching on 3 with b.
4630   906    28         46.7438    50.6266    8.3066     % 
LB close or above UB, fathomed
4631   905    28         46.7438    50.6266    8.3066     % 
LB close or above UB, fathomed
4632   904    27         46.7438    50.6266    8.3066     % 
UB: 50.62656249999999
branching on 3 with b.
4633   905    28         46.7438    50.6266    8.3066     % 
LB close or above UB, fathomed
4634   904    28         46.7438    50.6266    8.3066     % 
LB close or above UB, fathomed
4635   903    24         46.7438    50.6266    8.3066     % 
UB: 50.62656249999999
branching on 3 with b.
4636   904    25         46.7438    50.6266    8.3066     % 
LB close or above UB, fathomed
4637   903    25         46.7438    50.6266    8.3066     % 
UB: 50.62656249999999
branching on 1 with b.
4638   904    26         46.7438    50.6266    8.3066     % 
LB close or above UB, fathomed
4639   903    26         46.7438    50.6266    8.3066     % 
UB: 50.62656249999999
branching on 2 with b.
4640   904    27         46.7438    50.6266    8.3066     % 
UB: 50.62656249999999
branching on 3 with b.
4641   905    28         46.7438    50.6266    8.3066     % 
LB close or above UB, fathomed
4642   904    28         46.7438    50.6266    8.3066     % 
LB close or above UB, fathomed
4643   903    27         46.7438    50.6266    8.3066     % 
UB: 50.62656249999999
branching on 3 with b.
4644   904    28         46.7438    50.6266    8.3066     % 
LB close or above UB, fathomed
4645   903    28         46.7438    50.6266    8.3066     % 
LB close or above UB, fathomed
4646   902    22         46.7438    50.6266    8.3066     % 
LB close or above UB, fathomed
4647   901    18         46.7438    50.6266    8.3066     % 
UB: 50.62656249999999
branching on CartesianIndex(1, 5) with c.
4648   902    18         46.7438    50.6266    8.3066     % 
UB: 50.62656249999999
branching on CartesianIndex(1, 5) with c.
4649   903    19         46.7438    50.6266    8.3066     % 
LB close or above UB, fathomed
4650   902    19         46.7438    50.6266    8.3066     % 
UB: 50.62656249999999
branching on CartesianIndex(1, 6) with c.
4651   903    20         46.7438    50.6266    8.3066     % 
LB close or above UB, fathomed
4652   902    20         46.7438    50.6266    8.3066     % 
UB: 50.62656249999999
branching on 2 with b.
4653   903    21         46.7438    50.6266    8.3066     % 
UB: 50.62656249999999
branching on CartesianIndex(1, 7) with c.
4654   904    21         46.7438    50.6266    8.3066     % 
UB: 50.62656249999999
branching on CartesianIndex(1, 7) with c.
4655   905    22         46.7438    50.6266    8.3066     % 
UB: 50.62656249999999
branching on 3 with b.
4656   906    23         46.7438    50.6266    8.3066     % 
LB close or above UB, fathomed
4657   905    23         46.7438    50.6266    8.3066     % 
UB: 50.62656249999999
branching on 1 with b.
4658   906    24         46.7438    50.6266    8.3066     % 
LB close or above UB, fathomed
4659   905    24         46.7438    50.6266    8.3066     % 
UB: 50.62656249999999
branching on 2 with b.
4660   906    25         46.7438    50.6266    8.3066     % 
UB: 50.62656249999999
branching on 3 with b.
4661   907    26         46.7438    50.6266    8.3066     % 
LB close or above UB, fathomed
4662   906    26         46.7438    50.6266    8.3066     % 
LB close or above UB, fathomed
4663   905    25         46.7438    50.6266    8.3066     % 
UB: 50.62656249999999
branching on 3 with b.
4664   906    26         46.7438    50.6266    8.3066     % 
LB close or above UB, fathomed
4665   905    26         46.7438    50.6266    8.3066     % 
LB close or above UB, fathomed
4666   904    22         46.7438    50.6266    8.3066     % 
LB close or above UB, fathomed
4667   903    26         46.7438    50.6266    8.3066     % 
LB close or above UB, fathomed
4668   902    26         46.7438    50.6266    8.3066     % 
LB close or above UB, fathomed
4669   901    25         46.7438    50.6266    8.3066     % 
LB close or above UB, fathomed
4670   900    25         46.7438    50.6266    8.3066     % 
LB close or above UB, fathomed
4671   899    19         46.7438    50.6266    8.3066     % 
UB: 50.62656249999999
branching on CartesianIndex(1, 5) with c.
4672   900    19         46.7438    50.6266    8.3066     % 
UB: 50.62656249999999
branching on CartesianIndex(1, 5) with c.
4673   901    25         46.7438    50.6266    8.3066     % 
LB close or above UB, fathomed
4674   900    25         46.7438    50.6266    8.3066     % 
UB: 50.62656249999999
branching on 3 with b.
4675   901    26         46.7438    50.6266    8.3066     % 
UB: 50.62656249999999
branching on 1 with b.
4676   902    27         46.7438    50.6266    8.3066     % 
LB close or above UB, fathomed
4677   901    27         46.7438    50.6266    8.3066     % 
UB: 50.62656249999999
branching on 2 with b.
4678   902    28         46.7438    50.6266    8.3066     % 
LB close or above UB, fathomed
4679   901    28         46.7438    50.6266    8.3066     % 
UB: 50.62656249999999
branching on 3 with b.
4680   902    29         46.7438    50.6266    8.3066     % 
UB: 50.62656249999999
branching on 1 with b.
4681   903    30         46.7438    50.6266    8.3066     % 
LB close or above UB, fathomed
4682   902    30         46.7438    50.6266    8.3066     % 
UB: 50.62656249999999
branching on 2 with b.
4683   903    29         46.7438    50.6266    8.3066     % 
LB close or above UB, fathomed
4684   902    26         46.7438    50.6266    8.3066     % 
LB close or above UB, fathomed
4685   901    22         46.7438    50.6266    8.3066     % 
UB: 50.62656249999999
branching on CartesianIndex(1, 5) with c.
4686   902    23         46.7438    50.6266    8.3066     % 
UB: 50.62656249999999
branching on CartesianIndex(1, 6) with c.
4687   903    24         46.7438    50.6266    8.3066     % 
LB close or above UB, fathomed
4688   902    24         46.7438    50.6266    8.3066     % 
UB: 50.62656249999999
branching on CartesianIndex(1, 7) with c.
4689   903    25         46.7438    50.6266    8.3066     % 
UB: 50.62656249999999
branching on 1 with b.
4690   904    26         46.7438    50.6266    8.3066     % 
UB: 50.62656249999999
branching on 2 with b.
4691   905    26         46.7438    50.6266    8.3066     % 
LB close or above UB, fathomed
4692   904    25         46.7438    50.6266    8.3066     % 
LB close or above UB, fathomed
4693   903    23         46.7438    50.6266    8.3066     % 
LB close or above UB, fathomed
4694   902    22         46.7438    50.6266    8.3066     % 
LB close or above UB, fathomed
4695   901    25         46.7438    50.6266    8.3066     % 
UB: 50.62656249999999
branching on 3 with b.
4696   902    26         46.7438    50.6266    8.3066     % 
UB: 50.62656249999999
branching on 1 with b.
4697   903    27         46.7438    50.6266    8.3066     % 
UB: 50.62656249999999
branching on 2 with b.
4698   904    28         46.7438    50.6266    8.3066     % 
LB close or above UB, fathomed
4699   903    28         46.7438    50.6266    8.3066     % 
LB close or above UB, fathomed
4700   902    27         46.7438    50.6266    8.3066     % 
LB close or above UB, fathomed
4701   901    26         46.7438    50.6266    8.3066     % 
LB close or above UB, fathomed
4702   900    25         46.7438    50.6266    8.3066     % 
LB close or above UB, fathomed
4703   899    19         46.7438    50.6266    8.3066     % 
LB close or above UB, fathomed
4704   898    19         46.7438    50.6266    8.3066     % 
UB: 50.62656249999999
branching on CartesianIndex(1, 5) with c.
4705   899    20         46.7438    50.6266    8.3066     % 
UB: 50.62656249999999
branching on CartesianIndex(1, 6) with c.
4706   900    21         46.7438    50.6266    8.3066     % 
LB close or above UB, fathomed
4707   899    21         46.7438    50.6266    8.3066     % 
UB: 50.62656249999999
branching on CartesianIndex(1, 7) with c.
4708   900    22         46.7438    50.6266    8.3066     % 
UB: 50.62656249999999
branching on 2 with b.
4709   901    23         46.7438    50.6266    8.3066     % 
LB close or above UB, fathomed
4710   900    23         46.7438    50.6266    8.3066     % 
UB: 50.62656249999999
branching on 3 with b.
4711   901    24         46.7438    50.6266    8.3066     % 
UB: 50.62656249999999
branching on 1 with b.
4712   902    25         46.7438    50.6266    8.3066     % 
LB close or above UB, fathomed
4713   901    25         46.7438    50.6266    8.3066     % 
UB: 50.62656249999999
branching on 2 with b.
4714   902    26         46.7438    50.6266    8.3066     % 
LB close or above UB, fathomed
4715   901    26         46.7438    50.6266    8.3066     % 
LB close or above UB, fathomed
4716   900    24         46.7438    50.6266    8.3066     % 
LB close or above UB, fathomed
4717   899    22         46.7438    50.6266    8.3066     % 
LB close or above UB, fathomed
4718   898    20         46.7438    50.6266    8.3066     % 
LB close or above UB, fathomed
4719   897    14         46.7438    50.6266    8.3066     % 
LB close or above UB, fathomed
4720   896    14         46.7438    50.6266    8.3066     % 
UB: 50.62656249999999
branching on CartesianIndex(1, 4) with c.
4721   897    16         46.7438    50.6266    8.3066     % 
LB close or above UB, fathomed
4722   896    16         46.7438    50.6266    8.3066     % 
UB: 50.62656249999999
branching on 1 with b.
4723   897    17         46.7438    50.6266    8.3066     % 
LB close or above UB, fathomed
4724   896    17         46.7438    50.6266    8.3066     % 
UB: 50.62656249999999
branching on CartesianIndex(1, 5) with c.
4725   897    18         46.7438    50.6266    8.3066     % 
UB: 50.62656249999999
branching on CartesianIndex(1, 6) with c.
4726   898    19         46.7438    50.6266    8.3066     % 
LB close or above UB, fathomed
4727   897    19         46.7438    50.6266    8.3066     % 
LB close or above UB, fathomed
4728   896    18         46.7438    50.6266    8.3066     % 
LB close or above UB, fathomed
4729   895    20         46.7438    50.6266    8.3066     % 
LB close or above UB, fathomed
4730   894    20         46.7438    50.6266    8.3066     % 
UB: 50.62656249999999
branching on CartesianIndex(1, 6) with c.
4731   895    21         46.7438    50.6266    8.3066     % 
LB close or above UB, fathomed
4732   894    21         46.7438    50.6266    8.3066     % 
UB: 50.62656249999999
branching on CartesianIndex(1, 7) with c.
4733   895    22         46.7438    50.6266    8.3066     % 
UB: 50.62656249999999
branching on 3 with b.
4734   896    23         46.7438    50.6266    8.3066     % 
LB close or above UB, fathomed
4735   895    23         46.7438    50.6266    8.3066     % 
UB: 50.62656249999999
branching on 1 with b.
4736   896    24         46.7438    50.6266    8.3066     % 
LB close or above UB, fathomed
4737   895    24         46.7438    50.6266    8.3066     % 
UB: 50.62656249999999
branching on 2 with b.
4738   896    22         46.7438    50.6266    8.3066     % 
LB close or above UB, fathomed
4739   895    20         46.7438    50.6266    8.3066     % 
LB close or above UB, fathomed
4740   894    20         46.7438    50.6266    8.3066     % 
UB: 50.62656249999999
branching on CartesianIndex(1, 6) with c.
4741   895    21         46.7438    50.6266    8.3066     % 
LB close or above UB, fathomed
4742   894    21         46.7438    50.6266    8.3066     % 
UB: 50.62656249999999
branching on CartesianIndex(1, 7) with c.
4743   895    22         46.7438    50.6266    8.3066     % 
UB: 50.62656249999999
branching on 3 with b.
4744   896    23         46.7438    50.6266    8.3066     % 
LB close or above UB, fathomed
4745   895    23         46.7438    50.6266    8.3066     % 
UB: 50.62656249999999
branching on 1 with b.
4746   896    24         46.7438    50.6266    8.3066     % 
LB close or above UB, fathomed
4747   895    24         46.7438    50.6266    8.3066     % 
UB: 50.62656249999999
branching on 2 with b.
4748   896    22         46.7438    50.6266    8.3066     % 
LB close or above UB, fathomed
4749   895    20         46.7438    50.6266    8.3066     % 
UB: 50.62656249999999
branching on 3 with b.
4750   896    21         46.7438    50.6266    8.3066     % 
UB: 50.62656249999999
branching on 1 with b.
4751   897    22         46.7438    50.6266    8.3066     % 
LB close or above UB, fathomed
4752   896    22         46.7438    50.6266    8.3066     % 
LB close or above UB, fathomed
4753   895    21         46.7438    50.6266    8.3066     % 
UB: 50.62656249999999
branching on 1 with b.
4754   896    22         46.7438    50.6266    8.3066     % 
UB: 50.62656249999999
branching on 2 with b.
4755   897    23         46.7438    50.6266    8.3066     % 
LB close or above UB, fathomed
4756   896    23         46.7438    50.6266    8.3066     % 
LB close or above UB, fathomed
4757   895    22         46.7438    50.6266    8.3066     % 
LB close or above UB, fathomed
4758   894    20         46.7438    50.6266    8.3066     % 
LB close or above UB, fathomed
4759   893    21         46.7438    50.6266    8.3066     % 
LB close or above UB, fathomed
4760   892    21         46.7438    50.6266    8.3066     % 
UB: 50.62656249999999
branching on CartesianIndex(1, 5) with c.
4761   893    22         46.7438    50.6266    8.3066     % 
UB: 50.62656249999999
branching on CartesianIndex(1, 6) with c.
4762   894    22         46.7438    50.6266    8.3066     % 
LB close or above UB, fathomed
4763   893    22         46.7438    50.6266    8.3066     % 
UB: 50.62656249999999
branching on 3 with b.
4764   894    23         46.7438    50.6266    8.3066     % 
LB close or above UB, fathomed
4765   893    23         46.7438    50.6266    8.3066     % 
UB: 50.62656249999999
branching on 1 with b.
4766   894    24         46.7438    50.6266    8.3066     % 
UB: 50.62656249999999
branching on 2 with b.
4767   895    24         46.7438    50.6266    8.3066     % 
LB close or above UB, fathomed
4768   894    22         46.7438    50.6266    8.3066     % 
LB close or above UB, fathomed
4769   893    22         46.7438    50.6266    8.3066     % 
UB: 50.62656249999999
branching on CartesianIndex(1, 5) with c.
4770   894    22         46.7438    50.6266    8.3066     % 
LB close or above UB, fathomed
4771   893    21         46.7438    50.6266    8.3066     % 
LB close or above UB, fathomed
4772   892    21         46.7438    50.6266    8.3066     % 
UB: 50.62656249999999
branching on CartesianIndex(1, 5) with c.
4773   893    22         46.7438    50.6266    8.3066     % 
UB: 50.62656249999999
branching on CartesianIndex(1, 6) with c.
4774   894    22         46.7438    50.6266    8.3066     % 
UB: 50.62656249999999
branching on CartesianIndex(1, 6) with c.
4775   895    19         46.7438    50.6266    8.3066     % 
UB: 50.62656249999999
branching on 3 with b.
4776   896    20         46.7438    50.6266    8.3066     % 
LB close or above UB, fathomed
4777   895    20         46.7438    50.6266    8.3066     % 
UB: 50.62656249999999
branching on CartesianIndex(1, 6) with c.
4778   896    21         46.7438    50.6266    8.3066     % 
LB close or above UB, fathomed
4779   895    21         46.7438    50.6266    8.3066     % 
UB: 50.62656249999999
branching on CartesianIndex(1, 7) with c.
4780   896    22         46.7438    50.6266    8.3066     % 
UB: 50.62656249999999
branching on 1 with b.
4781   897    23         46.7438    50.6266    8.3066     % 
UB: 50.62656249999999
branching on 2 with b.
4782   898    23         46.7438    50.6266    8.3066     % 
LB close or above UB, fathomed
4783   897    22         46.7438    50.6266    8.3066     % 
LB close or above UB, fathomed
4784   896    19         46.7438    50.6266    8.3066     % 
LB close or above UB, fathomed
4785   895    21         46.7438    50.6266    8.3066     % 
UB: 50.62656249999999
branching on CartesianIndex(1, 7) with c.
4786   896    21         46.7438    50.6266    8.3066     % 
LB close or above UB, fathomed
4787   895    22         46.7438    50.6266    8.3066     % 
LB close or above UB, fathomed
4788   894    22         46.7438    50.6266    8.3066     % 
LB close or above UB, fathomed
4789   893    20         46.7438    50.6266    8.3066     % 
UB: 50.62656249999999
branching on 3 with b.
4790   894    21         46.7438    50.6266    8.3066     % 
LB close or above UB, fathomed
4791   893    21         46.7438    50.6266    8.3066     % 
UB: 50.62656249999999
branching on 1 with b.
4792   894    22         46.7438    50.6266    8.3066     % 
UB: 50.62656249999999
branching on 2 with b.
4793   895    22         46.7438    50.6266    8.3066     % 
LB close or above UB, fathomed
4794   894    20         46.7438    50.6266    8.3066     % 
UB: 50.62656249999999
branching on 3 with b.
4795   895    21         46.7438    50.6266    8.3066     % 
LB close or above UB, fathomed
4796   894    21         46.7438    50.6266    8.3066     % 
UB: 50.62656249999999
branching on 1 with b.
4797   895    22         46.7438    50.6266    8.3066     % 
UB: 50.62656249999999
branching on 2 with b.
4798   896    22         46.7438    50.6266    8.3066     % 
LB close or above UB, fathomed
4799   895    25         46.7438    50.6266    8.3066     % 
LB close or above UB, fathomed
4800   894    25         46.7438    50.6266    8.3066     % 
UB: 50.62656249999999
branching on 3 with b.
4801   895    20         46.7438    50.6266    8.3066     % 
UB: 50.62656249999999
branching on 1 with b.
4802   896    20         46.7438    50.6266    8.3066     % 
UB: 50.62656249999999
branching on 1 with b.
4803   897    21         46.7438    50.6266    8.3066     % 
LB close or above UB, fathomed
4804   896    21         46.7438    50.6266    8.3066     % 
UB: 50.62656249999999
branching on CartesianIndex(1, 6) with c.
4805   897    22         46.7438    50.6266    8.3066     % 
LB close or above UB, fathomed
4806   896    22         46.7438    50.6266    8.3066     % 
UB: 50.62656249999999
branching on CartesianIndex(1, 7) with c.
4807   897    23         46.7438    50.6266    8.3066     % 
UB: 50.62656249999999
branching on 2 with b.
4808   898    24         46.7438    50.6266    8.3066     % 
UB: 50.62656249999999
branching on 3 with b.
4809   899    25         46.7438    50.6266    8.3066     % 
LB close or above UB, fathomed
4810   898    25         46.7438    50.6266    8.3066     % 
UB: 50.62656249999999
branching on 1 with b.
4811   899    26         46.7438    50.6266    8.3066     % 
LB close or above UB, fathomed
4812   898    26         46.7438    50.6266    8.3066     % 
UB: 50.62656249999999
branching on 2 with b.
4813   899    27         46.7438    50.6266    8.3066     % 
UB: 50.62656249999999
branching on 3 with b.
4814   900    28         46.7438    50.6266    8.3066     % 
LB close or above UB, fathomed
4815   899    28         46.7438    50.6266    8.3066     % 
LB close or above UB, fathomed
4816   898    27         46.7438    50.6266    8.3066     % 
UB: 50.62656249999999
branching on 3 with b.
4817   899    28         46.7438    50.6266    8.3066     % 
LB close or above UB, fathomed
4818   898    28         46.7438    50.6266    8.3066     % 
LB close or above UB, fathomed
4819   897    24         46.7438    50.6266    8.3066     % 
UB: 50.62656249999999
branching on 3 with b.
4820   898    25         46.7438    50.6266    8.3066     % 
LB close or above UB, fathomed
4821   897    25         46.7438    50.6266    8.3066     % 
UB: 50.62656249999999
branching on 1 with b.
4822   898    26         46.7438    50.6266    8.3066     % 
LB close or above UB, fathomed
4823   897    26         46.7438    50.6266    8.3066     % 
UB: 50.62656249999999
branching on 2 with b.
4824   898    27         46.7438    50.6266    8.3066     % 
UB: 50.62656249999999
branching on 3 with b.
4825   899    28         46.7438    50.6266    8.3066     % 
LB close or above UB, fathomed
4826   898    28         46.7438    50.6266    8.3066     % 
LB close or above UB, fathomed
4827   897    27         46.7438    50.6266    8.3066     % 
UB: 50.62656249999999
branching on 3 with b.
4828   898    28         46.7438    50.6266    8.3066     % 
LB close or above UB, fathomed
4829   897    28         46.7438    50.6266    8.3066     % 
LB close or above UB, fathomed
4830   896    23         46.7438    50.6266    8.3066     % 
LB close or above UB, fathomed
4831   895    19         46.7438    50.6266    8.3066     % 
LB close or above UB, fathomed
4832   894    19         46.7438    50.6266    8.3066     % 
UB: 50.62656249999999
branching on CartesianIndex(1, 7) with c.
4833   895    20         46.7438    50.6266    8.3066     % 
UB: 50.62656249999999
branching on 3 with b.
4834   896    21         46.7438    50.6266    8.3066     % 
LB close or above UB, fathomed
4835   895    21         46.7438    50.6266    8.3066     % 
UB: 50.62656249999999
branching on 1 with b.
4836   896    22         46.7438    50.6266    8.3066     % 
LB close or above UB, fathomed
4837   895    22         46.7438    50.6266    8.3066     % 
LB close or above UB, fathomed
4838   894    20         46.7438    50.6266    8.3066     % 
LB close or above UB, fathomed
4839   893    23         46.7438    50.6266    8.3066     % 
LB close or above UB, fathomed
4840   892    23         46.7438    50.6266    8.3066     % 
UB: 50.62656249999999
branching on CartesianIndex(1, 6) with c.
4841   893    24         46.7438    50.6266    8.3066     % 
LB close or above UB, fathomed
4842   892    24         46.7438    50.6266    8.3066     % 
UB: 50.62656249999999
branching on CartesianIndex(1, 7) with c.
4843   893    25         46.7438    50.6266    8.3066     % 
UB: 50.62656249999999
branching on 1 with b.
4844   894    26         46.7438    50.6266    8.3066     % 
LB close or above UB, fathomed
4845   893    26         46.7438    50.6266    8.3066     % 
LB close or above UB, fathomed
4846   892    25         46.7438    50.6266    8.3066     % 
LB close or above UB, fathomed
4847   891    18         46.7438    50.6266    8.3066     % 
LB close or above UB, fathomed
4848   890    18         46.7438    50.6266    8.3066     % 
UB: 50.62656249999999
branching on 1 with b.
4849   891    19         46.7438    50.6266    8.3066     % 
LB close or above UB, fathomed
4850   890    19         46.7438    50.6266    8.3066     % 
UB: 50.62656249999999
branching on CartesianIndex(1, 7) with c.
4851   891    20         46.7438    50.6266    8.3066     % 
UB: 50.62656249999999
branching on 2 with b.
4852   892    21         46.7438    50.6266    8.3066     % 
UB: 50.62656249999999
branching on 3 with b.
4853   893    22         46.7438    50.6266    8.3066     % 
LB close or above UB, fathomed
4854   892    22         46.7438    50.6266    8.3066     % 
UB: 50.62656249999999
branching on 1 with b.
4855   893    23         46.7438    50.6266    8.3066     % 
LB close or above UB, fathomed
4856   892    23         46.7438    50.6266    8.3066     % 
UB: 50.62656249999999
branching on 2 with b.
4857   893    24         46.7438    50.6266    8.3066     % 
UB: 50.62656249999999
branching on 3 with b.
4858   894    25         46.7438    50.6266    8.3066     % 
LB close or above UB, fathomed
4859   893    25         46.7438    50.6266    8.3066     % 
LB close or above UB, fathomed
4860   892    24         46.7438    50.6266    8.3066     % 
UB: 50.62656249999999
branching on 3 with b.
4861   893    25         46.7438    50.6266    8.3066     % 
LB close or above UB, fathomed
4862   892    25         46.7438    50.6266    8.3066     % 
LB close or above UB, fathomed
4863   891    21         46.7438    50.6266    8.3066     % 
UB: 50.62656249999999
branching on 3 with b.
4864   892    22         46.7438    50.6266    8.3066     % 
LB close or above UB, fathomed
4865   891    22         46.7438    50.6266    8.3066     % 
UB: 50.62656249999999
branching on 1 with b.
4866   892    23         46.7438    50.6266    8.3066     % 
LB close or above UB, fathomed
4867   891    23         46.7438    50.6266    8.3066     % 
UB: 50.62656249999999
branching on 2 with b.
4868   892    24         46.7438    50.6266    8.3066     % 
UB: 50.62656249999999
branching on 3 with b.
4869   893    25         46.7438    50.6266    8.3066     % 
LB close or above UB, fathomed
4870   892    25         46.7438    50.6266    8.3066     % 
LB close or above UB, fathomed
4871   891    24         46.7438    50.6266    8.3066     % 
UB: 50.62656249999999
branching on 3 with b.
4872   892    25         46.7438    50.6266    8.3066     % 
LB close or above UB, fathomed
4873   891    25         46.7438    50.6266    8.3066     % 
LB close or above UB, fathomed
4874   890    20         46.7438    50.6266    8.3066     % 
LB close or above UB, fathomed
4875   889    17         46.7438    50.6266    8.3066     % 
LB close or above UB, fathomed
4876   888    17         46.7438    50.6266    8.3066     % 
UB: 50.62656249999999
branching on CartesianIndex(1, 6) with c.
4877   889    18         46.7438    50.6266    8.3066     % 
LB close or above UB, fathomed
4878   888    18         46.7438    50.6266    8.3066     % 
UB: 50.62656249999999
branching on CartesianIndex(1, 7) with c.
4879   889    19         46.7438    50.6266    8.3066     % 
UB: 50.62656249999999
branching on 2 with b.
4880   890    20         46.7438    50.6266    8.3066     % 
UB: 50.62656249999999
branching on 3 with b.
4881   891    21         46.7438    50.6266    8.3066     % 
LB close or above UB, fathomed
4882   890    21         46.7438    50.6266    8.3066     % 
UB: 50.62656249999999
branching on 1 with b.
4883   891    22         46.7438    50.6266    8.3066     % 
LB close or above UB, fathomed
4884   890    22         46.7438    50.6266    8.3066     % 
UB: 50.62656249999999
branching on 2 with b.
4885   891    20         46.7438    50.6266    8.3066     % 
LB close or above UB, fathomed
4886   890    19         46.7438    50.6266    8.3066     % 
LB close or above UB, fathomed
4887   889    18         46.7438    50.6266    8.3066     % 
LB close or above UB, fathomed
4888   888    18         46.7438    50.6266    8.3066     % 
UB: 50.62656249999999
branching on 2 with b.
4889   889    24         46.7438    50.6266    8.3066     % 
UB: 50.62656249999999
branching on 3 with b.
4890   890    25         46.7438    50.6266    8.3066     % 
LB close or above UB, fathomed
4891   889    25         46.7438    50.6266    8.3066     % 
UB: 50.62656249999999
branching on 1 with b.
4892   890    24         46.7438    50.6266    8.3066     % 
LB close or above UB, fathomed
4893   889    17         46.7438    50.6266    8.3066     % 
UB: 50.62656249999999
branching on CartesianIndex(1, 4) with c.
4894   890    17         46.7438    50.6266    8.3066     % 
UB: 50.62656249999999
branching on CartesianIndex(1, 4) with c.
4895   891    20         46.7438    50.6266    8.3066     % 
LB close or above UB, fathomed
4896   890    20         46.7438    50.6266    8.3066     % 
UB: 50.62656249999999
branching on CartesianIndex(1, 4) with c.
4897   891    21         46.7438    50.6266    8.3066     % 
LB close or above UB, fathomed
4898   890    21         46.7438    50.6266    8.3066     % 
UB: 50.62656249999999
branching on CartesianIndex(1, 5) with c.
4899   891    22         46.7438    50.6266    8.3066     % 
LB close or above UB, fathomed
4900   890    22         46.7438    50.6266    8.3066     % 
UB: 50.62656249999999
branching on CartesianIndex(1, 6) with c.
4901   891    23         46.7438    50.6266    8.3066     % 
LB close or above UB, fathomed
4902   890    23         46.7438    50.6266    8.3066     % 
UB: 50.62656249999999
branching on CartesianIndex(1, 7) with c.
4903   891    24         46.7438    50.6266    8.3066     % 
UB: 50.62656249999999
branching on 1 with b.
4904   892    25         46.7438    50.6266    8.3066     % 
LB close or above UB, fathomed
4905   891    25         46.7438    50.6266    8.3066     % 
UB: 50.62656249999999
branching on 2 with b.
4906   892    24         46.7438    50.6266    8.3066     % 
LB close or above UB, fathomed
4907   891    20         46.7438    50.6266    8.3066     % 
UB: 50.62656249999999
branching on 1 with b.
4908   892    21         46.7438    50.6266    8.3066     % 
UB: 50.62656249999999
branching on 2 with b.
4909   893    22         46.7438    50.6266    8.3066     % 
UB: 50.62656249999999
branching on 3 with b.
4910   894    22         46.7438    50.6266    8.3066     % 
LB close or above UB, fathomed
4911   893    21         46.7438    50.6266    8.3066     % 
LB close or above UB, fathomed
4912   892    20         46.7438    50.6266    8.3066     % 
LB close or above UB, fathomed
4913   891    21         46.7438    50.6266    8.3066     % 
UB: 50.62656249999999
branching on CartesianIndex(1, 6) with c.
4914   892    22         46.7438    50.6266    8.3066     % 
LB close or above UB, fathomed
4915   891    22         46.7438    50.6266    8.3066     % 
UB: 50.62656249999999
branching on CartesianIndex(1, 7) with c.
4916   892    23         46.7438    50.6266    8.3066     % 
UB: 50.62656249999999
branching on 3 with b.
4917   893    24         46.7438    50.6266    8.3066     % 
LB close or above UB, fathomed
4918   892    24         46.7438    50.6266    8.3066     % 
UB: 50.62656249999999
branching on 1 with b.
4919   893    25         46.7438    50.6266    8.3066     % 
LB close or above UB, fathomed
4920   892    25         46.7438    50.6266    8.3066     % 
UB: 50.62656249999999
branching on 2 with b.
4921   893    23         46.7438    50.6266    8.3066     % 
LB close or above UB, fathomed
4922   892    21         46.7438    50.6266    8.3066     % 
UB: 50.62656249999999
branching on CartesianIndex(1, 6) with c.
4923   893    17         46.7438    50.6266    8.3066     % 
LB close or above UB, fathomed
4924   892    17         46.7438    50.6266    8.3066     % 
LB close or above UB, fathomed
4925   891    24         46.7438    50.6266    8.3066     % 
LB close or above UB, fathomed
4926   890    24         46.7438    50.6266    8.3066     % 
UB: 50.62656249999999
branching on CartesianIndex(1, 5) with c.
4927   891    23         46.7438    50.6266    8.3066     % 
LB close or above UB, fathomed
4928   890    23         46.7438    50.6266    8.3066     % 
UB: 50.62656249999999
branching on CartesianIndex(1, 7) with c.
4929   891    24         46.7438    50.6266    8.3066     % 
UB: 50.62656249999999
branching on 1 with b.
4930   892    25         46.7438    50.6266    8.3066     % 
LB close or above UB, fathomed
4931   891    25         46.7438    50.6266    8.3066     % 
LB close or above UB, fathomed
4932   890    24         46.7438    50.6266    8.3066     % 
LB close or above UB, fathomed
4933   889    22         46.7438    50.6266    8.3066     % 
UB: 50.62656249999999
branching on CartesianIndex(1, 6) with c.
4934   890    22         46.7438    50.6266    8.3066     % 
LB close or above UB, fathomed
4935   889    16         46.7438    50.6266    8.3066     % 
LB close or above UB, fathomed
4936   888    16         46.7438    50.6266    8.3066     % 
UB: 50.62656249999999
branching on CartesianIndex(1, 5) with c.
4937   889    25         46.7438    50.6266    8.3066     % 
LB close or above UB, fathomed
4938   888    25         46.7438    50.6266    8.3066     % 
LB close or above UB, fathomed
4939   887    18         46.7438    50.6266    8.3066     % 
LB close or above UB, fathomed
4940   886    18         46.7438    50.6266    8.3066     % 
UB: 50.62656249999999
branching on CartesianIndex(1, 5) with c.
4941   887    19         46.7438    50.6266    8.3066     % 
LB close or above UB, fathomed
4942   886    19         46.7438    50.6266    8.3066     % 
LB close or above UB, fathomed
4943   885    18         46.7438    50.6266    8.3066     % 
LB close or above UB, fathomed
4944   884    18         46.7438    50.6266    8.3066     % 
UB: 50.62656249999999
branching on CartesianIndex(1, 5) with c.
4945   885    19         46.7438    50.6266    8.3066     % 
LB close or above UB, fathomed
4946   884    19         46.7438    50.6266    8.3066     % 
LB close or above UB, fathomed
4947   883    19         46.7438    50.6266    8.3066     % 
UB: 50.62656249999999
branching on CartesianIndex(1, 4) with c.
4948   884    20         46.7438    50.6266    8.3066     % 
LB close or above UB, fathomed
4949   883    20         46.7438    50.6266    8.3066     % 
UB: 50.62656249999999
branching on 3 with b.
4950   884    21         46.7438    50.6266    8.3066     % 
UB: 50.62656249999999
branching on 1 with b.
4951   885    21         46.7438    50.6266    8.3066     % 
UB: 50.62656249999999
branching on CartesianIndex(1, 5) with c.
4952   886    22         46.7438    50.6266    8.3066     % 
UB: 50.62656249999999
branching on CartesianIndex(1, 6) with c.
4953   887    23         46.7438    50.6266    8.3066     % 
LB close or above UB, fathomed
4954   886    23         46.7438    50.6266    8.3066     % 
UB: 50.62656249999999
branching on CartesianIndex(1, 7) with c.
4955   887    22         46.7438    50.6266    8.3066     % 
LB close or above UB, fathomed
4956   886    19         46.7438    50.6266    8.3066     % 
LB close or above UB, fathomed
4957   885    19         46.7438    50.6266    8.3066     % 
LB close or above UB, fathomed
4958   884    19         46.7438    50.6266    8.3066     % 
UB: 50.62656249999999
branching on CartesianIndex(1, 6) with c.
4959   885    20         46.7438    50.6266    8.3066     % 
LB close or above UB, fathomed
4960   884    20         46.7438    50.6266    8.3066     % 
UB: 50.62656249999999
branching on CartesianIndex(1, 7) with c.
4961   885    21         46.7438    50.6266    8.3066     % 
UB: 50.62656249999999
branching on 2 with b.
4962   886    22         46.7438    50.6266    8.3066     % 
UB: 50.62656249999999
branching on 3 with b.
4963   887    23         46.7438    50.6266    8.3066     % 
LB close or above UB, fathomed
4964   886    23         46.7438    50.6266    8.3066     % 
UB: 50.62656249999999
branching on 1 with b.
4965   887    24         46.7438    50.6266    8.3066     % 
LB close or above UB, fathomed
4966   886    24         46.7438    50.6266    8.3066     % 
UB: 50.62656249999999
branching on 2 with b.
4967   887    25         46.7438    50.6266    8.3066     % 
UB: 50.62656249999999
branching on 3 with b.
4968   888    26         46.7438    50.6266    8.3066     % 
LB close or above UB, fathomed
4969   887    26         46.7438    50.6266    8.3066     % 
LB close or above UB, fathomed
4970   886    25         46.7438    50.6266    8.3066     % 
LB close or above UB, fathomed
4971   885    22         46.7438    50.6266    8.3066     % 
LB close or above UB, fathomed
4972   884    21         46.7438    50.6266    8.3066     % 
LB close or above UB, fathomed
4973   883    20         46.7438    50.6266    8.3066     % 
LB close or above UB, fathomed
4974   882    20         46.7438    50.6266    8.3066     % 
UB: 50.62656249999999
branching on CartesianIndex(1, 6) with c.
4975   883    21         46.7438    50.6266    8.3066     % 
LB close or above UB, fathomed
4976   882    21         46.7438    50.6266    8.3066     % 
UB: 50.62656249999999
branching on 1 with b.
4977   883    22         46.7438    50.6266    8.3066     % 
LB close or above UB, fathomed
4978   882    22         46.7438    50.6266    8.3066     % 
UB: 50.62656249999999
branching on CartesianIndex(1, 7) with c.
4979   883    23         46.7438    50.6266    8.3066     % 
UB: 50.62656249999999
branching on 2 with b.
4980   884    24         46.7438    50.6266    8.3066     % 
UB: 50.62656249999999
branching on 3 with b.
4981   885    25         46.7438    50.6266    8.3066     % 
LB close or above UB, fathomed
4982   884    25         46.7438    50.6266    8.3066     % 
UB: 50.62656249999999
branching on 1 with b.
4983   885    26         46.7438    50.6266    8.3066     % 
LB close or above UB, fathomed
4984   884    26         46.7438    50.6266    8.3066     % 
UB: 50.62656249999999
branching on 2 with b.
4985   885    27         46.7438    50.6266    8.3066     % 
UB: 50.62656249999999
branching on 3 with b.
4986   886    28         46.7438    50.6266    8.3066     % 
LB close or above UB, fathomed
4987   885    28         46.7438    50.6266    8.3066     % 
LB close or above UB, fathomed
4988   884    27         46.7438    50.6266    8.3066     % 
LB close or above UB, fathomed
4989   883    24         46.7438    50.6266    8.3066     % 
LB close or above UB, fathomed
4990   882    23         46.7438    50.6266    8.3066     % 
LB close or above UB, fathomed
4991   881    23         46.7438    50.6266    8.3066     % 
LB close or above UB, fathomed
4992   880    23         46.7438    50.6266    8.3066     % 
UB: 50.62656249999999
branching on CartesianIndex(1, 6) with c.
4993   881    21         46.7438    50.6266    8.3066     % 
LB close or above UB, fathomed
4994   880    21         46.7438    50.6266    8.3066     % 
UB: 50.62656249999999
branching on CartesianIndex(1, 5) with c.
4995   881    22         46.7438    50.6266    8.3066     % 
UB: 50.62656249999999
branching on CartesianIndex(1, 6) with c.
4996   882    23         46.7438    50.6266    8.3066     % 
LB close or above UB, fathomed
4997   881    23         46.7438    50.6266    8.3066     % 
UB: 50.62656249999999
branching on CartesianIndex(1, 7) with c.
4998   882    24         46.7438    50.6266    8.3066     % 
UB: 50.62656249999999
branching on 1 with b.
4999   883    25         46.7438    50.6266    8.3066     % 
LB close or above UB, fathomed
5000   882    25         46.7438    50.6266    8.3066     % 
UB: 50.62656249999999
branching on 2 with b.
5001   883    26         46.7438    50.6266    8.3066     % 
UB: 50.62656249999999
branching on 3 with b.
5002   884    27         46.7438    50.6266    8.3066     % 
LB close or above UB, fathomed
5003   883    27         46.7438    50.6266    8.3066     % 
LB close or above UB, fathomed
5004   882    26         46.7438    50.6266    8.3066     % 
UB: 50.62656249999999
branching on 3 with b.
5005   883    27         46.7438    50.6266    8.3066     % 
LB close or above UB, fathomed
5006   882    27         46.7438    50.6266    8.3066     % 
LB close or above UB, fathomed
5007   881    24         46.7438    50.6266    8.3066     % 
LB close or above UB, fathomed
5008   880    22         46.7438    50.6266    8.3066     % 
UB: 50.62656249999999
branching on CartesianIndex(1, 6) with c.
5009   881    19         46.7438    50.6266    8.3066     % 
LB close or above UB, fathomed
5010   880    19         46.7438    50.6266    8.3066     % 
UB: 50.62656249999999
branching on CartesianIndex(1, 4) with c.
5011   881    20         46.7438    50.6266    8.3066     % 
LB close or above UB, fathomed
5012   880    20         46.7438    50.6266    8.3066     % 
UB: 50.62656249999999
branching on CartesianIndex(1, 5) with c.
5013   881    21         46.7438    50.6266    8.3066     % 
UB: 50.62656249999999
branching on CartesianIndex(1, 6) with c.
5014   882    22         46.7438    50.6266    8.3066     % 
LB close or above UB, fathomed
5015   881    22         46.7438    50.6266    8.3066     % 
UB: 50.62656249999999
branching on 1 with b.
5016   882    23         46.7438    50.6266    8.3066     % 
UB: 50.62656249999999
branching on 2 with b.
5017   883    23         46.7438    50.6266    8.3066     % 
LB close or above UB, fathomed
5018   882    21         46.7438    50.6266    8.3066     % 
UB: 50.62656249999999
branching on 1 with b.
5019   883    22         46.7438    50.6266    8.3066     % 
UB: 50.62656249999999
branching on CartesianIndex(1, 6) with c.
5020   884    22         46.7438    50.6266    8.3066     % 
LB close or above UB, fathomed
5021   883    20         46.7438    50.6266    8.3066     % 
LB close or above UB, fathomed
5022   882    20         46.7438    50.6266    8.3066     % 
UB: 50.62656249999999
branching on CartesianIndex(1, 4) with c.
5023   883    21         46.7438    50.6266    8.3066     % 
LB close or above UB, fathomed
5024   882    21         46.7438    50.6266    8.3066     % 
UB: 50.62656249999999
branching on CartesianIndex(1, 5) with c.
5025   883    22         46.7438    50.6266    8.3066     % 
UB: 50.62656249999999
branching on CartesianIndex(1, 6) with c.
5026   884    23         46.7438    50.6266    8.3066     % 
LB close or above UB, fathomed
5027   883    23         46.7438    50.6266    8.3066     % 
UB: 50.62656249999999
branching on CartesianIndex(1, 7) with c.
5028   884    24         46.7438    50.6266    8.3066     % 
UB: 50.62656249999999
branching on 1 with b.
5029   885    25         46.7438    50.6266    8.3066     % 
UB: 50.62656249999999
branching on 2 with b.
5030   886    25         46.7438    50.6266    8.3066     % 
LB close or above UB, fathomed
5031   885    24         46.7438    50.6266    8.3066     % 
LB close or above UB, fathomed
5032   884    22         46.7438    50.6266    8.3066     % 
UB: 50.62656249999999
branching on CartesianIndex(1, 6) with c.
5033   885    23         46.7438    50.6266    8.3066     % 
LB close or above UB, fathomed
5034   884    23         46.7438    50.6266    8.3066     % 
UB: 50.62656249999999
branching on CartesianIndex(1, 7) with c.
5035   885    24         46.7438    50.6266    8.3066     % 
UB: 50.62656249999999
branching on 1 with b.
5036   886    25         46.7438    50.6266    8.3066     % 
UB: 50.62656249999999
branching on 2 with b.
5037   887    25         46.7438    50.6266    8.3066     % 
LB close or above UB, fathomed
5038   886    24         46.7438    50.6266    8.3066     % 
LB close or above UB, fathomed
5039   885    19         46.7438    50.6266    8.3066     % 
LB close or above UB, fathomed
5040   884    19         46.7438    50.6266    8.3066     % 
UB: 50.62656249999999
branching on CartesianIndex(1, 5) with c.
5041   885    20         46.7438    50.6266    8.3066     % 
UB: 50.62656249999999
branching on CartesianIndex(1, 6) with c.
5042   886    21         46.7438    50.6266    8.3066     % 
UB: 50.62656249999999
branching on CartesianIndex(1, 7) with c.
5043   887    22         46.7438    50.6266    8.3066     % 
UB: 50.62656249999999
branching on 2 with b.
5044   888    23         46.7438    50.6266    8.3066     % 
UB: 50.62656249999999
branching on 3 with b.
5045   889    23         46.7438    50.6266    8.3066     % 
LB close or above UB, fathomed
5046   888    22         46.7438    50.6266    8.3066     % 
UB: 50.62656249999999
branching on 2 with b.
5047   889    23         46.7438    50.6266    8.3066     % 
UB: 50.62656249999999
branching on 3 with b.
5048   890    23         46.7438    50.6266    8.3066     % 
LB close or above UB, fathomed
5049   889    21         46.7438    50.6266    8.3066     % 
LB close or above UB, fathomed
5050   888    20         46.7438    50.6266    8.3066     % 
LB close or above UB, fathomed
5051   887    19         46.7438    50.6266    8.3066     % 
LB close or above UB, fathomed
5052   886    19         46.7438    50.6266    8.3066     % 
UB: 50.62656249999999
branching on CartesianIndex(1, 7) with c.
5053   887    20         46.7438    50.6266    8.3066     % 
UB: 50.62656249999999
branching on 2 with b.
5054   888    21         46.7438    50.6266    8.3066     % 
UB: 50.62656249999999
branching on 3 with b.
5055   889    22         46.7438    50.6266    8.3066     % 
LB close or above UB, fathomed
5056   888    22         46.7438    50.6266    8.3066     % 
UB: 50.62656249999999
branching on 1 with b.
5057   889    23         46.7438    50.6266    8.3066     % 
LB close or above UB, fathomed
5058   888    23         46.7438    50.6266    8.3066     % 
UB: 50.62656249999999
branching on 2 with b.
5059   889    21         46.7438    50.6266    8.3066     % 
UB: 50.62656249999999
branching on 3 with b.
5060   890    22         46.7438    50.6266    8.3066     % 
LB close or above UB, fathomed
5061   889    22         46.7438    50.6266    8.3066     % 
UB: 50.62656249999999
branching on 1 with b.
5062   890    23         46.7438    50.6266    8.3066     % 
LB close or above UB, fathomed
5063   889    23         46.7438    50.6266    8.3066     % 
UB: 50.62656249999999
branching on 2 with b.
5064   890    20         46.7438    50.6266    8.3066     % 
LB close or above UB, fathomed
5065   889    17         46.7438    50.6266    8.3066     % 
LB close or above UB, fathomed
5066   888    17         46.7438    50.6266    8.3066     % 
UB: 50.62656249999999
branching on 2 with b.
5067   889    18         46.7438    50.6266    8.3066     % 
UB: 50.62656249999999
branching on CartesianIndex(1, 6) with c.
5068   890    19         46.7438    50.6266    8.3066     % 
LB close or above UB, fathomed
5069   889    19         46.7438    50.6266    8.3066     % 
UB: 50.62656249999999
branching on 3 with b.
5070   890    20         46.7438    50.6266    8.3066     % 
LB close or above UB, fathomed
5071   889    20         46.7438    50.6266    8.3066     % 
UB: 50.62656249999999
branching on CartesianIndex(1, 7) with c.
5072   890    21         46.7438    50.6266    8.3066     % 
UB: 50.62656249999999
branching on 1 with b.
5073   891    22         46.7438    50.6266    8.3066     % 
UB: 50.62656249999999
branching on 2 with b.
5074   892    22         46.7438    50.6266    8.3066     % 
LB close or above UB, fathomed
5075   891    21         46.7438    50.6266    8.3066     % 
LB close or above UB, fathomed
5076   890    18         46.7438    50.6266    8.3066     % 
LB close or above UB, fathomed
5077   889    17         46.7438    50.6266    8.3066     % 
LB close or above UB, fathomed
5078   888    17         46.7438    50.6266    8.3066     % 
UB: 50.62656249999999
branching on 2 with b.
5079   889    18         46.7438    50.6266    8.3066     % 
UB: 50.62656249999999
branching on CartesianIndex(1, 5) with c.
5080   890    19         46.7438    50.6266    8.3066     % 
LB close or above UB, fathomed
5081   889    19         46.7438    50.6266    8.3066     % 
UB: 50.62656249999999
branching on CartesianIndex(1, 6) with c.
5082   890    20         46.7438    50.6266    8.3066     % 
LB close or above UB, fathomed
5083   889    20         46.7438    50.6266    8.3066     % 
UB: 50.62656249999999
branching on 3 with b.
5084   890    21         46.7438    50.6266    8.3066     % 
LB close or above UB, fathomed
5085   889    21         46.7438    50.6266    8.3066     % 
UB: 50.62656249999999
branching on CartesianIndex(1, 7) with c.
5086   890    22         46.7438    50.6266    8.3066     % 
UB: 50.62656249999999
branching on 1 with b.
5087   891    23         46.7438    50.6266    8.3066     % 
LB close or above UB, fathomed
5088   890    23         46.7438    50.6266    8.3066     % 
UB: 50.62656249999999
branching on 2 with b.
5089   891    24         46.7438    50.6266    8.3066     % 
UB: 50.62656249999999
branching on 3 with b.
5090   892    25         46.7438    50.6266    8.3066     % 
LB close or above UB, fathomed
5091   891    25         46.7438    50.6266    8.3066     % 
LB close or above UB, fathomed
5092   890    24         46.7438    50.6266    8.3066     % 
LB close or above UB, fathomed
5093   889    22         46.7438    50.6266    8.3066     % 
LB close or above UB, fathomed
5094   888    18         46.7438    50.6266    8.3066     % 
LB close or above UB, fathomed
5095   887    19         46.7438    50.6266    8.3066     % 
UB: 50.62656249999999
branching on CartesianIndex(1, 5) with c.
5096   888    20         46.7438    50.6266    8.3066     % 
LB close or above UB, fathomed
5097   887    20         46.7438    50.6266    8.3066     % 
UB: 50.62656249999999
branching on CartesianIndex(1, 6) with c.
5098   888    21         46.7438    50.6266    8.3066     % 
LB close or above UB, fathomed
5099   887    21         46.7438    50.6266    8.3066     % 
UB: 50.62656249999999
branching on CartesianIndex(1, 7) with c.
5100   888    22         46.7438    50.6266    8.3066     % 
UB: 50.62656249999999
branching on 3 with b.
5101   889    23         46.7438    50.6266    8.3066     % 
LB close or above UB, fathomed
5102   888    23         46.7438    50.6266    8.3066     % 
UB: 50.62656249999999
branching on 1 with b.
5103   889    24         46.7438    50.6266    8.3066     % 
UB: 50.62656249999999
branching on 2 with b.
5104   890    24         46.7438    50.6266    8.3066     % 
LB close or above UB, fathomed
5105   889    22         46.7438    50.6266    8.3066     % 
LB close or above UB, fathomed
5106   888    19         46.7438    50.6266    8.3066     % 
UB: 50.62656249999999
branching on CartesianIndex(1, 5) with c.
5107   889    20         46.7438    50.6266    8.3066     % 
LB close or above UB, fathomed
5108   888    20         46.7438    50.6266    8.3066     % 
UB: 50.62656249999999
branching on 3 with b.
5109   889    21         46.7438    50.6266    8.3066     % 
LB close or above UB, fathomed
5110   888    21         46.7438    50.6266    8.3066     % 
UB: 50.62656249999999
branching on CartesianIndex(1, 5) with c.
5111   889    22         46.7438    50.6266    8.3066     % 
LB close or above UB, fathomed
5112   888    22         46.7438    50.6266    8.3066     % 
UB: 50.62656249999999
branching on CartesianIndex(1, 6) with c.
5113   889    23         46.7438    50.6266    8.3066     % 
LB close or above UB, fathomed
5114   888    23         46.7438    50.6266    8.3066     % 
UB: 50.62656249999999
branching on CartesianIndex(1, 7) with c.
5115   889    24         46.7438    50.6266    8.3066     % 
UB: 50.62656249999999
branching on 1 with b.
5116   890    25         46.7438    50.6266    8.3066     % 
UB: 50.62656249999999
branching on 2 with b.
5117   891    25         46.7438    50.6266    8.3066     % 
LB close or above UB, fathomed
5118   890    24         46.7438    50.6266    8.3066     % 
LB close or above UB, fathomed
5119   889    28         46.7438    50.6266    8.3066     % 
UB: 50.62656249999999
branching on 1 with b.
5120   890    29         46.7438    50.6266    8.3066     % 
UB: 50.62656249999999
branching on 2 with b.
5121   890    29         46.7438    50.6266    8.3066     % 
LB close or above UB, fathomed
5122   889    28         46.7438    50.6266    8.3066     % 
LB close or above UB, fathomed
5123   888    19         46.7438    50.6266    8.3066     % 
LB close or above UB, fathomed
5124   887    19         46.7438    50.6266    8.3066     % 
UB: 50.62656249999999
branching on CartesianIndex(1, 7) with c.
5125   888    20         46.7438    50.6266    8.3066     % 
UB: 50.62656249999999
branching on 1 with b.
5126   889    21         46.7438    50.6266    8.3066     % 
LB close or above UB, fathomed
5127   888    21         46.7438    50.6266    8.3066     % 
UB: 50.62656249999999
branching on 2 with b.
5128   889    22         46.7438    50.6266    8.3066     % 
UB: 50.62656249999999
branching on 3 with b.
5129   890    23         46.7438    50.6266    8.3066     % 
LB close or above UB, fathomed
5130   889    23         46.7438    50.6266    8.3066     % 
UB: 50.62656249999999
branching on 1 with b.
5131   890    24         46.7438    50.6266    8.3066     % 
LB close or above UB, fathomed
5132   889    24         46.7438    50.6266    8.3066     % 
UB: 50.62656249999999
branching on 2 with b.
5133   890    25         46.7438    50.6266    8.3066     % 
UB: 50.62656249999999
branching on 3 with b.
5134   891    26         46.7438    50.6266    8.3066     % 
LB close or above UB, fathomed
5135   890    26         46.7438    50.6266    8.3066     % 
LB close or above UB, fathomed
5136   889    25         46.7438    50.6266    8.3066     % 
UB: 50.62656249999999
branching on 3 with b.
5137   890    26         46.7438    50.6266    8.3066     % 
LB close or above UB, fathomed
5138   889    26         46.7438    50.6266    8.3066     % 
LB close or above UB, fathomed
5139   888    22         46.7438    50.6266    8.3066     % 
UB: 50.62656249999999
branching on 3 with b.
5140   889    23         46.7438    50.6266    8.3066     % 
LB close or above UB, fathomed
5141   888    23         46.7438    50.6266    8.3066     % 
UB: 50.62656249999999
branching on 1 with b.
5142   889    24         46.7438    50.6266    8.3066     % 
LB close or above UB, fathomed
5143   888    24         46.7438    50.6266    8.3066     % 
UB: 50.62656249999999
branching on 2 with b.
5144   889    25         46.7438    50.6266    8.3066     % 
UB: 50.62656249999999
branching on 3 with b.
5145   890    26         46.7438    50.6266    8.3066     % 
LB close or above UB, fathomed
5146   889    26         46.7438    50.6266    8.3066     % 
LB close or above UB, fathomed
5147   888    25         46.7438    50.6266    8.3066     % 
UB: 50.62656249999999
branching on 3 with b.
5148   889    26         46.7438    50.6266    8.3066     % 
LB close or above UB, fathomed
5149   888    26         46.7438    50.6266    8.3066     % 
LB close or above UB, fathomed
5150   887    20         46.7438    50.6266    8.3066     % 
LB close or above UB, fathomed
5151   886    16         46.7438    50.6266    8.3066     % 
LB close or above UB, fathomed
5152   885    16         46.7438    50.6266    8.3066     % 
UB: 50.62656249999999
branching on CartesianIndex(1, 5) with c.
5153   886    17         46.7438    50.6266    8.3066     % 
UB: 50.62656249999999
branching on CartesianIndex(1, 6) with c.
5154   887    18         46.7438    50.6266    8.3066     % 
UB: 50.62656249999999
branching on CartesianIndex(1, 7) with c.
5155   888    19         46.7438    50.6266    8.3066     % 
UB: 50.62656249999999
branching on 1 with b.
5156   889    20         46.7438    50.6266    8.3066     % 
UB: 50.62656249999999
branching on 2 with b.
5157   890    21         46.7438    50.6266    8.3066     % 
UB: 50.62656249999999
branching on 3 with b.
5158   891    21         46.7438    50.6266    8.3066     % 
LB close or above UB, fathomed
5159   890    20         46.7438    50.6266    8.3066     % 
LB close or above UB, fathomed
5160   889    19         46.7438    50.6266    8.3066     % 
LB close or above UB, fathomed
5161   888    18         46.7438    50.6266    8.3066     % 
UB: 50.62656249999999
branching on 1 with b.
5162   889    19         46.7438    50.6266    8.3066     % 
UB: 50.62656249999999
branching on 2 with b.
5163   890    20         46.7438    50.6266    8.3066     % 
UB: 50.62656249999999
branching on 3 with b.
5164   891    20         46.7438    50.6266    8.3066     % 
LB close or above UB, fathomed
5165   890    19         46.7438    50.6266    8.3066     % 
LB close or above UB, fathomed
5166   889    17         46.7438    50.6266    8.3066     % 
LB close or above UB, fathomed
5167   888    17         46.7438    50.6266    8.3066     % 
UB: 50.62656249999999
branching on CartesianIndex(1, 4) with c.
5168   889    17         46.7438    50.6266    8.3066     % 
LB close or above UB, fathomed
5169   888    20         46.7438    50.6266    8.3066     % 
LB close or above UB, fathomed
5170   887    20         46.7438    50.6266    8.3066     % 
UB: 50.62656249999999
branching on CartesianIndex(1, 6) with c.
5171   888    21         46.7438    50.6266    8.3066     % 
LB close or above UB, fathomed
5172   887    21         46.7438    50.6266    8.3066     % 
UB: 50.62656249999999
branching on CartesianIndex(1, 7) with c.
5173   888    22         46.7438    50.6266    8.3066     % 
UB: 50.62656249999999
branching on 2 with b.
5174   889    23         46.7438    50.6266    8.3066     % 
UB: 50.62656249999999
branching on 3 with b.
5175   890    24         46.7438    50.6266    8.3066     % 
LB close or above UB, fathomed
5176   889    24         46.7438    50.6266    8.3066     % 
UB: 50.62656249999999
branching on 1 with b.
5177   890    25         46.7438    50.6266    8.3066     % 
LB close or above UB, fathomed
5178   889    25         46.7438    50.6266    8.3066     % 
UB: 50.62656249999999
branching on 2 with b.
5179   890    23         46.7438    50.6266    8.3066     % 
LB close or above UB, fathomed
5180   889    22         46.7438    50.6266    8.3066     % 
LB close or above UB, fathomed
5181   888    21         46.7438    50.6266    8.3066     % 
LB close or above UB, fathomed
5182   887    21         46.7438    50.6266    8.3066     % 
UB: 50.62656249999999
branching on CartesianIndex(1, 4) with c.
5183   888    22         46.7438    50.6266    8.3066     % 
LB close or above UB, fathomed
5184   887    22         46.7438    50.6266    8.3066     % 
UB: 50.62656249999999
branching on 1 with b.
5185   888    23         46.7438    50.6266    8.3066     % 
UB: 50.62656249999999
branching on CartesianIndex(1, 5) with c.
5186   889    24         46.7438    50.6266    8.3066     % 
UB: 50.62656249999999
branching on CartesianIndex(1, 6) with c.
5187   890    25         46.7438    50.6266    8.3066     % 
LB close or above UB, fathomed
5188   889    25         46.7438    50.6266    8.3066     % 
UB: 50.62656249999999
branching on CartesianIndex(1, 7) with c.
5189   890    26         46.7438    50.6266    8.3066     % 
UB: 50.62656249999999
branching on 2 with b.
5190   891    27         46.7438    50.6266    8.3066     % 
LB close or above UB, fathomed
5191   890    27         46.7438    50.6266    8.3066     % 
LB close or above UB, fathomed
5192   889    26         46.7438    50.6266    8.3066     % 
LB close or above UB, fathomed
5193   888    24         46.7438    50.6266    8.3066     % 
LB close or above UB, fathomed
5194   887    23         46.7438    50.6266    8.3066     % 
LB close or above UB, fathomed
5195   886    22         46.7438    50.6266    8.3066     % 
LB close or above UB, fathomed
5196   885    22         46.7438    50.6266    8.3066     % 
UB: 50.62656249999999
branching on CartesianIndex(1, 5) with c.
5197   886    23         46.7438    50.6266    8.3066     % 
LB close or above UB, fathomed
5198   885    23         46.7438    50.6266    8.3066     % 
LB close or above UB, fathomed
5199   884    18         46.7438    50.6266    8.3066     % 
LB close or above UB, fathomed
5200   883    18         46.7438    50.6266    8.3066     % 
LB close or above UB, fathomed
5201   882    16         46.7438    50.6266    8.3066     % 
UB: 50.62656249999999
branching on CartesianIndex(1, 4) with c.
5202   883    16         46.7438    50.6266    8.3066     % 
LB close or above UB, fathomed
5203   882    23         46.7438    50.6266    8.3066     % 
LB close or above UB, fathomed
5204   881    23         46.7438    50.6266    8.3066     % 
UB: 50.62656249999999
branching on CartesianIndex(1, 7) with c.
5205   882    24         46.7438    50.6266    8.3066     % 
UB: 50.62656249999999
branching on 1 with b.
5206   883    25         46.7438    50.6266    8.3066     % 
UB: 50.62656249999999
branching on 2 with b.
5207   884    25         46.7438    50.6266    8.3066     % 
LB close or above UB, fathomed
5208   883    24         46.7438    50.6266    8.3066     % 
LB close or above UB, fathomed
5209   882    19         46.7438    50.6266    8.3066     % 
LB close or above UB, fathomed
5210   881    19         46.7438    50.6266    8.3066     % 
UB: 50.62656249999999
branching on CartesianIndex(1, 5) with c.
5211   882    20         46.7438    50.6266    8.3066     % 
UB: 50.62656249999999
branching on CartesianIndex(1, 6) with c.
5212   883    20         46.7438    50.6266    8.3066     % 
UB: 50.62656249999999
branching on 3 with b.
5213   884    16         46.7438    50.6266    8.3066     % 
UB: 50.62656249999999
branching on CartesianIndex(4, 2) with a.
5214   885    17         46.7438    50.6266    8.3066     % 
UB: 50.62656249999999
branching on CartesianIndex(1, 3) with a.
5215   886    18         46.7438    50.6266    8.3066     % 
UB: 50.62656249999999
branching on CartesianIndex(2, 3) with a.
5216   887    18         46.7438    50.6266    8.3066     % 
LB close or above UB, fathomed
5217   886    17         46.7438    50.6266    8.3066     % 
UB: 50.62656249999999
branching on CartesianIndex(1, 3) with a.
5218   887    16         46.7438    50.6266    8.3066     % 
UB: 50.62656249999999
branching on CartesianIndex(1, 3) with a.
5219   888    19         46.7438    50.6266    8.3066     % 
UB: 50.62656249999999
branching on CartesianIndex(1, 6) with c.
5220   889    20         46.7438    50.6266    8.3066     % 
LB close or above UB, fathomed
5221   888    20         46.7438    50.6266    8.3066     % 
UB: 50.62656249999999
branching on 3 with b.
5222   889    21         46.7438    50.6266    8.3066     % 
LB close or above UB, fathomed
5223   888    21         46.7438    50.6266    8.3066     % 
UB: 50.62656249999999
branching on 1 with b.
5224   889    22         46.7438    50.6266    8.3066     % 
UB: 50.62656249999999
branching on CartesianIndex(1, 7) with c.
5225   890    22         46.7438    50.6266    8.3066     % 
LB close or above UB, fathomed
5226   889    19         46.7438    50.6266    8.3066     % 
UB: 50.62656249999999
branching on CartesianIndex(1, 6) with c.
5227   890    20         46.7438    50.6266    8.3066     % 
LB close or above UB, fathomed
5228   889    20         46.7438    50.6266    8.3066     % 
UB: 50.62656249999999
branching on 3 with b.
5229   890    21         46.7438    50.6266    8.3066     % 
LB close or above UB, fathomed
5230   889    21         46.7438    50.6266    8.3066     % 
UB: 50.62656249999999
branching on CartesianIndex(1, 7) with c.
5231   890    22         46.7438    50.6266    8.3066     % 
UB: 50.62656249999999
branching on 1 with b.
5232   891    23         46.7438    50.6266    8.3066     % 
UB: 50.62656249999999
branching on 2 with b.
5233   892    23         46.7438    50.6266    8.3066     % 
LB close or above UB, fathomed
5234   891    22         46.7438    50.6266    8.3066     % 
LB close or above UB, fathomed
5235   890    21         46.7438    50.6266    8.3066     % 
LB close or above UB, fathomed
5236   889    21         46.7438    50.6266    8.3066     % 
UB: 50.62656249999999
branching on CartesianIndex(1, 6) with c.
5237   890    22         46.7438    50.6266    8.3066     % 
LB close or above UB, fathomed
5238   889    22         46.7438    50.6266    8.3066     % 
UB: 50.62656249999999
branching on 1 with b.
5239   890    23         46.7438    50.6266    8.3066     % 
LB close or above UB, fathomed
5240   889    23         46.7438    50.6266    8.3066     % 
UB: 50.62656249999999
branching on CartesianIndex(1, 7) with c.
5241   890    21         46.7438    50.6266    8.3066     % 
LB close or above UB, fathomed
5242   889    21         46.7438    50.6266    8.3066     % 
UB: 50.62656249999999
branching on 3 with b.
5243   890    22         46.7438    50.6266    8.3066     % 
LB close or above UB, fathomed
5244   889    22         46.7438    50.6266    8.3066     % 
UB: 50.62656249999999
branching on CartesianIndex(1, 7) with c.
5245   890    23         46.7438    50.6266    8.3066     % 
UB: 50.62656249999999
branching on 1 with b.
5246   891    24         46.7438    50.6266    8.3066     % 
LB close or above UB, fathomed
5247   890    24         46.7438    50.6266    8.3066     % 
UB: 50.62656249999999
branching on 2 with b.
5248   891    23         46.7438    50.6266    8.3066     % 
LB close or above UB, fathomed
5249   890    21         46.7438    50.6266    8.3066     % 
LB close or above UB, fathomed
5250   889    21         46.7438    50.6266    8.3066     % 
UB: 50.62656249999999
branching on CartesianIndex(1, 6) with c.
5251   890    22         46.7438    50.6266    8.3066     % 
LB close or above UB, fathomed
5252   889    22         46.7438    50.6266    8.3066     % 
UB: 50.62656249999999
branching on CartesianIndex(1, 7) with c.
5253   890    23         46.7438    50.6266    8.3066     % 
UB: 50.62656249999999
branching on 1 with b.
5254   891    24         46.7438    50.6266    8.3066     % 
UB: 50.62656249999999
branching on 2 with b.
5255   892    24         46.7438    50.6266    8.3066     % 
LB close or above UB, fathomed
5256   891    23         46.7438    50.6266    8.3066     % 
LB close or above UB, fathomed
5257   890    23         46.7438    50.6266    8.3066     % 
LB close or above UB, fathomed
5258   889    23         46.7438    50.6266    8.3066     % 
UB: 50.62656249999999
branching on CartesianIndex(1, 7) with c.
5259   890    24         46.7438    50.6266    8.3066     % 
UB: 50.62656249999999
branching on 1 with b.
5260   891    25         46.7438    50.6266    8.3066     % 
LB close or above UB, fathomed
5261   890    25         46.7438    50.6266    8.3066     % 
UB: 50.62656249999999
branching on 2 with b.
5262   891    26         46.7438    50.6266    8.3066     % 
UB: 50.62656249999999
branching on 3 with b.
5263   892    27         46.7438    50.6266    8.3066     % 
LB close or above UB, fathomed
5264   891    27         46.7438    50.6266    8.3066     % 
LB close or above UB, fathomed
5265   890    26         46.7438    50.6266    8.3066     % 
UB: 50.62656249999999
branching on 3 with b.
5266   891    27         46.7438    50.6266    8.3066     % 
LB close or above UB, fathomed
5267   890    27         46.7438    50.6266    8.3066     % 
LB close or above UB, fathomed
5268   889    24         46.7438    50.6266    8.3066     % 
LB close or above UB, fathomed
5269   888    22         46.7438    50.6266    8.3066     % 
LB close or above UB, fathomed
5270   887    22         46.7438    50.6266    8.3066     % 
UB: 50.62656249999999
branching on CartesianIndex(1, 7) with c.
5271   888    23         46.7438    50.6266    8.3066     % 
UB: 50.62656249999999
branching on 3 with b.
5272   889    24         46.7438    50.6266    8.3066     % 
LB close or above UB, fathomed
5273   888    24         46.7438    50.6266    8.3066     % 
UB: 50.62656249999999
branching on 1 with b.
5274   889    25         46.7438    50.6266    8.3066     % 
LB close or above UB, fathomed
5275   888    25         46.7438    50.6266    8.3066     % 
UB: 50.62656249999999
branching on 2 with b.
5276   889    23         46.7438    50.6266    8.3066     % 
LB close or above UB, fathomed
5277   888    21         46.7438    50.6266    8.3066     % 
LB close or above UB, fathomed
5278   887    21         46.7438    50.6266    8.3066     % 
UB: 50.62656249999999
branching on 1 with b.
5279   888    22         46.7438    50.6266    8.3066     % 
LB close or above UB, fathomed
5280   887    22         46.7438    50.6266    8.3066     % 
UB: 50.62656249999999
branching on CartesianIndex(1, 7) with c.
5281   888    23         46.7438    50.6266    8.3066     % 
UB: 50.62656249999999
branching on 2 with b.
5282   889    24         46.7438    50.6266    8.3066     % 
UB: 50.62656249999999
branching on 3 with b.
5283   890    25         46.7438    50.6266    8.3066     % 
LB close or above UB, fathomed
5284   889    25         46.7438    50.6266    8.3066     % 
UB: 50.62656249999999
branching on 1 with b.
5285   890    26         46.7438    50.6266    8.3066     % 
LB close or above UB, fathomed
5286   889    26         46.7438    50.6266    8.3066     % 
UB: 50.62656249999999
branching on 2 with b.
5287   890    27         46.7438    50.6266    8.3066     % 
LB close or above UB, fathomed
5288   889    27         46.7438    50.6266    8.3066     % 
UB: 50.62656249999999
branching on 3 with b.
5289   890    28         46.7438    50.6266    8.3066     % 
LB close or above UB, fathomed
5290   889    28         46.7438    50.6266    8.3066     % 
LB close or above UB, fathomed
5291   888    24         46.7438    50.6266    8.3066     % 
UB: 50.62656249999999
branching on 3 with b.
5292   889    25         46.7438    50.6266    8.3066     % 
LB close or above UB, fathomed
5293   888    25         46.7438    50.6266    8.3066     % 
UB: 50.62656249999999
branching on 1 with b.
5294   889    26         46.7438    50.6266    8.3066     % 
LB close or above UB, fathomed
5295   888    26         46.7438    50.6266    8.3066     % 
UB: 50.62656249999999
branching on 2 with b.
5296   889    27         46.7438    50.6266    8.3066     % 
UB: 50.62656249999999
branching on 3 with b.
5297   890    28         46.7438    50.6266    8.3066     % 
LB close or above UB, fathomed
5298   889    28         46.7438    50.6266    8.3066     % 
LB close or above UB, fathomed
5299   888    27         46.7438    50.6266    8.3066     % 
UB: 50.62656249999999
branching on 3 with b.
5300   889    28         46.7438    50.6266    8.3066     % 
LB close or above UB, fathomed
5301   888    28         46.7438    50.6266    8.3066     % 
LB close or above UB, fathomed
5302   887    23         46.7438    50.6266    8.3066     % 
LB close or above UB, fathomed
5303   886    18         46.7438    50.6266    8.3066     % 
LB close or above UB, fathomed
5304   885    18         46.7438    50.6266    8.3066     % 
UB: 50.62656249999999
branching on CartesianIndex(1, 7) with c.
5305   886    19         46.7438    50.6266    8.3066     % 
UB: 50.62656249999999
branching on 1 with b.
5306   887    20         46.7438    50.6266    8.3066     % 
LB close or above UB, fathomed
5307   886    20         46.7438    50.6266    8.3066     % 
UB: 50.62656249999999
branching on 2 with b.
5308   887    21         46.7438    50.6266    8.3066     % 
UB: 50.62656249999999
branching on 3 with b.
5309   888    22         46.7438    50.6266    8.3066     % 
LB close or above UB, fathomed
5310   887    22         46.7438    50.6266    8.3066     % 
UB: 50.62656249999999
branching on 1 with b.
5311   888    23         46.7438    50.6266    8.3066     % 
LB close or above UB, fathomed
5312   887    23         46.7438    50.6266    8.3066     % 
UB: 50.62656249999999
branching on 2 with b.
5313   888    24         46.7438    50.6266    8.3066     % 
UB: 50.62656249999999
branching on 3 with b.
5314   889    25         46.7438    50.6266    8.3066     % 
LB close or above UB, fathomed
5315   888    25         46.7438    50.6266    8.3066     % 
LB close or above UB, fathomed
5316   887    24         46.7438    50.6266    8.3066     % 
UB: 50.62656249999999
branching on 3 with b.
5317   888    25         46.7438    50.6266    8.3066     % 
LB close or above UB, fathomed
5318   887    25         46.7438    50.6266    8.3066     % 
LB close or above UB, fathomed
5319   886    21         46.7438    50.6266    8.3066     % 
UB: 50.62656249999999
branching on 3 with b.
5320   887    22         46.7438    50.6266    8.3066     % 
LB close or above UB, fathomed
5321   886    22         46.7438    50.6266    8.3066     % 
UB: 50.62656249999999
branching on 1 with b.
5322   887    23         46.7438    50.6266    8.3066     % 
LB close or above UB, fathomed
5323   886    23         46.7438    50.6266    8.3066     % 
UB: 50.62656249999999
branching on 2 with b.
5324   887    24         46.7438    50.6266    8.3066     % 
UB: 50.62656249999999
branching on 3 with b.
5325   888    25         46.7438    50.6266    8.3066     % 
LB close or above UB, fathomed
5326   887    25         46.7438    50.6266    8.3066     % 
LB close or above UB, fathomed
5327   886    24         46.7438    50.6266    8.3066     % 
UB: 50.62656249999999
branching on 3 with b.
5328   887    25         46.7438    50.6266    8.3066     % 
LB close or above UB, fathomed
5329   886    25         46.7438    50.6266    8.3066     % 
LB close or above UB, fathomed
5330   885    19         46.7438    50.6266    8.3066     % 
LB close or above UB, fathomed
5331   884    18         46.7438    50.6266    8.3066     % 
LB close or above UB, fathomed
5332   883    18         46.7438    50.6266    8.3066     % 
UB: 50.62656249999999
branching on CartesianIndex(1, 5) with c.
5333   884    19         46.7438    50.6266    8.3066     % 
UB: 50.62656249999999
branching on CartesianIndex(1, 6) with c.
5334   885    20         46.7438    50.6266    8.3066     % 
UB: 50.62656249999999
branching on CartesianIndex(1, 7) with c.
5335   886    21         46.7438    50.6266    8.3066     % 
UB: 50.62656249999999
branching on 1 with b.
5336   887    21         46.7438    50.6266    8.3066     % 
UB: 50.62656249999999
branching on 1 with b.
5337   888    22         46.7438    50.6266    8.3066     % 
UB: 50.62656249999999
branching on 2 with b.
5338   889    22         46.7438    50.6266    8.3066     % 
LB close or above UB, fathomed
5339   888    20         46.7438    50.6266    8.3066     % 
LB close or above UB, fathomed
5340   887    19         46.7438    50.6266    8.3066     % 
LB close or above UB, fathomed
5341   886    21         46.7438    50.6266    8.3066     % 
LB close or above UB, fathomed
5342   885    21         46.7438    50.6266    8.3066     % 
UB: 50.62656249999999
branching on 1 with b.
5343   886    22         46.7438    50.6266    8.3066     % 
UB: 50.62656249999999
branching on 2 with b.
5344   887    22         46.7438    50.6266    8.3066     % 
LB close or above UB, fathomed
5345   886    20         46.7438    50.6266    8.3066     % 
LB close or above UB, fathomed
5346   885    20         46.7438    50.6266    8.3066     % 
UB: 50.62656249999999
branching on CartesianIndex(1, 5) with c.
5347   886    21         46.7438    50.6266    8.3066     % 
UB: 50.62656249999999
branching on CartesianIndex(1, 6) with c.
5348   887    22         46.7438    50.6266    8.3066     % 
LB close or above UB, fathomed
5349   886    22         46.7438    50.6266    8.3066     % 
UB: 50.62656249999999
branching on CartesianIndex(1, 7) with c.
5350   887    23         46.7438    50.6266    8.3066     % 
UB: 50.62656249999999
branching on 1 with b.
5351   888    24         46.7438    50.6266    8.3066     % 
UB: 50.62656249999999
branching on 2 with b.
5352   889    24         46.7438    50.6266    8.3066     % 
LB close or above UB, fathomed
5353   888    23         46.7438    50.6266    8.3066     % 
LB close or above UB, fathomed
5354   887    21         46.7438    50.6266    8.3066     % 
UB: 50.62656249999999
branching on CartesianIndex(1, 6) with c.
5355   888    22         46.7438    50.6266    8.3066     % 
LB close or above UB, fathomed
5356   887    22         46.7438    50.6266    8.3066     % 
UB: 50.62656249999999
branching on CartesianIndex(1, 7) with c.
5357   888    23         46.7438    50.6266    8.3066     % 
UB: 50.62656249999999
branching on 1 with b.
5358   889    24         46.7438    50.6266    8.3066     % 
UB: 50.62656249999999
branching on 2 with b.
5359   890    24         46.7438    50.6266    8.3066     % 
LB close or above UB, fathomed
5360   889    23         46.7438    50.6266    8.3066     % 
LB close or above UB, fathomed
5361   888    20         46.7438    50.6266    8.3066     % 
UB: 50.62656249999999
branching on CartesianIndex(1, 6) with c.
5362   889    20         46.7438    50.6266    8.3066     % 
LB close or above UB, fathomed
5363   888    18         46.7438    50.6266    8.3066     % 
LB close or above UB, fathomed
5364   887    18         46.7438    50.6266    8.3066     % 
UB: 50.62656249999999
branching on CartesianIndex(1, 5) with c.
5365   888    19         46.7438    50.6266    8.3066     % 
UB: 50.62656249999999
branching on CartesianIndex(1, 6) with c.
5366   889    20         46.7438    50.6266    8.3066     % 
UB: 50.62656249999999
branching on CartesianIndex(1, 7) with c.
5367   890    21         46.7438    50.6266    8.3066     % 
UB: 50.62656249999999
branching on 1 with b.
5368   891    22         46.7438    50.6266    8.3066     % 
UB: 50.62656249999999
branching on 2 with b.
5369   892    23         46.7438    50.6266    8.3066     % 
UB: 50.62656249999999
branching on 3 with b.
5370   893    23         46.7438    50.6266    8.3066     % 
LB close or above UB, fathomed
5371   892    22         46.7438    50.6266    8.3066     % 
LB close or above UB, fathomed
5372   891    21         46.7438    50.6266    8.3066     % 
LB close or above UB, fathomed
5373   890    20         46.7438    50.6266    8.3066     % 
UB: 50.62656249999999
branching on 1 with b.
5374   891    21         46.7438    50.6266    8.3066     % 
UB: 50.62656249999999
branching on CartesianIndex(1, 7) with c.
5375   892    22         46.7438    50.6266    8.3066     % 
UB: 50.62656249999999
branching on 2 with b.
5376   893    23         46.7438    50.6266    8.3066     % 
UB: 50.62656249999999
branching on 3 with b.
5377   894    23         46.7438    50.6266    8.3066     % 
LB close or above UB, fathomed
5378   893    22         46.7438    50.6266    8.3066     % 
LB close or above UB, fathomed
5379   892    21         46.7438    50.6266    8.3066     % 
LB close or above UB, fathomed
5380   891    19         46.7438    50.6266    8.3066     % 
LB close or above UB, fathomed
5381   890    20         46.7438    50.6266    8.3066     % 
LB close or above UB, fathomed
5382   889    20         46.7438    50.6266    8.3066     % 
UB: 50.62656249999999
branching on CartesianIndex(1, 5) with c.
5383   890    21         46.7438    50.6266    8.3066     % 
UB: 50.62656249999999
branching on CartesianIndex(1, 6) with c.
5384   891    22         46.7438    50.6266    8.3066     % 
LB close or above UB, fathomed
5385   890    22         46.7438    50.6266    8.3066     % 
UB: 50.62656249999999
branching on CartesianIndex(1, 7) with c.
5386   891    23         46.7438    50.6266    8.3066     % 
UB: 50.62656249999999
branching on 3 with b.
5387   892    24         46.7438    50.6266    8.3066     % 
LB close or above UB, fathomed
5388   891    24         46.7438    50.6266    8.3066     % 
UB: 50.62656249999999
branching on 1 with b.
5389   892    25         46.7438    50.6266    8.3066     % 
LB close or above UB, fathomed
5390   891    25         46.7438    50.6266    8.3066     % 
LB close or above UB, fathomed
5391   890    23         46.7438    50.6266    8.3066     % 
LB close or above UB, fathomed
5392   889    21         46.7438    50.6266    8.3066     % 
LB close or above UB, fathomed
5393   888    21         46.7438    50.6266    8.3066     % 
LB close or above UB, fathomed
5394   887    21         46.7438    50.6266    8.3066     % 
UB: 50.62656249999999
branching on 2 with b.
5395   888    22         46.7438    50.6266    8.3066     % 
LB close or above UB, fathomed
5396   887    22         46.7438    50.6266    8.3066     % 
UB: 50.62656249999999
branching on 3 with b.
5397   888    23         46.7438    50.6266    8.3066     % 
LB close or above UB, fathomed
5398   887    23         46.7438    50.6266    8.3066     % 
UB: 50.62656249999999
branching on CartesianIndex(1, 6) with c.
5399   888    24         46.7438    50.6266    8.3066     % 
LB close or above UB, fathomed
5400   887    24         46.7438    50.6266    8.3066     % 
UB: 50.62656249999999
branching on CartesianIndex(1, 7) with c.
5401   888    25         46.7438    50.6266    8.3066     % 
UB: 50.62656249999999
branching on 1 with b.
5402   889    26         46.7438    50.6266    8.3066     % 
LB close or above UB, fathomed
5403   888    26         46.7438    50.6266    8.3066     % 
UB: 50.62656249999999
branching on 2 with b.
5404   889    27         46.7438    50.6266    8.3066     % 
LB close or above UB, fathomed
5405   888    27         46.7438    50.6266    8.3066     % 
UB: 50.62656249999999
branching on 3 with b.
5406   889    28         46.7438    50.6266    8.3066     % 
LB close or above UB, fathomed
5407   888    28         46.7438    50.6266    8.3066     % 
LB close or above UB, fathomed
5408   887    25         46.7438    50.6266    8.3066     % 
LB close or above UB, fathomed
5409   886    23         46.7438    50.6266    8.3066     % 
LB close or above UB, fathomed
5410   885    23         46.7438    50.6266    8.3066     % 
UB: 50.62656249999999
branching on CartesianIndex(1, 7) with c.
5411   886    24         46.7438    50.6266    8.3066     % 
UB: 50.62656249999999
branching on 1 with b.
5412   887    25         46.7438    50.6266    8.3066     % 
LB close or above UB, fathomed
5413   886    25         46.7438    50.6266    8.3066     % 
UB: 50.62656249999999
branching on 2 with b.
5414   887    26         46.7438    50.6266    8.3066     % 
UB: 50.62656249999999
branching on 3 with b.
5415   888    27         46.7438    50.6266    8.3066     % 
LB close or above UB, fathomed
5416   887    27         46.7438    50.6266    8.3066     % 
LB close or above UB, fathomed
5417   886    26         46.7438    50.6266    8.3066     % 
UB: 50.62656249999999
branching on 3 with b.
5418   887    27         46.7438    50.6266    8.3066     % 
LB close or above UB, fathomed
5419   886    27         46.7438    50.6266    8.3066     % 
LB close or above UB, fathomed
5420   885    24         46.7438    50.6266    8.3066     % 
LB close or above UB, fathomed
5421   884    23         46.7438    50.6266    8.3066     % 
LB close or above UB, fathomed
5422   883    23         46.7438    50.6266    8.3066     % 
UB: 50.62656249999999
branching on CartesianIndex(1, 7) with c.
5423   884    24         46.7438    50.6266    8.3066     % 
UB: 50.62656249999999
branching on 1 with b.
5424   885    25         46.7438    50.6266    8.3066     % 
LB close or above UB, fathomed
5425   884    25         46.7438    50.6266    8.3066     % 
UB: 50.62656249999999
branching on 2 with b.
5426   885    26         46.7438    50.6266    8.3066     % 
UB: 50.62656249999999
branching on 3 with b.
5427   886    27         46.7438    50.6266    8.3066     % 
LB close or above UB, fathomed
5428   885    27         46.7438    50.6266    8.3066     % 
LB close or above UB, fathomed
5429   884    26         46.7438    50.6266    8.3066     % 
UB: 50.62656249999999
branching on 3 with b.
5430   885    27         46.7438    50.6266    8.3066     % 
LB close or above UB, fathomed
5431   884    27         46.7438    50.6266    8.3066     % 
LB close or above UB, fathomed
5432   883    24         46.7438    50.6266    8.3066     % 
LB close or above UB, fathomed
5433   882    22         46.7438    50.6266    8.3066     % 
UB: 50.62656249999999
branching on 3 with b.
5434   883    23         46.7438    50.6266    8.3066     % 
LB close or above UB, fathomed
5435   882    23         46.7438    50.6266    8.3066     % 
UB: 50.62656249999999
branching on 1 with b.
5436   883    24         46.7438    50.6266    8.3066     % 
LB close or above UB, fathomed
5437   882    24         46.7438    50.6266    8.3066     % 
UB: 50.62656249999999
branching on 2 with b.
5438   883    25         46.7438    50.6266    8.3066     % 
UB: 50.62656249999999
branching on 3 with b.
5439   884    26         46.7438    50.6266    8.3066     % 
LB close or above UB, fathomed
5440   883    26         46.7438    50.6266    8.3066     % 
LB close or above UB, fathomed
5441   882    25         46.7438    50.6266    8.3066     % 
UB: 50.62656249999999
branching on 3 with b.
5442   883    26         46.7438    50.6266    8.3066     % 
LB close or above UB, fathomed
5443   882    26         46.7438    50.6266    8.3066     % 
LB close or above UB, fathomed
5444   881    22         46.7438    50.6266    8.3066     % 
LB close or above UB, fathomed
5445   880    18         46.7438    50.6266    8.3066     % 
LB close or above UB, fathomed
5446   879    18         46.7438    50.6266    8.3066     % 
UB: 50.62656249999999
branching on 1 with b.
5447   880    19         46.7438    50.6266    8.3066     % 
LB close or above UB, fathomed
5448   879    19         46.7438    50.6266    8.3066     % 
UB: 50.62656249999999
branching on CartesianIndex(1, 7) with c.
5449   880    20         46.7438    50.6266    8.3066     % 
UB: 50.62656249999999
branching on 2 with b.
5450   881    21         46.7438    50.6266    8.3066     % 
UB: 50.62656249999999
branching on 3 with b.
5451   882    22         46.7438    50.6266    8.3066     % 
LB close or above UB, fathomed
5452   881    22         46.7438    50.6266    8.3066     % 
UB: 50.62656249999999
branching on 1 with b.
5453   882    23         46.7438    50.6266    8.3066     % 
LB close or above UB, fathomed
5454   881    23         46.7438    50.6266    8.3066     % 
UB: 50.62656249999999
branching on 2 with b.
5455   882    24         46.7438    50.6266    8.3066     % 
UB: 50.62656249999999
branching on 3 with b.
5456   883    25         46.7438    50.6266    8.3066     % 
LB close or above UB, fathomed
5457   882    25         46.7438    50.6266    8.3066     % 
LB close or above UB, fathomed
5458   881    24         46.7438    50.6266    8.3066     % 
UB: 50.62656249999999
branching on 3 with b.
5459   882    25         46.7438    50.6266    8.3066     % 
LB close or above UB, fathomed
5460   881    25         46.7438    50.6266    8.3066     % 
LB close or above UB, fathomed
5461   880    21         46.7438    50.6266    8.3066     % 
UB: 50.62656249999999
branching on 3 with b.
5462   881    22         46.7438    50.6266    8.3066     % 
LB close or above UB, fathomed
5463   880    22         46.7438    50.6266    8.3066     % 
UB: 50.62656249999999
branching on 1 with b.
5464   881    23         46.7438    50.6266    8.3066     % 
LB close or above UB, fathomed
5465   880    23         46.7438    50.6266    8.3066     % 
UB: 50.62656249999999
branching on 2 with b.
5466   881    24         46.7438    50.6266    8.3066     % 
UB: 50.62656249999999
branching on 3 with b.
5467   882    25         46.7438    50.6266    8.3066     % 
LB close or above UB, fathomed
5468   881    25         46.7438    50.6266    8.3066     % 
LB close or above UB, fathomed
5469   880    24         46.7438    50.6266    8.3066     % 
UB: 50.62656249999999
branching on 3 with b.
5470   881    25         46.7438    50.6266    8.3066     % 
LB close or above UB, fathomed
5471   880    25         46.7438    50.6266    8.3066     % 
LB close or above UB, fathomed
5472   879    20         46.7438    50.6266    8.3066     % 
LB close or above UB, fathomed
5473   878    22         46.7438    50.6266    8.3066     % 
LB close or above UB, fathomed
5474   877    22         46.7438    50.6266    8.3066     % 
UB: 50.62656249999999
branching on CartesianIndex(1, 7) with c.
5475   878    23         46.7438    50.6266    8.3066     % 
UB: 50.62656249999999
branching on 2 with b.
5476   879    24         46.7438    50.6266    8.3066     % 
UB: 50.62656249999999
branching on 3 with b.
5477   880    25         46.7438    50.6266    8.3066     % 
LB close or above UB, fathomed
5478   879    25         46.7438    50.6266    8.3066     % 
UB: 50.62656249999999
branching on 1 with b.
5479   880    26         46.7438    50.6266    8.3066     % 
LB close or above UB, fathomed
5480   879    26         46.7438    50.6266    8.3066     % 
UB: 50.62656249999999
branching on 2 with b.
5481   880    27         46.7438    50.6266    8.3066     % 
UB: 50.62656249999999
branching on 3 with b.
5482   881    28         46.7438    50.6266    8.3066     % 
LB close or above UB, fathomed
5483   880    28         46.7438    50.6266    8.3066     % 
LB close or above UB, fathomed
5484   879    27         46.7438    50.6266    8.3066     % 
UB: 50.62656249999999
branching on 3 with b.
5485   880    28         46.7438    50.6266    8.3066     % 
LB close or above UB, fathomed
5486   879    28         46.7438    50.6266    8.3066     % 
LB close or above UB, fathomed
5487   878    24         46.7438    50.6266    8.3066     % 
UB: 50.62656249999999
branching on 3 with b.
5488   879    25         46.7438    50.6266    8.3066     % 
LB close or above UB, fathomed
5489   878    25         46.7438    50.6266    8.3066     % 
UB: 50.62656249999999
branching on 1 with b.
5490   879    26         46.7438    50.6266    8.3066     % 
LB close or above UB, fathomed
5491   878    26         46.7438    50.6266    8.3066     % 
UB: 50.62656249999999
branching on 2 with b.
5492   879    27         46.7438    50.6266    8.3066     % 
UB: 50.62656249999999
branching on 3 with b.
5493   880    28         46.7438    50.6266    8.3066     % 
LB close or above UB, fathomed
5494   879    28         46.7438    50.6266    8.3066     % 
LB close or above UB, fathomed
5495   878    27         46.7438    50.6266    8.3066     % 
UB: 50.62656249999999
branching on 3 with b.
5496   879    28         46.7438    50.6266    8.3066     % 
LB close or above UB, fathomed
5497   878    28         46.7438    50.6266    8.3066     % 
LB close or above UB, fathomed
5498   877    23         46.7438    50.6266    8.3066     % 
LB close or above UB, fathomed
5499   876    22         46.7438    50.6266    8.3066     % 
LB close or above UB, fathomed
5500   875    22         46.7438    50.6266    8.3066     % 
UB: 50.62656249999999
branching on CartesianIndex(1, 7) with c.
5501   876    23         46.7438    50.6266    8.3066     % 
UB: 50.62656249999999
branching on 2 with b.
5502   877    24         46.7438    50.6266    8.3066     % 
UB: 50.62656249999999
branching on 3 with b.
5503   878    25         46.7438    50.6266    8.3066     % 
LB close or above UB, fathomed
5504   877    25         46.7438    50.6266    8.3066     % 
UB: 50.62656249999999
branching on 1 with b.
5505   878    26         46.7438    50.6266    8.3066     % 
LB close or above UB, fathomed
5506   877    26         46.7438    50.6266    8.3066     % 
UB: 50.62656249999999
branching on 2 with b.
5507   878    27         46.7438    50.6266    8.3066     % 
UB: 50.62656249999999
branching on 3 with b.
5508   879    28         46.7438    50.6266    8.3066     % 
LB close or above UB, fathomed
5509   878    28         46.7438    50.6266    8.3066     % 
LB close or above UB, fathomed
5510   877    27         46.7438    50.6266    8.3066     % 
UB: 50.62656249999999
branching on 3 with b.
5511   878    28         46.7438    50.6266    8.3066     % 
LB close or above UB, fathomed
5512   877    28         46.7438    50.6266    8.3066     % 
LB close or above UB, fathomed
5513   876    24         46.7438    50.6266    8.3066     % 
UB: 50.62656249999999
branching on 3 with b.
5514   877    25         46.7438    50.6266    8.3066     % 
LB close or above UB, fathomed
5515   876    25         46.7438    50.6266    8.3066     % 
UB: 50.62656249999999
branching on 1 with b.
5516   877    26         46.7438    50.6266    8.3066     % 
LB close or above UB, fathomed
5517   876    26         46.7438    50.6266    8.3066     % 
UB: 50.62656249999999
branching on 2 with b.
5518   877    27         46.7438    50.6266    8.3066     % 
UB: 50.62656249999999
branching on 3 with b.
5519   878    28         46.7438    50.6266    8.3066     % 
LB close or above UB, fathomed
5520   877    28         46.7438    50.6266    8.3066     % 
LB close or above UB, fathomed
5521   876    27         46.7438    50.6266    8.3066     % 
UB: 50.62656249999999
branching on 3 with b.
5522   877    28         46.7438    50.6266    8.3066     % 
LB close or above UB, fathomed
5523   876    28         46.7438    50.6266    8.3066     % 
LB close or above UB, fathomed
5524   875    23         46.7438    50.6266    8.3066     % 
LB close or above UB, fathomed
5525   874    22         46.7438    50.6266    8.3066     % 
LB close or above UB, fathomed
5526   873    22         46.7438    50.6266    8.3066     % 
UB: 50.62656249999999
branching on CartesianIndex(1, 7) with c.
5527   874    23         46.7438    50.6266    8.3066     % 
UB: 50.62656249999999
branching on 2 with b.
5528   875    24         46.7438    50.6266    8.3066     % 
UB: 50.62656249999999
branching on 3 with b.
5529   876    25         46.7438    50.6266    8.3066     % 
LB close or above UB, fathomed
5530   875    25         46.7438    50.6266    8.3066     % 
UB: 50.62656249999999
branching on 1 with b.
5531   876    26         46.7438    50.6266    8.3066     % 
LB close or above UB, fathomed
5532   875    26         46.7438    50.6266    8.3066     % 
UB: 50.62656249999999
branching on 2 with b.
5533   876    27         46.7438    50.6266    8.3066     % 
UB: 50.62656249999999
branching on 3 with b.
5534   877    28         46.7438    50.6266    8.3066     % 
LB close or above UB, fathomed
5535   876    28         46.7438    50.6266    8.3066     % 
LB close or above UB, fathomed
5536   875    27         46.7438    50.6266    8.3066     % 
UB: 50.62656249999999
branching on 3 with b.
5537   876    28         46.7438    50.6266    8.3066     % 
LB close or above UB, fathomed
5538   875    28         46.7438    50.6266    8.3066     % 
LB close or above UB, fathomed
5539   874    24         46.7438    50.6266    8.3066     % 
UB: 50.62656249999999
branching on 3 with b.
5540   875    25         46.7438    50.6266    8.3066     % 
LB close or above UB, fathomed
5541   874    25         46.7438    50.6266    8.3066     % 
UB: 50.62656249999999
branching on 1 with b.
5542   875    26         46.7438    50.6266    8.3066     % 
LB close or above UB, fathomed
5543   874    26         46.7438    50.6266    8.3066     % 
UB: 50.62656249999999
branching on 2 with b.
5544   875    27         46.7438    50.6266    8.3066     % 
UB: 50.62656249999999
branching on 3 with b.
5545   876    28         46.7438    50.6266    8.3066     % 
LB close or above UB, fathomed
5546   875    28         46.7438    50.6266    8.3066     % 
LB close or above UB, fathomed
5547   874    27         46.7438    50.6266    8.3066     % 
UB: 50.62656249999999
branching on 3 with b.
5548   875    28         46.7438    50.6266    8.3066     % 
LB close or above UB, fathomed
5549   874    28         46.7438    50.6266    8.3066     % 
LB close or above UB, fathomed
5550   873    23         46.7438    50.6266    8.3066     % 
LB close or above UB, fathomed
5551   872    22         46.7438    50.6266    8.3066     % 
LB close or above UB, fathomed
5552   871    22         46.7438    50.6266    8.3066     % 
UB: 50.62656249999999
branching on CartesianIndex(1, 7) with c.
5553   872    23         46.7438    50.6266    8.3066     % 
UB: 50.62656249999999
branching on 2 with b.
5554   873    24         46.7438    50.6266    8.3066     % 
UB: 50.62656249999999
branching on 3 with b.
5555   874    25         46.7438    50.6266    8.3066     % 
LB close or above UB, fathomed
5556   873    25         46.7438    50.6266    8.3066     % 
UB: 50.62656249999999
branching on 1 with b.
5557   874    26         46.7438    50.6266    8.3066     % 
LB close or above UB, fathomed
5558   873    26         46.7438    50.6266    8.3066     % 
UB: 50.62656249999999
branching on 2 with b.
5559   874    27         46.7438    50.6266    8.3066     % 
UB: 50.62656249999999
branching on 3 with b.
5560   875    28         46.7438    50.6266    8.3066     % 
LB close or above UB, fathomed
5561   874    28         46.7438    50.6266    8.3066     % 
LB close or above UB, fathomed
5562   873    27         46.7438    50.6266    8.3066     % 
UB: 50.62656249999999
branching on 3 with b.
5563   874    28         46.7438    50.6266    8.3066     % 
LB close or above UB, fathomed
5564   873    28         46.7438    50.6266    8.3066     % 
LB close or above UB, fathomed
5565   872    24         46.7438    50.6266    8.3066     % 
UB: 50.62656249999999
branching on 3 with b.
5566   873    25         46.7438    50.6266    8.3066     % 
LB close or above UB, fathomed
5567   872    25         46.7438    50.6266    8.3066     % 
UB: 50.62656249999999
branching on 1 with b.
5568   873    26         46.7438    50.6266    8.3066     % 
LB close or above UB, fathomed
5569   872    26         46.7438    50.6266    8.3066     % 
UB: 50.62656249999999
branching on 2 with b.
5570   873    27         46.7438    50.6266    8.3066     % 
UB: 50.62656249999999
branching on 3 with b.
5571   874    28         46.7438    50.6266    8.3066     % 
LB close or above UB, fathomed
5572   873    28         46.7438    50.6266    8.3066     % 
LB close or above UB, fathomed
5573   872    27         46.7438    50.6266    8.3066     % 
UB: 50.62656249999999
branching on 3 with b.
5574   873    28         46.7438    50.6266    8.3066     % 
LB close or above UB, fathomed
5575   872    28         46.7438    50.6266    8.3066     % 
LB close or above UB, fathomed
5576   871    23         46.7438    50.6266    8.3066     % 
LB close or above UB, fathomed
5577   870    19         46.7438    50.6266    8.3066     % 
LB close or above UB, fathomed
5578   869    19         46.7438    50.6266    8.3066     % 
UB: 50.62656249999999
branching on CartesianIndex(1, 6) with c.
5579   870    20         46.7438    50.6266    8.3066     % 
LB close or above UB, fathomed
5580   869    20         46.7438    50.6266    8.3066     % 
UB: 50.62656249999999
branching on CartesianIndex(1, 7) with c.
5581   870    21         46.7438    50.6266    8.3066     % 
UB: 50.62656249999999
branching on 1 with b.
5582   871    22         46.7438    50.6266    8.3066     % 
LB close or above UB, fathomed
5583   870    22         46.7438    50.6266    8.3066     % 
UB: 50.62656249999999
branching on 2 with b.
5584   871    23         46.7438    50.6266    8.3066     % 
UB: 50.62656249999999
branching on 3 with b.
5585   872    24         46.7438    50.6266    8.3066     % 
LB close or above UB, fathomed
5586   871    24         46.7438    50.6266    8.3066     % 
UB: 50.62656249999999
branching on 1 with b.
5587   872    25         46.7438    50.6266    8.3066     % 
LB close or above UB, fathomed
5588   871    25         46.7438    50.6266    8.3066     % 
UB: 50.62656249999999
branching on 2 with b.
5589   872    26         46.7438    50.6266    8.3066     % 
UB: 50.62656249999999
branching on 3 with b.
5590   873    27         46.7438    50.6266    8.3066     % 
LB close or above UB, fathomed
5591   872    27         46.7438    50.6266    8.3066     % 
LB close or above UB, fathomed
5592   871    26         46.7438    50.6266    8.3066     % 
LB close or above UB, fathomed
5593   870    23         46.7438    50.6266    8.3066     % 
LB close or above UB, fathomed
5594   869    21         46.7438    50.6266    8.3066     % 
LB close or above UB, fathomed
5595   868    16         47.3909    50.6266    6.8276     % 
LB close or above UB, fathomed
5596   867    16         47.3909    50.6266    6.8276     % 
LB close or above UB, fathomed
5597   866    12         47.4639    50.6266    6.6634     % 
LB close or above UB, fathomed
5598   865    12         47.4639    50.6266    6.6634     % 
LB close or above UB, fathomed
5599   864    15         47.7145    50.6266    6.1032     % 
LB close or above UB, fathomed
5600   863    15         47.7145    50.6266    6.1032     % 
LB close or above UB, fathomed
5601   862    11         47.9135    50.6266    5.6625     % 
LB close or above UB, fathomed
5602   861    11         47.9135    50.6266    5.6625     % 
LB close or above UB, fathomed
5603   860    13         48.6352    50.6266    4.0946     % 
LB close or above UB, fathomed
5604   859    13         48.6352    50.6266    4.0946     % 
UB: 50.62656249999999
branching on CartesianIndex(1, 5) with c.
5605   860    14         48.6352    50.6266    4.0946     % 
LB close or above UB, fathomed
5606   859    14         48.6352    50.6266    4.0946     % 
LB close or above UB, fathomed
5607   858    22         48.6352    50.6266    4.0946     % 
LB close or above UB, fathomed
5608   857    22         48.6352    50.6266    4.0946     % 
LB close or above UB, fathomed
5609   856    11         48.6352    50.6266    4.0946     % 
UB: 50.62656249999999
branching on CartesianIndex(2, 2) with a.
5610   857    12         48.6352    50.6266    4.0946     % 
LB close or above UB, fathomed
5611   856    12         48.6352    50.6266    4.0946     % 
LB close or above UB, fathomed
5612   855    11         48.6352    50.6266    4.0946     % 
LB close or above UB, fathomed
5613   854    6          48.6352    50.6266    4.0946     % 
UB: 50.62656249999999
branching on 1 with b.
5614   855    7          48.6352    50.6266    4.0946     % 
UB: 50.62656249999999
branching on 1 with b.
5615   856    8          48.6352    50.6266    4.0946     % 
LB close or above UB, fathomed
5616   855    8          48.6352    50.6266    4.0946     % 
UB: 50.62656249999999
branching on CartesianIndex(2, 3) with a.
5617   856    9          48.6352    50.6266    4.0946     % 
LB close or above UB, fathomed
5618   855    9          48.6352    50.6266    4.0946     % 
LB close or above UB, fathomed
5619   854    7          48.6352    50.6266    4.0946     % 
LB close or above UB, fathomed
5620   853    6          48.6352    50.6266    4.0946     % 
LB close or above UB, fathomed
5621   852    19         48.6352    50.6266    4.0946     % 
LB close or above UB, fathomed
5622   851    19         48.6352    50.6266    4.0946     % 
LB close or above UB, fathomed
5623   850    19         48.6352    50.6266    4.0946     % 
LB close or above UB, fathomed
5624   849    19         48.6352    50.6266    4.0946     % 
LB close or above UB, fathomed
5625   848    18         48.6352    50.6266    4.0946     % 
LB close or above UB, fathomed
5626   847    18         48.6352    50.6266    4.0946     % 
LB close or above UB, fathomed
5627   846    11         48.6352    50.6266    4.0946     % 
UB: 50.62656249999999
branching on CartesianIndex(2, 2) with a.
5628   847    12         48.6352    50.6266    4.0946     % 
LB close or above UB, fathomed
5629   846    12         48.6352    50.6266    4.0946     % 
UB: 50.62656249999999
branching on 1 with b.
5630   847    13         48.6352    50.6266    4.0946     % 
LB close or above UB, fathomed
5631   846    13         48.6352    50.6266    4.0946     % 
LB close or above UB, fathomed
5632   845    11         48.6352    50.6266    4.0946     % 
LB close or above UB, fathomed
5633   844    9          48.6352    50.6266    4.0946     % 
LB close or above UB, fathomed
5634   843    9          48.6352    50.6266    4.0946     % 
LB close or above UB, fathomed
5635   842    26         48.6754    50.6266    4.0085     % 
LB close or above UB, fathomed
5636   841    26         48.6754    50.6266    4.0085     % 
UB: 50.62656249999999
branching on 1 with b.
5637   842    27         48.6754    50.6266    4.0085     % 
LB close or above UB, fathomed
5638   841    27         48.6754    50.6266    4.0085     % 
LB close or above UB, fathomed
5639   840    32         48.6852    50.6266    3.9877     % 
LB close or above UB, fathomed
5640   839    32         48.6852    50.6266    3.9877     % 
LB close or above UB, fathomed
5641   838    34         48.6852    50.6266    3.9877     % 
LB close or above UB, fathomed
5642   837    34         48.6852    50.6266    3.9877     % 
LB close or above UB, fathomed
5643   836    33         48.6852    50.6266    3.9877     % 
LB close or above UB, fathomed
5644   835    33         48.6852    50.6266    3.9877     % 
UB: 50.62656249999999
branching on 2 with b.
5645   836    34         48.6852    50.6266    3.9877     % 
LB close or above UB, fathomed
5646   835    34         48.6852    50.6266    3.9877     % 
LB close or above UB, fathomed
5647   834    28         48.6852    50.6266    3.9877     % 
LB close or above UB, fathomed
5648   833    28         48.6852    50.6266    3.9877     % 
LB close or above UB, fathomed
5649   832    28         48.6852    50.6266    3.9877     % 
LB close or above UB, fathomed
5650   831    28         48.6852    50.6266    3.9877     % 
LB close or above UB, fathomed
5651   830    30         48.6852    50.6266    3.9877     % 
LB close or above UB, fathomed
5652   829    30         48.6852    50.6266    3.9877     % 
LB close or above UB, fathomed
5653   828    24         48.6852    50.6266    3.9877     % 
UB: 50.62656249999999
branching on 1 with b.
5654   829    24         48.6852    50.6266    3.9877     % 
LB close or above UB, fathomed
5655   828    23         48.6852    50.6266    3.9877     % 
UB: 50.62656249999999
branching on 3 with b.
5656   829    24         48.6852    50.6266    3.9877     % 
LB close or above UB, fathomed
5657   828    24         48.6852    50.6266    3.9877     % 
UB: 50.62656249999999
branching on 1 with b.
5658   829    23         48.6852    50.6266    3.9877     % 
LB close or above UB, fathomed
5659   828    23         48.6852    50.6266    3.9877     % 
UB: 50.62656249999999
branching on 3 with b.
5660   829    24         48.6852    50.6266    3.9877     % 
LB close or above UB, fathomed
5661   828    24         48.6852    50.6266    3.9877     % 
LB close or above UB, fathomed
5662   827    23         48.6852    50.6266    3.9877     % 
LB close or above UB, fathomed
5663   826    24         48.6852    50.6266    3.9877     % 
UB: 50.62656249999999
branching on 3 with b.
5664   827    25         48.6852    50.6266    3.9877     % 
LB close or above UB, fathomed
5665   826    25         48.6852    50.6266    3.9877     % 
LB close or above UB, fathomed
5666   825    24         48.6852    50.6266    3.9877     % 
UB: 50.62656249999999
branching on 3 with b.
5667   826    25         48.6852    50.6266    3.9877     % 
LB close or above UB, fathomed
5668   825    25         48.6852    50.6266    3.9877     % 
LB close or above UB, fathomed
5669   824    24         48.6852    50.6266    3.9877     % 
LB close or above UB, fathomed
5670   823    24         48.6852    50.6266    3.9877     % 
UB: 50.62656249999999
branching on CartesianIndex(1, 7) with c.
5671   824    25         48.6852    50.6266    3.9877     % 
UB: 50.62656249999999
branching on 2 with b.
5672   825    25         48.6852    50.6266    3.9877     % 
LB close or above UB, fathomed
5673   824    23         48.6852    50.6266    3.9877     % 
UB: 50.62656249999999
branching on 3 with b.
5674   825    24         48.6852    50.6266    3.9877     % 
LB close or above UB, fathomed
5675   824    24         48.6852    50.6266    3.9877     % 
LB close or above UB, fathomed
5676   823    23         48.6852    50.6266    3.9877     % 
UB: 50.62656249999999
branching on 3 with b.
5677   824    24         48.6852    50.6266    3.9877     % 
LB close or above UB, fathomed
5678   823    24         48.6852    50.6266    3.9877     % 
LB close or above UB, fathomed
5679   822    23         48.6852    50.6266    3.9877     % 
UB: 50.62656249999999
branching on 3 with b.
5680   823    24         48.6852    50.6266    3.9877     % 
LB close or above UB, fathomed
5681   822    24         48.6852    50.6266    3.9877     % 
LB close or above UB, fathomed
5682   821    23         48.6852    50.6266    3.9877     % 
UB: 50.62656249999999
branching on 3 with b.
5683   822    24         48.6852    50.6266    3.9877     % 
LB close or above UB, fathomed
5684   821    24         48.6852    50.6266    3.9877     % 
LB close or above UB, fathomed
5685   820    24         48.6852    50.6266    3.9877     % 
UB: 50.62656249999999
branching on 3 with b.
5686   821    25         48.6852    50.6266    3.9877     % 
LB close or above UB, fathomed
5687   820    25         48.6852    50.6266    3.9877     % 
LB close or above UB, fathomed
5688   819    24         48.6852    50.6266    3.9877     % 
LB close or above UB, fathomed
5689   818    31         48.6852    50.6266    3.9877     % 
LB close or above UB, fathomed
5690   817    31         48.6852    50.6266    3.9877     % 
LB close or above UB, fathomed
5691   816    30         48.6852    50.6266    3.9877     % 
UB: 50.62656249999999
branching on 3 with b.
5692   817    31         48.6852    50.6266    3.9877     % 
LB close or above UB, fathomed
5693   816    31         48.6852    50.6266    3.9877     % 
LB close or above UB, fathomed
5694   815    24         48.6852    50.6266    3.9877     % 
UB: 50.62656249999999
branching on 3 with b.
5695   816    25         48.6852    50.6266    3.9877     % 
LB close or above UB, fathomed
5696   815    25         48.6852    50.6266    3.9877     % 
LB close or above UB, fathomed
5697   814    24         48.6852    50.6266    3.9877     % 
UB: 50.62656249999999
branching on 3 with b.
5698   815    25         48.6852    50.6266    3.9877     % 
LB close or above UB, fathomed
5699   814    25         48.6852    50.6266    3.9877     % 
LB close or above UB, fathomed
5700   813    24         48.6852    50.6266    3.9877     % 
UB: 50.62656249999999
branching on 3 with b.
5701   814    25         48.6852    50.6266    3.9877     % 
LB close or above UB, fathomed
5702   813    25         48.6852    50.6266    3.9877     % 
LB close or above UB, fathomed
5703   812    24         48.6852    50.6266    3.9877     % 
UB: 50.62656249999999
branching on 3 with b.
5704   813    25         48.6852    50.6266    3.9877     % 
LB close or above UB, fathomed
5705   812    25         48.6852    50.6266    3.9877     % 
LB close or above UB, fathomed
5706   811    23         48.6852    50.6266    3.9877     % 
UB: 50.62656249999999
branching on 3 with b.
5707   812    24         48.6852    50.6266    3.9877     % 
LB close or above UB, fathomed
5708   811    24         48.6852    50.6266    3.9877     % 
LB close or above UB, fathomed
5709   810    23         48.6852    50.6266    3.9877     % 
UB: 50.62656249999999
branching on 3 with b.
5710   811    24         48.6852    50.6266    3.9877     % 
LB close or above UB, fathomed
5711   810    24         48.6852    50.6266    3.9877     % 
LB close or above UB, fathomed
5712   809    23         48.6852    50.6266    3.9877     % 
UB: 50.62656249999999
branching on 3 with b.
5713   810    24         48.6852    50.6266    3.9877     % 
LB close or above UB, fathomed
5714   809    24         48.6852    50.6266    3.9877     % 
LB close or above UB, fathomed
5715   808    23         48.6852    50.6266    3.9877     % 
UB: 50.62656249999999
branching on 3 with b.
5716   809    24         48.6852    50.6266    3.9877     % 
LB close or above UB, fathomed
5717   808    24         48.6852    50.6266    3.9877     % 
LB close or above UB, fathomed
5718   807    23         48.6852    50.6266    3.9877     % 
UB: 50.62656249999999
branching on 3 with b.
5719   808    24         48.6852    50.6266    3.9877     % 
LB close or above UB, fathomed
5720   807    24         48.6852    50.6266    3.9877     % 
LB close or above UB, fathomed
5721   806    23         48.6852    50.6266    3.9877     % 
UB: 50.62656249999999
branching on 3 with b.
5722   807    24         48.6852    50.6266    3.9877     % 
LB close or above UB, fathomed
5723   806    24         48.6852    50.6266    3.9877     % 
LB close or above UB, fathomed
5724   805    24         48.6852    50.6266    3.9877     % 
UB: 50.62656249999999
branching on 1 with b.
5725   806    25         48.6852    50.6266    3.9877     % 
LB close or above UB, fathomed
5726   805    25         48.6852    50.6266    3.9877     % 
LB close or above UB, fathomed
5727   804    24         48.6852    50.6266    3.9877     % 
UB: 50.62656249999999
branching on 1 with b.
5728   805    25         48.6852    50.6266    3.9877     % 
LB close or above UB, fathomed
5729   804    25         48.6852    50.6266    3.9877     % 
LB close or above UB, fathomed
5730   803    22         48.6852    50.6266    3.9877     % 
LB close or above UB, fathomed
5731   802    22         48.6852    50.6266    3.9877     % 
UB: 50.62656249999999
branching on 1 with b.
5732   803    23         48.6852    50.6266    3.9877     % 
LB close or above UB, fathomed
5733   802    23         48.6852    50.6266    3.9877     % 
LB close or above UB, fathomed
5734   801    22         48.6852    50.6266    3.9877     % 
UB: 50.62656249999999
branching on 1 with b.
5735   802    23         48.6852    50.6266    3.9877     % 
LB close or above UB, fathomed
5736   801    23         48.6852    50.6266    3.9877     % 
LB close or above UB, fathomed
5737   800    22         48.6852    50.6266    3.9877     % 
UB: 50.62656249999999
branching on 1 with b.
5738   801    23         48.6852    50.6266    3.9877     % 
LB close or above UB, fathomed
5739   800    23         48.6852    50.6266    3.9877     % 
LB close or above UB, fathomed
5740   799    24         48.6852    50.6266    3.9877     % 
UB: 50.62656249999999
branching on 3 with b.
5741   800    25         48.6852    50.6266    3.9877     % 
LB close or above UB, fathomed
5742   799    25         48.6852    50.6266    3.9877     % 
LB close or above UB, fathomed
5743   798    24         48.6852    50.6266    3.9877     % 
LB close or above UB, fathomed
5744   797    13         48.6852    50.6266    3.9877     % 
LB close or above UB, fathomed
5745   796    13         48.6852    50.6266    3.9877     % 
LB close or above UB, fathomed
5746   795    24         48.6852    50.6266    3.9877     % 
UB: 50.62656249999999
branching on 3 with b.
5747   796    25         48.6852    50.6266    3.9877     % 
LB close or above UB, fathomed
5748   795    25         48.6852    50.6266    3.9877     % 
LB close or above UB, fathomed
5749   794    24         48.6852    50.6266    3.9877     % 
UB: 50.62656249999999
branching on 3 with b.
5750   795    25         48.6852    50.6266    3.9877     % 
LB close or above UB, fathomed
5751   794    25         48.6852    50.6266    3.9877     % 
LB close or above UB, fathomed
5752   793    15         48.6852    50.6266    3.9877     % 
LB close or above UB, fathomed
5753   792    15         48.6852    50.6266    3.9877     % 
LB close or above UB, fathomed
5754   791    30         48.6852    50.6266    3.9877     % 
UB: 50.62656249999999
branching on 3 with b.
5755   792    31         48.6852    50.6266    3.9877     % 
LB close or above UB, fathomed
5756   791    31         48.6852    50.6266    3.9877     % 
LB close or above UB, fathomed
5757   790    30         48.6852    50.6266    3.9877     % 
UB: 50.62656249999999
branching on 3 with b.
5758   791    31         48.6852    50.6266    3.9877     % 
LB close or above UB, fathomed
5759   790    31         48.6852    50.6266    3.9877     % 
LB close or above UB, fathomed
5760   789    29         48.6852    50.6266    3.9877     % 
UB: 50.62656249999999
branching on 2 with b.
5761   790    30         48.6852    50.6266    3.9877     % 
LB close or above UB, fathomed
5762   789    30         48.6852    50.6266    3.9877     % 
LB close or above UB, fathomed
5763   788    29         48.6852    50.6266    3.9877     % 
LB close or above UB, fathomed
5764   787    28         48.6852    50.6266    3.9877     % 
UB: 50.62656249999999
branching on 3 with b.
5765   788    29         48.6852    50.6266    3.9877     % 
LB close or above UB, fathomed
5766   787    29         48.6852    50.6266    3.9877     % 
LB close or above UB, fathomed
5767   786    28         48.6852    50.6266    3.9877     % 
UB: 50.62656249999999
branching on 3 with b.
5768   787    29         48.6852    50.6266    3.9877     % 
LB close or above UB, fathomed
5769   786    29         48.6852    50.6266    3.9877     % 
LB close or above UB, fathomed
5770   785    28         48.6852    50.6266    3.9877     % 
UB: 50.62656249999999
branching on 3 with b.
5771   786    29         48.6852    50.6266    3.9877     % 
LB close or above UB, fathomed
5772   785    29         48.6852    50.6266    3.9877     % 
LB close or above UB, fathomed
5773   784    28         48.6852    50.6266    3.9877     % 
UB: 50.62656249999999
branching on 3 with b.
5774   785    29         48.6852    50.6266    3.9877     % 
LB close or above UB, fathomed
5775   784    29         48.6852    50.6266    3.9877     % 
LB close or above UB, fathomed
5776   783    30         48.6852    50.6266    3.9877     % 
UB: 50.62656249999999
branching on 3 with b.
5777   784    31         48.6852    50.6266    3.9877     % 
LB close or above UB, fathomed
5778   783    31         48.6852    50.6266    3.9877     % 
LB close or above UB, fathomed
5779   782    30         48.6852    50.6266    3.9877     % 
UB: 50.62656249999999
branching on 3 with b.
5780   783    31         48.6852    50.6266    3.9877     % 
LB close or above UB, fathomed
5781   782    31         48.6852    50.6266    3.9877     % 
LB close or above UB, fathomed
5782   781    28         48.6852    50.6266    3.9877     % 
UB: 50.62656249999999
branching on 3 with b.
5783   782    29         48.6852    50.6266    3.9877     % 
LB close or above UB, fathomed
5784   781    29         48.6852    50.6266    3.9877     % 
LB close or above UB, fathomed
5785   780    28         48.6852    50.6266    3.9877     % 
UB: 50.62656249999999
branching on 3 with b.
5786   781    29         48.6852    50.6266    3.9877     % 
LB close or above UB, fathomed
5787   780    29         48.6852    50.6266    3.9877     % 
LB close or above UB, fathomed
5788   779    20         48.6852    50.6266    3.9877     % 
LB close or above UB, fathomed
5789   778    20         48.6852    50.6266    3.9877     % 
LB close or above UB, fathomed
5790   777    21         48.6852    50.6266    3.9877     % 
UB: 50.62656249999999
branching on 1 with b.
5791   778    22         48.6852    50.6266    3.9877     % 
LB close or above UB, fathomed
5792   777    22         48.6852    50.6266    3.9877     % 
LB close or above UB, fathomed
5793   776    21         48.6852    50.6266    3.9877     % 
UB: 50.62656249999999
branching on 1 with b.
5794   777    22         48.6852    50.6266    3.9877     % 
LB close or above UB, fathomed
5795   776    22         48.6852    50.6266    3.9877     % 
LB close or above UB, fathomed
5796   775    27         48.6852    50.6266    3.9877     % 
UB: 50.62656249999999
branching on 3 with b.
5797   776    28         48.6852    50.6266    3.9877     % 
LB close or above UB, fathomed
5798   775    28         48.6852    50.6266    3.9877     % 
LB close or above UB, fathomed
5799   774    27         48.6852    50.6266    3.9877     % 
UB: 50.62656249999999
branching on 3 with b.
5800   775    28         48.6852    50.6266    3.9877     % 
LB close or above UB, fathomed
5801   774    28         48.6852    50.6266    3.9877     % 
LB close or above UB, fathomed
5802   773    27         48.6852    50.6266    3.9877     % 
UB: 50.62656249999999
branching on 3 with b.
5803   774    28         48.6852    50.6266    3.9877     % 
LB close or above UB, fathomed
5804   773    28         48.6852    50.6266    3.9877     % 
LB close or above UB, fathomed
5805   772    27         48.6852    50.6266    3.9877     % 
UB: 50.62656249999999
branching on 3 with b.
5806   773    28         48.6852    50.6266    3.9877     % 
LB close or above UB, fathomed
5807   772    28         48.6852    50.6266    3.9877     % 
LB close or above UB, fathomed
5808   771    30         48.6852    50.6266    3.9877     % 
LB close or above UB, fathomed
5809   770    30         48.6852    50.6266    3.9877     % 
UB: 50.62656249999999
branching on 3 with b.
5810   771    31         48.6852    50.6266    3.9877     % 
LB close or above UB, fathomed
5811   770    31         48.6852    50.6266    3.9877     % 
LB close or above UB, fathomed
5812   769    30         48.6852    50.6266    3.9877     % 
UB: 50.62656249999999
branching on 3 with b.
5813   770    31         48.6852    50.6266    3.9877     % 
LB close or above UB, fathomed
5814   769    31         48.6852    50.6266    3.9877     % 
LB close or above UB, fathomed
5815   768    30         48.6852    50.6266    3.9877     % 
UB: 50.62656249999999
branching on 3 with b.
5816   769    31         48.6852    50.6266    3.9877     % 
LB close or above UB, fathomed
5817   768    31         48.6852    50.6266    3.9877     % 
LB close or above UB, fathomed
5818   767    30         48.6852    50.6266    3.9877     % 
UB: 50.62656249999999
branching on 3 with b.
5819   768    31         48.6852    50.6266    3.9877     % 
LB close or above UB, fathomed
5820   767    31         48.6852    50.6266    3.9877     % 
LB close or above UB, fathomed
5821   766    30         48.6852    50.6266    3.9877     % 
UB: 50.62656249999999
branching on 3 with b.
5822   767    31         48.6852    50.6266    3.9877     % 
LB close or above UB, fathomed
5823   766    31         48.6852    50.6266    3.9877     % 
LB close or above UB, fathomed
5824   765    30         48.6852    50.6266    3.9877     % 
UB: 50.62656249999999
branching on 3 with b.
5825   766    31         48.6852    50.6266    3.9877     % 
LB close or above UB, fathomed
5826   765    31         48.6852    50.6266    3.9877     % 
LB close or above UB, fathomed
5827   764    32         48.6852    50.6266    3.9877     % 
LB close or above UB, fathomed
5828   763    32         48.6852    50.6266    3.9877     % 
UB: 50.62656249999999
branching on 1 with b.
5829   764    33         48.6852    50.6266    3.9877     % 
LB close or above UB, fathomed
5830   763    33         48.6852    50.6266    3.9877     % 
LB close or above UB, fathomed
5831   762    31         48.6852    50.6266    3.9877     % 
UB: 50.62656249999999
branching on 3 with b.
5832   763    32         48.6852    50.6266    3.9877     % 
LB close or above UB, fathomed
5833   762    32         48.6852    50.6266    3.9877     % 
UB: 50.62656249999999
branching on 1 with b.
5834   763    33         48.6852    50.6266    3.9877     % 
LB close or above UB, fathomed
5835   762    33         48.6852    50.6266    3.9877     % 
UB: 50.62656249999999
branching on 2 with b.
5836   763    34         48.6852    50.6266    3.9877     % 
LB close or above UB, fathomed
5837   762    34         48.6852    50.6266    3.9877     % 
LB close or above UB, fathomed
5838   761    31         48.6852    50.6266    3.9877     % 
LB close or above UB, fathomed
5839   760    34         48.6852    50.6266    3.9877     % 
LB close or above UB, fathomed
5840   759    34         48.6852    50.6266    3.9877     % 
UB: 50.62656249999999
branching on 3 with b.
5841   760    35         48.6852    50.6266    3.9877     % 
LB close or above UB, fathomed
5842   759    35         48.6852    50.6266    3.9877     % 
LB close or above UB, fathomed
5843   758    34         48.6852    50.6266    3.9877     % 
LB close or above UB, fathomed
5844   757    34         48.6852    50.6266    3.9877     % 
UB: 50.62656249999999
branching on 3 with b.
5845   758    35         48.6852    50.6266    3.9877     % 
LB close or above UB, fathomed
5846   757    35         48.6852    50.6266    3.9877     % 
LB close or above UB, fathomed
5847   756    31         48.6852    50.6266    3.9877     % 
UB: 50.62656249999999
branching on 3 with b.
5848   757    32         48.6852    50.6266    3.9877     % 
LB close or above UB, fathomed
5849   756    32         48.6852    50.6266    3.9877     % 
LB close or above UB, fathomed
5850   755    31         48.6852    50.6266    3.9877     % 
LB close or above UB, fathomed
5851   754    31         48.6852    50.6266    3.9877     % 
LB close or above UB, fathomed
5852   753    31         48.6852    50.6266    3.9877     % 
UB: 50.62656249999999
branching on 3 with b.
5853   754    32         48.6852    50.6266    3.9877     % 
LB close or above UB, fathomed
5854   753    32         48.6852    50.6266    3.9877     % 
LB close or above UB, fathomed
5855   752    23         48.6852    50.6266    3.9877     % 
UB: 50.62656249999999
branching on 3 with b.
5856   753    24         48.6852    50.6266    3.9877     % 
LB close or above UB, fathomed
5857   752    24         48.6852    50.6266    3.9877     % 
LB close or above UB, fathomed
5858   751    23         48.6852    50.6266    3.9877     % 
UB: 50.62656249999999
branching on 3 with b.
5859   752    24         48.6852    50.6266    3.9877     % 
LB close or above UB, fathomed
5860   751    24         48.6852    50.6266    3.9877     % 
LB close or above UB, fathomed
5861   750    23         48.6852    50.6266    3.9877     % 
UB: 50.62656249999999
branching on 3 with b.
5862   751    24         48.6852    50.6266    3.9877     % 
LB close or above UB, fathomed
5863   750    24         48.6852    50.6266    3.9877     % 
LB close or above UB, fathomed
5864   749    23         48.6852    50.6266    3.9877     % 
UB: 50.62656249999999
branching on 3 with b.
5865   750    24         48.6852    50.6266    3.9877     % 
LB close or above UB, fathomed
5866   749    24         48.6852    50.6266    3.9877     % 
LB close or above UB, fathomed
5867   748    23         48.6852    50.6266    3.9877     % 
UB: 50.62656249999999
branching on 3 with b.
5868   749    24         48.6852    50.6266    3.9877     % 
LB close or above UB, fathomed
5869   748    24         48.6852    50.6266    3.9877     % 
LB close or above UB, fathomed
5870   747    23         48.6852    50.6266    3.9877     % 
UB: 50.62656249999999
branching on 3 with b.
5871   748    24         48.6852    50.6266    3.9877     % 
LB close or above UB, fathomed
5872   747    24         48.6852    50.6266    3.9877     % 
LB close or above UB, fathomed
5873   746    23         48.6852    50.6266    3.9877     % 
UB: 50.62656249999999
branching on 3 with b.
5874   747    24         48.6852    50.6266    3.9877     % 
LB close or above UB, fathomed
5875   746    24         48.6852    50.6266    3.9877     % 
LB close or above UB, fathomed
5876   745    23         48.6852    50.6266    3.9877     % 
UB: 50.62656249999999
branching on 3 with b.
5877   746    24         48.6852    50.6266    3.9877     % 
LB close or above UB, fathomed
5878   745    24         48.6852    50.6266    3.9877     % 
LB close or above UB, fathomed
5879   744    33         48.6852    50.6266    3.9877     % 
LB close or above UB, fathomed
5880   743    33         48.6852    50.6266    3.9877     % 
LB close or above UB, fathomed
5881   742    24         48.6852    50.6266    3.9877     % 
UB: 50.62656249999999
branching on 3 with b.
5882   743    25         48.6852    50.6266    3.9877     % 
LB close or above UB, fathomed
5883   742    25         48.6852    50.6266    3.9877     % 
LB close or above UB, fathomed
5884   741    24         48.6852    50.6266    3.9877     % 
UB: 50.62656249999999
branching on 3 with b.
5885   742    25         48.6852    50.6266    3.9877     % 
LB close or above UB, fathomed
5886   741    25         48.6852    50.6266    3.9877     % 
LB close or above UB, fathomed
5887   740    16         48.6852    50.6266    3.9877     % 
UB: 50.62656249999999
branching on CartesianIndex(3, 3) with a.
5888   741    17         48.6852    50.6266    3.9877     % 
LB close or above UB, fathomed
5889   740    17         48.6852    50.6266    3.9877     % 
LB close or above UB, fathomed
5890   739    16         48.6852    50.6266    3.9877     % 
LB close or above UB, fathomed
5891   738    26         48.6852    50.6266    3.9877     % 
LB close or above UB, fathomed
5892   737    26         48.6852    50.6266    3.9877     % 
UB: 50.62656249999999
branching on 3 with b.
5893   738    27         48.6852    50.6266    3.9877     % 
LB close or above UB, fathomed
5894   737    27         48.6852    50.6266    3.9877     % 
LB close or above UB, fathomed
5895   736    18         48.6852    50.6266    3.9877     % 
LB close or above UB, fathomed
5896   735    18         48.6852    50.6266    3.9877     % 
UB: 50.62656249999999
branching on CartesianIndex(1, 4) with c.
5897   736    34         48.6852    50.6266    3.9877     % 
LB close or above UB, fathomed
5898   735    34         48.6852    50.6266    3.9877     % 
LB close or above UB, fathomed
5899   734    23         48.6852    50.6266    3.9877     % 
LB close or above UB, fathomed
5900   733    23         48.6852    50.6266    3.9877     % 
UB: 50.62656249999999
branching on 3 with b.
5901   734    24         48.6852    50.6266    3.9877     % 
LB close or above UB, fathomed
5902   733    24         48.6852    50.6266    3.9877     % 
UB: 50.62656249999999
branching on 1 with b.
5903   734    25         48.6852    50.6266    3.9877     % 
LB close or above UB, fathomed
5904   733    25         48.6852    50.6266    3.9877     % 
LB close or above UB, fathomed
5905   732    34         48.6852    50.6266    3.9877     % 
LB close or above UB, fathomed
5906   731    34         48.6852    50.6266    3.9877     % 
LB close or above UB, fathomed
5907   730    29         48.6852    50.6266    3.9877     % 
LB close or above UB, fathomed
5908   729    29         48.6852    50.6266    3.9877     % 
LB close or above UB, fathomed
5909   728    33         48.6852    50.6266    3.9877     % 
UB: 50.62656249999999
branching on 3 with b.
5910   729    34         48.6852    50.6266    3.9877     % 
LB close or above UB, fathomed
5911   728    34         48.6852    50.6266    3.9877     % 
LB close or above UB, fathomed
5912   727    33         48.6852    50.6266    3.9877     % 
LB close or above UB, fathomed
5913   726    33         48.6852    50.6266    3.9877     % 
UB: 50.62656249999999
branching on 3 with b.
5914   727    34         48.6852    50.6266    3.9877     % 
LB close or above UB, fathomed
5915   726    34         48.6852    50.6266    3.9877     % 
LB close or above UB, fathomed
5916   725    33         48.6852    50.6266    3.9877     % 
LB close or above UB, fathomed
5917   724    35         48.6852    50.6266    3.9877     % 
UB: 50.62656249999999
branching on 3 with b.
5918   725    36         48.6852    50.6266    3.9877     % 
LB close or above UB, fathomed
5919   724    36         48.6852    50.6266    3.9877     % 
LB close or above UB, fathomed
5920   723    35         48.6852    50.6266    3.9877     % 
LB close or above UB, fathomed
5921   722    35         48.6852    50.6266    3.9877     % 
UB: 50.62656249999999
branching on 3 with b.
5922   723    36         48.6852    50.6266    3.9877     % 
LB close or above UB, fathomed
5923   722    36         48.6852    50.6266    3.9877     % 
LB close or above UB, fathomed
5924   721    35         48.6852    50.6266    3.9877     % 
LB close or above UB, fathomed
5925   720    38         48.6852    50.6266    3.9877     % 
LB close or above UB, fathomed
5926   719    38         48.6852    50.6266    3.9877     % 
LB close or above UB, fathomed
5927   718    39         48.6852    50.6266    3.9877     % 
UB: 50.62656249999999
branching on 2 with b.
5928   719    40         48.6852    50.6266    3.9877     % 
LB close or above UB, fathomed
5929   718    40         48.6852    50.6266    3.9877     % 
UB: 50.62656249999999
branching on 3 with b.
5930   719    41         48.6852    50.6266    3.9877     % 
UB: 50.62656249999999
branching on 1 with b.
5931   720    42         48.6852    50.6266    3.9877     % 
UB: 50.62656249999999
branching on 2 with b.
5932   721    43         48.6852    50.6266    3.9877     % 
LB close or above UB, fathomed
5933   720    43         48.6852    50.6266    3.9877     % 
LB close or above UB, fathomed
5934   719    42         48.6852    50.6266    3.9877     % 
LB close or above UB, fathomed
5935   718    41         48.6852    50.6266    3.9877     % 
UB: 50.62656249999999
branching on 1 with b.
5936   719    42         48.6852    50.6266    3.9877     % 
UB: 50.62656249999999
branching on 2 with b.
5937   720    43         48.6852    50.6266    3.9877     % 
LB close or above UB, fathomed
5938   719    43         48.6852    50.6266    3.9877     % 
LB close or above UB, fathomed
5939   718    42         48.6852    50.6266    3.9877     % 
LB close or above UB, fathomed
5940   717    39         48.6852    50.6266    3.9877     % 
LB close or above UB, fathomed
5941   716    39         48.6852    50.6266    3.9877     % 
UB: 50.62656249999999
branching on 2 with b.
5942   717    40         48.6852    50.6266    3.9877     % 
LB close or above UB, fathomed
5943   716    40         48.6852    50.6266    3.9877     % 
UB: 50.62656249999999
branching on 3 with b.
5944   717    41         48.6852    50.6266    3.9877     % 
UB: 50.62656249999999
branching on 1 with b.
5945   718    42         48.6852    50.6266    3.9877     % 
UB: 50.62656249999999
branching on 2 with b.
5946   719    43         48.6852    50.6266    3.9877     % 
LB close or above UB, fathomed
5947   718    43         48.6852    50.6266    3.9877     % 
LB close or above UB, fathomed
5948   717    42         48.6852    50.6266    3.9877     % 
LB close or above UB, fathomed
5949   716    41         48.6852    50.6266    3.9877     % 
UB: 50.62656249999999
branching on 1 with b.
5950   717    42         48.6852    50.6266    3.9877     % 
UB: 50.62656249999999
branching on 2 with b.
5951   718    43         48.6852    50.6266    3.9877     % 
LB close or above UB, fathomed
5952   717    43         48.6852    50.6266    3.9877     % 
LB close or above UB, fathomed
5953   716    42         48.6852    50.6266    3.9877     % 
LB close or above UB, fathomed
5954   715    39         48.6852    50.6266    3.9877     % 
LB close or above UB, fathomed
5955   714    38         48.6852    50.6266    3.9877     % 
LB close or above UB, fathomed
5956   713    38         48.6852    50.6266    3.9877     % 
LB close or above UB, fathomed
5957   712    39         48.6852    50.6266    3.9877     % 
LB close or above UB, fathomed
5958   711    39         48.6852    50.6266    3.9877     % 
UB: 50.62656249999999
branching on 2 with b.
5959   712    40         48.6852    50.6266    3.9877     % 
LB close or above UB, fathomed
5960   711    40         48.6852    50.6266    3.9877     % 
UB: 50.62656249999999
branching on 3 with b.
5961   712    41         48.6852    50.6266    3.9877     % 
UB: 50.62656249999999
branching on 1 with b.
5962   712    42         48.6852    50.6266    3.9877     % 
UB: 50.62656249999999
branching on 2 with b.
5963   713    43         48.6852    50.6266    3.9877     % 
LB close or above UB, fathomed
5964   712    43         48.6852    50.6266    3.9877     % 
LB close or above UB, fathomed
5965   711    41         48.6852    50.6266    3.9877     % 
UB: 50.62656249999999
branching on 1 with b.
5966   711    42         48.6852    50.6266    3.9877     % 
UB: 50.62656249999999
branching on 2 with b.
5967   712    43         48.6852    50.6266    3.9877     % 
LB close or above UB, fathomed
5968   711    43         48.6852    50.6266    3.9877     % 
LB close or above UB, fathomed
5969   710    39         48.6852    50.6266    3.9877     % 
UB: 50.62656249999999
branching on 2 with b.
5970   711    40         48.6852    50.6266    3.9877     % 
LB close or above UB, fathomed
5971   710    40         48.6852    50.6266    3.9877     % 
UB: 50.62656249999999
branching on 3 with b.
5972   711    41         48.6852    50.6266    3.9877     % 
UB: 50.62656249999999
branching on 1 with b.
5973   712    42         48.6852    50.6266    3.9877     % 
LB close or above UB, fathomed
5974   711    42         48.6852    50.6266    3.9877     % 
UB: 50.62656249999999
branching on 2 with b.
5975   712    43         48.6852    50.6266    3.9877     % 
LB close or above UB, fathomed
5976   711    43         48.6852    50.6266    3.9877     % 
LB close or above UB, fathomed
5977   710    41         48.6852    50.6266    3.9877     % 
UB: 50.62656249999999
branching on 1 with b.
5978   711    42         48.6852    50.6266    3.9877     % 
LB close or above UB, fathomed
5979   710    42         48.6852    50.6266    3.9877     % 
UB: 50.62656249999999
branching on 2 with b.
5980   711    43         48.6852    50.6266    3.9877     % 
LB close or above UB, fathomed
5981   710    43         48.6852    50.6266    3.9877     % 
LB close or above UB, fathomed
5982   709    39         48.6852    50.6266    3.9877     % 
UB: 50.62656249999999
branching on 2 with b.
5983   710    40         48.6852    50.6266    3.9877     % 
LB close or above UB, fathomed
5984   709    40         48.6852    50.6266    3.9877     % 
UB: 50.62656249999999
branching on 3 with b.
5985   710    41         48.6852    50.6266    3.9877     % 
UB: 50.62656249999999
branching on 1 with b.
5986   710    42         48.6852    50.6266    3.9877     % 
UB: 50.62656249999999
branching on 2 with b.
5987   711    43         48.6852    50.6266    3.9877     % 
LB close or above UB, fathomed
5988   710    43         48.6852    50.6266    3.9877     % 
LB close or above UB, fathomed
5989   709    41         48.6852    50.6266    3.9877     % 
UB: 50.62656249999999
branching on 1 with b.
5990   709    42         48.6852    50.6266    3.9877     % 
UB: 50.62656249999999
branching on 2 with b.
5991   710    43         48.6852    50.6266    3.9877     % 
LB close or above UB, fathomed
5992   709    43         48.6852    50.6266    3.9877     % 
LB close or above UB, fathomed
5993   708    29         48.6852    50.6266    3.9877     % 
UB: 50.62656249999999
branching on 2 with b.
5994   709    30         48.6852    50.6266    3.9877     % 
UB: 50.62656249999999
branching on 3 with b.
5995   710    31         48.6852    50.6266    3.9877     % 
LB close or above UB, fathomed
5996   709    31         48.6852    50.6266    3.9877     % 
LB close or above UB, fathomed
5997   708    30         48.6852    50.6266    3.9877     % 
LB close or above UB, fathomed
5998   707    29         48.6852    50.6266    3.9877     % 
LB close or above UB, fathomed
5999   706    29         48.6852    50.6266    3.9877     % 
LB close or above UB, fathomed
6000   705    29         48.6852    50.6266    3.9877     % 
LB close or above UB, fathomed
6001   704    28         48.6852    50.6266    3.9877     % 
UB: 50.62656249999999
branching on 3 with b.
6002   705    29         48.6852    50.6266    3.9877     % 
LB close or above UB, fathomed
6003   704    29         48.6852    50.6266    3.9877     % 
UB: 50.62656249999999
branching on 1 with b.
6004   705    30         48.6852    50.6266    3.9877     % 
LB close or above UB, fathomed
6005   704    30         48.6852    50.6266    3.9877     % 
UB: 50.62656249999999
branching on 2 with b.
6006   705    31         48.6852    50.6266    3.9877     % 
LB close or above UB, fathomed
6007   704    31         48.6852    50.6266    3.9877     % 
LB close or above UB, fathomed
6008   703    28         48.6852    50.6266    3.9877     % 
LB close or above UB, fathomed
6009   702    29         48.6852    50.6266    3.9877     % 
UB: 50.62656249999999
branching on 3 with b.
6010   703    30         48.6852    50.6266    3.9877     % 
LB close or above UB, fathomed
6011   702    30         48.6852    50.6266    3.9877     % 
LB close or above UB, fathomed
6012   701    29         48.6852    50.6266    3.9877     % 
UB: 50.62656249999999
branching on 3 with b.
6013   702    30         48.6852    50.6266    3.9877     % 
LB close or above UB, fathomed
6014   701    30         48.6852    50.6266    3.9877     % 
LB close or above UB, fathomed
6015   700    31         48.6852    50.6266    3.9877     % 
LB close or above UB, fathomed
6016   699    31         48.6852    50.6266    3.9877     % 
LB close or above UB, fathomed
6017   698    29         48.6852    50.6266    3.9877     % 
UB: 50.62656249999999
branching on 3 with b.
6018   699    30         48.6852    50.6266    3.9877     % 
LB close or above UB, fathomed
6019   698    30         48.6852    50.6266    3.9877     % 
LB close or above UB, fathomed
6020   697    29         48.6852    50.6266    3.9877     % 
UB: 50.62656249999999
branching on 3 with b.
6021   698    30         48.6852    50.6266    3.9877     % 
LB close or above UB, fathomed
6022   697    30         48.6852    50.6266    3.9877     % 
LB close or above UB, fathomed
6023   696    29         48.6852    50.6266    3.9877     % 
UB: 50.62656249999999
branching on 3 with b.
6024   697    30         48.6852    50.6266    3.9877     % 
LB close or above UB, fathomed
6025   696    30         48.6852    50.6266    3.9877     % 
LB close or above UB, fathomed
6026   695    29         48.6852    50.6266    3.9877     % 
UB: 50.62656249999999
branching on 3 with b.
6027   696    30         48.6852    50.6266    3.9877     % 
LB close or above UB, fathomed
6028   695    30         48.6852    50.6266    3.9877     % 
LB close or above UB, fathomed
6029   694    29         48.6852    50.6266    3.9877     % 
UB: 50.62656249999999
branching on 3 with b.
6030   695    30         48.6852    50.6266    3.9877     % 
LB close or above UB, fathomed
6031   694    30         48.6852    50.6266    3.9877     % 
LB close or above UB, fathomed
6032   693    29         48.6852    50.6266    3.9877     % 
UB: 50.62656249999999
branching on 3 with b.
6033   694    30         48.6852    50.6266    3.9877     % 
LB close or above UB, fathomed
6034   693    30         48.6852    50.6266    3.9877     % 
LB close or above UB, fathomed
6035   692    29         48.6852    50.6266    3.9877     % 
LB close or above UB, fathomed
6036   691    29         48.6852    50.6266    3.9877     % 
LB close or above UB, fathomed
6037   690    29         48.6852    50.6266    3.9877     % 
LB close or above UB, fathomed
6038   689    29         48.6852    50.6266    3.9877     % 
LB close or above UB, fathomed
6039   688    29         48.6852    50.6266    3.9877     % 
LB close or above UB, fathomed
6040   687    29         48.6852    50.6266    3.9877     % 
LB close or above UB, fathomed
6041   686    30         48.6852    50.6266    3.9877     % 
UB: 50.62656249999999
branching on 3 with b.
6042   687    31         48.6852    50.6266    3.9877     % 
LB close or above UB, fathomed
6043   686    31         48.6852    50.6266    3.9877     % 
LB close or above UB, fathomed
6044   685    30         48.6852    50.6266    3.9877     % 
UB: 50.62656249999999
branching on 3 with b.
6045   686    31         48.6852    50.6266    3.9877     % 
LB close or above UB, fathomed
6046   685    31         48.6852    50.6266    3.9877     % 
LB close or above UB, fathomed
6047   684    38         48.6852    50.6266    3.9877     % 
LB close or above UB, fathomed
6048   683    38         48.6852    50.6266    3.9877     % 
LB close or above UB, fathomed
6049   682    39         48.6852    50.6266    3.9877     % 
UB: 50.62656249999999
branching on 2 with b.
6050   683    40         48.6852    50.6266    3.9877     % 
LB close or above UB, fathomed
6051   682    40         48.6852    50.6266    3.9877     % 
UB: 50.62656249999999
branching on 3 with b.
6052   683    41         48.6852    50.6266    3.9877     % 
LB close or above UB, fathomed
6053   682    41         48.6852    50.6266    3.9877     % 
LB close or above UB, fathomed
6054   681    39         48.6852    50.6266    3.9877     % 
UB: 50.62656249999999
branching on 2 with b.
6055   682    40         48.6852    50.6266    3.9877     % 
LB close or above UB, fathomed
6056   681    40         48.6852    50.6266    3.9877     % 
UB: 50.62656249999999
branching on 3 with b.
6057   682    41         48.6852    50.6266    3.9877     % 
LB close or above UB, fathomed
6058   681    41         48.6852    50.6266    3.9877     % 
LB close or above UB, fathomed
6059   680    37         48.6852    50.6266    3.9877     % 
UB: 50.62656249999999
branching on 3 with b.
6060   681    38         48.6852    50.6266    3.9877     % 
LB close or above UB, fathomed
6061   680    38         48.6852    50.6266    3.9877     % 
LB close or above UB, fathomed
6062   679    37         48.6852    50.6266    3.9877     % 
LB close or above UB, fathomed
6063   678    38         48.6852    50.6266    3.9877     % 
LB close or above UB, fathomed
6064   677    38         48.6852    50.6266    3.9877     % 
LB close or above UB, fathomed
6065   676    39         48.6852    50.6266    3.9877     % 
UB: 50.62656249999999
branching on 2 with b.
6066   677    40         48.6852    50.6266    3.9877     % 
LB close or above UB, fathomed
6067   676    40         48.6852    50.6266    3.9877     % 
UB: 50.62656249999999
branching on 3 with b.
6068   677    41         48.6852    50.6266    3.9877     % 
LB close or above UB, fathomed
6069   676    41         48.6852    50.6266    3.9877     % 
LB close or above UB, fathomed
6070   675    39         48.6852    50.6266    3.9877     % 
UB: 50.62656249999999
branching on 2 with b.
6071   676    40         48.6852    50.6266    3.9877     % 
LB close or above UB, fathomed
6072   675    40         48.6852    50.6266    3.9877     % 
UB: 50.62656249999999
branching on 3 with b.
6073   676    41         48.6852    50.6266    3.9877     % 
LB close or above UB, fathomed
6074   675    41         48.6852    50.6266    3.9877     % 
LB close or above UB, fathomed
6075   674    37         48.6852    50.6266    3.9877     % 
UB: 50.62656249999999
branching on 3 with b.
6076   675    38         48.6852    50.6266    3.9877     % 
LB close or above UB, fathomed
6077   674    38         48.6852    50.6266    3.9877     % 
LB close or above UB, fathomed
6078   673    37         48.6852    50.6266    3.9877     % 
LB close or above UB, fathomed
6079   672    29         48.6852    50.6266    3.9877     % 
UB: 50.62656249999999
branching on 3 with b.
6080   673    30         48.6852    50.6266    3.9877     % 
LB close or above UB, fathomed
6081   672    30         48.6852    50.6266    3.9877     % 
LB close or above UB, fathomed
6082   671    29         48.6852    50.6266    3.9877     % 
LB close or above UB, fathomed
6083   670    29         48.6852    50.6266    3.9877     % 
UB: 50.62656249999999
branching on 2 with b.
6084   671    30         48.6852    50.6266    3.9877     % 
LB close or above UB, fathomed
6085   670    30         48.6852    50.6266    3.9877     % 
LB close or above UB, fathomed
6086   669    29         48.6852    50.6266    3.9877     % 
LB close or above UB, fathomed
6087   668    33         48.6852    50.6266    3.9877     % 
LB close or above UB, fathomed
6088   667    33         48.6852    50.6266    3.9877     % 
LB close or above UB, fathomed
6089   666    29         48.6852    50.6266    3.9877     % 
UB: 50.62656249999999
branching on 3 with b.
6090   667    30         48.6852    50.6266    3.9877     % 
LB close or above UB, fathomed
6091   666    30         48.6852    50.6266    3.9877     % 
LB close or above UB, fathomed
6092   665    29         48.6852    50.6266    3.9877     % 
LB close or above UB, fathomed
6093   664    28         48.6852    50.6266    3.9877     % 
UB: 50.62656249999999
branching on 3 with b.
6094   665    29         48.6852    50.6266    3.9877     % 
LB close or above UB, fathomed
6095   664    29         48.6852    50.6266    3.9877     % 
LB close or above UB, fathomed
6096   663    28         48.6852    50.6266    3.9877     % 
UB: 50.62656249999999
branching on 3 with b.
6097   664    29         48.6852    50.6266    3.9877     % 
LB close or above UB, fathomed
6098   663    29         48.6852    50.6266    3.9877     % 
LB close or above UB, fathomed
6099   662    28         48.6852    50.6266    3.9877     % 
UB: 50.62656249999999
branching on 3 with b.
6100   663    29         48.6852    50.6266    3.9877     % 
LB close or above UB, fathomed
6101   662    29         48.6852    50.6266    3.9877     % 
LB close or above UB, fathomed
6102   661    28         48.6852    50.6266    3.9877     % 
UB: 50.62656249999999
branching on 3 with b.
6103   662    29         48.6852    50.6266    3.9877     % 
LB close or above UB, fathomed
6104   661    29         48.6852    50.6266    3.9877     % 
LB close or above UB, fathomed
6105   660    28         48.6852    50.6266    3.9877     % 
UB: 50.62656249999999
branching on 3 with b.
6106   661    29         48.6852    50.6266    3.9877     % 
LB close or above UB, fathomed
6107   660    29         48.6852    50.6266    3.9877     % 
LB close or above UB, fathomed
6108   659    28         48.6852    50.6266    3.9877     % 
UB: 50.62656249999999
branching on 3 with b.
6109   660    29         48.6852    50.6266    3.9877     % 
LB close or above UB, fathomed
6110   659    29         48.6852    50.6266    3.9877     % 
LB close or above UB, fathomed
6111   658    28         48.6852    50.6266    3.9877     % 
UB: 50.62656249999999
branching on 3 with b.
6112   659    29         48.6852    50.6266    3.9877     % 
LB close or above UB, fathomed
6113   658    29         48.6852    50.6266    3.9877     % 
LB close or above UB, fathomed
6114   657    28         48.6852    50.6266    3.9877     % 
UB: 50.62656249999999
branching on 3 with b.
6115   658    29         48.6852    50.6266    3.9877     % 
LB close or above UB, fathomed
6116   657    29         48.6852    50.6266    3.9877     % 
LB close or above UB, fathomed
6117   656    29         48.6852    50.6266    3.9877     % 
UB: 50.62656249999999
branching on 3 with b.
6118   657    30         48.6852    50.6266    3.9877     % 
LB close or above UB, fathomed
6119   656    30         48.6852    50.6266    3.9877     % 
LB close or above UB, fathomed
6120   655    29         48.6852    50.6266    3.9877     % 
UB: 50.62656249999999
branching on 3 with b.
6121   656    30         48.6852    50.6266    3.9877     % 
LB close or above UB, fathomed
6122   655    30         48.6852    50.6266    3.9877     % 
LB close or above UB, fathomed
6123   654    29         48.6852    50.6266    3.9877     % 
UB: 50.62656249999999
branching on 3 with b.
6124   655    30         48.6852    50.6266    3.9877     % 
LB close or above UB, fathomed
6125   654    30         48.6852    50.6266    3.9877     % 
LB close or above UB, fathomed
6126   653    29         48.6852    50.6266    3.9877     % 
UB: 50.62656249999999
branching on 3 with b.
6127   654    30         48.6852    50.6266    3.9877     % 
LB close or above UB, fathomed
6128   653    30         48.6852    50.6266    3.9877     % 
LB close or above UB, fathomed
6129   652    29         48.6852    50.6266    3.9877     % 
UB: 50.62656249999999
branching on 3 with b.
6130   653    30         48.6852    50.6266    3.9877     % 
LB close or above UB, fathomed
6131   652    30         48.6852    50.6266    3.9877     % 
LB close or above UB, fathomed
6132   651    29         48.6852    50.6266    3.9877     % 
UB: 50.62656249999999
branching on 3 with b.
6133   652    30         48.6852    50.6266    3.9877     % 
LB close or above UB, fathomed
6134   651    30         48.6852    50.6266    3.9877     % 
LB close or above UB, fathomed
6135   650    29         48.6852    50.6266    3.9877     % 
UB: 50.62656249999999
branching on 3 with b.
6136   651    30         48.6852    50.6266    3.9877     % 
LB close or above UB, fathomed
6137   650    30         48.6852    50.6266    3.9877     % 
LB close or above UB, fathomed
6138   649    29         48.6852    50.6266    3.9877     % 
UB: 50.62656249999999
branching on 3 with b.
6139   650    30         48.6852    50.6266    3.9877     % 
LB close or above UB, fathomed
6140   649    30         48.6852    50.6266    3.9877     % 
LB close or above UB, fathomed
6141   648    30         48.6852    50.6266    3.9877     % 
UB: 50.62656249999999
branching on 3 with b.
6142   649    31         48.6852    50.6266    3.9877     % 
LB close or above UB, fathomed
6143   648    31         48.6852    50.6266    3.9877     % 
LB close or above UB, fathomed
6144   647    30         48.6852    50.6266    3.9877     % 
UB: 50.62656249999999
branching on 3 with b.
6145   648    31         48.6852    50.6266    3.9877     % 
LB close or above UB, fathomed
6146   647    31         48.6852    50.6266    3.9877     % 
LB close or above UB, fathomed
6147   646    30         48.6852    50.6266    3.9877     % 
UB: 50.62656249999999
branching on 3 with b.
6148   647    31         48.6852    50.6266    3.9877     % 
LB close or above UB, fathomed
6149   646    31         48.6852    50.6266    3.9877     % 
LB close or above UB, fathomed
6150   645    30         48.6852    50.6266    3.9877     % 
UB: 50.62656249999999
branching on 3 with b.
6151   646    31         48.6852    50.6266    3.9877     % 
LB close or above UB, fathomed
6152   645    31         48.6852    50.6266    3.9877     % 
LB close or above UB, fathomed
6153   644    30         48.6852    50.6266    3.9877     % 
UB: 50.62656249999999
branching on 3 with b.
6154   645    31         48.6852    50.6266    3.9877     % 
LB close or above UB, fathomed
6155   644    31         48.6852    50.6266    3.9877     % 
LB close or above UB, fathomed
6156   643    30         48.6852    50.6266    3.9877     % 
UB: 50.62656249999999
branching on 3 with b.
6157   644    31         48.6852    50.6266    3.9877     % 
LB close or above UB, fathomed
6158   643    31         48.6852    50.6266    3.9877     % 
LB close or above UB, fathomed
6159   642    28         48.6852    50.6266    3.9877     % 
UB: 50.62656249999999
branching on 3 with b.
6160   643    29         48.6852    50.6266    3.9877     % 
LB close or above UB, fathomed
6161   642    29         48.6852    50.6266    3.9877     % 
LB close or above UB, fathomed
6162   641    28         48.6852    50.6266    3.9877     % 
UB: 50.62656249999999
branching on 3 with b.
6163   642    29         48.6852    50.6266    3.9877     % 
LB close or above UB, fathomed
6164   641    29         48.6852    50.6266    3.9877     % 
LB close or above UB, fathomed
6165   640    28         48.6852    50.6266    3.9877     % 
UB: 50.62656249999999
branching on 3 with b.
6166   641    29         48.6852    50.6266    3.9877     % 
LB close or above UB, fathomed
6167   640    29         48.6852    50.6266    3.9877     % 
LB close or above UB, fathomed
6168   639    28         48.6852    50.6266    3.9877     % 
UB: 50.62656249999999
branching on 3 with b.
6169   640    29         48.6852    50.6266    3.9877     % 
LB close or above UB, fathomed
6170   639    29         48.6852    50.6266    3.9877     % 
LB close or above UB, fathomed
6171   638    34         48.6852    50.6266    3.9877     % 
UB: 50.62656249999999
branching on 1 with b.
6172   639    35         48.6852    50.6266    3.9877     % 
LB close or above UB, fathomed
6173   638    35         48.6852    50.6266    3.9877     % 
LB close or above UB, fathomed
6174   637    34         48.6852    50.6266    3.9877     % 
LB close or above UB, fathomed
6175   636    30         48.6852    50.6266    3.9877     % 
UB: 50.62656249999999
branching on 3 with b.
6176   637    31         48.6852    50.6266    3.9877     % 
LB close or above UB, fathomed
6177   636    31         48.6852    50.6266    3.9877     % 
LB close or above UB, fathomed
6178   635    30         48.6852    50.6266    3.9877     % 
UB: 50.62656249999999
branching on 3 with b.
6179   636    31         48.6852    50.6266    3.9877     % 
LB close or above UB, fathomed
6180   635    31         48.6852    50.6266    3.9877     % 
LB close or above UB, fathomed
6181   634    30         48.6852    50.6266    3.9877     % 
UB: 50.62656249999999
branching on 3 with b.
6182   635    31         48.6852    50.6266    3.9877     % 
LB close or above UB, fathomed
6183   634    31         48.6852    50.6266    3.9877     % 
LB close or above UB, fathomed
6184   633    30         48.6852    50.6266    3.9877     % 
UB: 50.62656249999999
branching on 3 with b.
6185   634    31         48.6852    50.6266    3.9877     % 
LB close or above UB, fathomed
6186   633    31         48.6852    50.6266    3.9877     % 
LB close or above UB, fathomed
6187   632    30         48.6852    50.6266    3.9877     % 
UB: 50.62656249999999
branching on 3 with b.
6188   633    31         48.6852    50.6266    3.9877     % 
LB close or above UB, fathomed
6189   632    31         48.6852    50.6266    3.9877     % 
LB close or above UB, fathomed
6190   631    30         48.6852    50.6266    3.9877     % 
UB: 50.62656249999999
branching on 3 with b.
6191   632    31         48.6852    50.6266    3.9877     % 
LB close or above UB, fathomed
6192   631    31         48.6852    50.6266    3.9877     % 
LB close or above UB, fathomed
6193   630    29         48.6852    50.6266    3.9877     % 
UB: 50.62656249999999
branching on 3 with b.
6194   631    30         48.6852    50.6266    3.9877     % 
LB close or above UB, fathomed
6195   630    30         48.6852    50.6266    3.9877     % 
LB close or above UB, fathomed
6196   629    29         48.6852    50.6266    3.9877     % 
UB: 50.62656249999999
branching on 3 with b.
6197   630    30         48.6852    50.6266    3.9877     % 
LB close or above UB, fathomed
6198   629    30         48.6852    50.6266    3.9877     % 
LB close or above UB, fathomed
6199   628    29         48.6852    50.6266    3.9877     % 
UB: 50.62656249999999
branching on 3 with b.
6200   629    30         48.6852    50.6266    3.9877     % 
LB close or above UB, fathomed
6201   628    30         48.6852    50.6266    3.9877     % 
LB close or above UB, fathomed
6202   627    29         48.6852    50.6266    3.9877     % 
UB: 50.62656249999999
branching on 3 with b.
6203   628    30         48.6852    50.6266    3.9877     % 
LB close or above UB, fathomed
6204   627    30         48.6852    50.6266    3.9877     % 
LB close or above UB, fathomed
6205   626    28         48.6852    50.6266    3.9877     % 
UB: 50.62656249999999
branching on 3 with b.
6206   627    29         48.6852    50.6266    3.9877     % 
LB close or above UB, fathomed
6207   626    29         48.6852    50.6266    3.9877     % 
LB close or above UB, fathomed
6208   625    28         48.6852    50.6266    3.9877     % 
UB: 50.62656249999999
branching on 3 with b.
6209   626    29         48.6852    50.6266    3.9877     % 
LB close or above UB, fathomed
6210   625    29         48.6852    50.6266    3.9877     % 
LB close or above UB, fathomed
6211   624    27         48.6852    50.6266    3.9877     % 
UB: 50.62656249999999
branching on 3 with b.
6212   625    28         48.6852    50.6266    3.9877     % 
LB close or above UB, fathomed
6213   624    28         48.6852    50.6266    3.9877     % 
LB close or above UB, fathomed
6214   623    27         48.6852    50.6266    3.9877     % 
UB: 50.62656249999999
branching on 3 with b.
6215   624    28         48.6852    50.6266    3.9877     % 
LB close or above UB, fathomed
6216   623    28         48.6852    50.6266    3.9877     % 
LB close or above UB, fathomed
6217   622    27         48.6852    50.6266    3.9877     % 
UB: 50.62656249999999
branching on 3 with b.
6218   623    28         48.6852    50.6266    3.9877     % 
LB close or above UB, fathomed
6219   622    28         48.6852    50.6266    3.9877     % 
LB close or above UB, fathomed
6220   621    27         48.6852    50.6266    3.9877     % 
UB: 50.62656249999999
branching on 3 with b.
6221   622    28         48.6852    50.6266    3.9877     % 
LB close or above UB, fathomed
6222   621    28         48.6852    50.6266    3.9877     % 
LB close or above UB, fathomed
6223   620    28         48.6852    50.6266    3.9877     % 
UB: 50.62656249999999
branching on 3 with b.
6224   621    29         48.6852    50.6266    3.9877     % 
LB close or above UB, fathomed
6225   620    29         48.6852    50.6266    3.9877     % 
LB close or above UB, fathomed
6226   619    28         48.6852    50.6266    3.9877     % 
UB: 50.62656249999999
branching on 3 with b.
6227   620    29         48.6852    50.6266    3.9877     % 
LB close or above UB, fathomed
6228   619    29         48.6852    50.6266    3.9877     % 
LB close or above UB, fathomed
6229   618    30         48.6852    50.6266    3.9877     % 
UB: 50.62656249999999
branching on 3 with b.
6230   619    31         48.6852    50.6266    3.9877     % 
LB close or above UB, fathomed
6231   618    31         48.6852    50.6266    3.9877     % 
LB close or above UB, fathomed
6232   617    30         48.6852    50.6266    3.9877     % 
LB close or above UB, fathomed
6233   616    27         48.6852    50.6266    3.9877     % 
UB: 50.62656249999999
branching on 3 with b.
6234   617    28         48.6852    50.6266    3.9877     % 
LB close or above UB, fathomed
6235   616    28         48.6852    50.6266    3.9877     % 
LB close or above UB, fathomed
6236   615    27         48.6852    50.6266    3.9877     % 
UB: 50.62656249999999
branching on 3 with b.
6237   616    28         48.6852    50.6266    3.9877     % 
LB close or above UB, fathomed
6238   615    28         48.6852    50.6266    3.9877     % 
LB close or above UB, fathomed
6239   614    33         48.6852    50.6266    3.9877     % 
LB close or above UB, fathomed
6240   613    33         48.6852    50.6266    3.9877     % 
LB close or above UB, fathomed
6241   612    34         48.6852    50.6266    3.9877     % 
LB close or above UB, fathomed
6242   611    34         48.6852    50.6266    3.9877     % 
LB close or above UB, fathomed
6243   610    27         48.6852    50.6266    3.9877     % 
UB: 50.62656249999999
branching on 3 with b.
6244   611    28         48.6852    50.6266    3.9877     % 
LB close or above UB, fathomed
6245   610    28         48.6852    50.6266    3.9877     % 
LB close or above UB, fathomed
6246   609    27         48.6852    50.6266    3.9877     % 
UB: 50.62656249999999
branching on 3 with b.
6247   610    28         48.6852    50.6266    3.9877     % 
LB close or above UB, fathomed
6248   609    28         48.6852    50.6266    3.9877     % 
LB close or above UB, fathomed
6249   608    27         48.6852    50.6266    3.9877     % 
UB: 50.62656249999999
branching on 3 with b.
6250   609    28         48.6852    50.6266    3.9877     % 
LB close or above UB, fathomed
6251   608    28         48.6852    50.6266    3.9877     % 
LB close or above UB, fathomed
6252   607    27         48.6852    50.6266    3.9877     % 
UB: 50.62656249999999
branching on 3 with b.
6253   608    28         48.6852    50.6266    3.9877     % 
LB close or above UB, fathomed
6254   607    28         48.6852    50.6266    3.9877     % 
LB close or above UB, fathomed
6255   606    30         48.6852    50.6266    3.9877     % 
UB: 50.62656249999999
branching on 3 with b.
6256   607    31         48.6852    50.6266    3.9877     % 
LB close or above UB, fathomed
6257   606    31         48.6852    50.6266    3.9877     % 
LB close or above UB, fathomed
6258   605    30         48.6852    50.6266    3.9877     % 
UB: 50.62656249999999
branching on 3 with b.
6259   606    31         48.6852    50.6266    3.9877     % 
LB close or above UB, fathomed
6260   605    31         48.6852    50.6266    3.9877     % 
LB close or above UB, fathomed
6261   604    30         48.6852    50.6266    3.9877     % 
UB: 50.62656249999999
branching on 3 with b.
6262   605    31         48.6852    50.6266    3.9877     % 
LB close or above UB, fathomed
6263   604    31         48.6852    50.6266    3.9877     % 
LB close or above UB, fathomed
6264   603    30         48.6852    50.6266    3.9877     % 
UB: 50.62656249999999
branching on 3 with b.
6265   604    31         48.6852    50.6266    3.9877     % 
LB close or above UB, fathomed
6266   603    31         48.6852    50.6266    3.9877     % 
LB close or above UB, fathomed
6267   602    30         48.6852    50.6266    3.9877     % 
UB: 50.62656249999999
branching on 3 with b.
6268   603    31         48.6852    50.6266    3.9877     % 
LB close or above UB, fathomed
6269   602    31         48.6852    50.6266    3.9877     % 
LB close or above UB, fathomed
6270   601    30         48.6852    50.6266    3.9877     % 
UB: 50.62656249999999
branching on 3 with b.
6271   602    31         48.6852    50.6266    3.9877     % 
LB close or above UB, fathomed
6272   601    31         48.6852    50.6266    3.9877     % 
LB close or above UB, fathomed
6273   600    30         48.6852    50.6266    3.9877     % 
UB: 50.62656249999999
branching on 3 with b.
6274   601    31         48.6852    50.6266    3.9877     % 
LB close or above UB, fathomed
6275   600    31         48.6852    50.6266    3.9877     % 
LB close or above UB, fathomed
6276   599    30         48.6852    50.6266    3.9877     % 
UB: 50.62656249999999
branching on 3 with b.
6277   600    31         48.6852    50.6266    3.9877     % 
LB close or above UB, fathomed
6278   599    31         48.6852    50.6266    3.9877     % 
LB close or above UB, fathomed
6279   598    30         48.6852    50.6266    3.9877     % 
UB: 50.62656249999999
branching on 3 with b.
6280   599    31         48.6852    50.6266    3.9877     % 
LB close or above UB, fathomed
6281   598    31         48.6852    50.6266    3.9877     % 
LB close or above UB, fathomed
6282   597    30         48.6852    50.6266    3.9877     % 
UB: 50.62656249999999
branching on 3 with b.
6283   598    31         48.6852    50.6266    3.9877     % 
LB close or above UB, fathomed
6284   597    31         48.6852    50.6266    3.9877     % 
LB close or above UB, fathomed
6285   596    30         48.6852    50.6266    3.9877     % 
UB: 50.62656249999999
branching on 3 with b.
6286   597    31         48.6852    50.6266    3.9877     % 
LB close or above UB, fathomed
6287   596    31         48.6852    50.6266    3.9877     % 
LB close or above UB, fathomed
6288   595    30         48.6852    50.6266    3.9877     % 
UB: 50.62656249999999
branching on 3 with b.
6289   596    31         48.6852    50.6266    3.9877     % 
LB close or above UB, fathomed
6290   595    31         48.6852    50.6266    3.9877     % 
LB close or above UB, fathomed
6291   594    30         48.6852    50.6266    3.9877     % 
UB: 50.62656249999999
branching on 3 with b.
6292   595    31         48.6852    50.6266    3.9877     % 
LB close or above UB, fathomed
6293   594    31         48.6852    50.6266    3.9877     % 
LB close or above UB, fathomed
6294   593    30         48.6852    50.6266    3.9877     % 
UB: 50.62656249999999
branching on 3 with b.
6295   594    31         48.6852    50.6266    3.9877     % 
LB close or above UB, fathomed
6296   593    31         48.6852    50.6266    3.9877     % 
LB close or above UB, fathomed
6297   592    30         48.6852    50.6266    3.9877     % 
UB: 50.62656249999999
branching on 3 with b.
6298   593    31         48.6852    50.6266    3.9877     % 
LB close or above UB, fathomed
6299   592    31         48.6852    50.6266    3.9877     % 
LB close or above UB, fathomed
6300   591    30         48.6852    50.6266    3.9877     % 
UB: 50.62656249999999
branching on 3 with b.
6301   592    31         48.6852    50.6266    3.9877     % 
LB close or above UB, fathomed
6302   591    31         48.6852    50.6266    3.9877     % 
LB close or above UB, fathomed
6303   590    27         48.6852    50.6266    3.9877     % 
UB: 50.62656249999999
branching on 3 with b.
6304   591    28         48.6852    50.6266    3.9877     % 
LB close or above UB, fathomed
6305   590    28         48.6852    50.6266    3.9877     % 
LB close or above UB, fathomed
6306   589    27         48.6852    50.6266    3.9877     % 
UB: 50.62656249999999
branching on 3 with b.
6307   590    28         48.6852    50.6266    3.9877     % 
LB close or above UB, fathomed
6308   589    28         48.6852    50.6266    3.9877     % 
LB close or above UB, fathomed
6309   588    27         48.6852    50.6266    3.9877     % 
UB: 50.62656249999999
branching on 3 with b.
6310   589    28         48.6852    50.6266    3.9877     % 
LB close or above UB, fathomed
6311   588    28         48.6852    50.6266    3.9877     % 
LB close or above UB, fathomed
6312   587    27         48.6852    50.6266    3.9877     % 
UB: 50.62656249999999
branching on 3 with b.
6313   588    28         48.6852    50.6266    3.9877     % 
LB close or above UB, fathomed
6314   587    28         48.6852    50.6266    3.9877     % 
LB close or above UB, fathomed
6315   586    27         48.6852    50.6266    3.9877     % 
UB: 50.62656249999999
branching on 3 with b.
6316   587    28         48.6852    50.6266    3.9877     % 
LB close or above UB, fathomed
6317   586    28         48.6852    50.6266    3.9877     % 
LB close or above UB, fathomed
6318   585    27         48.6852    50.6266    3.9877     % 
UB: 50.62656249999999
branching on 3 with b.
6319   586    28         48.6852    50.6266    3.9877     % 
LB close or above UB, fathomed
6320   585    28         48.6852    50.6266    3.9877     % 
LB close or above UB, fathomed
6321   584    27         48.6852    50.6266    3.9877     % 
UB: 50.62656249999999
branching on 3 with b.
6322   585    28         48.6852    50.6266    3.9877     % 
LB close or above UB, fathomed
6323   584    28         48.6852    50.6266    3.9877     % 
LB close or above UB, fathomed
6324   583    27         48.6852    50.6266    3.9877     % 
UB: 50.62656249999999
branching on 3 with b.
6325   584    28         48.6852    50.6266    3.9877     % 
LB close or above UB, fathomed
6326   583    28         48.6852    50.6266    3.9877     % 
LB close or above UB, fathomed
6327   582    30         48.6852    50.6266    3.9877     % 
UB: 50.62656249999999
branching on 3 with b.
6328   583    31         48.6852    50.6266    3.9877     % 
LB close or above UB, fathomed
6329   582    31         48.6852    50.6266    3.9877     % 
LB close or above UB, fathomed
6330   581    30         48.6852    50.6266    3.9877     % 
UB: 50.62656249999999
branching on 3 with b.
6331   582    31         48.6852    50.6266    3.9877     % 
LB close or above UB, fathomed
6332   581    31         48.6852    50.6266    3.9877     % 
LB close or above UB, fathomed
6333   580    30         48.6852    50.6266    3.9877     % 
UB: 50.62656249999999
branching on 3 with b.
6334   581    31         48.6852    50.6266    3.9877     % 
LB close or above UB, fathomed
6335   580    31         48.6852    50.6266    3.9877     % 
LB close or above UB, fathomed
6336   579    33         48.6852    50.6266    3.9877     % 
LB close or above UB, fathomed
6337   578    33         48.6852    50.6266    3.9877     % 
LB close or above UB, fathomed
6338   577    20         48.6852    50.6266    3.9877     % 
UB: 50.62656249999999
branching on 3 with b.
6339   578    21         48.6852    50.6266    3.9877     % 
LB close or above UB, fathomed
6340   577    21         48.6852    50.6266    3.9877     % 
UB: 50.62656249999999
branching on 1 with b.
6341   578    22         48.6852    50.6266    3.9877     % 
UB: 50.62656249999999
branching on 2 with b.
6342   579    23         48.6852    50.6266    3.9877     % 
UB: 50.62656249999999
branching on 3 with b.
6343   580    24         48.6852    50.6266    3.9877     % 
UB: 50.62656249999999
branching on 1 with b.
6344   581    25         48.6852    50.6266    3.9877     % 
LB close or above UB, fathomed
6345   580    25         48.6852    50.6266    3.9877     % 
LB close or above UB, fathomed
6346   579    24         48.6852    50.6266    3.9877     % 
LB close or above UB, fathomed
6347   578    23         48.6852    50.6266    3.9877     % 
LB close or above UB, fathomed
6348   577    22         48.6852    50.6266    3.9877     % 
LB close or above UB, fathomed
6349   576    20         48.6852    50.6266    3.9877     % 
LB close or above UB, fathomed
6350   575    16         48.6852    50.6266    3.9877     % 
UB: 50.62656249999999
branching on 2 with b.
6351   576    17         48.6852    50.6266    3.9877     % 
UB: 50.62656249999999
branching on CartesianIndex(4, 3) with a.
6352   577    17         48.6852    50.6266    3.9877     % 
LB close or above UB, fathomed
6353   576    16         48.6852    50.6266    3.9877     % 
LB close or above UB, fathomed
6354   575    16         48.6852    50.6266    3.9877     % 
UB: 50.62656249999999
branching on CartesianIndex(1, 5) with c.
6355   576    16         48.6852    50.6266    3.9877     % 
LB close or above UB, fathomed
6356   575    38         48.6852    50.6266    3.9877     % 
UB: 50.62656249999999
branching on 1 with b.
6357   576    39         48.6852    50.6266    3.9877     % 
LB close or above UB, fathomed
6358   575    39         48.6852    50.6266    3.9877     % 
UB: 50.62656249999999
branching on 2 with b.
6359   576    40         48.6852    50.6266    3.9877     % 
UB: 50.62656249999999
branching on 3 with b.
6360   577    41         48.6852    50.6266    3.9877     % 
LB close or above UB, fathomed
6361   576    41         48.6852    50.6266    3.9877     % 
UB: 50.62656249999999
branching on 1 with b.
6362   576    42         48.6852    50.6266    3.9877     % 
UB: 50.62656249999999
branching on 2 with b.
6363   577    43         48.6852    50.6266    3.9877     % 
UB: 50.62656249999999
branching on 3 with b.
6364   578    44         48.6852    50.6266    3.9877     % 
UB: 50.62656249999999
branching on 1 with b.
6365   579    45         48.6852    50.6266    3.9877     % 
UB: 50.62656249999999
branching on 2 with b.
6366   579    46         48.6852    50.6266    3.9877     % 
UB: 50.62656249999999
branching on 3 with b.
6367   580    47         48.6852    50.6266    3.9877     % 
UB: 50.62656249999999
branching on 1 with b.
6368   580    48         48.6852    50.6266    3.9877     % 
UB: 50.62656249999999
branching on 2 with b.
6369   580    49         48.6852    50.6266    3.9877     % 
UB: 50.62656249999999
branching on 3 with b.
6370   581    50         48.6852    50.6266    3.9877     % 
LB close or above UB, fathomed
6371   580    50         48.6852    50.6266    3.9877     % 
LB close or above UB, fathomed
6372   579    47         48.6852    50.6266    3.9877     % 
LB close or above UB, fathomed
6373   578    45         48.6852    50.6266    3.9877     % 
UB: 50.62656249999999
branching on 2 with b.
6374   578    46         48.6852    50.6266    3.9877     % 
UB: 50.62656249999999
branching on 3 with b.
6375   579    47         48.6852    50.6266    3.9877     % 
UB: 50.62656249999999
branching on 1 with b.
6376   579    48         48.6852    50.6266    3.9877     % 
UB: 50.62656249999999
branching on 2 with b.
6377   579    49         48.6852    50.6266    3.9877     % 
UB: 50.62656249999999
branching on 3 with b.
6378   580    50         48.6852    50.6266    3.9877     % 
LB close or above UB, fathomed
6379   579    50         48.6852    50.6266    3.9877     % 
LB close or above UB, fathomed
6380   578    47         48.6852    50.6266    3.9877     % 
LB close or above UB, fathomed
6381   577    44         48.6852    50.6266    3.9877     % 
LB close or above UB, fathomed
6382   576    43         48.6852    50.6266    3.9877     % 
LB close or above UB, fathomed
6383   575    40         48.6852    50.6266    3.9877     % 
LB close or above UB, fathomed
6384   574    38         48.6852    50.6266    3.9877     % 
LB close or above UB, fathomed
6385   573    44         48.6852    50.6266    3.9877     % 
UB: 50.62656249999999
branching on 1 with b.
6386   574    45         48.6852    50.6266    3.9877     % 
UB: 50.62656249999999
branching on 2 with b.
6387   575    46         48.6852    50.6266    3.9877     % 
LB close or above UB, fathomed
6388   574    46         48.6852    50.6266    3.9877     % 
UB: 50.62656249999999
branching on 3 with b.
6389   575    47         48.6852    50.6266    3.9877     % 
UB: 50.62656249999999
branching on 1 with b.
6390   575    48         48.6852    50.6266    3.9877     % 
UB: 50.62656249999999
branching on 2 with b.
6391   575    49         48.6852    50.6266    3.9877     % 
UB: 50.62656249999999
branching on 3 with b.
6392   576    50         48.6852    50.6266    3.9877     % 
LB close or above UB, fathomed
6393   575    50         48.6852    50.6266    3.9877     % 
LB close or above UB, fathomed
6394   574    47         48.6852    50.6266    3.9877     % 
LB close or above UB, fathomed
6395   573    45         48.6852    50.6266    3.9877     % 
UB: 50.62656249999999
branching on 2 with b.
6396   574    46         48.6852    50.6266    3.9877     % 
LB close or above UB, fathomed
6397   573    46         48.6852    50.6266    3.9877     % 
UB: 50.62656249999999
branching on 3 with b.
6398   574    47         48.6852    50.6266    3.9877     % 
UB: 50.62656249999999
branching on 1 with b.
6399   574    48         48.6852    50.6266    3.9877     % 
UB: 50.62656249999999
branching on 2 with b.
6400   574    49         48.6852    50.6266    3.9877     % 
UB: 50.62656249999999
branching on 3 with b.
6401   575    50         48.6852    50.6266    3.9877     % 
LB close or above UB, fathomed
6402   574    50         48.6852    50.6266    3.9877     % 
LB close or above UB, fathomed
6403   573    47         48.6852    50.6266    3.9877     % 
LB close or above UB, fathomed
6404   572    44         48.6852    50.6266    3.9877     % 
LB close or above UB, fathomed
6405   571    42         48.6852    50.6266    3.9877     % 
UB: 50.62656249999999
branching on 2 with b.
6406   572    43         48.6852    50.6266    3.9877     % 
LB close or above UB, fathomed
6407   571    43         48.6852    50.6266    3.9877     % 
LB close or above UB, fathomed
6408   570    40         48.6852    50.6266    3.9877     % 
LB close or above UB, fathomed
6409   569    40         48.6852    50.6266    3.9877     % 
UB: 50.62656249999999
branching on 3 with b.
6410   570    41         48.6852    50.6266    3.9877     % 
LB close or above UB, fathomed
6411   569    41         48.6852    50.6266    3.9877     % 
UB: 50.62656249999999
branching on 1 with b.
6412   570    42         48.6852    50.6266    3.9877     % 
LB close or above UB, fathomed
6413   569    42         48.6852    50.6266    3.9877     % 
UB: 50.62656249999999
branching on 2 with b.
6414   570    43         48.6852    50.6266    3.9877     % 
LB close or above UB, fathomed
6415   569    43         48.6852    50.6266    3.9877     % 
LB close or above UB, fathomed
6416   568    43         48.6852    50.6266    3.9877     % 
LB close or above UB, fathomed
6417   567    43         48.6852    50.6266    3.9877     % 
LB close or above UB, fathomed
6418   566    43         48.6852    50.6266    3.9877     % 
LB close or above UB, fathomed
6419   565    43         48.6852    50.6266    3.9877     % 
LB close or above UB, fathomed
6420   564    44         48.6852    50.6266    3.9877     % 
UB: 50.62656249999999
branching on 1 with b.
6421   565    45         48.6852    50.6266    3.9877     % 
UB: 50.62656249999999
branching on 2 with b.
6422   566    46         48.6852    50.6266    3.9877     % 
LB close or above UB, fathomed
6423   565    46         48.6852    50.6266    3.9877     % 
UB: 50.62656249999999
branching on 3 with b.
6424   566    47         48.6852    50.6266    3.9877     % 
UB: 50.62656249999999
branching on 1 with b.
6425   567    48         48.6852    50.6266    3.9877     % 
UB: 50.62656249999999
branching on 2 with b.
6426   567    49         48.6852    50.6266    3.9877     % 
UB: 50.62656249999999
branching on 3 with b.
6427   568    50         48.6852    50.6266    3.9877     % 
LB close or above UB, fathomed
6428   567    50         48.6852    50.6266    3.9877     % 
LB close or above UB, fathomed
6429   566    48         48.6852    50.6266    3.9877     % 
UB: 50.62656249999999
branching on 2 with b.
6430   566    49         48.6852    50.6266    3.9877     % 
UB: 50.62656249999999
branching on 3 with b.
6431   567    50         48.6852    50.6266    3.9877     % 
LB close or above UB, fathomed
6432   566    50         48.6852    50.6266    3.9877     % 
LB close or above UB, fathomed
6433   565    47         48.6852    50.6266    3.9877     % 
LB close or above UB, fathomed
6434   564    45         48.6852    50.6266    3.9877     % 
LB close or above UB, fathomed
6435   563    44         48.6852    50.6266    3.9877     % 
LB close or above UB, fathomed
6436   562    44         48.6852    50.6266    3.9877     % 
UB: 50.62656249999999
branching on 1 with b.
6437   563    45         48.6852    50.6266    3.9877     % 
UB: 50.62656249999999
branching on 2 with b.
6438   564    46         48.6852    50.6266    3.9877     % 
LB close or above UB, fathomed
6439   563    46         48.6852    50.6266    3.9877     % 
UB: 50.62656249999999
branching on 3 with b.
6440   564    47         48.6852    50.6266    3.9877     % 
UB: 50.62656249999999
branching on 1 with b.
6441   565    48         48.6852    50.6266    3.9877     % 
LB close or above UB, fathomed
6442   564    48         48.6852    50.6266    3.9877     % 
UB: 50.62656249999999
branching on 2 with b.
6443   564    49         48.6852    50.6266    3.9877     % 
UB: 50.62656249999999
branching on 3 with b.
6444   565    50         48.6852    50.6266    3.9877     % 
LB close or above UB, fathomed
6445   564    50         48.6852    50.6266    3.9877     % 
LB close or above UB, fathomed
6446   563    47         48.6852    50.6266    3.9877     % 
LB close or above UB, fathomed
6447   562    45         48.6852    50.6266    3.9877     % 
UB: 50.62656249999999
branching on 2 with b.
6448   563    46         48.6852    50.6266    3.9877     % 
LB close or above UB, fathomed
6449   562    46         48.6852    50.6266    3.9877     % 
UB: 50.62656249999999
branching on 3 with b.
6450   563    47         48.6852    50.6266    3.9877     % 
UB: 50.62656249999999
branching on 1 with b.
6451   563    48         48.6852    50.6266    3.9877     % 
UB: 50.62656249999999
branching on 2 with b.
6452   563    49         48.6852    50.6266    3.9877     % 
UB: 50.62656249999999
branching on 3 with b.
6453   564    50         48.6852    50.6266    3.9877     % 
LB close or above UB, fathomed
6454   563    50         48.6852    50.6266    3.9877     % 
LB close or above UB, fathomed
6455   562    47         48.6852    50.6266    3.9877     % 
LB close or above UB, fathomed
6456   561    44         48.6852    50.6266    3.9877     % 
LB close or above UB, fathomed
6457   560    44         48.6852    50.6266    3.9877     % 
UB: 50.62656249999999
branching on 1 with b.
6458   560    45         48.6852    50.6266    3.9877     % 
UB: 50.62656249999999
branching on 2 with b.
6459   561    46         48.6852    50.6266    3.9877     % 
LB close or above UB, fathomed
6460   560    46         48.6852    50.6266    3.9877     % 
UB: 50.62656249999999
branching on 3 with b.
6461   561    47         48.6852    50.6266    3.9877     % 
UB: 50.62656249999999
branching on 1 with b.
6462   561    48         48.6852    50.6266    3.9877     % 
UB: 50.62656249999999
branching on 2 with b.
6463   561    49         48.6852    50.6266    3.9877     % 
UB: 50.62656249999999
branching on 3 with b.
6464   562    50         48.6852    50.6266    3.9877     % 
LB close or above UB, fathomed
6465   561    50         48.6852    50.6266    3.9877     % 
LB close or above UB, fathomed
6466   560    47         48.6852    50.6266    3.9877     % 
LB close or above UB, fathomed
6467   559    44         48.6852    50.6266    3.9877     % 
LB close or above UB, fathomed
6468   558    44         48.6852    50.6266    3.9877     % 
UB: 50.62656249999999
branching on 1 with b.
6469   558    45         48.6852    50.6266    3.9877     % 
UB: 50.62656249999999
branching on 2 with b.
6470   559    46         48.6852    50.6266    3.9877     % 
LB close or above UB, fathomed
6471   558    46         48.6852    50.6266    3.9877     % 
UB: 50.62656249999999
branching on 3 with b.
6472   559    47         48.6852    50.6266    3.9877     % 
UB: 50.62656249999999
branching on 1 with b.
6473   559    48         48.6852    50.6266    3.9877     % 
UB: 50.62656249999999
branching on 2 with b.
6474   559    49         48.6852    50.6266    3.9877     % 
UB: 50.62656249999999
branching on 3 with b.
6475   560    50         48.6852    50.6266    3.9877     % 
LB close or above UB, fathomed
6476   559    50         48.6852    50.6266    3.9877     % 
LB close or above UB, fathomed
6477   558    47         48.6852    50.6266    3.9877     % 
LB close or above UB, fathomed
6478   557    44         48.6852    50.6266    3.9877     % 
LB close or above UB, fathomed
6479   556    42         48.6852    50.6266    3.9877     % 
UB: 50.62656249999999
branching on 2 with b.
6480   557    43         48.6852    50.6266    3.9877     % 
LB close or above UB, fathomed
6481   556    43         48.6852    50.6266    3.9877     % 
LB close or above UB, fathomed
6482   555    42         48.6852    50.6266    3.9877     % 
UB: 50.62656249999999
branching on 2 with b.
6483   556    43         48.6852    50.6266    3.9877     % 
LB close or above UB, fathomed
6484   555    43         48.6852    50.6266    3.9877     % 
LB close or above UB, fathomed
6485   554    40         48.6852    50.6266    3.9877     % 
UB: 50.62656249999999
branching on 3 with b.
6486   555    41         48.6852    50.6266    3.9877     % 
LB close or above UB, fathomed
6487   554    41         48.6852    50.6266    3.9877     % 
UB: 50.62656249999999
branching on 1 with b.
6488   555    42         48.6852    50.6266    3.9877     % 
UB: 50.62656249999999
branching on 2 with b.
6489   556    43         48.6852    50.6266    3.9877     % 
UB: 50.62656249999999
branching on 3 with b.
6490   557    44         48.6852    50.6266    3.9877     % 
UB: 50.62656249999999
branching on 1 with b.
6491   557    45         48.6852    50.6266    3.9877     % 
UB: 50.62656249999999
branching on 2 with b.
6492   557    46         48.6852    50.6266    3.9877     % 
UB: 50.62656249999999
branching on 3 with b.
6493   558    47         48.6852    50.6266    3.9877     % 
UB: 50.62656249999999
branching on 1 with b.
6494   558    48         48.6852    50.6266    3.9877     % 
UB: 50.62656249999999
branching on 2 with b.
6495   558    49         48.6852    50.6266    3.9877     % 
UB: 50.62656249999999
branching on 3 with b.
6496   559    50         48.6852    50.6266    3.9877     % 
LB close or above UB, fathomed
6497   558    50         48.6852    50.6266    3.9877     % 
LB close or above UB, fathomed
6498   557    47         48.6852    50.6266    3.9877     % 
LB close or above UB, fathomed
6499   556    44         48.6852    50.6266    3.9877     % 
LB close or above UB, fathomed
6500   555    43         48.6852    50.6266    3.9877     % 
LB close or above UB, fathomed
6501   554    42         48.6852    50.6266    3.9877     % 
UB: 50.62656249999999
branching on 2 with b.
6502   555    43         48.6852    50.6266    3.9877     % 
UB: 50.62656249999999
branching on 3 with b.
6503   556    44         48.6852    50.6266    3.9877     % 
UB: 50.62656249999999
branching on 1 with b.
6504   556    45         48.6852    50.6266    3.9877     % 
UB: 50.62656249999999
branching on 2 with b.
6505   556    46         48.6852    50.6266    3.9877     % 
UB: 50.62656249999999
branching on 3 with b.
6506   557    47         48.6852    50.6266    3.9877     % 
UB: 50.62656249999999
branching on 1 with b.
6507   557    48         48.6852    50.6266    3.9877     % 
UB: 50.62656249999999
branching on 2 with b.
6508   557    49         48.6852    50.6266    3.9877     % 
UB: 50.62656249999999
branching on 3 with b.
6509   558    50         48.6852    50.6266    3.9877     % 
LB close or above UB, fathomed
6510   557    50         48.6852    50.6266    3.9877     % 
LB close or above UB, fathomed
6511   556    47         48.6852    50.6266    3.9877     % 
LB close or above UB, fathomed
6512   555    44         48.6852    50.6266    3.9877     % 
LB close or above UB, fathomed
6513   554    43         48.6852    50.6266    3.9877     % 
LB close or above UB, fathomed
6514   553    40         48.6852    50.6266    3.9877     % 
LB close or above UB, fathomed
6515   552    41         48.6852    50.6266    3.9877     % 
LB close or above UB, fathomed
6516   551    41         48.6852    50.6266    3.9877     % 
UB: 50.62656249999999
branching on 1 with b.
6517   552    42         48.6852    50.6266    3.9877     % 
LB close or above UB, fathomed
6518   551    42         48.6852    50.6266    3.9877     % 
LB close or above UB, fathomed
6519   550    43         48.6852    50.6266    3.9877     % 
UB: 50.62656249999999
branching on 3 with b.
6520   551    44         48.6852    50.6266    3.9877     % 
UB: 50.62656249999999
branching on 1 with b.
6521   552    45         48.6852    50.6266    3.9877     % 
UB: 50.62656249999999
branching on 2 with b.
6522   552    46         48.6852    50.6266    3.9877     % 
UB: 50.62656249999999
branching on 3 with b.
6523   553    47         48.6852    50.6266    3.9877     % 
UB: 50.62656249999999
branching on 1 with b.
6524   554    48         48.6852    50.6266    3.9877     % 
LB close or above UB, fathomed
6525   553    48         48.6852    50.6266    3.9877     % 
UB: 50.62656249999999
branching on 2 with b.
6526   553    49         48.6852    50.6266    3.9877     % 
UB: 50.62656249999999
branching on 3 with b.
6527   554    50         48.6852    50.6266    3.9877     % 
LB close or above UB, fathomed
6528   553    50         48.6852    50.6266    3.9877     % 
LB close or above UB, fathomed
6529   552    47         48.6852    50.6266    3.9877     % 
LB close or above UB, fathomed
6530   551    45         48.6852    50.6266    3.9877     % 
UB: 50.62656249999999
branching on 2 with b.
6531   551    46         48.6852    50.6266    3.9877     % 
UB: 50.62656249999999
branching on 3 with b.
6532   552    47         48.6852    50.6266    3.9877     % 
UB: 50.62656249999999
branching on 1 with b.
6533   552    48         48.6852    50.6266    3.9877     % 
UB: 50.62656249999999
branching on 2 with b.
6534   552    49         48.6852    50.6266    3.9877     % 
UB: 50.62656249999999
branching on 3 with b.
6535   553    50         48.6852    50.6266    3.9877     % 
LB close or above UB, fathomed
6536   552    50         48.6852    50.6266    3.9877     % 
LB close or above UB, fathomed
6537   551    47         48.6852    50.6266    3.9877     % 
LB close or above UB, fathomed
6538   550    44         48.6852    50.6266    3.9877     % 
LB close or above UB, fathomed
6539   549    43         48.6852    50.6266    3.9877     % 
LB close or above UB, fathomed
6540   548    43         48.6852    50.6266    3.9877     % 
UB: 50.62656249999999
branching on 3 with b.
6541   549    44         48.6852    50.6266    3.9877     % 
UB: 50.62656249999999
branching on 1 with b.
6542   550    45         48.6852    50.6266    3.9877     % 
UB: 50.62656249999999
branching on 2 with b.
6543   550    46         48.6852    50.6266    3.9877     % 
UB: 50.62656249999999
branching on 3 with b.
6544   551    47         48.6852    50.6266    3.9877     % 
UB: 50.62656249999999
branching on 1 with b.
6545   552    48         48.6852    50.6266    3.9877     % 
UB: 50.62656249999999
branching on 2 with b.
6546   552    49         48.6852    50.6266    3.9877     % 
UB: 50.62656249999999
branching on 3 with b.
6547   553    50         48.6852    50.6266    3.9877     % 
LB close or above UB, fathomed
6548   552    50         48.6852    50.6266    3.9877     % 
LB close or above UB, fathomed
6549   551    48         48.6852    50.6266    3.9877     % 
UB: 50.62656249999999
branching on 2 with b.
6550   551    49         48.6852    50.6266    3.9877     % 
UB: 50.62656249999999
branching on 3 with b.
6551   552    50         48.6852    50.6266    3.9877     % 
LB close or above UB, fathomed
6552   551    50         48.6852    50.6266    3.9877     % 
LB close or above UB, fathomed
6553   550    47         48.6852    50.6266    3.9877     % 
LB close or above UB, fathomed
6554   549    45         48.6852    50.6266    3.9877     % 
LB close or above UB, fathomed
6555   548    44         48.6852    50.6266    3.9877     % 
LB close or above UB, fathomed
6556   547    43         48.6852    50.6266    3.9877     % 
LB close or above UB, fathomed
6557   546    42         48.6852    50.6266    3.9877     % 
LB close or above UB, fathomed
6558   545    42         48.6852    50.6266    3.9877     % 
LB close or above UB, fathomed
6559   544    43         48.6852    50.6266    3.9877     % 
LB close or above UB, fathomed
6560   543    43         48.6852    50.6266    3.9877     % 
LB close or above UB, fathomed
6561   542    43         48.6852    50.6266    3.9877     % 
LB close or above UB, fathomed
6562   541    43         48.6852    50.6266    3.9877     % 
LB close or above UB, fathomed
6563   540    44         48.6852    50.6266    3.9877     % 
UB: 50.62656249999999
branching on 1 with b.
6564   541    45         48.6852    50.6266    3.9877     % 
UB: 50.62656249999999
branching on 2 with b.
6565   542    46         48.6852    50.6266    3.9877     % 
LB close or above UB, fathomed
6566   541    46         48.6852    50.6266    3.9877     % 
UB: 50.62656249999999
branching on 3 with b.
6567   542    47         48.6852    50.6266    3.9877     % 
UB: 50.62656249999999
branching on 1 with b.
6568   542    48         48.6852    50.6266    3.9877     % 
UB: 50.62656249999999
branching on 2 with b.
6569   542    49         48.6852    50.6266    3.9877     % 
UB: 50.62656249999999
branching on 3 with b.
6570   543    50         48.6852    50.6266    3.9877     % 
LB close or above UB, fathomed
6571   542    50         48.6852    50.6266    3.9877     % 
LB close or above UB, fathomed
6572   541    47         48.6852    50.6266    3.9877     % 
LB close or above UB, fathomed
6573   540    45         48.6852    50.6266    3.9877     % 
LB close or above UB, fathomed
6574   539    44         48.6852    50.6266    3.9877     % 
LB close or above UB, fathomed
6575   538    44         48.6852    50.6266    3.9877     % 
UB: 50.62656249999999
branching on 1 with b.
6576   539    45         48.6852    50.6266    3.9877     % 
UB: 50.62656249999999
branching on 2 with b.
6577   540    46         48.6852    50.6266    3.9877     % 
LB close or above UB, fathomed
6578   539    46         48.6852    50.6266    3.9877     % 
UB: 50.62656249999999
branching on 3 with b.
6579   540    47         48.6852    50.6266    3.9877     % 
UB: 50.62656249999999
branching on 1 with b.
6580   540    48         48.6852    50.6266    3.9877     % 
UB: 50.62656249999999
branching on 2 with b.
6581   540    49         48.6852    50.6266    3.9877     % 
UB: 50.62656249999999
branching on 3 with b.
6582   541    50         48.6852    50.6266    3.9877     % 
LB close or above UB, fathomed
6583   540    50         48.6852    50.6266    3.9877     % 
LB close or above UB, fathomed
6584   539    47         48.6852    50.6266    3.9877     % 
LB close or above UB, fathomed
6585   538    45         48.6852    50.6266    3.9877     % 
UB: 50.62656249999999
branching on 2 with b.
6586   539    46         48.6852    50.6266    3.9877     % 
LB close or above UB, fathomed
6587   538    46         48.6852    50.6266    3.9877     % 
UB: 50.62656249999999
branching on 3 with b.
6588   539    47         48.6852    50.6266    3.9877     % 
UB: 50.62656249999999
branching on 1 with b.
6589   539    48         48.6852    50.6266    3.9877     % 
UB: 50.62656249999999
branching on 2 with b.
6590   539    49         48.6852    50.6266    3.9877     % 
UB: 50.62656249999999
branching on 3 with b.
6591   540    50         48.6852    50.6266    3.9877     % 
LB close or above UB, fathomed
6592   539    50         48.6852    50.6266    3.9877     % 
LB close or above UB, fathomed
6593   538    47         48.6852    50.6266    3.9877     % 
LB close or above UB, fathomed
6594   537    44         48.6852    50.6266    3.9877     % 
LB close or above UB, fathomed
6595   536    41         48.6852    50.6266    3.9877     % 
LB close or above UB, fathomed
6596   535    41         48.6852    50.6266    3.9877     % 
UB: 50.62656249999999
branching on 1 with b.
6597   536    42         48.6852    50.6266    3.9877     % 
LB close or above UB, fathomed
6598   535    42         48.6852    50.6266    3.9877     % 
LB close or above UB, fathomed
6599   534    43         48.6852    50.6266    3.9877     % 
UB: 50.62656249999999
branching on 3 with b.
6600   535    44         48.6852    50.6266    3.9877     % 
UB: 50.62656249999999
branching on 1 with b.
6601   536    45         48.6852    50.6266    3.9877     % 
UB: 50.62656249999999
branching on 2 with b.
6602   536    46         48.6852    50.6266    3.9877     % 
UB: 50.62656249999999
branching on 3 with b.
6603   537    47         48.6852    50.6266    3.9877     % 
UB: 50.62656249999999
branching on 1 with b.
6604   537    48         48.6852    50.6266    3.9877     % 
UB: 50.62656249999999
branching on 2 with b.
6605   537    49         48.6852    50.6266    3.9877     % 
UB: 50.62656249999999
branching on 3 with b.
6606   538    50         48.6852    50.6266    3.9877     % 
LB close or above UB, fathomed
6607   537    50         48.6852    50.6266    3.9877     % 
LB close or above UB, fathomed
6608   536    47         48.6852    50.6266    3.9877     % 
LB close or above UB, fathomed
6609   535    45         48.6852    50.6266    3.9877     % 
UB: 50.62656249999999
branching on 2 with b.
6610   535    46         48.6852    50.6266    3.9877     % 
UB: 50.62656249999999
branching on 3 with b.
6611   536    47         48.6852    50.6266    3.9877     % 
UB: 50.62656249999999
branching on 1 with b.
6612   536    48         48.6852    50.6266    3.9877     % 
UB: 50.62656249999999
branching on 2 with b.
6613   536    49         48.6852    50.6266    3.9877     % 
UB: 50.62656249999999
branching on 3 with b.
6614   537    50         48.6852    50.6266    3.9877     % 
LB close or above UB, fathomed
6615   536    50         48.6852    50.6266    3.9877     % 
LB close or above UB, fathomed
6616   535    47         48.6852    50.6266    3.9877     % 
LB close or above UB, fathomed
6617   534    44         48.6852    50.6266    3.9877     % 
LB close or above UB, fathomed
6618   533    43         48.6852    50.6266    3.9877     % 
LB close or above UB, fathomed
6619   532    43         48.6852    50.6266    3.9877     % 
UB: 50.62656249999999
branching on 3 with b.
6620   533    44         48.6852    50.6266    3.9877     % 
UB: 50.62656249999999
branching on 1 with b.
6621   534    45         48.6852    50.6266    3.9877     % 
UB: 50.62656249999999
branching on 2 with b.
6622   534    46         48.6852    50.6266    3.9877     % 
UB: 50.62656249999999
branching on 3 with b.
6623   535    47         48.6852    50.6266    3.9877     % 
UB: 50.62656249999999
branching on 1 with b.
6624   535    48         48.6852    50.6266    3.9877     % 
UB: 50.62656249999999
branching on 2 with b.
6625   535    49         48.6852    50.6266    3.9877     % 
UB: 50.62656249999999
branching on 3 with b.
6626   536    50         48.6852    50.6266    3.9877     % 
LB close or above UB, fathomed
6627   535    50         48.6852    50.6266    3.9877     % 
LB close or above UB, fathomed
6628   534    47         48.6852    50.6266    3.9877     % 
LB close or above UB, fathomed
6629   533    45         48.6852    50.6266    3.9877     % 
LB close or above UB, fathomed
6630   532    44         48.6852    50.6266    3.9877     % 
LB close or above UB, fathomed
6631   531    43         48.6852    50.6266    3.9877     % 
LB close or above UB, fathomed
6632   530    42         48.6852    50.6266    3.9877     % 
LB close or above UB, fathomed
6633   529    42         48.6852    50.6266    3.9877     % 
LB close or above UB, fathomed
6634   528    38         48.6852    50.6266    3.9877     % 
UB: 50.62656249999999
branching on 1 with b.
6635   529    39         48.6852    50.6266    3.9877     % 
UB: 50.62656249999999
branching on 2 with b.
6636   530    40         48.6852    50.6266    3.9877     % 
UB: 50.62656249999999
branching on 3 with b.
6637   531    41         48.6852    50.6266    3.9877     % 
LB close or above UB, fathomed
6638   530    41         48.6852    50.6266    3.9877     % 
UB: 50.62656249999999
branching on 1 with b.
6639   531    42         48.6852    50.6266    3.9877     % 
UB: 50.62656249999999
branching on 2 with b.
6640   532    43         48.6852    50.6266    3.9877     % 
UB: 50.62656249999999
branching on 3 with b.
6641   533    44         48.6852    50.6266    3.9877     % 
UB: 50.62656249999999
branching on 1 with b.
6642   533    45         48.6852    50.6266    3.9877     % 
UB: 50.62656249999999
branching on 2 with b.
6643   533    46         48.6852    50.6266    3.9877     % 
UB: 50.62656249999999
branching on 3 with b.
6644   534    47         48.6852    50.6266    3.9877     % 
UB: 50.62656249999999
branching on 1 with b.
6645   534    48         48.6852    50.6266    3.9877     % 
UB: 50.62656249999999
branching on 2 with b.
6646   534    49         48.6852    50.6266    3.9877     % 
UB: 50.62656249999999
branching on 3 with b.
6647   535    50         48.6852    50.6266    3.9877     % 
LB close or above UB, fathomed
6648   534    50         48.6852    50.6266    3.9877     % 
LB close or above UB, fathomed
6649   533    47         48.6852    50.6266    3.9877     % 
LB close or above UB, fathomed
6650   532    44         48.6852    50.6266    3.9877     % 
LB close or above UB, fathomed
6651   531    43         48.6852    50.6266    3.9877     % 
LB close or above UB, fathomed
6652   530    42         48.6852    50.6266    3.9877     % 
LB close or above UB, fathomed
6653   529    40         48.6852    50.6266    3.9877     % 
LB close or above UB, fathomed
6654   528    39         48.6852    50.6266    3.9877     % 
LB close or above UB, fathomed
6655   527    38         48.6852    50.6266    3.9877     % 
LB close or above UB, fathomed
6656   526    40         48.6852    50.6266    3.9877     % 
LB close or above UB, fathomed
6657   525    40         48.6852    50.6266    3.9877     % 
UB: 50.62656249999999
branching on 3 with b.
6658   526    41         48.6852    50.6266    3.9877     % 
LB close or above UB, fathomed
6659   525    41         48.6852    50.6266    3.9877     % 
UB: 50.62656249999999
branching on 1 with b.
6660   526    42         48.6852    50.6266    3.9877     % 
UB: 50.62656249999999
branching on 2 with b.
6661   527    43         48.6852    50.6266    3.9877     % 
LB close or above UB, fathomed
6662   526    43         48.6852    50.6266    3.9877     % 
LB close or above UB, fathomed
6663   525    42         48.6852    50.6266    3.9877     % 
LB close or above UB, fathomed
6664   524    43         48.6852    50.6266    3.9877     % 
LB close or above UB, fathomed
6665   523    43         48.6852    50.6266    3.9877     % 
LB close or above UB, fathomed
6666   522    44         48.6852    50.6266    3.9877     % 
UB: 50.62656249999999
branching on 1 with b.
6667   522    45         48.6852    50.6266    3.9877     % 
UB: 50.62656249999999
branching on 2 with b.
6668   523    46         48.6852    50.6266    3.9877     % 
LB close or above UB, fathomed
6669   522    46         48.6852    50.6266    3.9877     % 
UB: 50.62656249999999
branching on 3 with b.
6670   523    47         48.6852    50.6266    3.9877     % 
UB: 50.62656249999999
branching on 1 with b.
6671   523    48         48.6852    50.6266    3.9877     % 
UB: 50.62656249999999
branching on 2 with b.
6672   523    49         48.6852    50.6266    3.9877     % 
UB: 50.62656249999999
branching on 3 with b.
6673   524    50         48.6852    50.6266    3.9877     % 
LB close or above UB, fathomed
6674   523    50         48.6852    50.6266    3.9877     % 
LB close or above UB, fathomed
6675   522    47         48.6852    50.6266    3.9877     % 
LB close or above UB, fathomed
6676   521    44         48.6852    50.6266    3.9877     % 
LB close or above UB, fathomed
6677   520    42         48.6852    50.6266    3.9877     % 
UB: 50.62656249999999
branching on 2 with b.
6678   521    43         48.6852    50.6266    3.9877     % 
LB close or above UB, fathomed
6679   520    43         48.6852    50.6266    3.9877     % 
LB close or above UB, fathomed
6680   519    42         48.6852    50.6266    3.9877     % 
LB close or above UB, fathomed
6681   518    36         48.6852    50.6266    3.9877     % 
LB close or above UB, fathomed
6682   517    36         48.6852    50.6266    3.9877     % 
LB close or above UB, fathomed
6683   516    37         48.6852    50.6266    3.9877     % 
LB close or above UB, fathomed
6684   515    37         48.6852    50.6266    3.9877     % 
UB: 50.62656249999999
branching on 2 with b.
6685   516    38         48.6852    50.6266    3.9877     % 
LB close or above UB, fathomed
6686   515    38         48.6852    50.6266    3.9877     % 
UB: 50.62656249999999
branching on 3 with b.
6687   516    39         48.6852    50.6266    3.9877     % 
LB close or above UB, fathomed
6688   515    39         48.6852    50.6266    3.9877     % 
LB close or above UB, fathomed
6689   514    38         48.6852    50.6266    3.9877     % 
LB close or above UB, fathomed
6690   513    38         48.6852    50.6266    3.9877     % 
UB: 50.62656249999999
branching on 3 with b.
6691   514    39         48.6852    50.6266    3.9877     % 
LB close or above UB, fathomed
6692   513    39         48.6852    50.6266    3.9877     % 
LB close or above UB, fathomed
6693   512    38         48.6852    50.6266    3.9877     % 
LB close or above UB, fathomed
6694   511    38         48.6852    50.6266    3.9877     % 
UB: 50.62656249999999
branching on 3 with b.
6695   512    39         48.6852    50.6266    3.9877     % 
LB close or above UB, fathomed
6696   511    39         48.6852    50.6266    3.9877     % 
LB close or above UB, fathomed
6697   510    37         48.6852    50.6266    3.9877     % 
LB close or above UB, fathomed
6698   509    37         48.6852    50.6266    3.9877     % 
LB close or above UB, fathomed
6699   508    38         48.6852    50.6266    3.9877     % 
LB close or above UB, fathomed
6700   507    38         48.6852    50.6266    3.9877     % 
UB: 50.62656249999999
branching on 3 with b.
6701   508    39         48.6852    50.6266    3.9877     % 
LB close or above UB, fathomed
6702   507    39         48.6852    50.6266    3.9877     % 
LB close or above UB, fathomed
6703   506    40         48.6852    50.6266    3.9877     % 
LB close or above UB, fathomed
6704   505    40         48.6852    50.6266    3.9877     % 
LB close or above UB, fathomed
6705   504    37         48.6852    50.6266    3.9877     % 
UB: 50.62656249999999
branching on 2 with b.
6706   505    38         48.6852    50.6266    3.9877     % 
UB: 50.62656249999999
branching on 3 with b.
6707   506    39         48.6852    50.6266    3.9877     % 
LB close or above UB, fathomed
6708   505    39         48.6852    50.6266    3.9877     % 
LB close or above UB, fathomed
6709   504    38         48.6852    50.6266    3.9877     % 
LB close or above UB, fathomed
6710   503    37         48.6852    50.6266    3.9877     % 
LB close or above UB, fathomed
6711   502    40         48.6852    50.6266    3.9877     % 
LB close or above UB, fathomed
6712   501    40         48.6852    50.6266    3.9877     % 
LB close or above UB, fathomed
6713   500    37         48.6852    50.6266    3.9877     % 
UB: 50.62656249999999
branching on 2 with b.
6714   501    38         48.6852    50.6266    3.9877     % 
UB: 50.62656249999999
branching on 3 with b.
6715   502    39         48.6852    50.6266    3.9877     % 
LB close or above UB, fathomed
6716   501    39         48.6852    50.6266    3.9877     % 
LB close or above UB, fathomed
6717   500    38         48.6852    50.6266    3.9877     % 
LB close or above UB, fathomed
6718   499    33         48.6852    50.6266    3.9877     % 
UB: 50.62656249999999
branching on 1 with b.
6719   500    34         48.6852    50.6266    3.9877     % 
LB close or above UB, fathomed
6720   499    34         48.6852    50.6266    3.9877     % 
UB: 50.62656249999999
branching on 2 with b.
6721   500    35         48.6852    50.6266    3.9877     % 
UB: 50.62656249999999
branching on 3 with b.
6722   501    36         48.6852    50.6266    3.9877     % 
LB close or above UB, fathomed
6723   500    36         48.6852    50.6266    3.9877     % 
LB close or above UB, fathomed
6724   499    35         48.6852    50.6266    3.9877     % 
LB close or above UB, fathomed
6725   498    33         48.6852    50.6266    3.9877     % 
LB close or above UB, fathomed
6726   497    34         48.6852    50.6266    3.9877     % 
UB: 50.62656249999999
branching on 2 with b.
6727   498    35         48.6852    50.6266    3.9877     % 
UB: 50.62656249999999
branching on 3 with b.
6728   499    36         48.6852    50.6266    3.9877     % 
UB: 50.62656249999999
branching on 1 with b.
6729   500    37         48.6852    50.6266    3.9877     % 
LB close or above UB, fathomed
6730   499    37         48.6852    50.6266    3.9877     % 
UB: 50.62656249999999
branching on 2 with b.
6731   500    38         48.6852    50.6266    3.9877     % 
LB close or above UB, fathomed
6732   499    38         48.6852    50.6266    3.9877     % 
UB: 50.62656249999999
branching on 3 with b.
6733   500    39         48.6852    50.6266    3.9877     % 
UB: 50.62656249999999
branching on 1 with b.
6734   500    40         48.6852    50.6266    3.9877     % 
UB: 50.62656249999999
branching on 2 with b.
6735   501    41         48.6852    50.6266    3.9877     % 
LB close or above UB, fathomed
6736   500    41         48.6852    50.6266    3.9877     % 
LB close or above UB, fathomed
6737   499    39         48.6852    50.6266    3.9877     % 
UB: 50.62656249999999
branching on 1 with b.
6738   499    40         48.6852    50.6266    3.9877     % 
UB: 50.62656249999999
branching on 2 with b.
6739   500    41         48.6852    50.6266    3.9877     % 
LB close or above UB, fathomed
6740   499    41         48.6852    50.6266    3.9877     % 
LB close or above UB, fathomed
6741   498    36         48.6852    50.6266    3.9877     % 
LB close or above UB, fathomed
6742   497    35         48.6852    50.6266    3.9877     % 
LB close or above UB, fathomed
6743   496    34         48.6852    50.6266    3.9877     % 
UB: 50.62656249999999
branching on 2 with b.
6744   497    35         48.6852    50.6266    3.9877     % 
UB: 50.62656249999999
branching on 3 with b.
6745   498    36         48.6852    50.6266    3.9877     % 
UB: 50.62656249999999
branching on 1 with b.
6746   499    37         48.6852    50.6266    3.9877     % 
UB: 50.62656249999999
branching on 2 with b.
6747   500    38         48.6852    50.6266    3.9877     % 
LB close or above UB, fathomed
6748   499    38         48.6852    50.6266    3.9877     % 
UB: 50.62656249999999
branching on 3 with b.
6749   500    39         48.6852    50.6266    3.9877     % 
UB: 50.62656249999999
branching on 1 with b.
6750   501    40         48.6852    50.6266    3.9877     % 
UB: 50.62656249999999
branching on 2 with b.
6751   502    41         48.6852    50.6266    3.9877     % 
LB close or above UB, fathomed
6752   501    41         48.6852    50.6266    3.9877     % 
LB close or above UB, fathomed
6753   500    40         48.6852    50.6266    3.9877     % 
LB close or above UB, fathomed
6754   499    39         48.6852    50.6266    3.9877     % 
UB: 50.62656249999999
branching on 1 with b.
6755   500    40         48.6852    50.6266    3.9877     % 
UB: 50.62656249999999
branching on 2 with b.
6756   501    41         48.6852    50.6266    3.9877     % 
LB close or above UB, fathomed
6757   500    41         48.6852    50.6266    3.9877     % 
LB close or above UB, fathomed
6758   499    40         48.6852    50.6266    3.9877     % 
LB close or above UB, fathomed
6759   498    37         48.6852    50.6266    3.9877     % 
LB close or above UB, fathomed
6760   497    36         48.6852    50.6266    3.9877     % 
LB close or above UB, fathomed
6761   496    35         48.6852    50.6266    3.9877     % 
LB close or above UB, fathomed
6762   495    36         48.6852    50.6266    3.9877     % 
LB close or above UB, fathomed
6763   494    36         48.6852    50.6266    3.9877     % 
LB close or above UB, fathomed
6764   493    37         48.6852    50.6266    3.9877     % 
UB: 50.62656249999999
branching on 2 with b.
6765   494    38         48.6852    50.6266    3.9877     % 
LB close or above UB, fathomed
6766   493    38         48.6852    50.6266    3.9877     % 
UB: 50.62656249999999
branching on 3 with b.
6767   494    39         48.6852    50.6266    3.9877     % 
LB close or above UB, fathomed
6768   493    39         48.6852    50.6266    3.9877     % 
UB: 50.62656249999999
branching on 1 with b.
6769   494    40         48.6852    50.6266    3.9877     % 
UB: 50.62656249999999
branching on 2 with b.
6770   495    41         48.6852    50.6266    3.9877     % 
LB close or above UB, fathomed
6771   494    41         48.6852    50.6266    3.9877     % 
LB close or above UB, fathomed
6772   493    40         48.6852    50.6266    3.9877     % 
LB close or above UB, fathomed
6773   492    37         48.6852    50.6266    3.9877     % 
LB close or above UB, fathomed
6774   491    36         48.6852    50.6266    3.9877     % 
LB close or above UB, fathomed
6775   490    36         48.6852    50.6266    3.9877     % 
LB close or above UB, fathomed
6776   489    37         48.6852    50.6266    3.9877     % 
UB: 50.62656249999999
branching on 2 with b.
6777   490    38         48.6852    50.6266    3.9877     % 
LB close or above UB, fathomed
6778   489    38         48.6852    50.6266    3.9877     % 
UB: 50.62656249999999
branching on 3 with b.
6779   490    39         48.6852    50.6266    3.9877     % 
LB close or above UB, fathomed
6780   489    39         48.6852    50.6266    3.9877     % 
UB: 50.62656249999999
branching on 1 with b.
6781   490    40         48.6852    50.6266    3.9877     % 
LB close or above UB, fathomed
6782   489    40         48.6852    50.6266    3.9877     % 
UB: 50.62656249999999
branching on 2 with b.
6783   490    41         48.6852    50.6266    3.9877     % 
LB close or above UB, fathomed
6784   489    41         48.6852    50.6266    3.9877     % 
LB close or above UB, fathomed
6785   488    37         48.6852    50.6266    3.9877     % 
UB: 50.62656249999999
branching on 2 with b.
6786   489    38         48.6852    50.6266    3.9877     % 
LB close or above UB, fathomed
6787   488    38         48.6852    50.6266    3.9877     % 
UB: 50.62656249999999
branching on 3 with b.
6788   489    39         48.6852    50.6266    3.9877     % 
LB close or above UB, fathomed
6789   488    39         48.6852    50.6266    3.9877     % 
UB: 50.62656249999999
branching on 1 with b.
6790   488    40         48.6852    50.6266    3.9877     % 
UB: 50.62656249999999
branching on 2 with b.
6791   489    41         48.6852    50.6266    3.9877     % 
LB close or above UB, fathomed
6792   488    41         48.6852    50.6266    3.9877     % 
LB close or above UB, fathomed
6793   487    30         48.6852    50.6266    3.9877     % 
LB close or above UB, fathomed
6794   486    30         48.6852    50.6266    3.9877     % 
LB close or above UB, fathomed
6795   485    32         48.6852    50.6266    3.9877     % 
LB close or above UB, fathomed
6796   484    32         48.6852    50.6266    3.9877     % 
LB close or above UB, fathomed
6797   483    41         48.6852    50.6266    3.9877     % 
LB close or above UB, fathomed
6798   482    41         48.6852    50.6266    3.9877     % 
LB close or above UB, fathomed
6799   481    41         48.6852    50.6266    3.9877     % 
LB close or above UB, fathomed
6800   480    41         48.6852    50.6266    3.9877     % 
LB close or above UB, fathomed
6801   479    41         48.6852    50.6266    3.9877     % 
LB close or above UB, fathomed
6802   478    41         48.6852    50.6266    3.9877     % 
LB close or above UB, fathomed
6803   477    34         48.6852    50.6266    3.9877     % 
UB: 50.62656249999999
branching on 1 with b.
6804   478    35         48.6852    50.6266    3.9877     % 
UB: 50.62656249999999
branching on 2 with b.
6805   479    36         48.6852    50.6266    3.9877     % 
LB close or above UB, fathomed
6806   478    36         48.6852    50.6266    3.9877     % 
LB close or above UB, fathomed
6807   477    35         48.6852    50.6266    3.9877     % 
LB close or above UB, fathomed
6808   476    34         48.6852    50.6266    3.9877     % 
LB close or above UB, fathomed
6809   475    34         48.6852    50.6266    3.9877     % 
UB: 50.62656249999999
branching on 2 with b.
6810   476    35         48.6852    50.6266    3.9877     % 
UB: 50.62656249999999
branching on 3 with b.
6811   477    36         48.6852    50.6266    3.9877     % 
LB close or above UB, fathomed
6812   476    36         48.6852    50.6266    3.9877     % 
LB close or above UB, fathomed
6813   475    35         48.6852    50.6266    3.9877     % 
LB close or above UB, fathomed
6814   474    34         48.6852    50.6266    3.9877     % 
LB close or above UB, fathomed
6815   473    28         48.6852    50.6266    3.9877     % 
LB close or above UB, fathomed
6816   472    28         48.6852    50.6266    3.9877     % 
LB close or above UB, fathomed
6817   471    29         48.6852    50.6266    3.9877     % 
UB: 50.62656249999999
branching on 3 with b.
6818   472    30         48.6852    50.6266    3.9877     % 
LB close or above UB, fathomed
6819   471    30         48.6852    50.6266    3.9877     % 
LB close or above UB, fathomed
6820   470    29         48.6852    50.6266    3.9877     % 
LB close or above UB, fathomed
6821   469    16         48.6852    50.6266    3.9877     % 
UB: 50.62656249999999
branching on CartesianIndex(4, 2) with a.
6822   470    17         48.6852    50.6266    3.9877     % 
LB close or above UB, fathomed
6823   469    17         48.6852    50.6266    3.9877     % 
UB: 50.62656249999999
branching on 2 with b.
6824   470    18         48.6852    50.6266    3.9877     % 
UB: 50.62656249999999
branching on CartesianIndex(1, 3) with a.
6825   471    19         48.6852    50.6266    3.9877     % 
LB close or above UB, fathomed
6826   470    19         48.6852    50.6266    3.9877     % 
LB close or above UB, fathomed
6827   469    18         48.6852    50.6266    3.9877     % 
LB close or above UB, fathomed
6828   468    16         48.6852    50.6266    3.9877     % 
UB: 50.62656249999999
branching on CartesianIndex(1, 3) with a.
6829   469    34         48.6852    50.6266    3.9877     % 
UB: 50.62656249999999
branching on 2 with b.
6830   470    35         48.6852    50.6266    3.9877     % 
UB: 50.62656249999999
branching on 3 with b.
6831   471    36         48.6852    50.6266    3.9877     % 
UB: 50.62656249999999
branching on 1 with b.
6832   471    37         48.6852    50.6266    3.9877     % 
UB: 50.62656249999999
branching on 2 with b.
6833   472    38         48.6852    50.6266    3.9877     % 
LB close or above UB, fathomed
6834   471    38         48.6852    50.6266    3.9877     % 
UB: 50.62656249999999
branching on 3 with b.
6835   472    39         48.6852    50.6266    3.9877     % 
UB: 50.62656249999999
branching on 1 with b.
6836   473    40         48.6852    50.6266    3.9877     % 
LB close or above UB, fathomed
6837   472    40         48.6852    50.6266    3.9877     % 
LB close or above UB, fathomed
6838   471    39         48.6852    50.6266    3.9877     % 
UB: 50.62656249999999
branching on 1 with b.
6839   472    40         48.6852    50.6266    3.9877     % 
LB close or above UB, fathomed
6840   471    40         48.6852    50.6266    3.9877     % 
LB close or above UB, fathomed
6841   470    36         48.6852    50.6266    3.9877     % 
LB close or above UB, fathomed
6842   469    35         48.6852    50.6266    3.9877     % 
LB close or above UB, fathomed
6843   468    34         48.6852    50.6266    3.9877     % 
LB close or above UB, fathomed
6844   467    35         48.6852    50.6266    3.9877     % 
UB: 50.62656249999999
branching on 3 with b.
6845   468    36         48.6852    50.6266    3.9877     % 
LB close or above UB, fathomed
6846   467    36         48.6852    50.6266    3.9877     % 
LB close or above UB, fathomed
6847   466    35         48.6852    50.6266    3.9877     % 
LB close or above UB, fathomed
6848   465    36         48.6852    50.6266    3.9877     % 
LB close or above UB, fathomed
6849   464    36         48.6852    50.6266    3.9877     % 
LB close or above UB, fathomed
6850   463    37         48.6852    50.6266    3.9877     % 
UB: 50.62656249999999
branching on 2 with b.
6851   464    38         48.6852    50.6266    3.9877     % 
LB close or above UB, fathomed
6852   463    38         48.6852    50.6266    3.9877     % 
UB: 50.62656249999999
branching on 3 with b.
6853   464    39         48.6852    50.6266    3.9877     % 
LB close or above UB, fathomed
6854   463    39         48.6852    50.6266    3.9877     % 
UB: 50.62656249999999
branching on 1 with b.
6855   464    40         48.6852    50.6266    3.9877     % 
LB close or above UB, fathomed
6856   463    40         48.6852    50.6266    3.9877     % 
LB close or above UB, fathomed
6857   462    33         48.6852    50.6266    3.9877     % 
LB close or above UB, fathomed
6858   461    33         48.6852    50.6266    3.9877     % 
LB close or above UB, fathomed
6859   460    37         48.6852    50.6266    3.9877     % 
UB: 50.62656249999999
branching on 3 with b.
6860   461    38         48.6852    50.6266    3.9877     % 
UB: 50.62656249999999
branching on 1 with b.
6861   462    39         48.6852    50.6266    3.9877     % 
UB: 50.62656249999999
branching on 2 with b.
6862   463    40         48.6852    50.6266    3.9877     % 
LB close or above UB, fathomed
6863   462    40         48.6852    50.6266    3.9877     % 
UB: 50.62656249999999
branching on 3 with b.
6864   463    41         48.6852    50.6266    3.9877     % 
LB close or above UB, fathomed
6865   462    41         48.6852    50.6266    3.9877     % 
UB: 50.62656249999999
branching on 1 with b.
6866   463    42         48.6852    50.6266    3.9877     % 
UB: 50.62656249999999
branching on 2 with b.
6867   464    43         48.6852    50.6266    3.9877     % 
LB close or above UB, fathomed
6868   463    43         48.6852    50.6266    3.9877     % 
LB close or above UB, fathomed
6869   462    42         48.6852    50.6266    3.9877     % 
LB close or above UB, fathomed
6870   461    39         48.6852    50.6266    3.9877     % 
LB close or above UB, fathomed
6871   460    38         48.6852    50.6266    3.9877     % 
LB close or above UB, fathomed
6872   459    37         48.6852    50.6266    3.9877     % 
LB close or above UB, fathomed
6873   458    38         48.6852    50.6266    3.9877     % 
UB: 50.62656249999999
branching on 1 with b.
6874   459    39         48.6852    50.6266    3.9877     % 
LB close or above UB, fathomed
6875   458    39         48.6852    50.6266    3.9877     % 
UB: 50.62656249999999
branching on 2 with b.
6876   459    40         48.6852    50.6266    3.9877     % 
UB: 50.62656249999999
branching on 3 with b.
6877   460    41         48.6852    50.6266    3.9877     % 
LB close or above UB, fathomed
6878   459    41         48.6852    50.6266    3.9877     % 
UB: 50.62656249999999
branching on 1 with b.
6879   460    42         48.6852    50.6266    3.9877     % 
LB close or above UB, fathomed
6880   459    42         48.6852    50.6266    3.9877     % 
UB: 50.62656249999999
branching on 2 with b.
6881   460    43         48.6852    50.6266    3.9877     % 
UB: 50.62656249999999
branching on 3 with b.
6882   461    44         48.6852    50.6266    3.9877     % 
UB: 50.62656249999999
branching on 1 with b.
6883   462    45         48.6852    50.6266    3.9877     % 
LB close or above UB, fathomed
6884   461    45         48.6852    50.6266    3.9877     % 
LB close or above UB, fathomed
6885   460    44         48.6852    50.6266    3.9877     % 
LB close or above UB, fathomed
6886   459    43         48.6852    50.6266    3.9877     % 
LB close or above UB, fathomed
6887   458    40         48.6852    50.6266    3.9877     % 
LB close or above UB, fathomed
6888   457    38         48.6852    50.6266    3.9877     % 
LB close or above UB, fathomed
6889   456    39         48.6852    50.6266    3.9877     % 
LB close or above UB, fathomed
6890   455    39         48.6852    50.6266    3.9877     % 
UB: 50.62656249999999
branching on 2 with b.
6891   456    40         48.6852    50.6266    3.9877     % 
LB close or above UB, fathomed
6892   455    40         48.6852    50.6266    3.9877     % 
UB: 50.62656249999999
branching on 3 with b.
6893   456    41         48.6852    50.6266    3.9877     % 
UB: 50.62656249999999
branching on 1 with b.
6894   457    42         48.6852    50.6266    3.9877     % 
LB close or above UB, fathomed
6895   456    42         48.6852    50.6266    3.9877     % 
UB: 50.62656249999999
branching on 2 with b.
6896   457    43         48.6852    50.6266    3.9877     % 
LB close or above UB, fathomed
6897   456    43         48.6852    50.6266    3.9877     % 
LB close or above UB, fathomed
6898   455    41         48.6852    50.6266    3.9877     % 
LB close or above UB, fathomed
6899   454    44         48.6852    50.6266    3.9877     % 
UB: 50.62656249999999
branching on 1 with b.
6900   455    45         48.6852    50.6266    3.9877     % 
LB close or above UB, fathomed
6901   454    45         48.6852    50.6266    3.9877     % 
LB close or above UB, fathomed
6902   453    44         48.6852    50.6266    3.9877     % 
LB close or above UB, fathomed
6903   452    43         48.6852    50.6266    3.9877     % 
LB close or above UB, fathomed
6904   451    43         48.6852    50.6266    3.9877     % 
LB close or above UB, fathomed
6905   450    42         48.6852    50.6266    3.9877     % 
LB close or above UB, fathomed
6906   449    42         48.6852    50.6266    3.9877     % 
UB: 50.62656249999999
branching on 2 with b.
6907   450    43         48.6852    50.6266    3.9877     % 
LB close or above UB, fathomed
6908   449    43         48.6852    50.6266    3.9877     % 
LB close or above UB, fathomed
6909   448    40         48.6852    50.6266    3.9877     % 
LB close or above UB, fathomed
6910   447    40         48.6852    50.6266    3.9877     % 
UB: 50.62656249999999
branching on 3 with b.
6911   448    41         48.6852    50.6266    3.9877     % 
LB close or above UB, fathomed
6912   447    41         48.6852    50.6266    3.9877     % 
UB: 50.62656249999999
branching on 1 with b.
6913   447    42         48.6852    50.6266    3.9877     % 
UB: 50.62656249999999
branching on 2 with b.
6914   448    43         48.6852    50.6266    3.9877     % 
LB close or above UB, fathomed
6915   447    43         48.6852    50.6266    3.9877     % 
LB close or above UB, fathomed
6916   446    26         48.6852    50.6266    3.9877     % 
LB close or above UB, fathomed
6917   445    26         48.6852    50.6266    3.9877     % 
LB close or above UB, fathomed
6918   444    24         48.6852    50.6266    3.9877     % 
UB: 50.62656249999999
branching on 3 with b.
6919   445    25         48.6852    50.6266    3.9877     % 
LB close or above UB, fathomed
6920   444    25         48.6852    50.6266    3.9877     % 
LB close or above UB, fathomed
6921   443    24         48.6852    50.6266    3.9877     % 
UB: 50.62656249999999
branching on 3 with b.
6922   444    25         48.6852    50.6266    3.9877     % 
LB close or above UB, fathomed
6923   443    25         48.6852    50.6266    3.9877     % 
LB close or above UB, fathomed
6924   442    24         48.6852    50.6266    3.9877     % 
UB: 50.62656249999999
branching on 3 with b.
6925   443    25         48.6852    50.6266    3.9877     % 
LB close or above UB, fathomed
6926   442    25         48.6852    50.6266    3.9877     % 
LB close or above UB, fathomed
6927   441    24         48.6852    50.6266    3.9877     % 
UB: 50.62656249999999
branching on 3 with b.
6928   442    25         48.6852    50.6266    3.9877     % 
LB close or above UB, fathomed
6929   441    25         48.6852    50.6266    3.9877     % 
LB close or above UB, fathomed
6930   440    14         48.6852    50.6266    3.9877     % 
LB close or above UB, fathomed
6931   439    14         48.6852    50.6266    3.9877     % 
LB close or above UB, fathomed
6932   438    25         48.6852    50.6266    3.9877     % 
UB: 50.62656249999999
branching on 2 with b.
6933   439    26         48.6852    50.6266    3.9877     % 
UB: 50.62656249999999
branching on 3 with b.
6934   440    27         48.6852    50.6266    3.9877     % 
UB: 50.62656249999999
branching on 1 with b.
6935   441    28         48.6852    50.6266    3.9877     % 
LB close or above UB, fathomed
6936   440    28         48.6852    50.6266    3.9877     % 
LB close or above UB, fathomed
6937   439    27         48.6852    50.6266    3.9877     % 
UB: 50.62656249999999
branching on 1 with b.
6938   440    28         48.6852    50.6266    3.9877     % 
LB close or above UB, fathomed
6939   439    28         48.6852    50.6266    3.9877     % 
LB close or above UB, fathomed
6940   438    26         48.6852    50.6266    3.9877     % 
LB close or above UB, fathomed
6941   437    25         48.6852    50.6266    3.9877     % 
LB close or above UB, fathomed
6942   436    25         48.6852    50.6266    3.9877     % 
LB close or above UB, fathomed
6943   435    25         48.6852    50.6266    3.9877     % 
LB close or above UB, fathomed
6944   434    25         48.6852    50.6266    3.9877     % 
LB close or above UB, fathomed
6945   433    25         48.6852    50.6266    3.9877     % 
LB close or above UB, fathomed
6946   432    26         48.6852    50.6266    3.9877     % 
LB close or above UB, fathomed
6947   431    26         48.6852    50.6266    3.9877     % 
UB: 50.62656249999999
branching on 2 with b.
6948   432    27         48.6852    50.6266    3.9877     % 
LB close or above UB, fathomed
6949   431    27         48.6852    50.6266    3.9877     % 
LB close or above UB, fathomed
6950   430    24         48.6852    50.6266    3.9877     % 
LB close or above UB, fathomed
6951   429    24         48.6852    50.6266    3.9877     % 
UB: 50.62656249999999
branching on 1 with b.
6952   430    25         48.6852    50.6266    3.9877     % 
LB close or above UB, fathomed
6953   429    25         48.6852    50.6266    3.9877     % 
UB: 50.62656249999999
branching on 2 with b.
6954   430    26         48.6852    50.6266    3.9877     % 
UB: 50.62656249999999
branching on 3 with b.
6955   431    27         48.6852    50.6266    3.9877     % 
LB close or above UB, fathomed
6956   430    27         48.6852    50.6266    3.9877     % 
UB: 50.62656249999999
branching on 1 with b.
6957   431    28         48.6852    50.6266    3.9877     % 
LB close or above UB, fathomed
6958   430    28         48.6852    50.6266    3.9877     % 
UB: 50.62656249999999
branching on 2 with b.
6959   431    29         48.6852    50.6266    3.9877     % 
UB: 50.62656249999999
branching on 3 with b.
6960   432    30         48.6852    50.6266    3.9877     % 
LB close or above UB, fathomed
6961   431    30         48.6852    50.6266    3.9877     % 
LB close or above UB, fathomed
6962   430    29         48.6852    50.6266    3.9877     % 
LB close or above UB, fathomed
6963   429    26         48.6852    50.6266    3.9877     % 
LB close or above UB, fathomed
6964   428    30         48.6852    50.6266    3.9877     % 
LB close or above UB, fathomed
6965   427    30         48.6852    50.6266    3.9877     % 
LB close or above UB, fathomed
6966   426    27         48.6852    50.6266    3.9877     % 
LB close or above UB, fathomed
6967   425    27         48.6852    50.6266    3.9877     % 
UB: 50.62656249999999
branching on 1 with b.
6968   426    28         48.6852    50.6266    3.9877     % 
LB close or above UB, fathomed
6969   425    28         48.6852    50.6266    3.9877     % 
UB: 50.62656249999999
branching on 2 with b.
6970   426    29         48.6852    50.6266    3.9877     % 
UB: 50.62656249999999
branching on 3 with b.
6971   427    30         48.6852    50.6266    3.9877     % 
LB close or above UB, fathomed
6972   426    30         48.6852    50.6266    3.9877     % 
UB: 50.62656249999999
branching on 1 with b.
6973   427    31         48.6852    50.6266    3.9877     % 
LB close or above UB, fathomed
6974   426    31         48.6852    50.6266    3.9877     % 
LB close or above UB, fathomed
6975   425    29         48.6852    50.6266    3.9877     % 
LB close or above UB, fathomed
6976   424    27         48.6852    50.6266    3.9877     % 
LB close or above UB, fathomed
6977   423    27         48.6852    50.6266    3.9877     % 
LB close or above UB, fathomed
6978   422    27         48.6852    50.6266    3.9877     % 
LB close or above UB, fathomed
6979   421    27         48.6852    50.6266    3.9877     % 
UB: 50.62656249999999
branching on 1 with b.
6980   422    28         48.6852    50.6266    3.9877     % 
LB close or above UB, fathomed
6981   421    28         48.6852    50.6266    3.9877     % 
LB close or above UB, fathomed
6982   420    23         48.6852    50.6266    3.9877     % 
LB close or above UB, fathomed
6983   419    23         48.6852    50.6266    3.9877     % 
LB close or above UB, fathomed
6984   418    31         48.6852    50.6266    3.9877     % 
LB close or above UB, fathomed
6985   417    31         48.6852    50.6266    3.9877     % 
LB close or above UB, fathomed
6986   416    14         48.6852    50.6266    3.9877     % 
UB: 50.62656249999999
branching on 2 with b.
6987   417    15         48.6852    50.6266    3.9877     % 
UB: 50.62656249999999
branching on CartesianIndex(1, 5) with c.
6988   418    16         48.6852    50.6266    3.9877     % 
LB close or above UB, fathomed
6989   417    16         48.6852    50.6266    3.9877     % 
UB: 50.62656249999999
branching on CartesianIndex(1, 6) with c.
6990   418    17         48.6852    50.6266    3.9877     % 
LB close or above UB, fathomed
6991   417    17         48.6852    50.6266    3.9877     % 
UB: 50.62656249999999
branching on 3 with b.
6992   418    18         48.6852    50.6266    3.9877     % 
LB close or above UB, fathomed
6993   417    18         48.6852    50.6266    3.9877     % 
LB close or above UB, fathomed
6994   416    15         48.6852    50.6266    3.9877     % 
LB close or above UB, fathomed
6995   415    14         48.6852    50.6266    3.9877     % 
LB close or above UB, fathomed
6996   414    36         48.6852    50.6266    3.9877     % 
UB: 50.62656249999999
branching on 2 with b.
6997   415    37         48.6852    50.6266    3.9877     % 
LB close or above UB, fathomed
6998   414    37         48.6852    50.6266    3.9877     % 
LB close or above UB, fathomed
6999   413    36         48.6852    50.6266    3.9877     % 
UB: 50.62656249999999
branching on 2 with b.
7000   414    37         48.6852    50.6266    3.9877     % 
LB close or above UB, fathomed
7001   413    37         48.6852    50.6266    3.9877     % 
LB close or above UB, fathomed
7002   412    29         48.6852    50.6266    3.9877     % 
LB close or above UB, fathomed
7003   411    29         48.6852    50.6266    3.9877     % 
LB close or above UB, fathomed
7004   410    34         48.6852    50.6266    3.9877     % 
LB close or above UB, fathomed
7005   409    34         48.6852    50.6266    3.9877     % 
LB close or above UB, fathomed
7006   408    27         48.6852    50.6266    3.9877     % 
UB: 50.62656249999999
branching on 3 with b.
7007   409    28         48.6852    50.6266    3.9877     % 
LB close or above UB, fathomed
7008   408    28         48.6852    50.6266    3.9877     % 
UB: 50.62656249999999
branching on 1 with b.
7009   409    29         48.6852    50.6266    3.9877     % 
LB close or above UB, fathomed
7010   408    29         48.6852    50.6266    3.9877     % 
LB close or above UB, fathomed
7011   407    27         48.6852    50.6266    3.9877     % 
LB close or above UB, fathomed
7012   406    18         48.6852    50.6266    3.9877     % 
LB close or above UB, fathomed
7013   405    18         48.6852    50.6266    3.9877     % 
UB: 50.62656249999999
branching on CartesianIndex(1, 4) with c.
7014   406    19         48.6852    50.6266    3.9877     % 
LB close or above UB, fathomed
7015   405    19         48.6852    50.6266    3.9877     % 
LB close or above UB, fathomed
7016   404    33         48.6852    50.6266    3.9877     % 
LB close or above UB, fathomed
7017   403    33         48.6852    50.6266    3.9877     % 
LB close or above UB, fathomed
7018   402    33         48.6852    50.6266    3.9877     % 
LB close or above UB, fathomed
7019   401    33         48.6852    50.6266    3.9877     % 
LB close or above UB, fathomed
7020   400    40         48.6852    50.6266    3.9877     % 
LB close or above UB, fathomed
7021   399    40         48.6852    50.6266    3.9877     % 
UB: 50.62656249999999
branching on 3 with b.
7022   400    41         48.6852    50.6266    3.9877     % 
LB close or above UB, fathomed
7023   399    41         48.6852    50.6266    3.9877     % 
LB close or above UB, fathomed
7024   398    42         48.6852    50.6266    3.9877     % 
UB: 50.62656249999999
branching on 2 with b.
7025   399    43         48.6852    50.6266    3.9877     % 
LB close or above UB, fathomed
7026   398    43         48.6852    50.6266    3.9877     % 
LB close or above UB, fathomed
7027   397    42         48.6852    50.6266    3.9877     % 
LB close or above UB, fathomed
7028   396    42         48.6852    50.6266    3.9877     % 
UB: 50.62656249999999
branching on 2 with b.
7029   397    43         48.6852    50.6266    3.9877     % 
LB close or above UB, fathomed
7030   396    43         48.6852    50.6266    3.9877     % 
LB close or above UB, fathomed
7031   395    42         48.6852    50.6266    3.9877     % 
LB close or above UB, fathomed
7032   394    42         48.6852    50.6266    3.9877     % 
UB: 50.62656249999999
branching on 2 with b.
7033   395    43         48.6852    50.6266    3.9877     % 
LB close or above UB, fathomed
7034   394    43         48.6852    50.6266    3.9877     % 
LB close or above UB, fathomed
7035   393    28         48.6852    50.6266    3.9877     % 
LB close or above UB, fathomed
7036   392    28         48.6852    50.6266    3.9877     % 
LB close or above UB, fathomed
7037   391    29         48.6852    50.6266    3.9877     % 
LB close or above UB, fathomed
7038   390    29         48.6852    50.6266    3.9877     % 
LB close or above UB, fathomed
7039   389    30         48.6852    50.6266    3.9877     % 
LB close or above UB, fathomed
7040   388    30         48.6852    50.6266    3.9877     % 
LB close or above UB, fathomed
7041   387    30         48.6852    50.6266    3.9877     % 
UB: 50.62656249999999
branching on 3 with b.
7042   388    31         48.6852    50.6266    3.9877     % 
LB close or above UB, fathomed
7043   387    31         48.6852    50.6266    3.9877     % 
LB close or above UB, fathomed
7044   386    30         48.6852    50.6266    3.9877     % 
UB: 50.62656249999999
branching on 3 with b.
7045   387    31         48.6852    50.6266    3.9877     % 
LB close or above UB, fathomed
7046   386    31         48.6852    50.6266    3.9877     % 
LB close or above UB, fathomed
7047   385    38         48.6852    50.6266    3.9877     % 
LB close or above UB, fathomed
7048   384    38         48.6852    50.6266    3.9877     % 
LB close or above UB, fathomed
7049   383    39         48.6852    50.6266    3.9877     % 
LB close or above UB, fathomed
7050   382    39         48.6852    50.6266    3.9877     % 
LB close or above UB, fathomed
7051   381    36         48.6852    50.6266    3.9877     % 
LB close or above UB, fathomed
7052   380    36         48.6852    50.6266    3.9877     % 
LB close or above UB, fathomed
7053   379    38         48.6852    50.6266    3.9877     % 
LB close or above UB, fathomed
7054   378    38         48.6852    50.6266    3.9877     % 
LB close or above UB, fathomed
7055   377    32         48.6852    50.6266    3.9877     % 
LB close or above UB, fathomed
7056   376    32         48.6852    50.6266    3.9877     % 
LB close or above UB, fathomed
7057   375    36         48.6852    50.6266    3.9877     % 
LB close or above UB, fathomed
7058   374    36         48.6852    50.6266    3.9877     % 
UB: 50.62656249999999
branching on 2 with b.
7059   375    37         48.6852    50.6266    3.9877     % 
UB: 50.62656249999999
branching on 3 with b.
7060   376    38         48.6852    50.6266    3.9877     % 
LB close or above UB, fathomed
7061   375    38         48.6852    50.6266    3.9877     % 
LB close or above UB, fathomed
7062   374    37         48.6852    50.6266    3.9877     % 
LB close or above UB, fathomed
7063   373    36         48.6852    50.6266    3.9877     % 
UB: 50.62656249999999
branching on 2 with b.
7064   374    37         48.6852    50.6266    3.9877     % 
UB: 50.62656249999999
branching on 3 with b.
7065   375    38         48.6852    50.6266    3.9877     % 
LB close or above UB, fathomed
7066   374    38         48.6852    50.6266    3.9877     % 
UB: 50.62656249999999
branching on 1 with b.
7067   374    39         48.6852    50.6266    3.9877     % 
UB: 50.62656249999999
branching on 2 with b.
7068   375    40         48.6852    50.6266    3.9877     % 
LB close or above UB, fathomed
7069   374    40         48.6852    50.6266    3.9877     % 
UB: 50.62656249999999
branching on 3 with b.
7070   375    41         48.6852    50.6266    3.9877     % 
UB: 50.62656249999999
branching on 1 with b.
7071   376    42         48.6852    50.6266    3.9877     % 
LB close or above UB, fathomed
7072   375    42         48.6852    50.6266    3.9877     % 
LB close or above UB, fathomed
7073   374    41         48.6852    50.6266    3.9877     % 
UB: 50.62656249999999
branching on 1 with b.
7074   375    42         48.6852    50.6266    3.9877     % 
LB close or above UB, fathomed
7075   374    42         48.6852    50.6266    3.9877     % 
LB close or above UB, fathomed
7076   373    37         48.6852    50.6266    3.9877     % 
LB close or above UB, fathomed
7077   372    36         48.6852    50.6266    3.9877     % 
LB close or above UB, fathomed
7078   371    36         48.6852    50.6266    3.9877     % 
UB: 50.62656249999999
branching on 2 with b.
7079   372    37         48.6852    50.6266    3.9877     % 
UB: 50.62656249999999
branching on 3 with b.
7080   373    38         48.6852    50.6266    3.9877     % 
UB: 50.62656249999999
branching on 1 with b.
7081   373    39         48.6852    50.6266    3.9877     % 
UB: 50.62656249999999
branching on 2 with b.
7082   374    40         48.6852    50.6266    3.9877     % 
LB close or above UB, fathomed
7083   373    40         48.6852    50.6266    3.9877     % 
UB: 50.62656249999999
branching on 3 with b.
7084   374    41         48.6852    50.6266    3.9877     % 
LB close or above UB, fathomed
7085   373    41         48.6852    50.6266    3.9877     % 
LB close or above UB, fathomed
7086   372    38         48.6852    50.6266    3.9877     % 
LB close or above UB, fathomed
7087   371    37         48.6852    50.6266    3.9877     % 
LB close or above UB, fathomed
7088   370    36         48.6852    50.6266    3.9877     % 
LB close or above UB, fathomed
7089   369    39         48.6852    50.6266    3.9877     % 
UB: 50.62656249999999
branching on 2 with b.
7090   370    40         48.6852    50.6266    3.9877     % 
LB close or above UB, fathomed
7091   369    40         48.6852    50.6266    3.9877     % 
UB: 50.62656249999999
branching on 3 with b.
7092   370    41         48.6852    50.6266    3.9877     % 
UB: 50.62656249999999
branching on 1 with b.
7093   371    42         48.6852    50.6266    3.9877     % 
LB close or above UB, fathomed
7094   370    42         48.6852    50.6266    3.9877     % 
LB close or above UB, fathomed
7095   369    41         48.6852    50.6266    3.9877     % 
LB close or above UB, fathomed
7096   368    39         48.6852    50.6266    3.9877     % 
UB: 50.62656249999999
branching on 2 with b.
7097   369    40         48.6852    50.6266    3.9877     % 
LB close or above UB, fathomed
7098   368    40         48.6852    50.6266    3.9877     % 
UB: 50.62656249999999
branching on 3 with b.
7099   369    41         48.6852    50.6266    3.9877     % 
UB: 50.62656249999999
branching on 1 with b.
7100   370    42         48.6852    50.6266    3.9877     % 
LB close or above UB, fathomed
7101   369    42         48.6852    50.6266    3.9877     % 
LB close or above UB, fathomed
7102   368    41         48.6852    50.6266    3.9877     % 
LB close or above UB, fathomed
7103   367    39         48.6852    50.6266    3.9877     % 
LB close or above UB, fathomed
7104   366    36         48.6852    50.6266    3.9877     % 
UB: 50.62656249999999
branching on 2 with b.
7105   367    37         48.6852    50.6266    3.9877     % 
UB: 50.62656249999999
branching on 3 with b.
7106   368    38         48.6852    50.6266    3.9877     % 
LB close or above UB, fathomed
7107   367    38         48.6852    50.6266    3.9877     % 
LB close or above UB, fathomed
7108   366    37         48.6852    50.6266    3.9877     % 
LB close or above UB, fathomed
7109   365    36         48.6852    50.6266    3.9877     % 
UB: 50.62656249999999
branching on 2 with b.
7110   366    37         48.6852    50.6266    3.9877     % 
UB: 50.62656249999999
branching on 3 with b.
7111   367    38         48.6852    50.6266    3.9877     % 
LB close or above UB, fathomed
7112   366    38         48.6852    50.6266    3.9877     % 
LB close or above UB, fathomed
7113   365    37         48.6852    50.6266    3.9877     % 
LB close or above UB, fathomed
7114   364    35         48.6852    50.6266    3.9877     % 
UB: 50.62656249999999
branching on 2 with b.
7115   365    36         48.6852    50.6266    3.9877     % 
LB close or above UB, fathomed
7116   364    36         48.6852    50.6266    3.9877     % 
LB close or above UB, fathomed
7117   363    35         48.6852    50.6266    3.9877     % 
LB close or above UB, fathomed
7118   362    35         48.6852    50.6266    3.9877     % 
UB: 50.62656249999999
branching on 2 with b.
7119   363    36         48.6852    50.6266    3.9877     % 
LB close or above UB, fathomed
7120   362    36         48.6852    50.6266    3.9877     % 
LB close or above UB, fathomed
7121   361    35         48.6852    50.6266    3.9877     % 
LB close or above UB, fathomed
7122   360    19         48.6852    50.6266    3.9877     % 
LB close or above UB, fathomed
7123   359    19         48.6852    50.6266    3.9877     % 
LB close or above UB, fathomed
7124   358    31         48.6852    50.6266    3.9877     % 
LB close or above UB, fathomed
7125   357    31         48.6852    50.6266    3.9877     % 
LB close or above UB, fathomed
7126   356    14         48.6852    50.6266    3.9877     % 
UB: 50.62656249999999
branching on 3 with b.
7127   357    15         48.6852    50.6266    3.9877     % 
LB close or above UB, fathomed
7128   356    15         48.6852    50.6266    3.9877     % 
LB close or above UB, fathomed
7129   355    14         48.6852    50.6266    3.9877     % 
UB: 50.62656249999999
branching on 3 with b.
7130   356    15         48.6852    50.6266    3.9877     % 
LB close or above UB, fathomed
7131   355    15         48.6852    50.6266    3.9877     % 
LB close or above UB, fathomed
7132   354    26         48.6852    50.6266    3.9877     % 
LB close or above UB, fathomed
7133   353    26         48.6852    50.6266    3.9877     % 
LB close or above UB, fathomed
7134   352    32         48.6852    50.6266    3.9877     % 
LB close or above UB, fathomed
7135   351    32         48.6852    50.6266    3.9877     % 
UB: 50.62656249999999
branching on 2 with b.
7136   352    33         48.6852    50.6266    3.9877     % 
LB close or above UB, fathomed
7137   351    33         48.6852    50.6266    3.9877     % 
UB: 50.62656249999999
branching on 3 with b.
7138   352    34         48.6852    50.6266    3.9877     % 
UB: 50.62656249999999
branching on 1 with b.
7139   353    35         48.6852    50.6266    3.9877     % 
LB close or above UB, fathomed
7140   352    35         48.6852    50.6266    3.9877     % 
LB close or above UB, fathomed
7141   351    34         48.6852    50.6266    3.9877     % 
LB close or above UB, fathomed
7142   350    28         48.6852    50.6266    3.9877     % 
LB close or above UB, fathomed
7143   349    28         48.6852    50.6266    3.9877     % 
LB close or above UB, fathomed
7144   348    18         48.6852    50.6266    3.9877     % 
LB close or above UB, fathomed
7145   347    18         48.6852    50.6266    3.9877     % 
UB: 50.62656249999999
branching on CartesianIndex(1, 5) with c.
7146   348    19         48.6852    50.6266    3.9877     % 
UB: 50.62656249999999
branching on CartesianIndex(1, 6) with c.
7147   349    20         48.6852    50.6266    3.9877     % 
LB close or above UB, fathomed
7148   348    20         48.6852    50.6266    3.9877     % 
UB: 50.62656249999999
branching on CartesianIndex(1, 7) with c.
7149   349    21         48.6852    50.6266    3.9877     % 
UB: 50.62656249999999
branching on 3 with b.
7150   350    22         48.6852    50.6266    3.9877     % 
LB close or above UB, fathomed
7151   349    22         48.6852    50.6266    3.9877     % 
UB: 50.62656249999999
branching on 1 with b.
7152   350    23         48.6852    50.6266    3.9877     % 
UB: 50.62656249999999
branching on 2 with b.
7153   351    24         48.6852    50.6266    3.9877     % 
UB: 50.62656249999999
branching on 3 with b.
7154   352    25         48.6852    50.6266    3.9877     % 
LB close or above UB, fathomed
7155   351    25         48.6852    50.6266    3.9877     % 
UB: 50.62656249999999
branching on 1 with b.
7156   352    26         48.6852    50.6266    3.9877     % 
LB close or above UB, fathomed
7157   351    26         48.6852    50.6266    3.9877     % 
LB close or above UB, fathomed
7158   350    24         48.6852    50.6266    3.9877     % 
LB close or above UB, fathomed
7159   349    23         48.6852    50.6266    3.9877     % 
LB close or above UB, fathomed
7160   348    21         48.6852    50.6266    3.9877     % 
LB close or above UB, fathomed
7161   347    19         48.6852    50.6266    3.9877     % 
LB close or above UB, fathomed
7162   346    34         48.6852    50.6266    3.9877     % 
LB close or above UB, fathomed
7163   345    34         48.6852    50.6266    3.9877     % 
LB close or above UB, fathomed
7164   344    29         48.6852    50.6266    3.9877     % 
LB close or above UB, fathomed
7165   343    29         48.6852    50.6266    3.9877     % 
LB close or above UB, fathomed
7166   342    30         48.6852    50.6266    3.9877     % 
LB close or above UB, fathomed
7167   341    30         48.6852    50.6266    3.9877     % 
LB close or above UB, fathomed
7168   340    29         48.6852    50.6266    3.9877     % 
LB close or above UB, fathomed
7169   339    29         48.6852    50.6266    3.9877     % 
UB: 50.62656249999999
branching on 3 with b.
7170   340    30         48.6852    50.6266    3.9877     % 
LB close or above UB, fathomed
7171   339    30         48.6852    50.6266    3.9877     % 
LB close or above UB, fathomed
7172   338    28         48.6852    50.6266    3.9877     % 
LB close or above UB, fathomed
7173   337    28         48.6852    50.6266    3.9877     % 
LB close or above UB, fathomed
7174   336    27         48.6852    50.6266    3.9877     % 
UB: 50.62656249999999
branching on 1 with b.
7175   337    28         48.6852    50.6266    3.9877     % 
LB close or above UB, fathomed
7176   336    28         48.6852    50.6266    3.9877     % 
LB close or above UB, fathomed
7177   335    27         48.6852    50.6266    3.9877     % 
LB close or above UB, fathomed
7178   334    36         48.6852    50.6266    3.9877     % 
LB close or above UB, fathomed
7179   333    36         48.6852    50.6266    3.9877     % 
UB: 50.62656249999999
branching on 2 with b.
7180   334    37         48.6852    50.6266    3.9877     % 
UB: 50.62656249999999
branching on 3 with b.
7181   335    38         48.6852    50.6266    3.9877     % 
LB close or above UB, fathomed
7182   334    38         48.6852    50.6266    3.9877     % 
LB close or above UB, fathomed
7183   333    37         48.6852    50.6266    3.9877     % 
LB close or above UB, fathomed
7184   332    34         48.6852    50.6266    3.9877     % 
UB: 50.62656249999999
branching on 2 with b.
7185   333    35         48.6852    50.6266    3.9877     % 
UB: 50.62656249999999
branching on 3 with b.
7186   334    36         48.6852    50.6266    3.9877     % 
LB close or above UB, fathomed
7187   333    36         48.6852    50.6266    3.9877     % 
LB close or above UB, fathomed
7188   332    35         48.6852    50.6266    3.9877     % 
LB close or above UB, fathomed
7189   331    34         48.6852    50.6266    3.9877     % 
UB: 50.62656249999999
branching on 2 with b.
7190   332    35         48.6852    50.6266    3.9877     % 
UB: 50.62656249999999
branching on 3 with b.
7191   333    36         48.6852    50.6266    3.9877     % 
LB close or above UB, fathomed
7192   332    36         48.6852    50.6266    3.9877     % 
LB close or above UB, fathomed
7193   331    35         48.6852    50.6266    3.9877     % 
LB close or above UB, fathomed
7194   330    36         48.6852    50.6266    3.9877     % 
LB close or above UB, fathomed
7195   329    36         48.6852    50.6266    3.9877     % 
UB: 50.62656249999999
branching on 2 with b.
7196   330    37         48.6852    50.6266    3.9877     % 
UB: 50.62656249999999
branching on 3 with b.
7197   331    38         48.6852    50.6266    3.9877     % 
LB close or above UB, fathomed
7198   330    38         48.6852    50.6266    3.9877     % 
LB close or above UB, fathomed
7199   329    37         48.6852    50.6266    3.9877     % 
LB close or above UB, fathomed
7200   328    28         48.6852    50.6266    3.9877     % 
LB close or above UB, fathomed
7201   327    28         48.6852    50.6266    3.9877     % 
LB close or above UB, fathomed
7202   326    32         48.6852    50.6266    3.9877     % 
LB close or above UB, fathomed
7203   325    32         48.6852    50.6266    3.9877     % 
UB: 50.62656249999999
branching on 2 with b.
7204   326    33         48.6852    50.6266    3.9877     % 
LB close or above UB, fathomed
7205   325    33         48.6852    50.6266    3.9877     % 
LB close or above UB, fathomed
7206   324    29         48.6852    50.6266    3.9877     % 
LB close or above UB, fathomed
7207   323    29         48.6852    50.6266    3.9877     % 
LB close or above UB, fathomed
7208   322    24         48.6852    50.6266    3.9877     % 
LB close or above UB, fathomed
7209   321    24         48.6852    50.6266    3.9877     % 
UB: 50.62656249999999
branching on 1 with b.
7210   322    25         48.6852    50.6266    3.9877     % 
LB close or above UB, fathomed
7211   321    25         48.6852    50.6266    3.9877     % 
LB close or above UB, fathomed
7212   320    24         48.6852    50.6266    3.9877     % 
LB close or above UB, fathomed
7213   319    24         48.6852    50.6266    3.9877     % 
UB: 50.62656249999999
branching on 1 with b.
7214   320    25         48.6852    50.6266    3.9877     % 
LB close or above UB, fathomed
7215   319    25         48.6852    50.6266    3.9877     % 
LB close or above UB, fathomed
7216   318    15         48.6852    50.6266    3.9877     % 
LB close or above UB, fathomed
7217   317    15         48.6852    50.6266    3.9877     % 
UB: 50.62656249999999
branching on 1 with b.
7218   318    16         48.6852    50.6266    3.9877     % 
UB: 50.62656249999999
branching on CartesianIndex(1, 5) with c.
7219   319    16         48.6852    50.6266    3.9877     % 
LB close or above UB, fathomed
7220   318    30         48.6852    50.6266    3.9877     % 
LB close or above UB, fathomed
7221   317    30         48.6852    50.6266    3.9877     % 
LB close or above UB, fathomed
7222   316    36         48.6852    50.6266    3.9877     % 
LB close or above UB, fathomed
7223   315    36         48.6852    50.6266    3.9877     % 
UB: 50.62656249999999
branching on 2 with b.
7224   316    37         48.6852    50.6266    3.9877     % 
LB close or above UB, fathomed
7225   315    37         48.6852    50.6266    3.9877     % 
LB close or above UB, fathomed
7226   314    35         48.6852    50.6266    3.9877     % 
LB close or above UB, fathomed
7227   313    35         48.6852    50.6266    3.9877     % 
LB close or above UB, fathomed
7228   312    36         48.6852    50.6266    3.9877     % 
LB close or above UB, fathomed
7229   311    36         48.6852    50.6266    3.9877     % 
UB: 50.62656249999999
branching on 2 with b.
7230   312    37         48.6852    50.6266    3.9877     % 
UB: 50.62656249999999
branching on 3 with b.
7231   313    38         48.6852    50.6266    3.9877     % 
LB close or above UB, fathomed
7232   312    38         48.6852    50.6266    3.9877     % 
LB close or above UB, fathomed
7233   311    37         48.6852    50.6266    3.9877     % 
LB close or above UB, fathomed
7234   310    25         48.6852    50.6266    3.9877     % 
LB close or above UB, fathomed
7235   309    25         48.6852    50.6266    3.9877     % 
UB: 50.62656249999999
branching on 1 with b.
7236   310    26         48.6852    50.6266    3.9877     % 
UB: 50.62656249999999
branching on 2 with b.
7237   311    27         48.6852    50.6266    3.9877     % 
LB close or above UB, fathomed
7238   310    27         48.6852    50.6266    3.9877     % 
UB: 50.62656249999999
branching on 3 with b.
7239   311    28         48.6852    50.6266    3.9877     % 
LB close or above UB, fathomed
7240   310    28         48.6852    50.6266    3.9877     % 
LB close or above UB, fathomed
7241   309    26         48.6852    50.6266    3.9877     % 
LB close or above UB, fathomed
7242   308    27         48.6852    50.6266    3.9877     % 
LB close or above UB, fathomed
7243   307    27         48.6852    50.6266    3.9877     % 
LB close or above UB, fathomed
7244   306    20         48.6852    50.6266    3.9877     % 
LB close or above UB, fathomed
7245   305    20         48.6852    50.6266    3.9877     % 
UB: 50.62656249999999
branching on 3 with b.
7246   306    21         48.6852    50.6266    3.9877     % 
LB close or above UB, fathomed
7247   305    21         48.6852    50.6266    3.9877     % 
UB: 50.62656249999999
branching on 1 with b.
7248   306    22         48.6852    50.6266    3.9877     % 
UB: 50.62656249999999
branching on 2 with b.
7249   307    23         48.6852    50.6266    3.9877     % 
LB close or above UB, fathomed
7250   306    23         48.6852    50.6266    3.9877     % 
LB close or above UB, fathomed
7251   305    22         48.6852    50.6266    3.9877     % 
LB close or above UB, fathomed
7252   304    18         48.6852    50.6266    3.9877     % 
LB close or above UB, fathomed
7253   303    18         48.6852    50.6266    3.9877     % 
UB: 50.62656249999999
branching on CartesianIndex(1, 5) with c.
7254   304    19         48.6852    50.6266    3.9877     % 
UB: 50.62656249999999
branching on CartesianIndex(1, 6) with c.
7255   305    20         48.6852    50.6266    3.9877     % 
LB close or above UB, fathomed
7256   304    20         48.6852    50.6266    3.9877     % 
LB close or above UB, fathomed
7257   303    19         48.6852    50.6266    3.9877     % 
LB close or above UB, fathomed
7258   302    35         48.6852    50.6266    3.9877     % 
LB close or above UB, fathomed
7259   301    35         48.6852    50.6266    3.9877     % 
LB close or above UB, fathomed
7260   300    33         48.6852    50.6266    3.9877     % 
LB close or above UB, fathomed
7261   299    33         48.6852    50.6266    3.9877     % 
LB close or above UB, fathomed
7262   298    35         48.6852    50.6266    3.9877     % 
LB close or above UB, fathomed
7263   297    35         48.6852    50.6266    3.9877     % 
LB close or above UB, fathomed
7264   296    19         48.6852    50.6266    3.9877     % 
LB close or above UB, fathomed
7265   295    19         48.6852    50.6266    3.9877     % 
LB close or above UB, fathomed
7266   294    9          48.6852    50.6266    3.9877     % 
UB: 50.62656249999999
branching on CartesianIndex(1, 4) with c.
7267   295    10         48.6852    50.6266    3.9877     % 
UB: 50.62656249999999
branching on 1 with b.
7268   296    11         48.6852    50.6266    3.9877     % 
LB close or above UB, fathomed
7269   295    11         48.6852    50.6266    3.9877     % 
UB: 50.62656249999999
branching on 2 with b.
7270   296    10         48.6852    50.6266    3.9877     % 
UB: 50.62656249999999
branching on 1 with b.
7271   297    11         48.6852    50.6266    3.9877     % 
LB close or above UB, fathomed
7272   296    11         48.6852    50.6266    3.9877     % 
LB close or above UB, fathomed
7273   295    9          48.6852    50.6266    3.9877     % 
LB close or above UB, fathomed
7274   294    21         48.6852    50.6266    3.9877     % 
LB close or above UB, fathomed
7275   293    21         48.6852    50.6266    3.9877     % 
UB: 50.62656249999999
branching on 3 with b.
7276   294    22         48.6852    50.6266    3.9877     % 
LB close or above UB, fathomed
7277   293    22         48.6852    50.6266    3.9877     % 
UB: 50.62656249999999
branching on 1 with b.
7278   294    23         48.6852    50.6266    3.9877     % 
LB close or above UB, fathomed
7279   293    23         48.6852    50.6266    3.9877     % 
LB close or above UB, fathomed
7280   292    25         48.6852    50.6266    3.9877     % 
UB: 50.62656249999999
branching on 3 with b.
7281   293    26         48.6852    50.6266    3.9877     % 
UB: 50.62656249999999
branching on 1 with b.
7282   294    27         48.6852    50.6266    3.9877     % 
LB close or above UB, fathomed
7283   293    27         48.6852    50.6266    3.9877     % 
UB: 50.62656249999999
branching on 2 with b.
7284   294    28         48.6852    50.6266    3.9877     % 
UB: 50.62656249999999
branching on 3 with b.
7285   295    29         48.6852    50.6266    3.9877     % 
UB: 50.62656249999999
branching on 1 with b.
7286   296    30         48.6852    50.6266    3.9877     % 
LB close or above UB, fathomed
7287   295    30         48.6852    50.6266    3.9877     % 
LB close or above UB, fathomed
7288   294    29         48.6852    50.6266    3.9877     % 
LB close or above UB, fathomed
7289   293    28         48.6852    50.6266    3.9877     % 
LB close or above UB, fathomed
7290   292    26         48.6852    50.6266    3.9877     % 
LB close or above UB, fathomed
7291   291    25         48.6852    50.6266    3.9877     % 
LB close or above UB, fathomed
7292   290    22         48.6852    50.6266    3.9877     % 
UB: 50.62656249999999
branching on 3 with b.
7293   291    23         48.6852    50.6266    3.9877     % 
LB close or above UB, fathomed
7294   290    23         48.6852    50.6266    3.9877     % 
UB: 50.62656249999999
branching on 1 with b.
7295   291    24         48.6852    50.6266    3.9877     % 
LB close or above UB, fathomed
7296   290    24         48.6852    50.6266    3.9877     % 
LB close or above UB, fathomed
7297   289    22         48.6852    50.6266    3.9877     % 
LB close or above UB, fathomed
7298   288    17         48.6852    50.6266    3.9877     % 
LB close or above UB, fathomed
7299   287    17         48.6852    50.6266    3.9877     % 
LB close or above UB, fathomed
7300   286    19         48.6852    50.6266    3.9877     % 
LB close or above UB, fathomed
7301   285    19         48.6852    50.6266    3.9877     % 
UB: 50.62656249999999
branching on CartesianIndex(1, 5) with c.
7302   286    20         48.6852    50.6266    3.9877     % 
LB close or above UB, fathomed
7303   285    20         48.6852    50.6266    3.9877     % 
LB close or above UB, fathomed
7304   284    25         48.6852    50.6266    3.9877     % 
LB close or above UB, fathomed
7305   283    25         48.6852    50.6266    3.9877     % 
LB close or above UB, fathomed
7306   282    25         48.6852    50.6266    3.9877     % 
UB: 50.62656249999999
branching on 3 with b.
7307   283    26         48.6852    50.6266    3.9877     % 
LB close or above UB, fathomed
7308   282    26         48.6852    50.6266    3.9877     % 
LB close or above UB, fathomed
7309   281    25         48.6852    50.6266    3.9877     % 
UB: 50.62656249999999
branching on 3 with b.
7310   282    26         48.6852    50.6266    3.9877     % 
LB close or above UB, fathomed
7311   281    26         48.6852    50.6266    3.9877     % 
LB close or above UB, fathomed
7312   280    22         48.6852    50.6266    3.9877     % 
UB: 50.62656249999999
branching on 1 with b.
7313   281    23         48.6852    50.6266    3.9877     % 
LB close or above UB, fathomed
7314   280    23         48.6852    50.6266    3.9877     % 
LB close or above UB, fathomed
7315   279    22         48.6852    50.6266    3.9877     % 
UB: 50.62656249999999
branching on 1 with b.
7316   280    23         48.6852    50.6266    3.9877     % 
LB close or above UB, fathomed
7317   279    23         48.6852    50.6266    3.9877     % 
LB close or above UB, fathomed
7318   278    26         48.6852    50.6266    3.9877     % 
UB: 50.62656249999999
branching on 3 with b.
7319   279    27         48.6852    50.6266    3.9877     % 
LB close or above UB, fathomed
7320   278    27         48.6852    50.6266    3.9877     % 
LB close or above UB, fathomed
7321   277    26         48.6852    50.6266    3.9877     % 
UB: 50.62656249999999
branching on 3 with b.
7322   278    27         48.6852    50.6266    3.9877     % 
LB close or above UB, fathomed
7323   277    27         48.6852    50.6266    3.9877     % 
LB close or above UB, fathomed
7324   276    24         48.6852    50.6266    3.9877     % 
LB close or above UB, fathomed
7325   275    24         48.6852    50.6266    3.9877     % 
UB: 50.62656249999999
branching on 1 with b.
7326   276    25         48.6852    50.6266    3.9877     % 
LB close or above UB, fathomed
7327   275    25         48.6852    50.6266    3.9877     % 
LB close or above UB, fathomed
7328   274    26         48.6852    50.6266    3.9877     % 
UB: 50.62656249999999
branching on 3 with b.
7329   275    27         48.6852    50.6266    3.9877     % 
LB close or above UB, fathomed
7330   274    27         48.6852    50.6266    3.9877     % 
LB close or above UB, fathomed
7331   273    26         48.6852    50.6266    3.9877     % 
UB: 50.62656249999999
branching on 3 with b.
7332   274    27         48.6852    50.6266    3.9877     % 
LB close or above UB, fathomed
7333   273    27         48.6852    50.6266    3.9877     % 
LB close or above UB, fathomed
7334   272    26         48.6852    50.6266    3.9877     % 
UB: 50.62656249999999
branching on 3 with b.
7335   273    27         48.6852    50.6266    3.9877     % 
LB close or above UB, fathomed
7336   272    27         48.6852    50.6266    3.9877     % 
LB close or above UB, fathomed
7337   271    26         48.6852    50.6266    3.9877     % 
UB: 50.62656249999999
branching on 3 with b.
7338   272    27         48.6852    50.6266    3.9877     % 
LB close or above UB, fathomed
7339   271    27         48.6852    50.6266    3.9877     % 
LB close or above UB, fathomed
7340   270    26         48.6852    50.6266    3.9877     % 
LB close or above UB, fathomed
7341   269    26         48.6852    50.6266    3.9877     % 
LB close or above UB, fathomed
7342   268    25         48.6852    50.6266    3.9877     % 
UB: 50.62656249999999
branching on 3 with b.
7343   269    26         48.6852    50.6266    3.9877     % 
LB close or above UB, fathomed
7344   268    26         48.6852    50.6266    3.9877     % 
LB close or above UB, fathomed
7345   267    25         48.6852    50.6266    3.9877     % 
UB: 50.62656249999999
branching on 3 with b.
7346   268    26         48.6852    50.6266    3.9877     % 
LB close or above UB, fathomed
7347   267    26         48.6852    50.6266    3.9877     % 
LB close or above UB, fathomed
7348   266    27         48.6852    50.6266    3.9877     % 
LB close or above UB, fathomed
7349   265    27         48.6852    50.6266    3.9877     % 
UB: 50.62656249999999
branching on 3 with b.
7350   266    28         48.6852    50.6266    3.9877     % 
UB: 50.62656249999999
branching on 1 with b.
7351   267    29         48.6852    50.6266    3.9877     % 
LB close or above UB, fathomed
7352   266    29         48.6852    50.6266    3.9877     % 
LB close or above UB, fathomed
7353   265    28         48.6852    50.6266    3.9877     % 
LB close or above UB, fathomed
7354   264    26         48.6852    50.6266    3.9877     % 
UB: 50.62656249999999
branching on 3 with b.
7355   265    27         48.6852    50.6266    3.9877     % 
LB close or above UB, fathomed
7356   264    27         48.6852    50.6266    3.9877     % 
LB close or above UB, fathomed
7357   263    26         48.6852    50.6266    3.9877     % 
LB close or above UB, fathomed
7358   262    27         48.6852    50.6266    3.9877     % 
UB: 50.62656249999999
branching on 3 with b.
7359   263    28         48.6852    50.6266    3.9877     % 
LB close or above UB, fathomed
7360   262    28         48.6852    50.6266    3.9877     % 
LB close or above UB, fathomed
7361   261    27         48.6852    50.6266    3.9877     % 
UB: 50.62656249999999
branching on 3 with b.
7362   262    28         48.6852    50.6266    3.9877     % 
LB close or above UB, fathomed
7363   261    28         48.6852    50.6266    3.9877     % 
LB close or above UB, fathomed
7364   260    20         48.6852    50.6266    3.9877     % 
UB: 50.62656249999999
branching on CartesianIndex(1, 7) with c.
7365   261    21         48.6852    50.6266    3.9877     % 
UB: 50.62656249999999
branching on 1 with b.
7366   262    22         48.6852    50.6266    3.9877     % 
LB close or above UB, fathomed
7367   261    22         48.6852    50.6266    3.9877     % 
LB close or above UB, fathomed
7368   260    21         48.6852    50.6266    3.9877     % 
LB close or above UB, fathomed
7369   259    20         48.6852    50.6266    3.9877     % 
UB: 50.62656249999999
branching on CartesianIndex(1, 7) with c.
7370   260    25         48.6852    50.6266    3.9877     % 
LB close or above UB, fathomed
7371   259    25         48.6852    50.6266    3.9877     % 
LB close or above UB, fathomed
7372   258    27         48.6852    50.6266    3.9877     % 
UB: 50.62656249999999
branching on 3 with b.
7373   259    28         48.6852    50.6266    3.9877     % 
LB close or above UB, fathomed
7374   258    28         48.6852    50.6266    3.9877     % 
LB close or above UB, fathomed
7375   257    27         48.6852    50.6266    3.9877     % 
LB close or above UB, fathomed
7376   256    23         48.6852    50.6266    3.9877     % 
LB close or above UB, fathomed
7377   255    23         48.6852    50.6266    3.9877     % 
UB: 50.62656249999999
branching on CartesianIndex(1, 6) with c.
7378   256    31         48.6852    50.6266    3.9877     % 
UB: 50.62656249999999
branching on 3 with b.
7379   257    32         48.6852    50.6266    3.9877     % 
LB close or above UB, fathomed
7380   256    32         48.6852    50.6266    3.9877     % 
LB close or above UB, fathomed
7381   255    31         48.6852    50.6266    3.9877     % 
LB close or above UB, fathomed
7382   254    29         48.6852    50.6266    3.9877     % 
LB close or above UB, fathomed
7383   253    29         48.6852    50.6266    3.9877     % 
UB: 50.62656249999999
branching on 3 with b.
7384   254    30         48.6852    50.6266    3.9877     % 
LB close or above UB, fathomed
7385   253    30         48.6852    50.6266    3.9877     % 
LB close or above UB, fathomed
7386   252    16         48.6852    50.6266    3.9877     % 
UB: 50.62656249999999
branching on CartesianIndex(2, 3) with a.
7387   253    17         48.6852    50.6266    3.9877     % 
LB close or above UB, fathomed
7388   252    17         48.6852    50.6266    3.9877     % 
LB close or above UB, fathomed
7389   251    16         48.6852    50.6266    3.9877     % 
LB close or above UB, fathomed
7390   250    17         48.6852    50.6266    3.9877     % 
LB close or above UB, fathomed
7391   249    17         48.6852    50.6266    3.9877     % 
LB close or above UB, fathomed
7392   248    17         48.6852    50.6266    3.9877     % 
UB: 50.62656249999999
branching on CartesianIndex(1, 5) with c.
7393   249    18         48.6852    50.6266    3.9877     % 
UB: 50.62656249999999
branching on CartesianIndex(1, 6) with c.
7394   250    19         48.6852    50.6266    3.9877     % 
LB close or above UB, fathomed
7395   249    19         48.6852    50.6266    3.9877     % 
UB: 50.62656249999999
branching on CartesianIndex(1, 7) with c.
7396   250    18         48.6852    50.6266    3.9877     % 
LB close or above UB, fathomed
7397   249    17         48.6852    50.6266    3.9877     % 
LB close or above UB, fathomed
7398   248    24         48.6852    50.6266    3.9877     % 
LB close or above UB, fathomed
7399   247    24         48.6852    50.6266    3.9877     % 
UB: 50.62656249999999
branching on 1 with b.
7400   248    25         48.6852    50.6266    3.9877     % 
LB close or above UB, fathomed
7401   247    25         48.6852    50.6266    3.9877     % 
LB close or above UB, fathomed
7402   246    27         48.6852    50.6266    3.9877     % 
LB close or above UB, fathomed
7403   245    27         48.6852    50.6266    3.9877     % 
UB: 50.62656249999999
branching on 1 with b.
7404   246    28         48.6852    50.6266    3.9877     % 
LB close or above UB, fathomed
7405   245    28         48.6852    50.6266    3.9877     % 
LB close or above UB, fathomed
7406   244    28         48.6852    50.6266    3.9877     % 
LB close or above UB, fathomed
7407   243    28         48.6852    50.6266    3.9877     % 
LB close or above UB, fathomed
7408   242    24         48.6852    50.6266    3.9877     % 
LB close or above UB, fathomed
7409   241    24         48.6852    50.6266    3.9877     % 
LB close or above UB, fathomed
7410   240    27         48.6852    50.6266    3.9877     % 
LB close or above UB, fathomed
7411   239    27         48.6852    50.6266    3.9877     % 
LB close or above UB, fathomed
7412   238    32         48.6852    50.6266    3.9877     % 
UB: 50.62656249999999
branching on 2 with b.
7413   239    33         48.6852    50.6266    3.9877     % 
LB close or above UB, fathomed
7414   238    33         48.6852    50.6266    3.9877     % 
LB close or above UB, fathomed
7415   237    32         48.6852    50.6266    3.9877     % 
LB close or above UB, fathomed
7416   236    25         48.6852    50.6266    3.9877     % 
LB close or above UB, fathomed
7417   235    25         48.6852    50.6266    3.9877     % 
UB: 50.62656249999999
branching on 1 with b.
7418   236    26         48.6852    50.6266    3.9877     % 
LB close or above UB, fathomed
7419   235    26         48.6852    50.6266    3.9877     % 
LB close or above UB, fathomed
7420   234    25         48.6852    50.6266    3.9877     % 
LB close or above UB, fathomed
7421   233    25         48.6852    50.6266    3.9877     % 
LB close or above UB, fathomed
7422   232    25         48.6852    50.6266    3.9877     % 
LB close or above UB, fathomed
7423   231    25         48.6852    50.6266    3.9877     % 
UB: 50.62656249999999
branching on 1 with b.
7424   232    26         48.6852    50.6266    3.9877     % 
LB close or above UB, fathomed
7425   231    26         48.6852    50.6266    3.9877     % 
LB close or above UB, fathomed
7426   230    26         48.6852    50.6266    3.9877     % 
UB: 50.62656249999999
branching on 3 with b.
7427   231    27         48.6852    50.6266    3.9877     % 
LB close or above UB, fathomed
7428   230    27         48.6852    50.6266    3.9877     % 
UB: 50.62656249999999
branching on 1 with b.
7429   231    28         48.6852    50.6266    3.9877     % 
UB: 50.62656249999999
branching on 2 with b.
7430   232    29         48.6852    50.6266    3.9877     % 
LB close or above UB, fathomed
7431   231    29         48.6852    50.6266    3.9877     % 
UB: 50.62656249999999
branching on 3 with b.
7432   232    30         48.6852    50.6266    3.9877     % 
LB close or above UB, fathomed
7433   231    30         48.6852    50.6266    3.9877     % 
UB: 50.62656249999999
branching on 1 with b.
7434   232    31         48.6852    50.6266    3.9877     % 
LB close or above UB, fathomed
7435   231    31         48.6852    50.6266    3.9877     % 
LB close or above UB, fathomed
7436   230    28         48.6852    50.6266    3.9877     % 
LB close or above UB, fathomed
7437   229    26         48.6852    50.6266    3.9877     % 
LB close or above UB, fathomed
7438   228    11         48.6852    50.6266    3.9877     % 
LB close or above UB, fathomed
7439   227    11         48.6852    50.6266    3.9877     % 
LB close or above UB, fathomed
7440   226    16         48.6852    50.6266    3.9877     % 
LB close or above UB, fathomed
7441   225    16         48.6852    50.6266    3.9877     % 
UB: 50.62656249999999
branching on 3 with b.
7442   226    17         48.6852    50.6266    3.9877     % 
UB: 50.62656249999999
branching on CartesianIndex(1, 3) with a.
7443   227    18         48.6852    50.6266    3.9877     % 
UB: 50.62656249999999
branching on CartesianIndex(2, 3) with a.
7444   228    19         48.6852    50.6266    3.9877     % 
LB close or above UB, fathomed
7445   227    19         48.6852    50.6266    3.9877     % 
LB close or above UB, fathomed
7446   226    18         48.6852    50.6266    3.9877     % 
LB close or above UB, fathomed
7447   225    17         48.6852    50.6266    3.9877     % 
LB close or above UB, fathomed
7448   224    25         48.6852    50.6266    3.9877     % 
LB close or above UB, fathomed
7449   223    25         48.6852    50.6266    3.9877     % 
LB close or above UB, fathomed
7450   222    27         48.6852    50.6266    3.9877     % 
UB: 50.62656249999999
branching on 3 with b.
7451   223    28         48.6852    50.6266    3.9877     % 
UB: 50.62656249999999
branching on 1 with b.
7452   224    29         48.6852    50.6266    3.9877     % 
LB close or above UB, fathomed
7453   223    29         48.6852    50.6266    3.9877     % 
LB close or above UB, fathomed
7454   222    28         48.6852    50.6266    3.9877     % 
LB close or above UB, fathomed
7455   221    27         48.6852    50.6266    3.9877     % 
LB close or above UB, fathomed
7456   220    28         48.6852    50.6266    3.9877     % 
LB close or above UB, fathomed
7457   219    28         48.6852    50.6266    3.9877     % 
UB: 50.62656249999999
branching on 3 with b.
7458   220    29         48.6852    50.6266    3.9877     % 
UB: 50.62656249999999
branching on 1 with b.
7459   221    30         48.6852    50.6266    3.9877     % 
LB close or above UB, fathomed
7460   220    30         48.6852    50.6266    3.9877     % 
UB: 50.62656249999999
branching on 2 with b.
7461   221    31         48.6852    50.6266    3.9877     % 
LB close or above UB, fathomed
7462   220    31         48.6852    50.6266    3.9877     % 
UB: 50.62656249999999
branching on 3 with b.
7463   221    32         48.6852    50.6266    3.9877     % 
UB: 50.62656249999999
branching on 1 with b.
7464   222    33         48.6852    50.6266    3.9877     % 
LB close or above UB, fathomed
7465   221    33         48.6852    50.6266    3.9877     % 
UB: 50.62656249999999
branching on 2 with b.
7466   222    34         48.6852    50.6266    3.9877     % 
LB close or above UB, fathomed
7467   221    34         48.6852    50.6266    3.9877     % 
UB: 50.62656249999999
branching on 3 with b.
7468   222    35         48.6852    50.6266    3.9877     % 
LB close or above UB, fathomed
7469   221    35         48.6852    50.6266    3.9877     % 
LB close or above UB, fathomed
7470   220    32         48.6852    50.6266    3.9877     % 
LB close or above UB, fathomed
7471   219    29         48.6852    50.6266    3.9877     % 
LB close or above UB, fathomed
7472   218    20         48.6852    50.6266    3.9877     % 
UB: 50.62656249999999
branching on 3 with b.
7473   219    21         48.6852    50.6266    3.9877     % 
LB close or above UB, fathomed
7474   218    21         48.6852    50.6266    3.9877     % 
UB: 50.62656249999999
branching on 1 with b.
7475   219    22         48.6852    50.6266    3.9877     % 
UB: 50.62656249999999
branching on 2 with b.
7476   220    23         48.6852    50.6266    3.9877     % 
UB: 50.62656249999999
branching on 3 with b.
7477   221    24         48.6852    50.6266    3.9877     % 
UB: 50.62656249999999
branching on 1 with b.
7478   222    25         48.6852    50.6266    3.9877     % 
LB close or above UB, fathomed
7479   221    25         48.6852    50.6266    3.9877     % 
LB close or above UB, fathomed
7480   220    24         48.6852    50.6266    3.9877     % 
LB close or above UB, fathomed
7481   219    23         48.6852    50.6266    3.9877     % 
LB close or above UB, fathomed
7482   218    22         48.6852    50.6266    3.9877     % 
LB close or above UB, fathomed
7483   217    20         48.6852    50.6266    3.9877     % 
LB close or above UB, fathomed
7484   216    24         48.6852    50.6266    3.9877     % 
LB close or above UB, fathomed
7485   215    24         48.6852    50.6266    3.9877     % 
UB: 50.62656249999999
branching on CartesianIndex(1, 7) with c.
7486   216    25         48.6852    50.6266    3.9877     % 
UB: 50.62656249999999
branching on 2 with b.
7487   217    26         48.6852    50.6266    3.9877     % 
UB: 50.62656249999999
branching on 3 with b.
7488   218    27         48.6852    50.6266    3.9877     % 
LB close or above UB, fathomed
7489   217    27         48.6852    50.6266    3.9877     % 
LB close or above UB, fathomed
7490   216    26         48.6852    50.6266    3.9877     % 
LB close or above UB, fathomed
7491   215    25         48.6852    50.6266    3.9877     % 
LB close or above UB, fathomed
7492   214    21         48.6852    50.6266    3.9877     % 
UB: 50.62656249999999
branching on 1 with b.
7493   215    22         48.6852    50.6266    3.9877     % 
LB close or above UB, fathomed
7494   214    22         48.6852    50.6266    3.9877     % 
LB close or above UB, fathomed
7495   213    21         48.6852    50.6266    3.9877     % 
LB close or above UB, fathomed
7496   212    17         48.6852    50.6266    3.9877     % 
UB: 50.62656249999999
branching on CartesianIndex(1, 6) with c.
7497   213    18         48.6852    50.6266    3.9877     % 
LB close or above UB, fathomed
7498   212    18         48.6852    50.6266    3.9877     % 
UB: 50.62656249999999
branching on 3 with b.
7499   213    19         48.6852    50.6266    3.9877     % 
LB close or above UB, fathomed
7500   212    19         48.6852    50.6266    3.9877     % 
UB: 50.62656249999999
branching on CartesianIndex(1, 7) with c.
7501   213    20         48.6852    50.6266    3.9877     % 
UB: 50.62656249999999
branching on 1 with b.
7502   214    21         48.6852    50.6266    3.9877     % 
UB: 50.62656249999999
branching on 2 with b.
7503   215    22         48.6852    50.6266    3.9877     % 
LB close or above UB, fathomed
7504   214    22         48.6852    50.6266    3.9877     % 
UB: 50.62656249999999
branching on 3 with b.
7505   215    23         48.6852    50.6266    3.9877     % 
LB close or above UB, fathomed
7506   214    23         48.6852    50.6266    3.9877     % 
LB close or above UB, fathomed
7507   213    21         48.6852    50.6266    3.9877     % 
LB close or above UB, fathomed
7508   212    20         48.6852    50.6266    3.9877     % 
LB close or above UB, fathomed
7509   211    17         48.6852    50.6266    3.9877     % 
LB close or above UB, fathomed
7510   210    18         48.6852    50.6266    3.9877     % 
LB close or above UB, fathomed
7511   209    18         48.6852    50.6266    3.9877     % 
UB: 50.62656249999999
branching on 3 with b.
7512   210    26         48.6852    50.6266    3.9877     % 
UB: 50.62656249999999
branching on 3 with b.
7513   211    27         48.6852    50.6266    3.9877     % 
LB close or above UB, fathomed
7514   210    27         48.6852    50.6266    3.9877     % 
LB close or above UB, fathomed
7515   209    26         48.6852    50.6266    3.9877     % 
UB: 50.62656249999999
branching on 3 with b.
7516   210    27         48.6852    50.6266    3.9877     % 
LB close or above UB, fathomed
7517   209    27         48.6852    50.6266    3.9877     % 
LB close or above UB, fathomed
7518   208    25         48.6852    50.6266    3.9877     % 
UB: 50.62656249999999
branching on 2 with b.
7519   209    26         48.6852    50.6266    3.9877     % 
UB: 50.62656249999999
branching on 3 with b.
7520   210    27         48.6852    50.6266    3.9877     % 
LB close or above UB, fathomed
7521   209    27         48.6852    50.6266    3.9877     % 
LB close or above UB, fathomed
7522   208    26         48.6852    50.6266    3.9877     % 
LB close or above UB, fathomed
7523   207    25         48.6852    50.6266    3.9877     % 
LB close or above UB, fathomed
7524   206    24         48.6852    50.6266    3.9877     % 
UB: 50.62656249999999
branching on 1 with b.
7525   207    25         48.6852    50.6266    3.9877     % 
LB close or above UB, fathomed
7526   206    25         48.6852    50.6266    3.9877     % 
LB close or above UB, fathomed
7527   205    24         48.6852    50.6266    3.9877     % 
UB: 50.62656249999999
branching on 1 with b.
7528   206    25         48.6852    50.6266    3.9877     % 
LB close or above UB, fathomed
7529   205    25         48.6852    50.6266    3.9877     % 
LB close or above UB, fathomed
7530   204    24         48.6852    50.6266    3.9877     % 
UB: 50.62656249999999
branching on 3 with b.
7531   205    25         48.6852    50.6266    3.9877     % 
LB close or above UB, fathomed
7532   204    25         48.6852    50.6266    3.9877     % 
LB close or above UB, fathomed
7533   203    24         48.6852    50.6266    3.9877     % 
UB: 50.62656249999999
branching on 3 with b.
7534   204    25         48.6852    50.6266    3.9877     % 
LB close or above UB, fathomed
7535   203    25         48.6852    50.6266    3.9877     % 
LB close or above UB, fathomed
7536   202    18         48.6852    50.6266    3.9877     % 
LB close or above UB, fathomed
7537   201    18         48.6852    50.6266    3.9877     % 
LB close or above UB, fathomed
7538   200    26         48.6852    50.6266    3.9877     % 
UB: 50.62656249999999
branching on 3 with b.
7539   201    27         48.6852    50.6266    3.9877     % 
LB close or above UB, fathomed
7540   200    27         48.6852    50.6266    3.9877     % 
LB close or above UB, fathomed
7541   199    26         48.6852    50.6266    3.9877     % 
UB: 50.62656249999999
branching on 3 with b.
7542   200    27         48.6852    50.6266    3.9877     % 
LB close or above UB, fathomed
7543   199    27         48.6852    50.6266    3.9877     % 
LB close or above UB, fathomed
7544   198    30         48.6852    50.6266    3.9877     % 
UB: 50.62656249999999
branching on 3 with b.
7545   199    31         48.6852    50.6266    3.9877     % 
LB close or above UB, fathomed
7546   198    31         48.6852    50.6266    3.9877     % 
LB close or above UB, fathomed
7547   197    25         48.6852    50.6266    3.9877     % 
UB: 50.62656249999999
branching on 3 with b.
7548   198    26         48.6852    50.6266    3.9877     % 
LB close or above UB, fathomed
7549   197    26         48.6852    50.6266    3.9877     % 
LB close or above UB, fathomed
7550   196    25         48.6852    50.6266    3.9877     % 
LB close or above UB, fathomed
7551   195    24         48.6852    50.6266    3.9877     % 
UB: 50.62656249999999
branching on 3 with b.
7552   196    25         48.6852    50.6266    3.9877     % 
LB close or above UB, fathomed
7553   195    25         48.6852    50.6266    3.9877     % 
LB close or above UB, fathomed
7554   194    24         48.6852    50.6266    3.9877     % 
UB: 50.62656249999999
branching on 3 with b.
7555   195    25         48.6852    50.6266    3.9877     % 
LB close or above UB, fathomed
7556   194    25         48.6852    50.6266    3.9877     % 
LB close or above UB, fathomed
7557   193    24         48.6852    50.6266    3.9877     % 
UB: 50.62656249999999
branching on 1 with b.
7558   194    25         48.6852    50.6266    3.9877     % 
LB close or above UB, fathomed
7559   193    25         48.6852    50.6266    3.9877     % 
LB close or above UB, fathomed
7560   192    24         48.6852    50.6266    3.9877     % 
UB: 50.62656249999999
branching on 1 with b.
7561   193    25         48.6852    50.6266    3.9877     % 
LB close or above UB, fathomed
7562   192    25         48.6852    50.6266    3.9877     % 
LB close or above UB, fathomed
7563   191    23         48.6852    50.6266    3.9877     % 
UB: 50.62656249999999
branching on 1 with b.
7564   192    24         48.6852    50.6266    3.9877     % 
LB close or above UB, fathomed
7565   191    24         48.6852    50.6266    3.9877     % 
LB close or above UB, fathomed
7566   190    23         48.6852    50.6266    3.9877     % 
UB: 50.62656249999999
branching on 1 with b.
7567   191    24         48.6852    50.6266    3.9877     % 
LB close or above UB, fathomed
7568   190    24         48.6852    50.6266    3.9877     % 
LB close or above UB, fathomed
7569   189    23         48.6852    50.6266    3.9877     % 
UB: 50.62656249999999
branching on 3 with b.
7570   190    24         48.6852    50.6266    3.9877     % 
LB close or above UB, fathomed
7571   189    24         48.6852    50.6266    3.9877     % 
LB close or above UB, fathomed
7572   188    23         48.6852    50.6266    3.9877     % 
LB close or above UB, fathomed
7573   187    26         48.6852    50.6266    3.9877     % 
LB close or above UB, fathomed
7574   186    26         48.6852    50.6266    3.9877     % 
LB close or above UB, fathomed
7575   185    23         48.6852    50.6266    3.9877     % 
LB close or above UB, fathomed
7576   184    23         48.6852    50.6266    3.9877     % 
LB close or above UB, fathomed
7577   183    25         48.6852    50.6266    3.9877     % 
UB: 50.62656249999999
branching on 3 with b.
7578   184    26         48.6852    50.6266    3.9877     % 
LB close or above UB, fathomed
7579   183    26         48.6852    50.6266    3.9877     % 
LB close or above UB, fathomed
7580   182    25         48.6852    50.6266    3.9877     % 
LB close or above UB, fathomed
7581   181    25         48.6852    50.6266    3.9877     % 
UB: 50.62656249999999
branching on 3 with b.
7582   182    26         48.6852    50.6266    3.9877     % 
LB close or above UB, fathomed
7583   181    26         48.6852    50.6266    3.9877     % 
LB close or above UB, fathomed
7584   180    25         48.6852    50.6266    3.9877     % 
UB: 50.62656249999999
branching on 3 with b.
7585   181    26         48.6852    50.6266    3.9877     % 
LB close or above UB, fathomed
7586   180    26         48.6852    50.6266    3.9877     % 
LB close or above UB, fathomed
7587   179    23         48.6852    50.6266    3.9877     % 
UB: 50.62656249999999
branching on 3 with b.
7588   180    24         48.6852    50.6266    3.9877     % 
UB: 50.62656249999999
branching on 1 with b.
7589   181    25         48.6852    50.6266    3.9877     % 
LB close or above UB, fathomed
7590   180    25         48.6852    50.6266    3.9877     % 
LB close or above UB, fathomed
7591   179    24         48.6852    50.6266    3.9877     % 
UB: 50.62656249999999
branching on 1 with b.
7592   180    25         48.6852    50.6266    3.9877     % 
LB close or above UB, fathomed
7593   179    25         48.6852    50.6266    3.9877     % 
LB close or above UB, fathomed
7594   178    23         48.6852    50.6266    3.9877     % 
LB close or above UB, fathomed
7595   177    20         48.6852    50.6266    3.9877     % 
LB close or above UB, fathomed
7596   176    20         48.6852    50.6266    3.9877     % 
UB: 50.62656249999999
branching on CartesianIndex(1, 7) with c.
7597   177    21         48.6852    50.6266    3.9877     % 
UB: 50.62656249999999
branching on 3 with b.
7598   178    22         48.6852    50.6266    3.9877     % 
LB close or above UB, fathomed
7599   177    22         48.6852    50.6266    3.9877     % 
UB: 50.62656249999999
branching on 1 with b.
7600   178    23         48.6852    50.6266    3.9877     % 
LB close or above UB, fathomed
7601   177    23         48.6852    50.6266    3.9877     % 
UB: 50.62656249999999
branching on 2 with b.
7602   178    24         48.6852    50.6266    3.9877     % 
UB: 50.62656249999999
branching on 3 with b.
7603   179    25         48.6852    50.6266    3.9877     % 
LB close or above UB, fathomed
7604   178    25         48.6852    50.6266    3.9877     % 
UB: 50.62656249999999
branching on 1 with b.
7605   179    26         48.6852    50.6266    3.9877     % 
LB close or above UB, fathomed
7606   178    26         48.6852    50.6266    3.9877     % 
LB close or above UB, fathomed
7607   177    24         48.6852    50.6266    3.9877     % 
LB close or above UB, fathomed
7608   176    21         48.6852    50.6266    3.9877     % 
LB close or above UB, fathomed
7609   175    22         48.6852    50.6266    3.9877     % 
LB close or above UB, fathomed
7610   174    22         48.6852    50.6266    3.9877     % 
LB close or above UB, fathomed
7611   173    19         48.6852    50.6266    3.9877     % 
LB close or above UB, fathomed
7612   172    19         48.6852    50.6266    3.9877     % 
UB: 50.62656249999999
branching on CartesianIndex(1, 5) with c.
7613   173    20         48.6852    50.6266    3.9877     % 
LB close or above UB, fathomed
7614   172    20         48.6852    50.6266    3.9877     % 
LB close or above UB, fathomed
7615   171    26         48.6852    50.6266    3.9877     % 
UB: 50.62656249999999
branching on 3 with b.
7616   172    27         48.6852    50.6266    3.9877     % 
LB close or above UB, fathomed
7617   171    27         48.6852    50.6266    3.9877     % 
LB close or above UB, fathomed
7618   170    26         48.6852    50.6266    3.9877     % 
UB: 50.62656249999999
branching on 3 with b.
7619   171    27         48.6852    50.6266    3.9877     % 
LB close or above UB, fathomed
7620   170    27         48.6852    50.6266    3.9877     % 
LB close or above UB, fathomed
7621   169    21         48.6852    50.6266    3.9877     % 
LB close or above UB, fathomed
7622   168    21         48.6852    50.6266    3.9877     % 
UB: 50.62656249999999
branching on CartesianIndex(1, 5) with c.
7623   169    22         48.6852    50.6266    3.9877     % 
LB close or above UB, fathomed
7624   168    22         48.6852    50.6266    3.9877     % 
LB close or above UB, fathomed
7625   167    23         48.6852    50.6266    3.9877     % 
UB: 50.62656249999999
branching on 3 with b.
7626   168    24         48.6852    50.6266    3.9877     % 
LB close or above UB, fathomed
7627   167    24         48.6852    50.6266    3.9877     % 
LB close or above UB, fathomed
7628   166    23         48.6852    50.6266    3.9877     % 
UB: 50.62656249999999
branching on 3 with b.
7629   167    24         48.6852    50.6266    3.9877     % 
LB close or above UB, fathomed
7630   166    24         48.6852    50.6266    3.9877     % 
LB close or above UB, fathomed
7631   165    23         48.6852    50.6266    3.9877     % 
UB: 50.62656249999999
branching on 3 with b.
7632   166    24         48.6852    50.6266    3.9877     % 
LB close or above UB, fathomed
7633   165    24         48.6852    50.6266    3.9877     % 
LB close or above UB, fathomed
7634   164    23         48.6852    50.6266    3.9877     % 
UB: 50.62656249999999
branching on 3 with b.
7635   165    24         48.6852    50.6266    3.9877     % 
LB close or above UB, fathomed
7636   164    24         48.6852    50.6266    3.9877     % 
LB close or above UB, fathomed
7637   163    23         48.6852    50.6266    3.9877     % 
UB: 50.62656249999999
branching on 3 with b.
7638   164    24         48.6852    50.6266    3.9877     % 
LB close or above UB, fathomed
7639   163    24         48.6852    50.6266    3.9877     % 
LB close or above UB, fathomed
7640   162    23         48.6852    50.6266    3.9877     % 
UB: 50.62656249999999
branching on 3 with b.
7641   163    24         48.6852    50.6266    3.9877     % 
LB close or above UB, fathomed
7642   162    24         48.6852    50.6266    3.9877     % 
LB close or above UB, fathomed
7643   161    27         48.6852    50.6266    3.9877     % 
LB close or above UB, fathomed
7644   160    27         48.6852    50.6266    3.9877     % 
LB close or above UB, fathomed
7645   159    25         48.6852    50.6266    3.9877     % 
LB close or above UB, fathomed
7646   158    25         48.6852    50.6266    3.9877     % 
LB close or above UB, fathomed
7647   157    25         48.6852    50.6266    3.9877     % 
UB: 50.62656249999999
branching on 1 with b.
7648   158    26         48.6852    50.6266    3.9877     % 
LB close or above UB, fathomed
7649   157    26         48.6852    50.6266    3.9877     % 
LB close or above UB, fathomed
7650   156    25         48.6852    50.6266    3.9877     % 
LB close or above UB, fathomed
7651   155    29         48.6852    50.6266    3.9877     % 
LB close or above UB, fathomed
7652   154    29         48.6852    50.6266    3.9877     % 
UB: 50.62656249999999
branching on 2 with b.
7653   155    30         48.6852    50.6266    3.9877     % 
UB: 50.62656249999999
branching on 3 with b.
7654   156    31         48.6852    50.6266    3.9877     % 
LB close or above UB, fathomed
7655   155    31         48.6852    50.6266    3.9877     % 
LB close or above UB, fathomed
7656   154    30         48.6852    50.6266    3.9877     % 
LB close or above UB, fathomed
7657   153    23         48.6852    50.6266    3.9877     % 
LB close or above UB, fathomed
7658   152    23         48.6852    50.6266    3.9877     % 
UB: 50.62656249999999
branching on CartesianIndex(1, 4) with c.
7659   153    28         48.6852    50.6266    3.9877     % 
LB close or above UB, fathomed
7660   152    28         48.6852    50.6266    3.9877     % 
LB close or above UB, fathomed
7661   151    20         48.6852    50.6266    3.9877     % 
LB close or above UB, fathomed
7662   150    20         48.6852    50.6266    3.9877     % 
UB: 50.62656249999999
branching on CartesianIndex(1, 5) with c.
7663   151    21         48.6852    50.6266    3.9877     % 
UB: 50.62656249999999
branching on CartesianIndex(1, 6) with c.
7664   152    22         48.6852    50.6266    3.9877     % 
LB close or above UB, fathomed
7665   151    22         48.6852    50.6266    3.9877     % 
UB: 50.62656249999999
branching on CartesianIndex(1, 7) with c.
7666   152    23         48.6852    50.6266    3.9877     % 
UB: 50.62656249999999
branching on 2 with b.
7667   153    24         48.6852    50.6266    3.9877     % 
LB close or above UB, fathomed
7668   152    24         48.6852    50.6266    3.9877     % 
UB: 50.62656249999999
branching on 3 with b.
7669   153    25         48.6852    50.6266    3.9877     % 
LB close or above UB, fathomed
7670   152    25         48.6852    50.6266    3.9877     % 
UB: 50.62656249999999
branching on 1 with b.
7671   153    26         48.6852    50.6266    3.9877     % 
LB close or above UB, fathomed
7672   152    26         48.6852    50.6266    3.9877     % 
UB: 50.62656249999999
branching on 2 with b.
7673   153    27         48.6852    50.6266    3.9877     % 
LB close or above UB, fathomed
7674   152    27         48.6852    50.6266    3.9877     % 
LB close or above UB, fathomed
7675   151    23         48.6852    50.6266    3.9877     % 
LB close or above UB, fathomed
7676   150    21         48.6852    50.6266    3.9877     % 
LB close or above UB, fathomed
7677   149    25         48.6852    50.6266    3.9877     % 
LB close or above UB, fathomed
7678   148    25         48.6852    50.6266    3.9877     % 
UB: 50.62656249999999
branching on 2 with b.
7679   149    26         48.6852    50.6266    3.9877     % 
UB: 50.62656249999999
branching on 3 with b.
7680   150    27         48.6852    50.6266    3.9877     % 
LB close or above UB, fathomed
7681   149    27         48.6852    50.6266    3.9877     % 
LB close or above UB, fathomed
7682   148    26         48.6852    50.6266    3.9877     % 
LB close or above UB, fathomed
7683   147    26         48.6852    50.6266    3.9877     % 
LB close or above UB, fathomed
7684   146    26         48.6852    50.6266    3.9877     % 
UB: 50.62656249999999
branching on 1 with b.
7685   147    27         48.6852    50.6266    3.9877     % 
LB close or above UB, fathomed
7686   146    27         48.6852    50.6266    3.9877     % 
LB close or above UB, fathomed
7687   145    20         48.6852    50.6266    3.9877     % 
LB close or above UB, fathomed
7688   144    20         48.6852    50.6266    3.9877     % 
LB close or above UB, fathomed
7689   143    20         48.6852    50.6266    3.9877     % 
LB close or above UB, fathomed
7690   142    20         48.6852    50.6266    3.9877     % 
LB close or above UB, fathomed
7691   141    20         48.6852    50.6266    3.9877     % 
LB close or above UB, fathomed
7692   140    20         48.6852    50.6266    3.9877     % 
UB: 50.62656249999999
branching on CartesianIndex(1, 5) with c.
7693   141    21         48.6852    50.6266    3.9877     % 
LB close or above UB, fathomed
7694   140    21         48.6852    50.6266    3.9877     % 
LB close or above UB, fathomed
7695   139    20         48.6852    50.6266    3.9877     % 
LB close or above UB, fathomed
7696   138    20         48.6852    50.6266    3.9877     % 
UB: 50.62656249999999
branching on CartesianIndex(1, 5) with c.
7697   139    21         48.6852    50.6266    3.9877     % 
LB close or above UB, fathomed
7698   138    21         48.6852    50.6266    3.9877     % 
LB close or above UB, fathomed
7699   137    19         48.6852    50.6266    3.9877     % 
LB close or above UB, fathomed
7700   136    19         48.6852    50.6266    3.9877     % 
UB: 50.62656249999999
branching on CartesianIndex(1, 4) with c.
7701   137    20         48.6852    50.6266    3.9877     % 
LB close or above UB, fathomed
7702   136    20         48.6852    50.6266    3.9877     % 
UB: 50.62656249999999
branching on CartesianIndex(1, 5) with c.
7703   137    21         48.6852    50.6266    3.9877     % 
UB: 50.62656249999999
branching on 3 with b.
7704   138    22         48.6852    50.6266    3.9877     % 
LB close or above UB, fathomed
7705   137    22         48.6852    50.6266    3.9877     % 
UB: 50.62656249999999
branching on CartesianIndex(1, 6) with c.
7706   138    23         48.6852    50.6266    3.9877     % 
LB close or above UB, fathomed
7707   137    23         48.6852    50.6266    3.9877     % 
UB: 50.62656249999999
branching on 1 with b.
7708   138    24         48.6852    50.6266    3.9877     % 
LB close or above UB, fathomed
7709   137    24         48.6852    50.6266    3.9877     % 
UB: 50.62656249999999
branching on CartesianIndex(1, 7) with c.
7710   138    25         48.6852    50.6266    3.9877     % 
UB: 50.62656249999999
branching on 2 with b.
7711   139    26         48.6852    50.6266    3.9877     % 
LB close or above UB, fathomed
7712   138    26         48.6852    50.6266    3.9877     % 
LB close or above UB, fathomed
7713   137    25         48.6852    50.6266    3.9877     % 
LB close or above UB, fathomed
7714   136    21         48.6852    50.6266    3.9877     % 
LB close or above UB, fathomed
7715   135    24         48.6852    50.6266    3.9877     % 
LB close or above UB, fathomed
7716   134    24         48.6852    50.6266    3.9877     % 
LB close or above UB, fathomed
7717   133    24         48.6852    50.6266    3.9877     % 
UB: 50.62656249999999
branching on 3 with b.
7718   134    25         48.6852    50.6266    3.9877     % 
UB: 50.62656249999999
branching on 1 with b.
7719   135    26         48.6852    50.6266    3.9877     % 
LB close or above UB, fathomed
7720   134    26         48.6852    50.6266    3.9877     % 
LB close or above UB, fathomed
7721   133    25         48.6852    50.6266    3.9877     % 
LB close or above UB, fathomed
7722   132    24         48.6852    50.6266    3.9877     % 
LB close or above UB, fathomed
7723   131    22         48.6852    50.6266    3.9877     % 
LB close or above UB, fathomed
7724   130    22         48.6852    50.6266    3.9877     % 
UB: 50.62656249999999
branching on 3 with b.
7725   131    23         48.6852    50.6266    3.9877     % 
LB close or above UB, fathomed
7726   130    23         48.6852    50.6266    3.9877     % 
LB close or above UB, fathomed
7727   129    22         48.6852    50.6266    3.9877     % 
LB close or above UB, fathomed
7728   128    22         48.6852    50.6266    3.9877     % 
UB: 50.62656249999999
branching on CartesianIndex(1, 5) with c.
7729   129    23         48.6852    50.6266    3.9877     % 
UB: 50.62656249999999
branching on CartesianIndex(1, 6) with c.
7730   130    24         48.6852    50.6266    3.9877     % 
LB close or above UB, fathomed
7731   129    24         48.6852    50.6266    3.9877     % 
UB: 50.62656249999999
branching on CartesianIndex(1, 7) with c.
7732   130    25         48.6852    50.6266    3.9877     % 
UB: 50.62656249999999
branching on 1 with b.
7733   131    26         48.6852    50.6266    3.9877     % 
LB close or above UB, fathomed
7734   130    26         48.6852    50.6266    3.9877     % 
UB: 50.62656249999999
branching on 2 with b.
7735   131    27         48.6852    50.6266    3.9877     % 
UB: 50.62656249999999
branching on 3 with b.
7736   132    28         48.6852    50.6266    3.9877     % 
UB: 50.62656249999999
branching on 1 with b.
7737   133    29         48.6852    50.6266    3.9877     % 
LB close or above UB, fathomed
7738   132    29         48.6852    50.6266    3.9877     % 
LB close or above UB, fathomed
7739   131    28         48.6852    50.6266    3.9877     % 
LB close or above UB, fathomed
7740   130    27         48.6852    50.6266    3.9877     % 
LB close or above UB, fathomed
7741   129    25         48.6852    50.6266    3.9877     % 
LB close or above UB, fathomed
7742   128    23         48.6852    50.6266    3.9877     % 
LB close or above UB, fathomed
7743   127    24         48.6852    50.6266    3.9877     % 
LB close or above UB, fathomed
7744   126    24         48.6852    50.6266    3.9877     % 
UB: 50.62656249999999
branching on CartesianIndex(1, 5) with c.
7745   127    25         48.6852    50.6266    3.9877     % 
UB: 50.62656249999999
branching on CartesianIndex(1, 6) with c.
7746   128    26         48.6852    50.6266    3.9877     % 
LB close or above UB, fathomed
7747   127    26         48.6852    50.6266    3.9877     % 
UB: 50.62656249999999
branching on CartesianIndex(1, 7) with c.
7748   128    27         48.6852    50.6266    3.9877     % 
UB: 50.62656249999999
branching on 2 with b.
7749   129    28         48.6852    50.6266    3.9877     % 
LB close or above UB, fathomed
7750   128    28         48.6852    50.6266    3.9877     % 
LB close or above UB, fathomed
7751   127    27         48.6852    50.6266    3.9877     % 
LB close or above UB, fathomed
7752   126    25         48.6852    50.6266    3.9877     % 
LB close or above UB, fathomed
7753   125    19         48.6852    50.6266    3.9877     % 
LB close or above UB, fathomed
7754   124    19         48.6852    50.6266    3.9877     % 
UB: 50.62656249999999
branching on CartesianIndex(1, 4) with c.
7755   125    20         48.6852    50.6266    3.9877     % 
LB close or above UB, fathomed
7756   124    20         48.6852    50.6266    3.9877     % 
UB: 50.62656249999999
branching on CartesianIndex(1, 5) with c.
7757   125    21         48.6852    50.6266    3.9877     % 
UB: 50.62656249999999
branching on CartesianIndex(1, 6) with c.
7758   126    22         48.6852    50.6266    3.9877     % 
LB close or above UB, fathomed
7759   125    22         48.6852    50.6266    3.9877     % 
UB: 50.62656249999999
branching on CartesianIndex(1, 7) with c.
7760   126    23         48.6852    50.6266    3.9877     % 
UB: 50.62656249999999
branching on 1 with b.
7761   127    24         48.6852    50.6266    3.9877     % 
UB: 50.62656249999999
branching on 2 with b.
7762   128    25         48.6852    50.6266    3.9877     % 
LB close or above UB, fathomed
7763   127    25         48.6852    50.6266    3.9877     % 
UB: 50.62656249999999
branching on 3 with b.
7764   128    26         48.6852    50.6266    3.9877     % 
UB: 50.62656249999999
branching on 1 with b.
7765   129    27         48.6852    50.6266    3.9877     % 
LB close or above UB, fathomed
7766   128    27         48.6852    50.6266    3.9877     % 
LB close or above UB, fathomed
7767   127    26         48.6852    50.6266    3.9877     % 
LB close or above UB, fathomed
7768   126    24         48.6852    50.6266    3.9877     % 
LB close or above UB, fathomed
7769   125    23         48.6852    50.6266    3.9877     % 
LB close or above UB, fathomed
7770   124    21         48.6852    50.6266    3.9877     % 
LB close or above UB, fathomed
7771   123    25         48.6852    50.6266    3.9877     % 
UB: 50.62656249999999
branching on 3 with b.
7772   124    26         48.6852    50.6266    3.9877     % 
LB close or above UB, fathomed
7773   123    26         48.6852    50.6266    3.9877     % 
LB close or above UB, fathomed
7774   122    25         48.6852    50.6266    3.9877     % 
UB: 50.62656249999999
branching on 3 with b.
7775   123    26         48.6852    50.6266    3.9877     % 
LB close or above UB, fathomed
7776   122    26         48.6852    50.6266    3.9877     % 
LB close or above UB, fathomed
7777   121    25         48.6852    50.6266    3.9877     % 
UB: 50.62656249999999
branching on 3 with b.
7778   122    26         48.6852    50.6266    3.9877     % 
LB close or above UB, fathomed
7779   121    26         48.6852    50.6266    3.9877     % 
LB close or above UB, fathomed
7780   120    25         48.6852    50.6266    3.9877     % 
UB: 50.62656249999999
branching on 3 with b.
7781   121    26         48.6852    50.6266    3.9877     % 
LB close or above UB, fathomed
7782   120    26         48.6852    50.6266    3.9877     % 
LB close or above UB, fathomed
7783   119    22         48.6852    50.6266    3.9877     % 
LB close or above UB, fathomed
7784   118    22         48.6852    50.6266    3.9877     % 
LB close or above UB, fathomed
7785   117    26         48.6852    50.6266    3.9877     % 
UB: 50.62656249999999
branching on 3 with b.
7786   118    27         48.6852    50.6266    3.9877     % 
LB close or above UB, fathomed
7787   117    27         48.6852    50.6266    3.9877     % 
LB close or above UB, fathomed
7788   116    26         48.6852    50.6266    3.9877     % 
UB: 50.62656249999999
branching on 3 with b.
7789   117    27         48.6852    50.6266    3.9877     % 
LB close or above UB, fathomed
7790   116    27         48.6852    50.6266    3.9877     % 
LB close or above UB, fathomed
7791   115    25         48.6852    50.6266    3.9877     % 
UB: 50.62656249999999
branching on 3 with b.
7792   116    26         48.6852    50.6266    3.9877     % 
LB close or above UB, fathomed
7793   115    26         48.6852    50.6266    3.9877     % 
LB close or above UB, fathomed
7794   114    25         48.6852    50.6266    3.9877     % 
UB: 50.62656249999999
branching on 3 with b.
7795   115    26         48.6852    50.6266    3.9877     % 
LB close or above UB, fathomed
7796   114    26         48.6852    50.6266    3.9877     % 
LB close or above UB, fathomed
7797   113    26         48.6852    50.6266    3.9877     % 
UB: 50.62656249999999
branching on 3 with b.
7798   114    27         48.6852    50.6266    3.9877     % 
LB close or above UB, fathomed
7799   113    27         48.6852    50.6266    3.9877     % 
LB close or above UB, fathomed
7800   112    26         48.6852    50.6266    3.9877     % 
LB close or above UB, fathomed
7801   111    21         48.6852    50.6266    3.9877     % 
UB: 50.62656249999999
branching on CartesianIndex(1, 7) with c.
7802   112    22         48.6852    50.6266    3.9877     % 
UB: 50.62656249999999
branching on 1 with b.
7803   113    23         48.6852    50.6266    3.9877     % 
LB close or above UB, fathomed
7804   112    23         48.6852    50.6266    3.9877     % 
LB close or above UB, fathomed
7805   111    22         48.6852    50.6266    3.9877     % 
LB close or above UB, fathomed
7806   110    21         48.6852    50.6266    3.9877     % 
UB: 50.62656249999999
branching on CartesianIndex(1, 7) with c.
7807   111    22         48.6852    50.6266    3.9877     % 
UB: 50.62656249999999
branching on 1 with b.
7808   112    23         48.6852    50.6266    3.9877     % 
LB close or above UB, fathomed
7809   111    23         48.6852    50.6266    3.9877     % 
LB close or above UB, fathomed
7810   110    22         48.6852    50.6266    3.9877     % 
LB close or above UB, fathomed
7811   109    26         48.6852    50.6266    3.9877     % 
UB: 50.62656249999999
branching on 3 with b.
7812   110    27         48.6852    50.6266    3.9877     % 
LB close or above UB, fathomed
7813   109    27         48.6852    50.6266    3.9877     % 
LB close or above UB, fathomed
7814   108    26         48.6852    50.6266    3.9877     % 
UB: 50.62656249999999
branching on 3 with b.
7815   109    27         48.6852    50.6266    3.9877     % 
LB close or above UB, fathomed
7816   108    27         48.6852    50.6266    3.9877     % 
LB close or above UB, fathomed
7817   107    26         48.6852    50.6266    3.9877     % 
UB: 50.62656249999999
branching on 3 with b.
7818   108    27         48.6852    50.6266    3.9877     % 
LB close or above UB, fathomed
7819   107    27         48.6852    50.6266    3.9877     % 
LB close or above UB, fathomed
7820   106    26         48.6852    50.6266    3.9877     % 
UB: 50.62656249999999
branching on 3 with b.
7821   107    27         48.6852    50.6266    3.9877     % 
LB close or above UB, fathomed
7822   106    27         48.6852    50.6266    3.9877     % 
LB close or above UB, fathomed
7823   105    23         48.6852    50.6266    3.9877     % 
LB close or above UB, fathomed
7824   104    23         48.6852    50.6266    3.9877     % 
UB: 50.62656249999999
branching on CartesianIndex(1, 7) with c.
7825   105    24         48.6852    50.6266    3.9877     % 
UB: 50.62656249999999
branching on 2 with b.
7826   106    25         48.6852    50.6266    3.9877     % 
UB: 50.62656249999999
branching on 3 with b.
7827   107    26         48.6852    50.6266    3.9877     % 
LB close or above UB, fathomed
7828   106    26         48.6852    50.6266    3.9877     % 
LB close or above UB, fathomed
7829   105    25         48.6852    50.6266    3.9877     % 
UB: 50.62656249999999
branching on 3 with b.
7830   106    26         48.6852    50.6266    3.9877     % 
LB close or above UB, fathomed
7831   105    26         48.6852    50.6266    3.9877     % 
LB close or above UB, fathomed
7832   104    24         48.6852    50.6266    3.9877     % 
LB close or above UB, fathomed
7833   103    17         48.6852    50.6266    3.9877     % 
UB: 50.62656249999999
branching on CartesianIndex(1, 6) with c.
7834   104    18         48.6852    50.6266    3.9877     % 
LB close or above UB, fathomed
7835   103    18         48.6852    50.6266    3.9877     % 
UB: 50.62656249999999
branching on CartesianIndex(1, 7) with c.
7836   104    19         48.6852    50.6266    3.9877     % 
UB: 50.62656249999999
branching on 1 with b.
7837   105    20         48.6852    50.6266    3.9877     % 
LB close or above UB, fathomed
7838   104    20         48.6852    50.6266    3.9877     % 
LB close or above UB, fathomed
7839   103    19         48.6852    50.6266    3.9877     % 
LB close or above UB, fathomed
7840   102    17         48.6852    50.6266    3.9877     % 
LB close or above UB, fathomed
7841   101    23         48.6852    50.6266    3.9877     % 
LB close or above UB, fathomed
7842   100    23         48.6852    50.6266    3.9877     % 
UB: 50.62656249999999
branching on CartesianIndex(1, 6) with c.
7843   101    24         48.6852    50.6266    3.9877     % 
LB close or above UB, fathomed
7844   100    24         48.6852    50.6266    3.9877     % 
UB: 50.62656249999999
branching on CartesianIndex(1, 7) with c.
7845   101    25         48.6852    50.6266    3.9877     % 
UB: 50.62656249999999
branching on 2 with b.
7846   102    26         48.6852    50.6266    3.9877     % 
UB: 50.62656249999999
branching on 3 with b.
7847   103    27         48.6852    50.6266    3.9877     % 
LB close or above UB, fathomed
7848   102    27         48.6852    50.6266    3.9877     % 
LB close or above UB, fathomed
7849   101    26         48.6852    50.6266    3.9877     % 
UB: 50.62656249999999
branching on 3 with b.
7850   102    27         48.6852    50.6266    3.9877     % 
LB close or above UB, fathomed
7851   101    27         48.6852    50.6266    3.9877     % 
LB close or above UB, fathomed
7852   100    25         48.6852    50.6266    3.9877     % 
LB close or above UB, fathomed
7853   99     22         48.6852    50.6266    3.9877     % 
LB close or above UB, fathomed
7854   98     22         48.6852    50.6266    3.9877     % 
UB: 50.62656249999999
branching on CartesianIndex(1, 7) with c.
7855   99     23         48.6852    50.6266    3.9877     % 
UB: 50.62656249999999
branching on 1 with b.
7856   100    24         48.6852    50.6266    3.9877     % 
UB: 50.62656249999999
branching on 2 with b.
7857   101    25         48.6852    50.6266    3.9877     % 
LB close or above UB, fathomed
7858   100    25         48.6852    50.6266    3.9877     % 
UB: 50.62656249999999
branching on 3 with b.
7859   101    26         48.6852    50.6266    3.9877     % 
LB close or above UB, fathomed
7860   100    26         48.6852    50.6266    3.9877     % 
LB close or above UB, fathomed
7861   99     24         48.6852    50.6266    3.9877     % 
LB close or above UB, fathomed
7862   98     23         48.6852    50.6266    3.9877     % 
LB close or above UB, fathomed
7863   97     22         48.6852    50.6266    3.9877     % 
LB close or above UB, fathomed
7864   96     22         48.6852    50.6266    3.9877     % 
LB close or above UB, fathomed
7865   95     26         48.6852    50.6266    3.9877     % 
UB: 50.62656249999999
branching on CartesianIndex(1, 6) with c.
7866   96     27         48.6852    50.6266    3.9877     % 
LB close or above UB, fathomed
7867   95     27         48.6852    50.6266    3.9877     % 
UB: 50.62656249999999
branching on 3 with b.
7868   96     28         48.6852    50.6266    3.9877     % 
LB close or above UB, fathomed
7869   95     28         48.6852    50.6266    3.9877     % 
UB: 50.62656249999999
branching on CartesianIndex(1, 7) with c.
7870   96     29         48.6852    50.6266    3.9877     % 
UB: 50.62656249999999
branching on 1 with b.
7871   97     30         48.6852    50.6266    3.9877     % 
LB close or above UB, fathomed
7872   96     30         48.6852    50.6266    3.9877     % 
LB close or above UB, fathomed
7873   95     29         48.6852    50.6266    3.9877     % 
LB close or above UB, fathomed
7874   94     26         48.6852    50.6266    3.9877     % 
LB close or above UB, fathomed
7875   93     21         48.6852    50.6266    3.9877     % 
LB close or above UB, fathomed
7876   92     21         48.6852    50.6266    3.9877     % 
UB: 50.62656249999999
branching on CartesianIndex(1, 7) with c.
7877   93     22         48.6852    50.6266    3.9877     % 
UB: 50.62656249999999
branching on 1 with b.
7878   94     23         48.6852    50.6266    3.9877     % 
UB: 50.62656249999999
branching on 2 with b.
7879   95     24         48.6852    50.6266    3.9877     % 
LB close or above UB, fathomed
7880   94     24         48.6852    50.6266    3.9877     % 
UB: 50.62656249999999
branching on 3 with b.
7881   95     25         48.6852    50.6266    3.9877     % 
LB close or above UB, fathomed
7882   94     25         48.6852    50.6266    3.9877     % 
UB: 50.62656249999999
branching on 1 with b.
7883   95     26         48.6852    50.6266    3.9877     % 
UB: 50.62656249999999
branching on 2 with b.
7884   96     27         48.6852    50.6266    3.9877     % 
LB close or above UB, fathomed
7885   95     27         48.6852    50.6266    3.9877     % 
UB: 50.62656249999999
branching on 3 with b.
7886   96     28         48.6852    50.6266    3.9877     % 
LB close or above UB, fathomed
7887   95     28         48.6852    50.6266    3.9877     % 
LB close or above UB, fathomed
7888   94     26         48.6852    50.6266    3.9877     % 
LB close or above UB, fathomed
7889   93     23         48.6852    50.6266    3.9877     % 
LB close or above UB, fathomed
7890   92     22         48.6852    50.6266    3.9877     % 
LB close or above UB, fathomed
7891   91     21         48.6852    50.6266    3.9877     % 
LB close or above UB, fathomed
7892   90     21         48.6852    50.6266    3.9877     % 
UB: 50.62656249999999
branching on CartesianIndex(1, 7) with c.
7893   91     22         48.6852    50.6266    3.9877     % 
UB: 50.62656249999999
branching on 3 with b.
7894   92     23         48.6852    50.6266    3.9877     % 
LB close or above UB, fathomed
7895   91     23         48.6852    50.6266    3.9877     % 
UB: 50.62656249999999
branching on 1 with b.
7896   92     24         48.6852    50.6266    3.9877     % 
LB close or above UB, fathomed
7897   91     24         48.6852    50.6266    3.9877     % 
UB: 50.62656249999999
branching on 2 with b.
7898   92     25         48.6852    50.6266    3.9877     % 
LB close or above UB, fathomed
7899   91     25         48.6852    50.6266    3.9877     % 
UB: 50.62656249999999
branching on 3 with b.
7900   92     26         48.6852    50.6266    3.9877     % 
LB close or above UB, fathomed
7901   91     26         48.6852    50.6266    3.9877     % 
LB close or above UB, fathomed
7902   90     22         48.6852    50.6266    3.9877     % 
LB close or above UB, fathomed
7903   89     18         48.6852    50.6266    3.9877     % 
LB close or above UB, fathomed
7904   88     18         48.6852    50.6266    3.9877     % 
LB close or above UB, fathomed
7905   87     21         48.6852    50.6266    3.9877     % 
LB close or above UB, fathomed
7906   86     21         48.6852    50.6266    3.9877     % 
UB: 50.62656249999999
branching on CartesianIndex(1, 7) with c.
7907   87     22         48.6852    50.6266    3.9877     % 
UB: 50.62656249999999
branching on 2 with b.
7908   88     23         48.6852    50.6266    3.9877     % 
UB: 50.62656249999999
branching on 3 with b.
7909   89     24         48.6852    50.6266    3.9877     % 
LB close or above UB, fathomed
7910   88     24         48.6852    50.6266    3.9877     % 
UB: 50.62656249999999
branching on 1 with b.
7911   89     25         48.6852    50.6266    3.9877     % 
LB close or above UB, fathomed
7912   88     25         48.6852    50.6266    3.9877     % 
LB close or above UB, fathomed
7913   87     23         48.6852    50.6266    3.9877     % 
LB close or above UB, fathomed
7914   86     22         48.6852    50.6266    3.9877     % 
LB close or above UB, fathomed
7915   85     23         48.6852    50.6266    3.9877     % 
UB: 50.62656249999999
branching on 2 with b.
7916   86     24         48.6852    50.6266    3.9877     % 
UB: 50.62656249999999
branching on 3 with b.
7917   87     25         48.6852    50.6266    3.9877     % 
LB close or above UB, fathomed
7918   86     25         48.6852    50.6266    3.9877     % 
LB close or above UB, fathomed
7919   85     24         48.6852    50.6266    3.9877     % 
UB: 50.62656249999999
branching on 3 with b.
7920   86     25         48.6852    50.6266    3.9877     % 
LB close or above UB, fathomed
7921   85     25         48.6852    50.6266    3.9877     % 
LB close or above UB, fathomed
7922   84     23         48.6852    50.6266    3.9877     % 
LB close or above UB, fathomed
7923   83     17         48.6852    50.6266    3.9877     % 
LB close or above UB, fathomed
7924   82     17         48.6852    50.6266    3.9877     % 
LB close or above UB, fathomed
7925   81     19         48.6852    50.6266    3.9877     % 
UB: 50.62656249999999
branching on CartesianIndex(3, 3) with a.
7926   82     20         48.6852    50.6266    3.9877     % 
UB: 50.62656249999999
branching on CartesianIndex(4, 3) with a.
7927   83     21         48.6852    50.6266    3.9877     % 
LB close or above UB, fathomed
7928   82     21         48.6852    50.6266    3.9877     % 
UB: 50.62656249999999
branching on CartesianIndex(1, 4) with c.
7929   83     22         48.6852    50.6266    3.9877     % 
UB: 50.62656249999999
branching on CartesianIndex(1, 5) with c.
7930   84     23         48.6852    50.6266    3.9877     % 
LB close or above UB, fathomed
7931   83     23         48.6852    50.6266    3.9877     % 
UB: 50.62656249999999
branching on CartesianIndex(1, 6) with c.
7932   84     24         48.6852    50.6266    3.9877     % 
LB close or above UB, fathomed
7933   83     24         48.6852    50.6266    3.9877     % 
UB: 50.62656249999999
branching on CartesianIndex(1, 7) with c.
7934   84     25         48.6852    50.6266    3.9877     % 
UB: 50.62656249999999
branching on 1 with b.
7935   85     26         48.6852    50.6266    3.9877     % 
LB close or above UB, fathomed
7936   84     26         48.6852    50.6266    3.9877     % 
LB close or above UB, fathomed
7937   83     25         48.6852    50.6266    3.9877     % 
LB close or above UB, fathomed
7938   82     22         48.6852    50.6266    3.9877     % 
LB close or above UB, fathomed
7939   81     20         48.6852    50.6266    3.9877     % 
LB close or above UB, fathomed
7940   80     19         48.6852    50.6266    3.9877     % 
LB close or above UB, fathomed
7941   79     17         48.6852    50.6266    3.9877     % 
LB close or above UB, fathomed
7942   78     17         48.6852    50.6266    3.9877     % 
UB: 50.62656249999999
branching on CartesianIndex(1, 5) with c.
7943   79     18         48.6852    50.6266    3.9877     % 
UB: 50.62656249999999
branching on CartesianIndex(1, 6) with c.
7944   80     19         48.6852    50.6266    3.9877     % 
LB close or above UB, fathomed
7945   79     19         48.6852    50.6266    3.9877     % 
LB close or above UB, fathomed
7946   78     18         48.6852    50.6266    3.9877     % 
LB close or above UB, fathomed
7947   77     18         48.6852    50.6266    3.9877     % 
LB close or above UB, fathomed
7948   76     18         48.6852    50.6266    3.9877     % 
UB: 50.62656249999999
branching on 2 with b.
7949   77     19         48.6852    50.6266    3.9877     % 
UB: 50.62656249999999
branching on CartesianIndex(1, 5) with c.
7950   78     20         48.6852    50.6266    3.9877     % 
UB: 50.62656249999999
branching on 3 with b.
7951   79     21         48.6852    50.6266    3.9877     % 
UB: 50.62656249999999
branching on 1 with b.
7952   80     22         48.6852    50.6266    3.9877     % 
UB: 50.62656249999999
branching on CartesianIndex(1, 6) with c.
7953   81     23         48.6852    50.6266    3.9877     % 
LB close or above UB, fathomed
7954   80     23         48.6852    50.6266    3.9877     % 
UB: 50.62656249999999
branching on CartesianIndex(1, 7) with c.
7955   81     24         48.6852    50.6266    3.9877     % 
UB: 50.62656249999999
branching on 2 with b.
7956   82     25         48.6852    50.6266    3.9877     % 
UB: 50.62656249999999
branching on 3 with b.
7957   83     26         48.6852    50.6266    3.9877     % 
UB: 50.62656249999999
branching on 1 with b.
7958   84     27         48.6852    50.6266    3.9877     % 
LB close or above UB, fathomed
7959   83     27         48.6852    50.6266    3.9877     % 
LB close or above UB, fathomed
7960   82     26         48.6852    50.6266    3.9877     % 
LB close or above UB, fathomed
7961   81     25         48.6852    50.6266    3.9877     % 
LB close or above UB, fathomed
7962   80     24         48.6852    50.6266    3.9877     % 
LB close or above UB, fathomed
7963   79     22         48.6852    50.6266    3.9877     % 
LB close or above UB, fathomed
7964   78     21         48.6852    50.6266    3.9877     % 
LB close or above UB, fathomed
7965   77     20         48.6852    50.6266    3.9877     % 
LB close or above UB, fathomed
7966   76     19         48.6852    50.6266    3.9877     % 
LB close or above UB, fathomed
7967   75     24         48.6852    50.6266    3.9877     % 
UB: 50.62656249999999
branching on CartesianIndex(1, 7) with c.
7968   76     25         48.6852    50.6266    3.9877     % 
UB: 50.62656249999999
branching on 3 with b.
7969   77     26         48.6852    50.6266    3.9877     % 
LB close or above UB, fathomed
7970   76     26         48.6852    50.6266    3.9877     % 
LB close or above UB, fathomed
7971   75     25         48.6852    50.6266    3.9877     % 
LB close or above UB, fathomed
7972   74     24         48.6852    50.6266    3.9877     % 
UB: 50.62656249999999
branching on CartesianIndex(1, 7) with c.
7973   75     25         48.6852    50.6266    3.9877     % 
UB: 50.62656249999999
branching on 3 with b.
7974   76     26         48.6852    50.6266    3.9877     % 
LB close or above UB, fathomed
7975   75     26         48.6852    50.6266    3.9877     % 
LB close or above UB, fathomed
7976   74     25         48.6852    50.6266    3.9877     % 
LB close or above UB, fathomed
7977   73     24         48.6852    50.6266    3.9877     % 
UB: 50.62656249999999
branching on 1 with b.
7978   74     25         48.6852    50.6266    3.9877     % 
LB close or above UB, fathomed
7979   73     25         48.6852    50.6266    3.9877     % 
LB close or above UB, fathomed
7980   72     24         48.6852    50.6266    3.9877     % 
LB close or above UB, fathomed
7981   71     22         48.6852    50.6266    3.9877     % 
LB close or above UB, fathomed
7982   70     22         48.6852    50.6266    3.9877     % 
LB close or above UB, fathomed
7983   69     23         48.6852    50.6266    3.9877     % 
LB close or above UB, fathomed
7984   68     23         48.6852    50.6266    3.9877     % 
UB: 50.62656249999999
branching on CartesianIndex(1, 7) with c.
7985   69     24         48.6852    50.6266    3.9877     % 
UB: 50.62656249999999
branching on 2 with b.
7986   70     25         48.6852    50.6266    3.9877     % 
LB close or above UB, fathomed
7987   69     25         48.6852    50.6266    3.9877     % 
LB close or above UB, fathomed
7988   68     24         48.6852    50.6266    3.9877     % 
LB close or above UB, fathomed
7989   67     22         48.6852    50.6266    3.9877     % 
UB: 50.62656249999999
branching on 3 with b.
7990   68     23         48.6852    50.6266    3.9877     % 
UB: 50.62656249999999
branching on 1 with b.
7991   69     24         48.6852    50.6266    3.9877     % 
LB close or above UB, fathomed
7992   68     24         48.6852    50.6266    3.9877     % 
LB close or above UB, fathomed
7993   67     23         48.6852    50.6266    3.9877     % 
UB: 50.62656249999999
branching on 1 with b.
7994   68     24         48.6852    50.6266    3.9877     % 
LB close or above UB, fathomed
7995   67     24         48.6852    50.6266    3.9877     % 
LB close or above UB, fathomed
7996   66     22         48.6852    50.6266    3.9877     % 
LB close or above UB, fathomed
7997   65     20         48.6852    50.6266    3.9877     % 
LB close or above UB, fathomed
7998   64     20         48.6852    50.6266    3.9877     % 
UB: 50.62656249999999
branching on CartesianIndex(1, 5) with c.
7999   65     21         48.6852    50.6266    3.9877     % 
LB close or above UB, fathomed
8000   64     21         48.6852    50.6266    3.9877     % 
LB close or above UB, fathomed
8001   63     22         48.6852    50.6266    3.9877     % 
LB close or above UB, fathomed
8002   62     22         48.6852    50.6266    3.9877     % 
UB: 50.62656249999999
branching on 2 with b.
8003   63     23         48.6852    50.6266    3.9877     % 
UB: 50.62656249999999
branching on CartesianIndex(1, 5) with c.
8004   64     24         48.6852    50.6266    3.9877     % 
UB: 50.62656249999999
branching on 3 with b.
8005   65     25         48.6852    50.6266    3.9877     % 
LB close or above UB, fathomed
8006   64     25         48.6852    50.6266    3.9877     % 
LB close or above UB, fathomed
8007   63     24         48.6852    50.6266    3.9877     % 
UB: 50.62656249999999
branching on CartesianIndex(1, 6) with c.
8008   64     25         48.6852    50.6266    3.9877     % 
LB close or above UB, fathomed
8009   63     25         48.6852    50.6266    3.9877     % 
UB: 50.62656249999999
branching on CartesianIndex(1, 7) with c.
8010   64     26         48.6852    50.6266    3.9877     % 
UB: 50.62656249999999
branching on 3 with b.
8011   65     27         48.6852    50.6266    3.9877     % 
LB close or above UB, fathomed
8012   64     27         48.6852    50.6266    3.9877     % 
LB close or above UB, fathomed
8013   63     26         48.6852    50.6266    3.9877     % 
LB close or above UB, fathomed
8014   62     23         48.6852    50.6266    3.9877     % 
UB: 50.62656249999999
branching on CartesianIndex(1, 5) with c.
8015   63     24         48.6852    50.6266    3.9877     % 
UB: 50.62656249999999
branching on CartesianIndex(1, 6) with c.
8016   64     25         48.6852    50.6266    3.9877     % 
LB close or above UB, fathomed
8017   63     25         48.6852    50.6266    3.9877     % 
UB: 50.62656249999999
branching on CartesianIndex(1, 7) with c.
8018   64     26         48.6852    50.6266    3.9877     % 
UB: 50.62656249999999
branching on 3 with b.
8019   65     27         48.6852    50.6266    3.9877     % 
LB close or above UB, fathomed
8020   64     27         48.6852    50.6266    3.9877     % 
LB close or above UB, fathomed
8021   63     26         48.6852    50.6266    3.9877     % 
LB close or above UB, fathomed
8022   62     24         48.6852    50.6266    3.9877     % 
UB: 50.62656249999999
branching on CartesianIndex(1, 6) with c.
8023   63     25         48.6852    50.6266    3.9877     % 
LB close or above UB, fathomed
8024   62     25         48.6852    50.6266    3.9877     % 
UB: 50.62656249999999
branching on CartesianIndex(1, 7) with c.
8025   63     26         48.6852    50.6266    3.9877     % 
UB: 50.62656249999999
branching on 3 with b.
8026   64     27         48.6852    50.6266    3.9877     % 
LB close or above UB, fathomed
8027   63     27         48.6852    50.6266    3.9877     % 
LB close or above UB, fathomed
8028   62     26         48.6852    50.6266    3.9877     % 
LB close or above UB, fathomed
8029   61     22         48.6852    50.6266    3.9877     % 
LB close or above UB, fathomed
8030   60     22         48.6852    50.6266    3.9877     % 
LB close or above UB, fathomed
8031   59     21         48.6852    50.6266    3.9877     % 
LB close or above UB, fathomed
8032   58     21         48.6852    50.6266    3.9877     % 
UB: 50.62656249999999
branching on CartesianIndex(1, 5) with c.
8033   59     22         48.6852    50.6266    3.9877     % 
LB close or above UB, fathomed
8034   58     22         48.6852    50.6266    3.9877     % 
LB close or above UB, fathomed
8035   57     22         48.6852    50.6266    3.9877     % 
LB close or above UB, fathomed
8036   56     22         48.6852    50.6266    3.9877     % 
UB: 50.62656249999999
branching on CartesianIndex(1, 5) with c.
8037   57     23         48.6852    50.6266    3.9877     % 
UB: 50.62656249999999
branching on CartesianIndex(1, 6) with c.
8038   58     24         48.6852    50.6266    3.9877     % 
LB close or above UB, fathomed
8039   57     24         48.6852    50.6266    3.9877     % 
UB: 50.62656249999999
branching on 3 with b.
8040   58     25         48.6852    50.6266    3.9877     % 
LB close or above UB, fathomed
8041   57     25         48.6852    50.6266    3.9877     % 
LB close or above UB, fathomed
8042   56     23         48.6852    50.6266    3.9877     % 
UB: 50.62656249999999
branching on CartesianIndex(1, 6) with c.
8043   57     24         48.6852    50.6266    3.9877     % 
LB close or above UB, fathomed
8044   56     24         48.6852    50.6266    3.9877     % 
UB: 50.62656249999999
branching on 3 with b.
8045   57     25         48.6852    50.6266    3.9877     % 
LB close or above UB, fathomed
8046   56     25         48.6852    50.6266    3.9877     % 
LB close or above UB, fathomed
8047   55     22         48.6852    50.6266    3.9877     % 
LB close or above UB, fathomed
8048   54     22         48.6852    50.6266    3.9877     % 
UB: 50.62656249999999
branching on CartesianIndex(1, 5) with c.
8049   55     23         48.6852    50.6266    3.9877     % 
UB: 50.62656249999999
branching on CartesianIndex(1, 6) with c.
8050   56     24         48.6852    50.6266    3.9877     % 
LB close or above UB, fathomed
8051   55     24         48.6852    50.6266    3.9877     % 
UB: 50.62656249999999
branching on CartesianIndex(1, 7) with c.
8052   56     25         48.6852    50.6266    3.9877     % 
UB: 50.62656249999999
branching on 3 with b.
8053   57     26         48.6852    50.6266    3.9877     % 
LB close or above UB, fathomed
8054   56     26         48.6852    50.6266    3.9877     % 
LB close or above UB, fathomed
8055   55     25         48.6852    50.6266    3.9877     % 
LB close or above UB, fathomed
8056   54     23         48.6852    50.6266    3.9877     % 
UB: 50.62656249999999
branching on CartesianIndex(1, 6) with c.
8057   55     24         48.6852    50.6266    3.9877     % 
LB close or above UB, fathomed
8058   54     24         48.6852    50.6266    3.9877     % 
UB: 50.62656249999999
branching on CartesianIndex(1, 7) with c.
8059   55     25         48.6852    50.6266    3.9877     % 
UB: 50.62656249999999
branching on 3 with b.
8060   56     26         48.6852    50.6266    3.9877     % 
LB close or above UB, fathomed
8061   55     26         48.6852    50.6266    3.9877     % 
LB close or above UB, fathomed
8062   54     25         48.6852    50.6266    3.9877     % 
LB close or above UB, fathomed
8063   53     16         48.6852    50.6266    3.9877     % 
LB close or above UB, fathomed
8064   52     16         48.6852    50.6266    3.9877     % 
LB close or above UB, fathomed
8065   51     22         48.6852    50.6266    3.9877     % 
LB close or above UB, fathomed
8066   50     22         48.6852    50.6266    3.9877     % 
UB: 50.62656249999999
branching on CartesianIndex(1, 4) with c.
8067   51     23         48.6852    50.6266    3.9877     % 
LB close or above UB, fathomed
8068   50     23         48.6852    50.6266    3.9877     % 
UB: 50.62656249999999
branching on CartesianIndex(1, 5) with c.
8069   51     24         48.6852    50.6266    3.9877     % 
LB close or above UB, fathomed
8070   50     24         48.6852    50.6266    3.9877     % 
LB close or above UB, fathomed
8071   49     24         48.6852    50.6266    3.9877     % 
UB: 50.62656249999999
branching on 2 with b.
8072   50     25         48.6852    50.6266    3.9877     % 
UB: 50.62656249999999
branching on 3 with b.
8073   51     26         48.6852    50.6266    3.9877     % 
LB close or above UB, fathomed
8074   50     26         48.6852    50.6266    3.9877     % 
LB close or above UB, fathomed
8075   49     25         48.6852    50.6266    3.9877     % 
UB: 50.62656249999999
branching on 3 with b.
8076   50     26         48.6852    50.6266    3.9877     % 
LB close or above UB, fathomed
8077   49     26         48.6852    50.6266    3.9877     % 
LB close or above UB, fathomed
8078   48     24         48.6852    50.6266    3.9877     % 
LB close or above UB, fathomed
8079   47     22         48.6852    50.6266    3.9877     % 
LB close or above UB, fathomed
8080   46     22         48.6852    50.6266    3.9877     % 
UB: 50.62656249999999
branching on CartesianIndex(1, 5) with c.
8081   47     23         48.6852    50.6266    3.9877     % 
UB: 50.62656249999999
branching on CartesianIndex(1, 6) with c.
8082   48     24         48.6852    50.6266    3.9877     % 
LB close or above UB, fathomed
8083   47     24         48.6852    50.6266    3.9877     % 
UB: 50.62656249999999
branching on 2 with b.
8084   48     25         48.6852    50.6266    3.9877     % 
LB close or above UB, fathomed
8085   47     25         48.6852    50.6266    3.9877     % 
UB: 50.62656249999999
branching on 3 with b.
8086   48     26         48.6852    50.6266    3.9877     % 
LB close or above UB, fathomed
8087   47     26         48.6852    50.6266    3.9877     % 
LB close or above UB, fathomed
8088   46     23         48.6852    50.6266    3.9877     % 
UB: 50.62656249999999
branching on CartesianIndex(1, 6) with c.
8089   47     24         48.6852    50.6266    3.9877     % 
LB close or above UB, fathomed
8090   46     24         48.6852    50.6266    3.9877     % 
UB: 50.62656249999999
branching on CartesianIndex(1, 7) with c.
8091   47     25         48.6852    50.6266    3.9877     % 
UB: 50.62656249999999
branching on 2 with b.
8092   48     26         48.6852    50.6266    3.9877     % 
UB: 50.62656249999999
branching on 3 with b.
8093   49     27         48.6852    50.6266    3.9877     % 
LB close or above UB, fathomed
8094   48     27         48.6852    50.6266    3.9877     % 
LB close or above UB, fathomed
8095   47     26         48.6852    50.6266    3.9877     % 
UB: 50.62656249999999
branching on 3 with b.
8096   48     27         48.6852    50.6266    3.9877     % 
LB close or above UB, fathomed
8097   47     27         48.6852    50.6266    3.9877     % 
LB close or above UB, fathomed
8098   46     25         48.6852    50.6266    3.9877     % 
LB close or above UB, fathomed
8099   45     18         48.6852    50.6266    3.9877     % 
LB close or above UB, fathomed
8100   44     18         48.6852    50.6266    3.9877     % 
UB: 50.62656249999999
branching on CartesianIndex(1, 5) with c.
8101   45     19         48.6852    50.6266    3.9877     % 
LB close or above UB, fathomed
8102   44     19         48.6852    50.6266    3.9877     % 
LB close or above UB, fathomed
8103   43     23         48.6852    50.6266    3.9877     % 
LB close or above UB, fathomed
8104   42     23         48.6852    50.6266    3.9877     % 
LB close or above UB, fathomed
8105   41     22         48.6852    50.6266    3.9877     % 
LB close or above UB, fathomed
8106   40     22         48.6852    50.6266    3.9877     % 
UB: 50.62656249999999
branching on 3 with b.
8107   41     23         48.6852    50.6266    3.9877     % 
LB close or above UB, fathomed
8108   40     23         48.6852    50.6266    3.9877     % 
LB close or above UB, fathomed
8109   39     22         48.6852    50.6266    3.9877     % 
LB close or above UB, fathomed
8110   38     22         48.6852    50.6266    3.9877     % 
UB: 50.62656249999999
branching on CartesianIndex(1, 5) with c.
8111   39     23         48.6852    50.6266    3.9877     % 
UB: 50.62656249999999
branching on CartesianIndex(1, 6) with c.
8112   40     24         48.6852    50.6266    3.9877     % 
LB close or above UB, fathomed
8113   39     24         48.6852    50.6266    3.9877     % 
UB: 50.62656249999999
branching on CartesianIndex(1, 7) with c.
8114   40     25         48.6852    50.6266    3.9877     % 
UB: 50.62656249999999
branching on 3 with b.
8115   41     26         48.6852    50.6266    3.9877     % 
LB close or above UB, fathomed
8116   40     26         48.6852    50.6266    3.9877     % 
LB close or above UB, fathomed
8117   39     25         48.6852    50.6266    3.9877     % 
LB close or above UB, fathomed
8118   38     23         48.6852    50.6266    3.9877     % 
UB: 50.62656249999999
branching on CartesianIndex(1, 6) with c.
8119   39     24         48.6852    50.6266    3.9877     % 
LB close or above UB, fathomed
8120   38     24         48.6852    50.6266    3.9877     % 
UB: 50.62656249999999
branching on CartesianIndex(1, 7) with c.
8121   39     25         48.6852    50.6266    3.9877     % 
UB: 50.62656249999999
branching on 3 with b.
8122   40     26         48.6852    50.6266    3.9877     % 
LB close or above UB, fathomed
8123   39     26         48.6852    50.6266    3.9877     % 
LB close or above UB, fathomed
8124   38     25         48.6852    50.6266    3.9877     % 
LB close or above UB, fathomed
8125   37     23         48.6852    50.6266    3.9877     % 
UB: 50.62656249999999
branching on CartesianIndex(1, 5) with c.
8126   38     24         48.6852    50.6266    3.9877     % 
UB: 50.62656249999999
branching on CartesianIndex(1, 6) with c.
8127   39     25         48.6852    50.6266    3.9877     % 
LB close or above UB, fathomed
8128   38     25         48.6852    50.6266    3.9877     % 
UB: 50.62656249999999
branching on CartesianIndex(1, 7) with c.
8129   39     26         48.6852    50.6266    3.9877     % 
UB: 50.62656249999999
branching on 3 with b.
8130   40     27         48.6852    50.6266    3.9877     % 
LB close or above UB, fathomed
8131   39     27         48.6852    50.6266    3.9877     % 
LB close or above UB, fathomed
8132   38     26         48.6852    50.6266    3.9877     % 
LB close or above UB, fathomed
8133   37     24         48.6852    50.6266    3.9877     % 
UB: 50.62656249999999
branching on CartesianIndex(1, 6) with c.
8134   38     25         48.6852    50.6266    3.9877     % 
LB close or above UB, fathomed
8135   37     25         48.6852    50.6266    3.9877     % 
UB: 50.62656249999999
branching on CartesianIndex(1, 7) with c.
8136   38     26         48.6852    50.6266    3.9877     % 
UB: 50.62656249999999
branching on 3 with b.
8137   39     27         48.6852    50.6266    3.9877     % 
LB close or above UB, fathomed
8138   38     27         48.6852    50.6266    3.9877     % 
LB close or above UB, fathomed
8139   37     26         48.6852    50.6266    3.9877     % 
LB close or above UB, fathomed
8140   36     23         48.6852    50.6266    3.9877     % 
UB: 50.62656249999999
branching on CartesianIndex(1, 5) with c.
8141   37     24         48.6852    50.6266    3.9877     % 
UB: 50.62656249999999
branching on 3 with b.
8142   38     25         48.6852    50.6266    3.9877     % 
LB close or above UB, fathomed
8143   37     25         48.6852    50.6266    3.9877     % 
LB close or above UB, fathomed
8144   36     24         48.6852    50.6266    3.9877     % 
UB: 50.62656249999999
branching on CartesianIndex(1, 6) with c.
8145   37     25         48.6852    50.6266    3.9877     % 
LB close or above UB, fathomed
8146   36     25         48.6852    50.6266    3.9877     % 
UB: 50.62656249999999
branching on CartesianIndex(1, 7) with c.
8147   37     26         48.6852    50.6266    3.9877     % 
UB: 50.62656249999999
branching on 3 with b.
8148   38     27         48.6852    50.6266    3.9877     % 
LB close or above UB, fathomed
8149   37     27         48.6852    50.6266    3.9877     % 
LB close or above UB, fathomed
8150   36     26         48.6852    50.6266    3.9877     % 
LB close or above UB, fathomed
8151   35     19         48.6852    50.6266    3.9877     % 
LB close or above UB, fathomed
8152   34     19         48.6852    50.6266    3.9877     % 
LB close or above UB, fathomed
8153   33     23         48.6852    50.6266    3.9877     % 
LB close or above UB, fathomed
8154   32     23         48.6852    50.6266    3.9877     % 
UB: 50.62656249999999
branching on CartesianIndex(1, 5) with c.
8155   33     24         48.6852    50.6266    3.9877     % 
UB: 50.62656249999999
branching on CartesianIndex(1, 6) with c.
8156   34     25         48.6852    50.6266    3.9877     % 
LB close or above UB, fathomed
8157   33     25         48.6852    50.6266    3.9877     % 
UB: 50.62656249999999
branching on CartesianIndex(1, 7) with c.
8158   34     26         48.6852    50.6266    3.9877     % 
UB: 50.62656249999999
branching on 3 with b.
8159   35     27         48.6852    50.6266    3.9877     % 
LB close or above UB, fathomed
8160   34     27         48.6852    50.6266    3.9877     % 
LB close or above UB, fathomed
8161   33     26         48.6852    50.6266    3.9877     % 
LB close or above UB, fathomed
8162   32     24         48.6852    50.6266    3.9877     % 
UB: 50.62656249999999
branching on CartesianIndex(1, 6) with c.
8163   33     25         48.6852    50.6266    3.9877     % 
LB close or above UB, fathomed
8164   32     25         48.6852    50.6266    3.9877     % 
UB: 50.62656249999999
branching on 3 with b.
8165   33     26         48.6852    50.6266    3.9877     % 
LB close or above UB, fathomed
8166   32     26         48.6852    50.6266    3.9877     % 
LB close or above UB, fathomed
8167   31     23         48.6852    50.6266    3.9877     % 
LB close or above UB, fathomed
8168   30     23         48.6852    50.6266    3.9877     % 
UB: 50.62656249999999
branching on CartesianIndex(1, 5) with c.
8169   31     24         48.6852    50.6266    3.9877     % 
LB close or above UB, fathomed
8170   30     24         48.6852    50.6266    3.9877     % 
UB: 50.62656249999999
branching on CartesianIndex(1, 6) with c.
8171   31     25         48.6852    50.6266    3.9877     % 
LB close or above UB, fathomed
8172   30     25         48.6852    50.6266    3.9877     % 
UB: 50.62656249999999
branching on 3 with b.
8173   31     26         48.6852    50.6266    3.9877     % 
LB close or above UB, fathomed
8174   30     26         48.6852    50.6266    3.9877     % 
LB close or above UB, fathomed
8175   29     23         48.6852    50.6266    3.9877     % 
LB close or above UB, fathomed
8176   28     23         48.6852    50.6266    3.9877     % 
UB: 50.62656249999999
branching on CartesianIndex(1, 5) with c.
8177   29     24         48.6852    50.6266    3.9877     % 
UB: 50.62656249999999
branching on CartesianIndex(1, 6) with c.
8178   30     25         48.6852    50.6266    3.9877     % 
LB close or above UB, fathomed
8179   29     25         48.6852    50.6266    3.9877     % 
UB: 50.62656249999999
branching on CartesianIndex(1, 7) with c.
8180   30     26         48.6852    50.6266    3.9877     % 
UB: 50.62656249999999
branching on 3 with b.
8181   31     27         48.6852    50.6266    3.9877     % 
LB close or above UB, fathomed
8182   30     27         48.6852    50.6266    3.9877     % 
LB close or above UB, fathomed
8183   29     26         48.6852    50.6266    3.9877     % 
LB close or above UB, fathomed
8184   28     24         48.6852    50.6266    3.9877     % 
UB: 50.62656249999999
branching on CartesianIndex(1, 6) with c.
8185   29     25         48.6852    50.6266    3.9877     % 
LB close or above UB, fathomed
8186   28     25         48.6852    50.6266    3.9877     % 
UB: 50.62656249999999
branching on CartesianIndex(1, 7) with c.
8187   29     26         48.6852    50.6266    3.9877     % 
UB: 50.62656249999999
branching on 3 with b.
8188   30     27         48.6852    50.6266    3.9877     % 
LB close or above UB, fathomed
8189   29     27         48.6852    50.6266    3.9877     % 
LB close or above UB, fathomed
8190   28     26         48.6852    50.6266    3.9877     % 
LB close or above UB, fathomed
8191   27     23         48.6852    50.6266    3.9877     % 
LB close or above UB, fathomed
8192   26     23         48.6852    50.6266    3.9877     % 
UB: 50.62656249999999
branching on 3 with b.
8193   27     24         48.6852    50.6266    3.9877     % 
LB close or above UB, fathomed
8194   26     24         48.6852    50.6266    3.9877     % 
LB close or above UB, fathomed
8195   25     23         48.6852    50.6266    3.9877     % 
LB close or above UB, fathomed
8196   24     23         48.6852    50.6266    3.9877     % 
UB: 50.62656249999999
branching on CartesianIndex(1, 5) with c.
8197   25     24         48.6852    50.6266    3.9877     % 
UB: 50.62656249999999
branching on CartesianIndex(1, 6) with c.
8198   26     25         48.6852    50.6266    3.9877     % 
LB close or above UB, fathomed
8199   25     25         48.6852    50.6266    3.9877     % 
UB: 50.62656249999999
branching on 3 with b.
8200   26     26         48.6852    50.6266    3.9877     % 
LB close or above UB, fathomed
8201   25     26         48.6852    50.6266    3.9877     % 
LB close or above UB, fathomed
8202   24     24         48.6852    50.6266    3.9877     % 
UB: 50.62656249999999
branching on CartesianIndex(1, 6) with c.
8203   25     25         48.6852    50.6266    3.9877     % 
LB close or above UB, fathomed
8204   24     25         48.6852    50.6266    3.9877     % 
UB: 50.62656249999999
branching on 3 with b.
8205   25     26         48.6852    50.6266    3.9877     % 
LB close or above UB, fathomed
8206   24     26         48.6852    50.6266    3.9877     % 
LB close or above UB, fathomed
8207   23     23         48.6852    50.6266    3.9877     % 
LB close or above UB, fathomed
8208   22     23         48.6852    50.6266    3.9877     % 
UB: 50.62656249999999
branching on CartesianIndex(1, 5) with c.
8209   23     24         48.6852    50.6266    3.9877     % 
UB: 50.62656249999999
branching on CartesianIndex(1, 6) with c.
8210   24     25         48.6852    50.6266    3.9877     % 
LB close or above UB, fathomed
8211   23     25         48.6852    50.6266    3.9877     % 
UB: 50.62656249999999
branching on CartesianIndex(1, 7) with c.
8212   24     26         48.6852    50.6266    3.9877     % 
UB: 50.62656249999999
branching on 3 with b.
8213   25     27         48.6852    50.6266    3.9877     % 
LB close or above UB, fathomed
8214   24     27         48.6852    50.6266    3.9877     % 
LB close or above UB, fathomed
8215   23     26         48.6852    50.6266    3.9877     % 
LB close or above UB, fathomed
8216   22     24         48.6852    50.6266    3.9877     % 
UB: 50.62656249999999
branching on 3 with b.
8217   23     25         48.6852    50.6266    3.9877     % 
LB close or above UB, fathomed
8218   22     25         48.6852    50.6266    3.9877     % 
LB close or above UB, fathomed
8219   21     23         48.6852    50.6266    3.9877     % 
LB close or above UB, fathomed
8220   20     23         48.6852    50.6266    3.9877     % 
UB: 50.62656249999999
branching on 3 with b.
8221   21     24         48.6852    50.6266    3.9877     % 
LB close or above UB, fathomed
8222   20     24         48.6852    50.6266    3.9877     % 
LB close or above UB, fathomed
8223   19     14         48.8832    50.6266    3.5664     % 
UB: 50.62656249999999
branching on CartesianIndex(1, 6) with c.
8224   20     15         48.8832    50.6266    3.5664     % 
LB close or above UB, fathomed
8225   19     15         48.8832    50.6266    3.5664     % 
LB close or above UB, fathomed
8226   18     14         48.8832    50.6266    3.5664     % 
UB: 50.62656249999999
branching on CartesianIndex(1, 6) with c.
8227   19     15         48.8832    50.6266    3.5664     % 
LB close or above UB, fathomed
8228   18     15         48.8832    50.6266    3.5664     % 
LB close or above UB, fathomed
8229   17     11         48.8880    50.6266    3.5562     % 
LB close or above UB, fathomed
8230   16     11         48.8880    50.6266    3.5562     % 
UB: 50.62656249999999
branching on 2 with b.
8231   17     16         48.9777    50.6266    3.3665     % 
LB close or above UB, fathomed
8232   16     16         48.9777    50.6266    3.3665     % 
LB close or above UB, fathomed
8233   15     19         49.1049    50.6266    3.0988     % 
LB close or above UB, fathomed
8234   14     19         49.1049    50.6266    3.0988     % 
LB close or above UB, fathomed
8235   13     12         49.1705    50.6266    2.9612     % 
UB: 50.62656249999999
branching on 3 with b.
8236   14     13         49.1705    50.6266    2.9612     % 
LB close or above UB, fathomed
8237   13     13         49.1705    50.6266    2.9612     % 
LB close or above UB, fathomed
8238   12     12         49.1705    50.6266    2.9612     % 
LB close or above UB, fathomed
8239   11     17         49.3323    50.6266    2.6236     % 
LB close or above UB, fathomed
8240   10     17         49.3323    50.6266    2.6236     % 
LB close or above UB, fathomed
8241   9      15         49.5820    50.6266    2.1067     % 
UB: 50.62656249999999
branching on 3 with b.
8242   10     16         49.5820    50.6266    2.1067     % 
LB close or above UB, fathomed
8243   9      16         49.5820    50.6266    2.1067     % 
LB close or above UB, fathomed
8244   8      15         49.5820    50.6266    2.1067     % 
UB: 50.62656249999999
branching on CartesianIndex(1, 6) with c.
8245   9      16         49.5820    50.6266    2.1067     % 
LB close or above UB, fathomed
8246   8      16         49.5820    50.6266    2.1067     % 
LB close or above UB, fathomed
8247   7      16         49.5874    50.6266    2.0956     % 
LB close or above UB, fathomed
8248   6      16         49.5874    50.6266    2.0956     % 
LB close or above UB, fathomed
8249   5      12         49.6559    50.6266    1.9549     % 
LB close or above UB, fathomed
8250   4      12         49.6559    50.6266    1.9549     % 
LB close or above UB, fathomed
8251   3      16         49.6559    50.6266    1.9549     % 
LB close or above UB, fathomed
8252   2      16         49.6559    50.6266    1.9549     % 
LB close or above UB, fathomed
8253   1      15         49.9228    50.6266    1.4098     % 
LB close or above UB, fathomed
8254   0      15         49.9228    50.6266    1.4098     % 
LB close or above UB, fathomed
all node solved
solved nodes:  8255
8255                                                  5.0238e+01     5.0627e+01     0.7729  % 
5×3 Matrix{Float64}:
 0.0  0.0  0.0
 0.0  0.0  1.0
 1.0  0.0  0.0
 0.0  1.0  0.0
 0.0  0.0  0.0
3-element Vector{Float64}:
 0.4040533340719432
 0.27677673364770433
 0.4476477110125649
2×7 Matrix{Float64}:
 0.0  0.0  0.0  1.0  1.0  1.0  0.0
 0.0  0.0  0.0  0.0  0.0  0.0  1.0
3-element Vector{Float64}:
 1.0
 1.0
 1.0
5×3 Matrix{Float64}:
 0.0  0.0  0.0
 0.0  0.0  0.0
 0.0  0.0  1.0
 0.0  1.0  0.0
 1.0  0.0  0.0
3-element Vector{Float64}:
 0.40094193522581745
 0.2651492826742846
 0.5703125
2×7 Matrix{Float64}:
 0.0  0.0  0.0  1.0  0.0  1.0  0.0
 0.0  0.0  0.0  0.0  1.0  0.0  1.0
3-element Vector{Float64}:
 1.0
 1.0
 1.0
comparison (CRT and Glb)on prediction: Dict{Bool, Int64}(0 => 22, 1 => 103)
Dataname	 time	 objv	 lb	 gap	 train_w	 train_g	 test_w	 test_g
/work_bgfs/n/navarrodelacruz/odt/optimal_decision_tree/augmented_datasets/body/body_764.body	 225.86	 50.62656249999999	 50.238	 0.0077	 88.978	 93.011	 86.4	 92.8
