Running 6 processes.
Start training /work_bgfs/n/navarrodelacruz/odt/optimal_decision_tree/augmented_datasets/body/body_147.body with seed 1.
Any[]
(5, 497)
(5, 249)
(5, 125)
(5, 123)
dimension: 5, class: 2
cart cost: 74.50433070866139
size of X: (5, 374)
ngroups: 12
UB: 74.50433070866139
Iter	left	lev	LB	UB	gap	
0      0      1          5.9863     74.5043    1144.5867  % 
UB: 74.50433070866139
branching on 1 with d.
1      1      2          5.9872     74.5043    1144.3837  % 
LB close or above UB, fathomed
2      0      2          5.9872     74.5043    1144.3837  % 
UB: 74.50433070866139
branching on 2 with d.
3      1      3          5.9872     74.5043    1144.3837  % 
UB: 74.50433070866139
branching on 3 with d.
4      2      3          5.9872     74.5043    1144.3837  % 
UB: 74.50433070866139
branching on 3 with d.
5      3      4          5.9872     74.5043    1144.3837  % 
UB: 74.50433070866139
branching on CartesianIndex(1, 1) with a.
6      4      4          5.9872     74.5043    1144.3837  % 
UB: 74.50433070866139
branching on CartesianIndex(1, 1) with a.
7      5      5          5.9994     74.5043    1141.8603  % 
UB: 74.50433070866139
branching on CartesianIndex(2, 1) with a.
8      6      5          5.9994     74.5043    1141.8603  % 
UB: 74.50433070866139
branching on CartesianIndex(1, 2) with a.
9      7      6          5.9995     74.5043    1141.8477  % 
UB: 74.50433070866139
branching on 1 with b.
10     8      6          5.9995     74.5043    1141.8477  % 
UB: 74.50433070866139
branching on CartesianIndex(1, 2) with a.
11     9      7          6.0111     74.5043    1139.4516  % 
UB: 74.50433070866139
branching on 1 with b.
12     10     8          6.0111     74.5043    1139.4516  % 
UB: 74.50433070866139
branching on CartesianIndex(3, 1) with a.
13     11     8          6.0111     74.5043    1139.4516  % 
UB: 74.50433070866139
branching on CartesianIndex(3, 1) with a.
14     12     9          6.0111     74.5043    1139.4516  % 
UB: 74.50433070866139
branching on CartesianIndex(4, 1) with a.
15     13     10         6.0111     74.5043    1139.4516  % 
UB: 74.50433070866139
branching on CartesianIndex(1, 2) with a.
16     14     10         6.0111     74.5043    1139.4516  % 
UB: 74.50433070866139
branching on CartesianIndex(1, 2) with a.
17     15     9          6.0111     74.5043    1139.4516  % 
UB: 74.50433070866139
branching on 2 with b.
18     16     7          6.0111     74.5043    1139.4516  % 
UB: 74.50433070866139
branching on 1 with b.
19     17     11         7.9678     74.5043    835.0646   % 
UB: 62.76417322834645
branching on CartesianIndex(2, 2) with a.
20     18     11         7.9678     62.7642    687.7200   % 
UB: 62.76417322834645
branching on 2 with b.
21     19     12         9.9335     62.7642    531.8459   % 
UB: 62.76417322834645
branching on 2 with b.
22     20     12         9.9335     62.7642    531.8459   % 
UB: 62.76417322834645
branching on CartesianIndex(1, 3) with a.
23     21     13         11.8902    62.7642    427.8667   % 
UB: 62.76417322834645
branching on CartesianIndex(3, 2) with a.
24     22     14         11.8902    62.7642    427.8667   % 
UB: 62.76417322834645
branching on CartesianIndex(4, 2) with a.
25     23     15         11.8902    62.7642    427.8667   % 
UB: 62.76417322834645
branching on CartesianIndex(1, 3) with a.
26     24     15         11.8902    62.7642    427.8667   % 
UB: 62.76417322834645
branching on 3 with b.
27     25     14         11.8902    62.7642    427.8667   % 
UB: 62.76417322834645
branching on 3 with b.
28     26     13         11.8902    62.7642    427.8667   % 
LB close or above UB, fathomed
29     25     7          13.8353    62.7642    353.6540   % 
UB: 62.76417322834645
branching on 1 with b.
30     26     8          13.8353    62.7642    353.6540   % 
UB: 62.76417322834645
branching on 1 with b.
31     27     8          13.8353    62.7642    353.6540   % 
UB: 62.76417322834645
branching on 1 with b.
32     28     7          13.8353    62.7642    353.6540   % 
UB: 62.76417322834645
branching on CartesianIndex(1, 3) with a.
33     29     16         13.8468    62.7642    353.2741   % 
UB: 62.76417322834645
branching on CartesianIndex(1, 3) with a.
34     30     16         13.8468    62.7642    353.2741   % 
UB: 62.76417322834645
branching on CartesianIndex(1, 3) with a.
35     31     17         13.8469    62.7642    353.2740   % 
UB: 62.76417322834645
branching on CartesianIndex(2, 3) with a.
36     32     18         13.8469    62.7642    353.2740   % 
UB: 62.76417322834645
branching on CartesianIndex(3, 3) with a.
37     33     18         13.8469    62.7642    353.2740   % 
UB: 62.76417322834645
branching on CartesianIndex(1, 4) with c.
38     34     17         13.8469    62.7642    353.2740   % 
UB: 62.76417322834645
branching on 1 with b.
39     35     11         15.8035    62.7642    297.1541   % 
UB: 62.76417322834645
branching on CartesianIndex(2, 2) with a.
40     36     12         15.8035    62.7642    297.1541   % 
UB: 62.76417322834645
branching on 2 with b.
41     37     12         15.8035    62.7642    297.1541   % 
UB: 62.76417322834645
branching on CartesianIndex(1, 3) with a.
42     38     11         15.8035    62.7642    297.1541   % 
UB: 62.76417322834645
branching on CartesianIndex(1, 3) with a.
43     39     10         15.8035    62.7642    297.1525   % 
UB: 62.76417322834645
branching on 3 with b.
44     40     10         15.8035    62.7642    297.1525   % 
UB: 62.76417322834645
branching on CartesianIndex(1, 2) with a.
45     41     12         17.7513    62.7642    253.5752   % 
UB: 62.76417322834645
branching on CartesianIndex(1, 3) with a.
46     42     12         17.7513    62.7642    253.5752   % 
LB close or above UB, fathomed
47     41     17         17.7602    62.7642    253.3972   % 
UB: 62.76417322834645
branching on 1 with b.
48     42     17         17.7602    62.7642    253.3972   % 
UB: 62.76417322834645
branching on CartesianIndex(1, 4) with c.
49     43     13         19.7080    62.7642    218.4707   % 
UB: 62.76417322834645
branching on CartesianIndex(2, 3) with a.
50     44     14         19.7080    62.7642    218.4707   % 
UB: 62.76417322834645
branching on 3 with b.
51     45     14         19.7080    62.7642    218.4707   % 
UB: 62.76417322834645
branching on CartesianIndex(1, 4) with c.
52     46     13         19.7080    62.7642    218.4707   % 
UB: 62.76417322834645
branching on 3 with b.
53     47     18         19.7169    62.7642    218.3263   % 
UB: 62.76417322834645
branching on CartesianIndex(2, 3) with a.
54     48     18         19.7169    62.7642    218.3263   % 
UB: 62.76417322834645
branching on CartesianIndex(2, 3) with a.
55     49     9          19.7169    62.7642    218.3263   % 
UB: 62.76417322834645
branching on 2 with b.
56     50     9          19.7169    62.7642    218.3263   % 
UB: 62.76417322834645
branching on 2 with b.
57     51     10         19.7169    62.7642    218.3263   % 
UB: 62.76417322834645
branching on 3 with b.
58     52     11         19.7169    62.7642    218.3263   % 
UB: 62.76417322834645
branching on 1 with b.
59     53     11         19.7169    62.7642    218.3263   % 
UB: 62.76417322834645
branching on 1 with b.
60     54     10         19.7169    62.7642    218.3263   % 
UB: 62.76417322834645
branching on 3 with b.
61     55     15         19.7169    62.7642    218.3263   % 
UB: 62.76417322834645
branching on 1 with b.
62     56     15         19.7169    62.7642    218.3263   % 
UB: 62.76417322834645
branching on CartesianIndex(1, 3) with a.
63     57     13         19.7169    62.7642    218.3263   % 
UB: 62.76417322834645
branching on 2 with b.
64     58     13         19.7169    62.7642    218.3263   % 
UB: 62.76417322834645
branching on 2 with b.
65     59     15         21.6647    62.7642    189.7074   % 
UB: 62.76417322834645
branching on 1 with b.
66     60     15         21.6647    62.7642    189.7074   % 
UB: 62.76417322834645
branching on CartesianIndex(3, 3) with a.
67     61     13         21.6736    62.7642    189.5887   % 
UB: 62.76417322834645
branching on CartesianIndex(3, 2) with a.
68     62     14         21.6736    62.7642    189.5887   % 
UB: 62.76417322834645
branching on CartesianIndex(4, 2) with a.
69     63     14         21.6736    62.7642    189.5887   % 
UB: 62.76417322834645
branching on CartesianIndex(1, 3) with a.
70     64     13         21.6736    62.7642    189.5887   % 
UB: 62.76417322834645
branching on CartesianIndex(3, 2) with a.
71     65     6          21.6736    62.7642    189.5887   % 
UB: 62.76417322834645
branching on CartesianIndex(2, 2) with a.
72     66     7          21.6736    62.7642    189.5887   % 
UB: 62.76417322834645
branching on CartesianIndex(3, 2) with a.
73     67     7          21.6736    62.7642    189.5887   % 
UB: 62.76417322834645
branching on CartesianIndex(1, 3) with a.
74     68     6          21.6736    62.7642    189.5887   % 
UB: 62.76417322834645
branching on CartesianIndex(1, 3) with a.
75     69     19         21.6736    62.7642    189.5878   % 
UB: 62.76417322834645
branching on CartesianIndex(4, 3) with a.
76     70     19         21.6736    62.7642    189.5878   % 
UB: 62.76417322834645
branching on CartesianIndex(1, 4) with c.
77     71     16         21.6736    62.7642    189.5878   % 
UB: 62.76417322834645
branching on CartesianIndex(2, 3) with a.
78     72     16         21.6736    62.7642    189.5878   % 
UB: 62.76417322834645
branching on CartesianIndex(1, 4) with c.
79     73     11         21.6736    62.7642    189.5878   % 
UB: 62.76417322834645
branching on 1 with b.
80     74     11         21.6736    62.7642    189.5878   % 
UB: 62.76417322834645
branching on 1 with b.
81     75     15         23.6303    62.7642    165.6087   % 
UB: 62.76417322834645
branching on 3 with b.
82     76     15         23.6303    62.7642    165.6087   % 
UB: 62.76417322834645
branching on CartesianIndex(1, 3) with a.
83     77     14         23.6303    62.7642    165.6087   % 
UB: 62.76417322834645
branching on 3 with b.
84     78     14         23.6303    62.7642    165.6087   % 
UB: 62.76417322834645
branching on CartesianIndex(2, 3) with a.
85     79     12         23.6303    62.7642    165.6087   % 
UB: 62.76417322834645
branching on CartesianIndex(2, 2) with a.
86     80     12         23.6303    62.7642    165.6087   % 
UB: 62.76417322834645
branching on CartesianIndex(2, 2) with a.
87     81     13         23.6303    62.7642    165.6087   % 
UB: 62.76417322834645
branching on CartesianIndex(3, 2) with a.
88     82     13         23.6303    62.7642    165.6087   % 
UB: 62.76417322834645
branching on 2 with b.
89     83     18         23.6303    62.7642    165.6087   % 
UB: 62.76417322834645
branching on 2 with b.
90     84     18         23.6303    62.7642    165.6087   % 
UB: 62.76417322834645
branching on CartesianIndex(1, 4) with c.
91     85     16         23.6303    62.7642    165.6087   % 
UB: 62.76417322834645
branching on 2 with b.
92     86     16         23.6303    62.7642    165.6087   % 
UB: 62.76417322834645
branching on CartesianIndex(1, 3) with a.
93     87     15         23.6303    62.7642    165.6087   % 
UB: 62.76417322834645
branching on CartesianIndex(3, 3) with a.
94     88     15         23.6303    62.7642    165.6087   % 
UB: 62.76417322834645
branching on CartesianIndex(1, 4) with c.
95     89     9          25.5754    62.7642    145.4083   % 
UB: 62.76417322834645
branching on 2 with b.
96     90     10         25.5754    62.7642    145.4083   % 
UB: 62.76417322834645
branching on CartesianIndex(2, 2) with a.
97     91     10         25.5754    62.7642    145.4083   % 
UB: 62.76417322834645
branching on 3 with b.
98     92     9          25.5754    62.7642    145.4083   % 
LB close or above UB, fathomed
99     91     16         25.5781    62.7642    145.3828   % 
UB: 62.76417322834645
branching on CartesianIndex(4, 3) with a.
100    92     16         25.5781    62.7642    145.3828   % 
UB: 62.76417322834645
branching on CartesianIndex(1, 4) with c.
101    93     15         25.5869    62.7642    145.2976   % 
UB: 62.76417322834645
branching on CartesianIndex(2, 3) with a.
102    94     15         25.5869    62.7642    145.2976   % 
UB: 62.76417322834645
branching on CartesianIndex(1, 4) with c.
103    95     8          25.5869    62.7642    145.2976   % 
UB: 62.76417322834645
branching on CartesianIndex(4, 2) with a.
104    96     8          25.5869    62.7642    145.2976   % 
UB: 62.76417322834645
branching on CartesianIndex(1, 3) with a.
105    97     17         25.5870    62.7642    145.2970   % 
UB: 62.76417322834645
branching on CartesianIndex(3, 3) with a.
106    98     17         25.5870    62.7642    145.2970   % 
UB: 62.76417322834645
branching on CartesianIndex(1, 4) with c.
107    99     20         25.5870    62.7642    145.2970   % 
LB close or above UB, fathomed
108    98     20         25.5870    62.7642    145.2970   % 
UB: 62.76417322834645
branching on CartesianIndex(1, 5) with c.
109    99     21         25.5870    62.7642    145.2970   % 
UB: 62.76417322834645
branching on CartesianIndex(1, 6) with c.
110    100    22         25.5870    62.7642    145.2970   % 
LB close or above UB, fathomed
111    99     22         25.5870    62.7642    145.2970   % 
UB: 62.76417322834645
branching on CartesianIndex(1, 7) with c.
112    100    23         25.5870    62.7642    145.2970   % 
UB: 62.76417322834645
branching on 1 with b.
113    101    24         25.5870    62.7642    145.2970   % 
UB: 62.76417322834645
branching on 2 with b.
114    102    24         25.5870    62.7642    145.2970   % 
UB: 60.80748031496063
branching on 2 with b.
115    103    23         25.5870    60.8075    137.6498   % 
LB close or above UB, fathomed
116    102    21         25.5870    60.8075    137.6498   % 
LB close or above UB, fathomed
117    101    11         25.5870    60.8075    137.6498   % 
UB: 60.80748031496063
branching on CartesianIndex(2, 2) with a.
118    102    11         25.5870    60.8075    137.6498   % 
UB: 60.80748031496063
branching on CartesianIndex(2, 2) with a.
119    103    16         27.5436    60.8075    120.7678   % 
UB: 60.80748031496063
branching on 3 with b.
120    104    16         27.5436    60.8075    120.7678   % 
UB: 60.80748031496063
branching on 3 with b.
121    105    19         27.5437    60.8075    120.7673   % 
UB: 60.80748031496063
branching on 2 with b.
122    106    19         27.5437    60.8075    120.7673   % 
UB: 60.80748031496063
branching on 2 with b.
123    107    12         27.5437    60.8075    120.7673   % 
UB: 60.80748031496063
branching on 2 with b.
124    108    12         27.5437    60.8075    120.7673   % 
UB: 60.80748031496063
branching on CartesianIndex(1, 2) with a.
125    109    13         27.5437    60.8075    120.7673   % 
UB: 60.80748031496063
branching on 2 with b.
126    110    14         27.5437    60.8075    120.7673   % 
UB: 60.80748031496063
branching on CartesianIndex(2, 2) with a.
127    111    14         27.5437    60.8075    120.7673   % 
UB: 60.80748031496063
branching on CartesianIndex(2, 2) with a.
128    112    13         27.5437    60.8075    120.7673   % 
UB: 60.80748031496063
branching on CartesianIndex(1, 3) with a.
129    113    8          27.5437    60.8075    120.7673   % 
UB: 60.80748031496063
branching on 2 with b.
130    114    8          27.5437    60.8075    120.7673   % 
UB: 60.80748031496063
branching on 2 with b.
131    115    9          29.5004    60.8075    106.1243   % 
UB: 60.80748031496063
branching on 3 with b.
132    116    9          29.5004    60.8075    106.1243   % 
UB: 60.80748031496063
branching on CartesianIndex(3, 1) with a.
133    117    16         29.5004    60.8075    106.1243   % 
UB: 60.80748031496063
branching on CartesianIndex(2, 3) with a.
134    118    17         29.5004    60.8075    106.1243   % 
UB: 60.80748031496063
branching on CartesianIndex(3, 3) with a.
135    119    17         29.5004    60.8075    106.1243   % 
UB: 60.80748031496063
branching on CartesianIndex(1, 4) with c.
136    120    16         29.5004    60.8075    106.1243   % 
LB close or above UB, fathomed
137    119    19         29.5004    60.8075    106.1243   % 
UB: 60.80748031496063
branching on CartesianIndex(3, 3) with a.
138    120    19         29.5004    60.8075    106.1243   % 
UB: 60.80748031496063
branching on 2 with b.
139    121    11         29.5004    60.8075    106.1243   % 
UB: 60.80748031496063
branching on CartesianIndex(2, 2) with a.
140    122    12         29.5004    60.8075    106.1243   % 
UB: 60.80748031496063
branching on CartesianIndex(3, 2) with a.
141    123    12         29.5004    60.8075    106.1243   % 
UB: 60.80748031496063
branching on CartesianIndex(1, 3) with a.
142    124    13         29.5004    60.8075    106.1243   % 
UB: 60.80748031496063
branching on CartesianIndex(2, 3) with a.
143    125    14         29.5004    60.8075    106.1243   % 
UB: 60.80748031496063
branching on 3 with b.
144    126    14         29.5004    60.8075    106.1243   % 
UB: 60.80748031496063
branching on CartesianIndex(1, 4) with c.
145    127    13         29.5004    60.8075    106.1243   % 
UB: 60.80748031496063
branching on CartesianIndex(1, 4) with c.
146    128    11         29.5004    60.8075    106.1243   % 
UB: 60.80748031496063
branching on 3 with b.
147    129    15         29.5004    60.8075    106.1243   % 
UB: 60.80748031496063
branching on CartesianIndex(3, 2) with a.
148    130    15         29.5004    60.8075    106.1243   % 
UB: 60.80748031496063
branching on CartesianIndex(1, 3) with a.
149    131    9          29.5004    60.8075    106.1243   % 
UB: 60.80748031496063
branching on 1 with b.
150    132    10         29.5004    60.8075    106.1243   % 
UB: 60.80748031496063
branching on CartesianIndex(2, 3) with a.
151    133    10         29.5004    60.8075    106.1243   % 
UB: 60.80748031496063
branching on 1 with b.
152    134    9          29.5004    60.8075    106.1243   % 
UB: 60.80748031496063
branching on CartesianIndex(1, 4) with c.
153    135    14         29.5004    60.8075    106.1243   % 
UB: 60.80748031496063
branching on 3 with b.
154    136    14         29.5004    60.8075    106.1243   % 
UB: 60.80748031496063
branching on CartesianIndex(1, 3) with a.
155    137    15         29.6589    60.8075    105.0224   % 
UB: 60.80748031496063
branching on CartesianIndex(2, 3) with a.
156    138    16         29.6589    60.8075    105.0224   % 
UB: 60.80748031496063
branching on 3 with b.
157    139    16         29.6589    60.8075    105.0224   % 
UB: 60.80748031496063
branching on CartesianIndex(1, 4) with c.
158    140    15         29.6589    60.8075    105.0224   % 
LB close or above UB, fathomed
159    139    17         31.4481    60.8075    93.3579    % 
LB close or above UB, fathomed
160    138    17         31.4481    60.8075    93.3579    % 
UB: 60.80748031496063
branching on CartesianIndex(1, 5) with c.
161    139    18         31.4481    60.8075    93.3579    % 
UB: 60.80748031496063
branching on CartesianIndex(1, 6) with c.
162    140    19         31.4481    60.8075    93.3579    % 
LB close or above UB, fathomed
163    139    19         31.4481    60.8075    93.3579    % 
UB: 60.80748031496063
branching on CartesianIndex(1, 7) with c.
164    140    20         31.4481    60.8075    93.3579    % 
UB: 60.80748031496063
branching on 1 with b.
165    141    21         31.4481    60.8075    93.3579    % 
UB: 60.80748031496063
branching on 2 with b.
166    142    21         31.4481    60.8075    93.3579    % 
UB: 60.80748031496063
branching on 2 with b.
167    143    20         31.4481    60.8075    93.3579    % 
LB close or above UB, fathomed
168    142    18         31.4481    60.8075    93.3579    % 
LB close or above UB, fathomed
169    141    20         31.4571    60.8075    93.3030    % 
UB: 60.80748031496063
branching on 3 with b.
170    142    20         31.4571    60.8075    93.3030    % 
UB: 60.80748031496063
branching on 3 with b.
171    143    25         31.4571    60.8075    93.3030    % 
UB: 60.80748031496063
branching on 3 with b.
172    144    25         31.4571    60.8075    93.3030    % 
UB: 60.80748031496063
branching on 3 with b.
173    145    18         31.4571    60.8075    93.3030    % 
UB: 60.80748031496063
branching on CartesianIndex(4, 3) with a.
174    146    18         31.4571    60.8075    93.3030    % 
UB: 60.80748031496063
branching on CartesianIndex(1, 4) with c.
175    147    19         31.4571    60.8075    93.3030    % 
LB close or above UB, fathomed
176    146    19         31.4571    60.8075    93.3030    % 
UB: 60.80748031496063
branching on 1 with b.
177    147    20         31.4571    60.8075    93.3030    % 
UB: 60.80748031496063
branching on CartesianIndex(1, 5) with c.
178    148    20         31.4571    60.8075    93.3030    % 
UB: 60.80748031496063
branching on CartesianIndex(1, 5) with c.
179    149    16         31.4571    60.8075    93.3030    % 
UB: 60.80748031496063
branching on CartesianIndex(3, 3) with a.
180    150    16         31.4571    60.8075    93.3030    % 
UB: 60.80748031496063
branching on 2 with b.
181    151    12         31.4571    60.8075    93.3030    % 
LB close or above UB, fathomed
182    150    12         31.4571    60.8075    93.3030    % 
UB: 60.80748031496063
branching on 2 with b.
183    151    11         31.4571    60.8075    93.3030    % 
UB: 60.80748031496063
branching on 1 with b.
184    152    11         31.4571    60.8075    93.3030    % 
UB: 60.80748031496063
branching on CartesianIndex(1, 4) with c.
185    153    17         31.4571    60.8075    93.3030    % 
LB close or above UB, fathomed
186    152    17         31.4571    60.8075    93.3030    % 
UB: 60.80748031496063
branching on CartesianIndex(1, 3) with a.
187    153    18         31.4571    60.8075    93.3030    % 
UB: 60.80748031496063
branching on 3 with b.
188    154    19         31.4571    60.8075    93.3030    % 
LB close or above UB, fathomed
189    153    19         31.4571    60.8075    93.3030    % 
UB: 60.80748031496063
branching on CartesianIndex(2, 3) with a.
190    154    20         31.4571    60.8075    93.3030    % 
UB: 60.80748031496063
branching on CartesianIndex(3, 3) with a.
191    155    20         31.4571    60.8075    93.3030    % 
UB: 60.80748031496063
branching on CartesianIndex(1, 4) with c.
192    156    18         31.4571    60.8075    93.3030    % 
UB: 60.80748031496063
branching on CartesianIndex(1, 4) with c.
193    157    19         31.4571    60.8075    93.3030    % 
LB close or above UB, fathomed
194    156    19         31.4571    60.8075    93.3030    % 
UB: 60.80748031496063
branching on 2 with b.
195    157    20         31.4571    60.8075    93.3030    % 
UB: 60.80748031496063
branching on CartesianIndex(1, 5) with c.
196    158    20         31.4571    60.8075    93.3030    % 
UB: 60.80748031496063
branching on CartesianIndex(1, 5) with c.
197    159    12         31.4571    60.8075    93.3030    % 
UB: 60.80748031496063
branching on CartesianIndex(2, 3) with a.
198    160    12         31.4571    60.8075    93.3030    % 
LB close or above UB, fathomed
199    159    8          31.4571    60.8075    93.3030    % 
UB: 60.80748031496063
branching on 1 with b.
200    160    9          31.4571    60.8075    93.3030    % 
UB: 60.80748031496063
branching on 1 with b.
201    161    9          31.4571    60.8075    93.3030    % 
LB close or above UB, fathomed
202    160    8          31.4571    60.8075    93.3030    % 
LB close or above UB, fathomed
203    159    16         31.4571    60.8075    93.3030    % 
LB close or above UB, fathomed
204    158    16         31.4571    60.8075    93.3030    % 
UB: 60.80748031496063
branching on CartesianIndex(1, 5) with c.
205    159    17         31.4571    60.8075    93.3030    % 
UB: 60.80748031496063
branching on CartesianIndex(1, 6) with c.
206    160    18         31.4571    60.8075    93.3030    % 
LB close or above UB, fathomed
207    159    18         31.4571    60.8075    93.3030    % 
UB: 60.80748031496063
branching on 3 with b.
208    160    19         31.4571    60.8075    93.3030    % 
UB: 60.80748031496063
branching on CartesianIndex(1, 7) with c.
209    161    20         31.4571    60.8075    93.3030    % 
UB: 60.80748031496063
branching on 1 with b.
210    162    21         31.4571    60.8075    93.3030    % 
UB: 60.80748031496063
branching on 2 with b.
211    163    21         31.4571    60.8075    93.3030    % 
LB close or above UB, fathomed
212    162    20         31.4571    60.8075    93.3030    % 
LB close or above UB, fathomed
213    161    19         31.4571    60.8075    93.3030    % 
LB close or above UB, fathomed
214    160    17         31.4571    60.8075    93.3030    % 
UB: 60.80748031496063
branching on CartesianIndex(1, 6) with c.
215    161    17         33.4137    60.8075    81.9836    % 
UB: 60.80748031496063
branching on CartesianIndex(1, 4) with c.
216    162    18         33.4137    60.8075    81.9836    % 
UB: 60.80748031496063
branching on CartesianIndex(1, 5) with c.
217    163    18         33.4137    60.8075    81.9836    % 
UB: 60.80748031496063
branching on CartesianIndex(1, 5) with c.
218    164    19         33.4137    60.8075    81.9836    % 
UB: 60.80748031496063
branching on CartesianIndex(1, 6) with c.
219    165    19         33.4137    60.8075    81.9836    % 
UB: 60.80748031496063
branching on CartesianIndex(1, 6) with c.
220    166    17         33.4137    60.8075    81.9836    % 
UB: 60.80748031496063
branching on CartesianIndex(1, 4) with c.
221    167    26         33.4138    60.8075    81.9832    % 
UB: 60.80748031496063
branching on 1 with b.
222    168    27         33.4138    60.8075    81.9832    % 
UB: 60.80748031496063
branching on 2 with b.
223    169    27         33.4138    60.8075    81.9832    % 
UB: 60.80748031496063
branching on 2 with b.
224    170    28         33.4138    60.8075    81.9832    % 
LB close or above UB, fathomed
225    169    28         33.4138    60.8075    81.9832    % 
UB: 60.80748031496063
branching on 3 with b.
226    170    29         33.4138    60.8075    81.9832    % 
UB: 60.80748031496063
branching on 1 with b.
227    171    30         33.4138    60.8075    81.9832    % 
UB: 60.80748031496063
branching on 2 with b.
228    172    30         33.4138    60.8075    81.9832    % 
UB: 60.80748031496063
branching on 2 with b.
229    173    29         33.4138    60.8075    81.9832    % 
LB close or above UB, fathomed
230    172    26         33.4138    60.8075    81.9832    % 
LB close or above UB, fathomed
231    171    25         33.4138    60.8075    81.9832    % 
UB: 60.80748031496063
branching on 3 with b.
232    172    25         33.4138    60.8075    81.9832    % 
UB: 60.80748031496063
branching on 3 with b.
233    173    16         33.4138    60.8075    81.9832    % 
UB: 60.80748031496063
branching on CartesianIndex(4, 2) with a.
234    174    17         33.4138    60.8075    81.9832    % 
UB: 60.80748031496063
branching on CartesianIndex(1, 3) with a.
235    175    17         33.4138    60.8075    81.9832    % 
UB: 60.80748031496063
branching on CartesianIndex(1, 3) with a.
236    176    18         33.4138    60.8075    81.9832    % 
UB: 60.80748031496063
branching on CartesianIndex(2, 3) with a.
237    177    18         33.4138    60.8075    81.9832    % 
LB close or above UB, fathomed
238    176    16         33.4138    60.8075    81.9832    % 
UB: 60.80748031496063
branching on CartesianIndex(1, 3) with a.
239    177    15         33.4138    60.8075    81.9832    % 
LB close or above UB, fathomed
240    176    15         33.4138    60.8075    81.9832    % 
UB: 60.80748031496063
branching on 3 with b.
241    177    16         33.4138    60.8075    81.9832    % 
UB: 60.80748031496063
branching on 1 with b.
242    178    17         33.4138    60.8075    81.9832    % 
UB: 60.80748031496063
branching on 2 with b.
243    179    17         33.4138    60.8075    81.9832    % 
UB: 60.80748031496063
branching on 2 with b.
244    180    16         33.4138    60.8075    81.9832    % 
UB: 60.80748031496063
branching on CartesianIndex(1, 5) with c.
245    181    12         33.4138    60.8075    81.9832    % 
UB: 60.80748031496063
branching on CartesianIndex(3, 2) with a.
246    182    13         33.4138    60.8075    81.9832    % 
UB: 60.80748031496063
branching on CartesianIndex(4, 2) with a.
247    183    13         33.4138    60.8075    81.9832    % 
UB: 60.80748031496063
branching on CartesianIndex(1, 3) with a.
248    184    14         33.4138    60.8075    81.9832    % 
UB: 60.80748031496063
branching on 1 with b.
249    185    15         33.4138    60.8075    81.9832    % 
UB: 60.80748031496063
branching on CartesianIndex(2, 3) with a.
250    186    15         33.4138    60.8075    81.9832    % 
UB: 60.80748031496063
branching on CartesianIndex(2, 3) with a.
251    187    14         33.4138    60.8075    81.9832    % 
UB: 60.80748031496063
branching on CartesianIndex(1, 4) with c.
252    188    12         33.4138    60.8075    81.9832    % 
UB: 60.80748031496063
branching on CartesianIndex(1, 3) with a.
253    189    11         33.4138    60.8075    81.9832    % 
UB: 60.80748031496063
branching on CartesianIndex(3, 2) with a.
254    190    11         33.4138    60.8075    81.9832    % 
LB close or above UB, fathomed
255    189    15         33.4138    60.8075    81.9832    % 
UB: 60.80748031496063
branching on CartesianIndex(2, 3) with a.
256    190    15         33.4138    60.8075    81.9832    % 
LB close or above UB, fathomed
257    189    17         33.4138    60.8075    81.9832    % 
LB close or above UB, fathomed
258    188    17         33.4138    60.8075    81.9832    % 
UB: 60.80748031496063
branching on 1 with b.
259    189    18         33.4138    60.8075    81.9832    % 
UB: 60.80748031496063
branching on 2 with b.
260    190    18         33.4138    60.8075    81.9832    % 
UB: 60.80748031496063
branching on CartesianIndex(1, 5) with c.
261    191    14         33.4138    60.8075    81.9832    % 
UB: 60.80748031496063
branching on CartesianIndex(1, 4) with c.
262    192    14         33.4138    60.8075    81.9832    % 
UB: 60.80748031496063
branching on 1 with b.
263    193    22         33.4138    60.8075    81.9832    % 
UB: 60.80748031496063
branching on 3 with b.
264    194    23         33.4138    60.8075    81.9832    % 
LB close or above UB, fathomed
265    193    23         33.4138    60.8075    81.9832    % 
UB: 60.80748031496063
branching on 1 with b.
266    194    22         33.4138    60.8075    81.9832    % 
UB: 60.80748031496063
branching on 3 with b.
267    195    10         33.4138    60.8075    81.9832    % 
UB: 60.80748031496063
branching on CartesianIndex(2, 3) with a.
268    196    10         33.4138    60.8075    81.9832    % 
UB: 60.80748031496063
branching on CartesianIndex(2, 3) with a.
269    197    11         33.4138    60.8075    81.9832    % 
UB: 60.80748031496063
branching on 2 with b.
270    198    11         33.4138    60.8075    81.9832    % 
LB close or above UB, fathomed
271    197    13         33.4138    60.8075    81.9832    % 
UB: 60.80748031496063
branching on 2 with b.
272    198    13         33.4138    60.8075    81.9832    % 
UB: 60.80748031496063
branching on 2 with b.
273    199    14         33.4138    60.8075    81.9832    % 
UB: 60.80748031496063
branching on 3 with b.
274    200    14         33.4138    60.8075    81.9832    % 
UB: 60.80748031496063
branching on CartesianIndex(1, 3) with a.
275    201    15         33.4138    60.8075    81.9832    % 
UB: 60.80748031496063
branching on CartesianIndex(2, 3) with a.
276    202    16         33.4138    60.8075    81.9832    % 
UB: 60.80748031496063
branching on CartesianIndex(3, 3) with a.
277    203    17         33.4138    60.8075    81.9832    % 
UB: 60.80748031496063
branching on CartesianIndex(4, 3) with a.
278    204    17         33.4138    60.8075    81.9832    % 
UB: 60.80748031496063
branching on 3 with b.
279    205    16         33.4138    60.8075    81.9832    % 
LB close or above UB, fathomed
280    204    15         33.4138    60.8075    81.9832    % 
UB: 60.80748031496063
branching on CartesianIndex(1, 4) with c.
281    205    14         33.4138    60.8075    81.9832    % 
UB: 60.80748031496063
branching on CartesianIndex(4, 2) with a.
282    206    15         33.4138    60.8075    81.9832    % 
UB: 60.80748031496063
branching on CartesianIndex(1, 3) with a.
283    207    15         33.4138    60.8075    81.9832    % 
UB: 60.80748031496063
branching on CartesianIndex(1, 3) with a.
284    208    14         33.4138    60.8075    81.9832    % 
UB: 60.80748031496063
branching on 2 with b.
285    209    20         35.3704    60.8075    71.9162    % 
LB close or above UB, fathomed
286    208    20         35.3704    60.8075    71.9162    % 
UB: 60.80748031496063
branching on CartesianIndex(1, 7) with c.
287    209    21         35.3704    60.8075    71.9162    % 
UB: 60.80748031496063
branching on 1 with b.
288    210    22         35.3704    60.8075    71.9162    % 
UB: 60.80748031496063
branching on 2 with b.
289    211    23         35.3704    60.8075    71.9162    % 
LB close or above UB, fathomed
290    210    23         35.3704    60.8075    71.9162    % 
UB: 60.80748031496063
branching on 3 with b.
291    211    24         35.3704    60.8075    71.9162    % 
LB close or above UB, fathomed
292    210    24         35.3704    60.8075    71.9162    % 
UB: 60.80748031496063
branching on 1 with b.
293    211    22         35.3704    60.8075    71.9162    % 
UB: 60.80748031496063
branching on 2 with b.
294    212    21         35.3704    60.8075    71.9162    % 
LB close or above UB, fathomed
295    211    21         35.3705    60.8075    71.9159    % 
LB close or above UB, fathomed
296    210    21         35.3705    60.8075    71.9159    % 
UB: 60.80748031496063
branching on CartesianIndex(3, 3) with a.
297    211    22         35.3705    60.8075    71.9159    % 
UB: 60.80748031496063
branching on CartesianIndex(4, 3) with a.
298    212    22         35.3705    60.8075    71.9159    % 
UB: 60.80748031496063
branching on 1 with b.
299    213    26         35.3705    60.8075    71.9159    % 
UB: 60.80748031496063
branching on 1 with b.
300    214    26         35.3705    60.8075    71.9159    % 
LB close or above UB, fathomed
301    213    27         35.3705    60.8075    71.9159    % 
UB: 60.80748031496063
branching on 2 with b.
302    214    27         35.3705    60.8075    71.9159    % 
UB: 60.80748031496063
branching on 2 with b.
303    215    28         35.3705    60.8075    71.9159    % 
UB: 60.80748031496063
branching on 3 with b.
304    216    29         35.3705    60.8075    71.9159    % 
UB: 60.80748031496063
branching on 1 with b.
305    217    30         35.3705    60.8075    71.9159    % 
UB: 60.80748031496063
branching on 2 with b.
306    218    30         35.3705    60.8075    71.9159    % 
UB: 60.80748031496063
branching on 2 with b.
307    219    29         35.3705    60.8075    71.9159    % 
LB close or above UB, fathomed
308    218    28         35.3705    60.8075    71.9159    % 
LB close or above UB, fathomed
309    217    19         35.3705    60.8075    71.9159    % 
UB: 60.80748031496063
branching on CartesianIndex(3, 3) with a.
310    218    19         35.3705    60.8075    71.9159    % 
UB: 60.80748031496063
branching on CartesianIndex(1, 4) with c.
311    219    12         35.3705    60.8075    71.9159    % 
UB: 60.80748031496063
branching on CartesianIndex(3, 3) with a.
312    220    13         35.3705    60.8075    71.9159    % 
UB: 60.80748031496063
branching on 3 with b.
313    221    13         35.3705    60.8075    71.9159    % 
UB: 60.80748031496063
branching on 3 with b.
314    222    12         35.3705    60.8075    71.9159    % 
UB: 60.80748031496063
branching on 3 with b.
315    223    24         35.3705    60.8075    71.9159    % 
UB: 60.80748031496063
branching on 2 with b.
316    224    24         35.3705    60.8075    71.9159    % 
UB: 60.80748031496063
branching on 2 with b.
317    225    18         35.3705    60.8075    71.9159    % 
UB: 60.80748031496063
branching on CartesianIndex(1, 5) with c.
318    226    19         35.3705    60.8075    71.9159    % 
UB: 60.80748031496063
branching on CartesianIndex(1, 6) with c.
319    227    20         35.3705    60.8075    71.9159    % 
LB close or above UB, fathomed
320    226    20         35.3705    60.8075    71.9159    % 
UB: 60.80748031496063
branching on CartesianIndex(1, 7) with c.
321    227    21         35.3705    60.8075    71.9159    % 
UB: 60.80748031496063
branching on 3 with b.
322    228    22         35.3705    60.8075    71.9159    % 
UB: 60.80748031496063
branching on 1 with b.
323    229    22         35.3705    60.8075    71.9159    % 
UB: 60.80748031496063
branching on 1 with b.
324    230    21         35.3705    60.8075    71.9159    % 
LB close or above UB, fathomed
325    229    19         35.3705    60.8075    71.9159    % 
UB: 60.80748031496063
branching on CartesianIndex(1, 6) with c.
326    230    18         35.3705    60.8075    71.9159    % 
UB: 60.80748031496063
branching on CartesianIndex(1, 5) with c.
327    231    21         35.3705    60.8075    71.9159    % 
UB: 60.80748031496063
branching on CartesianIndex(1, 6) with c.
328    232    22         35.3705    60.8075    71.9159    % 
LB close or above UB, fathomed
329    231    22         35.3705    60.8075    71.9159    % 
UB: 60.80748031496063
branching on 3 with b.
330    232    23         35.3705    60.8075    71.9159    % 
UB: 60.80748031496063
branching on CartesianIndex(1, 7) with c.
331    233    24         35.3705    60.8075    71.9159    % 
UB: 60.80748031496063
branching on 1 with b.
332    234    25         35.3705    60.8075    71.9159    % 
UB: 60.80748031496063
branching on 2 with b.
333    235    26         35.3705    60.8075    71.9159    % 
UB: 60.80748031496063
branching on 3 with b.
334    236    27         35.3705    60.8075    71.9159    % 
UB: 60.80748031496063
branching on 1 with b.
335    237    28         35.3705    60.8075    71.9159    % 
UB: 60.80748031496062
branching on 2 with b.
336    238    29         35.3705    60.8075    71.9159    % 
UB: 60.80748031496062
branching on 3 with b.
337    239    29         35.3705    60.8075    71.9159    % 
LB close or above UB, fathomed
338    238    28         35.3705    60.8075    71.9159    % 
UB: 60.80748031496062
branching on 2 with b.
339    239    27         35.3705    60.8075    71.9159    % 
UB: 60.80748031496062
branching on 1 with b.
340    240    26         35.3705    60.8075    71.9159    % 
LB close or above UB, fathomed
341    239    25         35.3705    60.8075    71.9159    % 
UB: 60.80748031496062
branching on 2 with b.
342    240    24         35.3705    60.8075    71.9159    % 
LB close or above UB, fathomed
343    239    23         35.3705    60.8075    71.9159    % 
LB close or above UB, fathomed
344    238    21         35.3705    60.8075    71.9159    % 
LB close or above UB, fathomed
345    237    13         35.3705    60.8075    71.9159    % 
UB: 60.80748031496062
branching on CartesianIndex(1, 2) with a.
346    238    13         35.3705    60.8075    71.9159    % 
UB: 60.80748031496062
branching on CartesianIndex(1, 2) with a.
347    239    14         35.3705    60.8075    71.9159    % 
UB: 60.80748031496062
branching on CartesianIndex(2, 2) with a.
348    240    15         35.3705    60.8075    71.9159    % 
UB: 60.80748031496062
branching on CartesianIndex(3, 2) with a.
349    241    16         35.3705    60.8075    71.9159    % 
UB: 60.80748031496062
branching on 3 with b.
350    242    16         35.3705    60.8075    71.9159    % 
UB: 60.80748031496062
branching on CartesianIndex(1, 3) with a.
351    243    15         35.3705    60.8075    71.9159    % 
UB: 60.80748031496062
branching on CartesianIndex(1, 3) with a.
352    244    14         35.3705    60.8075    71.9159    % 
UB: 60.80748031496062
branching on CartesianIndex(1, 3) with a.
353    245    17         35.3705    60.8075    71.9159    % 
UB: 60.80748031496062
branching on CartesianIndex(2, 3) with a.
354    246    18         35.3705    60.8075    71.9159    % 
UB: 60.80748031496062
branching on CartesianIndex(3, 3) with a.
355    247    18         35.3705    60.8075    71.9159    % 
UB: 60.80748031496062
branching on CartesianIndex(1, 4) with c.
356    248    17         35.3705    60.8075    71.9159    % 
UB: 60.80748031496062
branching on CartesianIndex(1, 4) with c.
357    249    13         35.3705    60.8075    71.9159    % 
UB: 60.80748031496062
branching on CartesianIndex(3, 2) with a.
358    250    14         35.3705    60.8075    71.9159    % 
UB: 60.80748031496062
branching on CartesianIndex(4, 2) with a.
359    251    15         35.3705    60.8075    71.9159    % 
UB: 60.80748031496062
branching on CartesianIndex(1, 3) with a.
360    252    15         35.3705    60.8075    71.9159    % 
UB: 60.80748031496062
branching on CartesianIndex(1, 3) with a.
361    253    14         35.3705    60.8075    71.9159    % 
UB: 60.80748031496062
branching on CartesianIndex(1, 3) with a.
362    254    13         35.3705    60.8075    71.9159    % 
UB: 60.80748031496062
branching on CartesianIndex(1, 3) with a.
363    255    9          35.3705    60.8075    71.9159    % 
UB: 60.80748031496062
branching on 2 with b.
364    256    10         35.3705    60.8075    71.9159    % 
UB: 60.80748031496062
branching on 3 with b.
365    257    11         35.3705    60.8075    71.9159    % 
UB: 60.80748031496062
branching on CartesianIndex(4, 1) with a.
366    258    12         35.3705    60.8075    71.9159    % 
UB: 60.80748031496062
branching on CartesianIndex(1, 2) with a.
367    259    12         35.3705    60.8075    71.9159    % 
UB: 60.80748031496062
branching on 1 with b.
368    260    11         35.3705    60.8075    71.9159    % 
UB: 60.80748031496062
branching on 1 with b.
369    261    10         35.3705    60.8075    71.9159    % 
UB: 60.80748031496062
branching on CartesianIndex(4, 1) with a.
370    262    9          35.3705    60.8075    71.9159    % 
UB: 60.80748031496062
branching on 2 with b.
371    263    12         36.3521    60.8075    67.2738    % 
UB: 60.80748031496062
branching on CartesianIndex(1, 3) with a.
372    264    12         36.3521    60.8075    67.2738    % 
LB close or above UB, fathomed
373    263    4          37.2059    60.8075    63.4352    % 
LB close or above UB, fathomed
374    262    4          37.2059    60.8075    63.4352    % 
UB: 60.80748031496062
branching on 1 with b.
375    263    5          37.2099    60.8075    63.4175    % 
UB: 60.80748031496062
branching on 1 with b.
376    264    6          37.2099    60.8075    63.4175    % 
UB: 60.80748031496062
branching on 3 with b.
377    265    6          37.2099    60.8075    63.4175    % 
UB: 60.80748031496062
branching on CartesianIndex(1, 1) with a.
378    266    5          37.2099    60.8075    63.4175    % 
LB close or above UB, fathomed
379    265    7          37.2431    60.8075    63.2717    % 
UB: 60.80748031496062
branching on 3 with b.
380    266    8          37.2431    60.8075    63.2717    % 
UB: 60.80748031496062
branching on CartesianIndex(2, 1) with a.
381    267    8          37.2431    60.8075    63.2717    % 
UB: 60.80748031496062
branching on CartesianIndex(2, 1) with a.
382    268    7          37.2431    60.8075    63.2717    % 
UB: 60.80748031496062
branching on 3 with b.
383    269    25         37.3271    60.8075    62.9044    % 
UB: 60.80748031496062
branching on 2 with b.
384    270    25         37.3271    60.8075    62.9044    % 
UB: 60.80748031496062
branching on 2 with b.
385    271    9          37.3271    60.8075    62.9044    % 
UB: 60.80748031496062
branching on CartesianIndex(1, 3) with a.
386    272    9          37.3271    60.8075    62.9044    % 
UB: 60.80748031496062
branching on CartesianIndex(1, 3) with a.
387    273    17         37.3272    60.8075    62.9041    % 
LB close or above UB, fathomed
388    272    17         37.3272    60.8075    62.9041    % 
UB: 60.80748031496062
branching on CartesianIndex(4, 2) with a.
389    273    16         37.3272    60.8075    62.9041    % 
UB: 60.80748031496062
branching on CartesianIndex(2, 3) with a.
390    274    16         37.3272    60.8075    62.9041    % 
LB close or above UB, fathomed
391    273    30         37.3272    60.8075    62.9041    % 
UB: 60.80748031496062
branching on 1 with b.
392    274    30         37.3272    60.8075    62.9041    % 
UB: 60.80748031496062
branching on 1 with b.
393    275    19         37.3272    60.8075    62.9041    % 
UB: 60.80748031496062
branching on CartesianIndex(1, 6) with c.
394    276    20         37.3272    60.8075    62.9041    % 
LB close or above UB, fathomed
395    275    20         37.3272    60.8075    62.9041    % 
UB: 60.80748031496062
branching on CartesianIndex(1, 7) with c.
396    276    21         37.3272    60.8075    62.9041    % 
UB: 60.80748031496062
branching on 2 with b.
397    277    22         37.3272    60.8075    62.9041    % 
LB close or above UB, fathomed
398    276    22         37.3272    60.8075    62.9041    % 
UB: 60.80748031496062
branching on 3 with b.
399    277    23         37.3272    60.8075    62.9041    % 
UB: 60.80748031496062
branching on 1 with b.
400    278    24         37.3272    60.8075    62.9041    % 
UB: 60.80748031496062
branching on 2 with b.
401    279    25         37.3272    60.8075    62.9041    % 
UB: 60.80748031496062
branching on 3 with b.
402    280    25         37.3272    60.8075    62.9041    % 
UB: 60.80748031496062
branching on 3 with b.
403    281    24         37.3272    60.8075    62.9041    % 
UB: 60.80748031496062
branching on 2 with b.
404    282    23         37.3272    60.8075    62.9041    % 
LB close or above UB, fathomed
405    281    21         37.3272    60.8075    62.9041    % 
LB close or above UB, fathomed
406    280    19         37.3272    60.8075    62.9041    % 
LB close or above UB, fathomed
407    279    26         37.3272    60.8075    62.9041    % 
UB: 60.80748031496062
branching on 1 with b.
408    280    27         37.3272    60.8075    62.9041    % 
UB: 60.80748031496062
branching on 2 with b.
409    281    28         37.3272    60.8075    62.9041    % 
UB: 60.80748031496062
branching on 3 with b.
410    282    29         37.3272    60.8075    62.9041    % 
UB: 60.80748031496062
branching on 1 with b.
411    283    30         37.3272    60.8075    62.9041    % 
UB: 60.80748031496062
branching on 2 with b.
412    284    31         37.3272    60.8075    62.9041    % 
UB: 60.80748031496062
branching on 3 with b.
413    285    31         37.3272    60.8075    62.9041    % 
LB close or above UB, fathomed
414    284    30         37.3272    60.8075    62.9041    % 
UB: 60.80748031496062
branching on 2 with b.
415    285    29         37.3272    60.8075    62.9041    % 
UB: 60.80748031496062
branching on 1 with b.
416    286    28         37.3272    60.8075    62.9041    % 
LB close or above UB, fathomed
417    285    27         37.3272    60.8075    62.9041    % 
UB: 60.80748031496062
branching on 2 with b.
418    286    26         37.3272    60.8075    62.9041    % 
LB close or above UB, fathomed
419    285    31         37.3272    60.8075    62.9041    % 
UB: 60.80748031496062
branching on 3 with b.
420    286    31         37.3272    60.8075    62.9041    % 
UB: 60.80748031496062
branching on 3 with b.
421    287    21         37.3272    60.8075    62.9041    % 
UB: 60.80748031496062
branching on CartesianIndex(4, 3) with a.
422    288    21         37.3272    60.8075    62.9041    % 
UB: 60.80748031496062
branching on CartesianIndex(1, 4) with c.
423    289    13         37.3272    60.8075    62.9041    % 
LB close or above UB, fathomed
424    288    13         37.3272    60.8075    62.9041    % 
UB: 60.80748031496062
branching on CartesianIndex(2, 2) with a.
425    289    14         37.3272    60.8075    62.9041    % 
UB: 60.80748031496062
branching on CartesianIndex(3, 2) with a.
426    290    14         37.3272    60.8075    62.9041    % 
UB: 60.80748031496062
branching on CartesianIndex(1, 3) with a.
427    291    17         37.3272    60.8075    62.9041    % 
UB: 60.80748031496062
branching on 2 with b.
428    292    17         37.3272    60.8075    62.9041    % 
UB: 60.80748031496062
branching on 2 with b.
429    293    21         37.3272    60.8075    62.9041    % 
UB: 60.80748031496062
branching on CartesianIndex(1, 6) with c.
430    294    22         37.3272    60.8075    62.9041    % 
LB close or above UB, fathomed
431    293    22         37.3272    60.8075    62.9041    % 
UB: 60.80748031496062
branching on CartesianIndex(1, 7) with c.
432    294    23         37.3272    60.8075    62.9041    % 
UB: 60.80748031496062
branching on 2 with b.
433    295    24         37.3272    60.8075    62.9041    % 
LB close or above UB, fathomed
434    294    24         37.3272    60.8075    62.9041    % 
UB: 60.80748031496062
branching on 3 with b.
435    295    25         37.3272    60.8075    62.9041    % 
UB: 60.80748031496062
branching on 1 with b.
436    296    26         37.3272    60.8075    62.9041    % 
UB: 60.80748031496062
branching on 2 with b.
437    297    26         37.3272    60.8075    62.9041    % 
UB: 60.80748031496062
branching on 2 with b.
438    298    25         37.3272    60.8075    62.9041    % 
LB close or above UB, fathomed
439    297    23         37.3272    60.8075    62.9041    % 
LB close or above UB, fathomed
440    296    21         37.3272    60.8075    62.9041    % 
LB close or above UB, fathomed
441    295    21         37.3272    60.8075    62.9041    % 
LB close or above UB, fathomed
442    294    21         37.3272    60.8075    62.9041    % 
UB: 60.80748031496062
branching on CartesianIndex(3, 3) with a.
443    295    22         37.3272    60.8075    62.9041    % 
UB: 60.80748031496062
branching on CartesianIndex(4, 3) with a.
444    296    22         37.3272    60.8075    62.9041    % 
UB: 60.80748031496062
branching on CartesianIndex(1, 4) with c.
445    297    10         37.3272    60.8075    62.9041    % 
UB: 60.80748031496062
branching on CartesianIndex(3, 1) with a.
446    298    10         37.3272    60.8075    62.9041    % 
UB: 60.80748031496062
branching on 1 with b.
447    299    11         37.3272    60.8075    62.9041    % 
UB: 60.80748031496062
branching on 2 with b.
448    300    12         37.3272    60.8075    62.9041    % 
LB close or above UB, fathomed
449    299    12         37.3272    60.8075    62.9041    % 
UB: 60.80748031496062
branching on CartesianIndex(3, 1) with a.
450    300    13         37.3272    60.8075    62.9041    % 
UB: 60.80748031496062
branching on CartesianIndex(4, 1) with a.
451    301    13         37.3272    60.8075    62.9041    % 
UB: 60.80748031496062
branching on CartesianIndex(1, 2) with a.
452    302    11         37.3272    60.8075    62.9041    % 
UB: 60.80748031496062
branching on CartesianIndex(3, 1) with a.
453    303    7          37.3272    60.8075    62.9041    % 
UB: 60.80748031496062
branching on CartesianIndex(2, 3) with a.
454    304    8          37.3272    60.8075    62.9041    % 
UB: 60.80748031496062
branching on CartesianIndex(3, 3) with a.
455    305    8          37.3272    60.8075    62.9041    % 
LB close or above UB, fathomed
456    304    7          37.3272    60.8075    62.9041    % 
LB close or above UB, fathomed
457    303    19         37.3272    60.8075    62.9041    % 
LB close or above UB, fathomed
458    302    19         37.3272    60.8075    62.9041    % 
UB: 60.80748031496062
branching on CartesianIndex(1, 5) with c.
459    303    20         37.3272    60.8075    62.9041    % 
UB: 60.80748031496062
branching on CartesianIndex(1, 6) with c.
460    304    20         37.3272    60.8075    62.9041    % 
LB close or above UB, fathomed
461    303    21         37.3272    60.8075    62.9041    % 
LB close or above UB, fathomed
462    302    21         37.3272    60.8075    62.9041    % 
UB: 60.80748031496062
branching on CartesianIndex(1, 7) with c.
463    303    11         37.3272    60.8075    62.9041    % 
UB: 60.80748031496062
branching on CartesianIndex(4, 1) with a.
464    304    12         37.3272    60.8075    62.9041    % 
UB: 60.80748031496062
branching on 1 with b.
465    305    13         37.3272    60.8075    62.9041    % 
UB: 60.80748031496062
branching on CartesianIndex(1, 2) with a.
466    306    13         37.3272    60.8075    62.9041    % 
LB close or above UB, fathomed
467    305    12         37.3272    60.8075    62.9041    % 
UB: 60.80748031496062
branching on 1 with b.
468    306    11         37.3272    60.8075    62.9041    % 
UB: 60.80748031496062
branching on CartesianIndex(1, 2) with a.
469    307    32         37.3272    60.8075    62.9041    % 
UB: 60.80748031496062
branching on 1 with b.
470    308    32         37.3272    60.8075    62.9041    % 
UB: 60.80748031496062
branching on 1 with b.
471    309    31         37.3272    60.8075    62.9041    % 
UB: 60.80748031496062
branching on 3 with b.
472    310    31         37.3272    60.8075    62.9041    % 
LB close or above UB, fathomed
473    309    11         37.3272    60.8075    62.9041    % 
UB: 60.80748031496062
branching on 3 with b.
474    310    11         37.3272    60.8075    62.9041    % 
UB: 60.80748031496062
branching on 3 with b.
475    311    15         37.3272    60.8075    62.9041    % 
UB: 60.80748031496062
branching on CartesianIndex(2, 3) with a.
476    312    15         37.3272    60.8075    62.9041    % 
LB close or above UB, fathomed
477    311    16         37.3272    60.8075    62.9041    % 
UB: 60.80748031496062
branching on CartesianIndex(2, 3) with a.
478    312    17         37.3272    60.8075    62.9041    % 
UB: 60.80748031496062
branching on CartesianIndex(3, 3) with a.
479    313    18         37.3272    60.8075    62.9041    % 
UB: 60.80748031496062
branching on CartesianIndex(4, 3) with a.
480    314    18         37.3272    60.8075    62.9041    % 
UB: 60.80748031496062
branching on 2 with b.
481    315    17         37.3272    60.8075    62.9041    % 
LB close or above UB, fathomed
482    314    16         37.3272    60.8075    62.9041    % 
LB close or above UB, fathomed
483    313    29         37.3272    60.8075    62.9041    % 
UB: 60.80748031496062
branching on 3 with b.
484    314    29         37.3272    60.8075    62.9041    % 
LB close or above UB, fathomed
485    313    13         37.3272    60.8075    62.9041    % 
UB: 60.80748031496062
branching on CartesianIndex(3, 3) with a.
486    314    13         37.3272    60.8075    62.9041    % 
LB close or above UB, fathomed
487    313    17         37.3272    60.8075    62.9041    % 
LB close or above UB, fathomed
488    312    17         37.3272    60.8075    62.9041    % 
UB: 60.80748031496062
branching on CartesianIndex(1, 5) with c.
489    313    18         37.3272    60.8075    62.9041    % 
UB: 60.80748031496062
branching on 3 with b.
490    314    19         37.3272    60.8075    62.9041    % 
UB: 60.80748031496062
branching on CartesianIndex(1, 6) with c.
491    315    20         37.3272    60.8075    62.9041    % 
LB close or above UB, fathomed
492    314    20         37.3272    60.8075    62.9041    % 
UB: 60.80748031496062
branching on CartesianIndex(1, 7) with c.
493    315    21         37.3272    60.8075    62.9041    % 
UB: 60.80748031496062
branching on 1 with b.
494    316    22         37.3272    60.8075    62.9041    % 
UB: 60.80748031496062
branching on 2 with b.
495    317    22         37.3272    60.8075    62.9041    % 
LB close or above UB, fathomed
496    316    21         37.3272    60.8075    62.9041    % 
LB close or above UB, fathomed
497    315    19         37.3272    60.8075    62.9041    % 
LB close or above UB, fathomed
498    314    18         37.3272    60.8075    62.9041    % 
UB: 60.80748031496062
branching on 3 with b.
499    315    14         37.3272    60.8075    62.9041    % 
UB: 60.80748031496062
branching on CartesianIndex(2, 3) with a.
500    316    14         37.3272    60.8075    62.9041    % 
LB close or above UB, fathomed
501    315    12         37.3272    60.8075    62.9041    % 
LB close or above UB, fathomed
502    314    12         37.3272    60.8075    62.9041    % 
UB: 60.80748031496062
branching on CartesianIndex(1, 2) with a.
503    315    13         37.3272    60.8075    62.9041    % 
UB: 60.80748031496062
branching on CartesianIndex(2, 2) with a.
504    316    13         37.3272    60.8075    62.9041    % 
UB: 60.80748031496062
branching on CartesianIndex(1, 3) with a.
505    317    20         37.3272    60.8075    62.9041    % 
LB close or above UB, fathomed
506    316    20         37.3272    60.8075    62.9041    % 
UB: 60.80748031496062
branching on CartesianIndex(1, 5) with c.
507    317    21         37.3272    60.8075    62.9041    % 
UB: 60.80748031496062
branching on 3 with b.
508    318    22         37.3272    60.8075    62.9041    % 
LB close or above UB, fathomed
509    317    22         37.3272    60.8075    62.9041    % 
UB: 60.80748031496062
branching on CartesianIndex(1, 6) with c.
510    318    23         37.3272    60.8075    62.9041    % 
LB close or above UB, fathomed
511    317    23         37.3272    60.8075    62.9041    % 
UB: 60.80748031496062
branching on CartesianIndex(1, 7) with c.
512    318    21         37.3272    60.8075    62.9041    % 
UB: 60.80748031496062
branching on 3 with b.
513    319    14         37.3642    60.8075    62.7424    % 
UB: 60.80748031496062
branching on CartesianIndex(3, 2) with a.
514    320    14         37.3642    60.8075    62.7424    % 
UB: 60.80748031496062
branching on CartesianIndex(1, 3) with a.
515    321    15         37.7495    60.8075    61.0814    % 
UB: 60.80748031496062
branching on CartesianIndex(3, 2) with a.
516    322    15         37.7495    60.8075    61.0814    % 
UB: 60.80748031496062
branching on CartesianIndex(1, 3) with a.
517    323    9          39.2123    60.8075    55.0727    % 
UB: 60.80748031496062
branching on CartesianIndex(3, 1) with a.
518    324    9          39.2123    60.8075    55.0727    % 
UB: 60.80748031496062
branching on CartesianIndex(1, 3) with a.
519    325    5          39.2339    60.8075    54.9873    % 
UB: 60.80748031496062
branching on 1 with b.
520    326    6          39.2339    60.8075    54.9873    % 
UB: 60.80748031496062
branching on 1 with b.
521    327    6          39.2339    60.8075    54.9873    % 
UB: 60.80748031496062
branching on 1 with b.
522    328    5          39.2339    60.8075    54.9873    % 
UB: 60.80748031496062
branching on 1 with b.
523    329    22         39.2749    60.8075    54.8252    % 
UB: 60.80748031496062
branching on 3 with b.
524    330    22         39.2749    60.8075    54.8252    % 
UB: 60.80748031496062
branching on 3 with b.
525    331    32         39.2839    60.8075    54.7900    % 
UB: 60.80748031496062
branching on 1 with b.
526    332    32         39.2839    60.8075    54.7900    % 
UB: 60.80748031496062
branching on 1 with b.
527    333    18         39.2839    60.8075    54.7900    % 
UB: 60.80748031496062
branching on CartesianIndex(1, 3) with a.
528    334    18         39.2839    60.8075    54.7900    % 
UB: 60.80748031496062
branching on CartesianIndex(1, 3) with a.
529    335    17         39.2839    60.8075    54.7900    % 
UB: 60.80748031496062
branching on 3 with b.
530    336    17         39.2839    60.8075    54.7900    % 
LB close or above UB, fathomed
531    335    23         39.2839    60.8075    54.7900    % 
UB: 60.80748031496062
branching on 2 with b.
532    336    23         39.2839    60.8075    54.7900    % 
UB: 60.80748031496062
branching on 2 with b.
533    337    13         39.2839    60.8075    54.7900    % 
UB: 60.80748031496062
branching on CartesianIndex(4, 2) with a.
534    338    14         39.2839    60.8075    54.7900    % 
UB: 60.80748031496062
branching on CartesianIndex(1, 3) with a.
535    339    15         39.2839    60.8075    54.7900    % 
UB: 60.80748031496062
branching on CartesianIndex(2, 3) with a.
536    340    16         39.2839    60.8075    54.7900    % 
LB close or above UB, fathomed
537    339    16         39.2839    60.8075    54.7900    % 
UB: 60.80748031496062
branching on CartesianIndex(1, 4) with c.
538    340    15         39.2839    60.8075    54.7900    % 
LB close or above UB, fathomed
539    339    14         39.2839    60.8075    54.7900    % 
UB: 60.80748031496062
branching on CartesianIndex(1, 3) with a.
540    340    15         39.2839    60.8075    54.7900    % 
UB: 60.80748031496062
branching on CartesianIndex(2, 3) with a.
541    341    16         39.2839    60.8075    54.7900    % 
LB close or above UB, fathomed
542    340    16         39.2839    60.8075    54.7900    % 
UB: 60.80748031496062
branching on CartesianIndex(1, 4) with c.
543    341    15         39.2839    60.8075    54.7900    % 
LB close or above UB, fathomed
544    340    13         39.2839    60.8075    54.7900    % 
UB: 60.80748031496062
branching on 3 with b.
545    341    23         39.2839    60.8075    54.7900    % 
UB: 60.80748031496062
branching on 3 with b.
546    342    24         39.2839    60.8075    54.7900    % 
LB close or above UB, fathomed
547    341    24         39.2839    60.8075    54.7900    % 
UB: 60.80748031496062
branching on 1 with b.
548    342    23         39.2839    60.8075    54.7900    % 
UB: 60.80748031496062
branching on 3 with b.
549    343    22         39.2839    60.8075    54.7900    % 
UB: 60.80748031496062
branching on 1 with b.
550    344    23         39.2839    60.8075    54.7900    % 
UB: 60.80748031496062
branching on 2 with b.
551    345    23         39.2839    60.8075    54.7900    % 
UB: 60.80748031496062
branching on 2 with b.
552    346    22         39.2839    60.8075    54.7900    % 
LB close or above UB, fathomed
553    345    14         39.2839    60.8075    54.7900    % 
UB: 60.80748031496062
branching on CartesianIndex(1, 2) with a.
554    346    14         39.2839    60.8075    54.7900    % 
UB: 60.80748031496062
branching on CartesianIndex(1, 2) with a.
555    347    27         39.2839    60.8075    54.7900    % 
UB: 60.80748031496062
branching on 3 with b.
556    348    28         39.2839    60.8075    54.7900    % 
UB: 60.80748031496062
branching on 1 with b.
557    349    29         39.2839    60.8075    54.7900    % 
UB: 60.80748031496062
branching on 2 with b.
558    350    29         39.2839    60.8075    54.7900    % 
UB: 60.80748031496062
branching on 2 with b.
559    351    28         39.2839    60.8075    54.7900    % 
LB close or above UB, fathomed
560    350    27         39.2839    60.8075    54.7900    % 
UB: 60.80748031496062
branching on 3 with b.
561    351    17         39.2839    60.8075    54.7900    % 
UB: 60.80748031496062
branching on CartesianIndex(3, 3) with a.
562    352    18         39.2839    60.8075    54.7900    % 
UB: 60.80748031496062
branching on 2 with b.
563    353    18         39.2839    60.8075    54.7900    % 
UB: 60.80748031496062
branching on CartesianIndex(1, 4) with c.
564    354    17         39.2839    60.8075    54.7900    % 
LB close or above UB, fathomed
565    353    10         39.2839    60.8075    54.7900    % 
UB: 60.80748031496062
branching on 1 with b.
566    354    10         39.2839    60.8075    54.7900    % 
LB close or above UB, fathomed
567    353    14         39.2839    60.8075    54.7900    % 
UB: 60.80748031496062
branching on CartesianIndex(4, 3) with a.
568    354    14         39.2839    60.8075    54.7900    % 
LB close or above UB, fathomed
569    353    13         39.2839    60.8075    54.7900    % 
UB: 60.80748031496062
branching on 2 with b.
570    354    14         39.2839    60.8075    54.7900    % 
UB: 60.80748031496062
branching on 3 with b.
571    355    14         39.2839    60.8075    54.7900    % 
UB: 60.80748031496062
branching on 3 with b.
572    356    13         39.2839    60.8075    54.7900    % 
UB: 60.80748031496062
branching on 2 with b.
573    357    30         39.2839    60.8075    54.7900    % 
UB: 60.80748031496062
branching on 1 with b.
574    358    30         39.2839    60.8075    54.7900    % 
UB: 60.80748031496062
branching on 1 with b.
575    359    16         39.2839    60.8075    54.7900    % 
UB: 60.80748031496062
branching on CartesianIndex(3, 3) with a.
576    360    17         39.2839    60.8075    54.7900    % 
UB: 60.80748031496062
branching on 2 with b.
577    361    17         39.2839    60.8075    54.7900    % 
UB: 60.80748031496062
branching on CartesianIndex(1, 4) with c.
578    362    16         39.2839    60.8075    54.7900    % 
LB close or above UB, fathomed
579    361    32         39.2839    60.8075    54.7900    % 
UB: 60.80748031496062
branching on 1 with b.
580    362    32         39.2839    60.8075    54.7900    % 
UB: 60.80748031496062
branching on 1 with b.
581    363    14         39.2839    60.8075    54.7900    % 
UB: 60.80748031496062
branching on CartesianIndex(2, 2) with a.
582    364    14         39.2839    60.8075    54.7900    % 
UB: 60.80748031496062
branching on CartesianIndex(1, 3) with a.
583    365    14         39.2839    60.8075    54.7900    % 
UB: 60.80748031496062
branching on CartesianIndex(2, 3) with a.
584    366    15         39.2839    60.8075    54.7900    % 
UB: 60.80748031496062
branching on CartesianIndex(3, 3) with a.
585    367    16         39.2839    60.8075    54.7900    % 
UB: 60.80748031496062
branching on CartesianIndex(4, 3) with a.
586    368    16         39.2839    60.8075    54.7900    % 
UB: 60.80748031496062
branching on CartesianIndex(1, 4) with c.
587    369    15         39.2839    60.8075    54.7900    % 
LB close or above UB, fathomed
588    368    14         39.2839    60.8075    54.7900    % 
LB close or above UB, fathomed
589    367    16         39.2839    60.8075    54.7900    % 
UB: 60.80748031496062
branching on CartesianIndex(2, 3) with a.
590    368    17         39.2839    60.8075    54.7900    % 
UB: 60.80748031496062
branching on CartesianIndex(3, 3) with a.
591    369    18         39.2839    60.8075    54.7900    % 
UB: 60.80748031496062
branching on 2 with b.
592    370    18         39.2839    60.8075    54.7900    % 
UB: 60.80748031496062
branching on 2 with b.
593    371    17         39.2839    60.8075    54.7900    % 
LB close or above UB, fathomed
594    370    16         39.2839    60.8075    54.7900    % 
LB close or above UB, fathomed
595    369    16         39.2839    60.8075    54.7900    % 
LB close or above UB, fathomed
596    368    16         39.2839    60.8075    54.7900    % 
UB: 60.80748031496062
branching on CartesianIndex(1, 4) with c.
597    369    15         39.2839    60.8075    54.7900    % 
UB: 60.80748031496062
branching on CartesianIndex(4, 2) with a.
598    370    15         39.2839    60.8075    54.7900    % 
LB close or above UB, fathomed
599    369    20         39.2839    60.8075    54.7900    % 
UB: 60.80748031496062
branching on CartesianIndex(4, 3) with a.
600    370    20         39.2839    60.8075    54.7900    % 
UB: 60.80748031496062
branching on CartesianIndex(1, 4) with c.
601    371    16         39.2839    60.8075    54.7900    % 
UB: 60.80748031496062
branching on 1 with b.
602    372    17         39.2839    60.8075    54.7900    % 
UB: 60.80748031496062
branching on CartesianIndex(1, 3) with a.
603    373    17         39.2839    60.8075    54.7900    % 
LB close or above UB, fathomed
604    372    16         39.2839    60.8075    54.7900    % 
LB close or above UB, fathomed
605    371    15         39.2839    60.8075    54.7900    % 
UB: 60.80748031496062
branching on CartesianIndex(1, 3) with a.
606    372    15         39.2839    60.8075    54.7900    % 
UB: 60.80748031496062
branching on CartesianIndex(1, 3) with a.
607    373    24         39.2839    60.8075    54.7900    % 
UB: 60.80748031496062
branching on 1 with b.
608    374    25         39.2839    60.8075    54.7900    % 
UB: 60.80748031496062
branching on 2 with b.
609    375    25         39.2839    60.8075    54.7900    % 
UB: 60.80748031496062
branching on 2 with b.
610    376    24         39.2839    60.8075    54.7900    % 
LB close or above UB, fathomed
611    375    12         39.4062    60.8075    54.3096    % 
UB: 60.80748031496062
branching on CartesianIndex(1, 2) with a.
612    376    12         39.4062    60.8075    54.3096    % 
LB close or above UB, fathomed
613    375    15         39.8154    60.8075    52.7234    % 
LB close or above UB, fathomed
614    374    15         39.8154    60.8075    52.7234    % 
UB: 60.80748031496062
branching on CartesianIndex(1, 4) with c.
615    375    18         40.6179    60.8075    49.7061    % 
LB close or above UB, fathomed
616    374    18         40.6179    60.8075    49.7061    % 
UB: 60.80748031496062
branching on 3 with b.
617    375    18         40.7514    60.8075    49.2158    % 
LB close or above UB, fathomed
618    374    18         40.7514    60.8075    49.2158    % 
UB: 60.80748031496062
branching on CartesianIndex(1, 4) with c.
619    375    10         41.1737    60.8075    47.6852    % 
UB: 60.80748031496062
branching on 1 with b.
620    376    11         41.1737    60.8075    47.6852    % 
UB: 60.80748031496062
branching on CartesianIndex(2, 3) with a.
621    377    11         41.1737    60.8075    47.6852    % 
UB: 60.80748031496062
branching on CartesianIndex(2, 3) with a.
622    378    10         41.1737    60.8075    47.6852    % 
LB close or above UB, fathomed
623    377    10         41.1858    60.8075    47.6419    % 
UB: 60.80748031496062
branching on CartesianIndex(4, 1) with a.
624    378    10         41.1858    60.8075    47.6419    % 
UB: 60.80748031496062
branching on CartesianIndex(1, 3) with a.
625    379    12         41.1867    60.8075    47.6387    % 
UB: 60.80748031496062
branching on CartesianIndex(3, 3) with a.
626    380    12         41.1867    60.8075    47.6387    % 
LB close or above UB, fathomed
627    379    7          41.1906    60.8075    47.6248    % 
UB: 60.80748031496062
branching on CartesianIndex(2, 1) with a.
628    380    8          41.1906    60.8075    47.6248    % 
UB: 60.80748031496062
branching on CartesianIndex(3, 1) with a.
629    381    8          41.1906    60.8075    47.6248    % 
UB: 60.80748031496062
branching on 2 with b.
630    382    9          41.1906    60.8075    47.6248    % 
UB: 60.80748031496062
branching on CartesianIndex(1, 2) with a.
631    383    9          41.1906    60.8075    47.6248    % 
UB: 60.80748031496062
branching on 1 with b.
632    384    7          41.1906    60.8075    47.6248    % 
LB close or above UB, fathomed
633    383    24         41.2406    60.8075    47.4458    % 
UB: 60.80748031496062
branching on 3 with b.
634    384    24         41.2406    60.8075    47.4458    % 
UB: 60.80748031496062
branching on 3 with b.
635    385    18         41.2406    60.8075    47.4458    % 
LB close or above UB, fathomed
636    384    18         41.2406    60.8075    47.4458    % 
UB: 60.80748031496062
branching on CartesianIndex(2, 3) with a.
637    385    19         41.2406    60.8075    47.4458    % 
LB close or above UB, fathomed
638    384    19         41.2406    60.8075    47.4458    % 
UB: 60.80748031496062
branching on CartesianIndex(1, 4) with c.
639    385    13         41.2406    60.8075    47.4458    % 
UB: 60.80748031496062
branching on CartesianIndex(2, 3) with a.
640    386    14         41.2406    60.8075    47.4458    % 
UB: 60.80748031496062
branching on CartesianIndex(3, 3) with a.
641    387    14         41.2406    60.8075    47.4458    % 
LB close or above UB, fathomed
642    386    13         41.2406    60.8075    47.4458    % 
LB close or above UB, fathomed
643    385    16         41.2406    60.8075    47.4458    % 
UB: 60.80748031496062
branching on 2 with b.
644    386    17         41.2406    60.8075    47.4458    % 
UB: 60.80748031496062
branching on CartesianIndex(3, 3) with a.
645    387    18         41.2406    60.8075    47.4458    % 
UB: 60.80748031496062
branching on 3 with b.
646    388    18         41.2406    60.8075    47.4458    % 
UB: 60.80748031496062
branching on 3 with b.
647    389    17         41.2406    60.8075    47.4458    % 
UB: 60.80748031496062
branching on CartesianIndex(3, 3) with a.
648    390    16         41.2406    60.8075    47.4458    % 
LB close or above UB, fathomed
649    389    17         41.2406    60.8075    47.4458    % 
UB: 60.80748031496062
branching on 3 with b.
650    390    17         41.2406    60.8075    47.4458    % 
LB close or above UB, fathomed
651    389    21         41.2406    60.8075    47.4458    % 
UB: 60.80748031496062
branching on CartesianIndex(1, 6) with c.
652    390    21         41.2406    60.8075    47.4458    % 
LB close or above UB, fathomed
653    389    22         41.2406    60.8075    47.4458    % 
LB close or above UB, fathomed
654    388    22         41.2406    60.8075    47.4458    % 
UB: 60.80748031496062
branching on CartesianIndex(1, 7) with c.
655    389    23         41.2406    60.8075    47.4458    % 
UB: 60.80748031496062
branching on 3 with b.
656    390    24         41.2406    60.8075    47.4458    % 
UB: 60.80748031496062
branching on 1 with b.
657    391    25         41.2406    60.8075    47.4458    % 
UB: 60.80748031496062
branching on 2 with b.
658    392    26         41.2406    60.8075    47.4458    % 
LB close or above UB, fathomed
659    391    26         41.2406    60.8075    47.4458    % 
UB: 60.80748031496062
branching on 3 with b.
660    392    27         41.2406    60.8075    47.4458    % 
UB: 60.80748031496062
branching on 1 with b.
661    393    28         41.2406    60.8075    47.4458    % 
UB: 60.80748031496062
branching on 2 with b.
662    394    28         41.2406    60.8075    47.4458    % 
UB: 60.80748031496062
branching on 2 with b.
663    395    27         41.2406    60.8075    47.4458    % 
LB close or above UB, fathomed
664    394    25         41.2406    60.8075    47.4458    % 
UB: 60.80748031496062
branching on 2 with b.
665    395    24         41.2406    60.8075    47.4458    % 
LB close or above UB, fathomed
666    394    23         41.2406    60.8075    47.4458    % 
LB close or above UB, fathomed
667    393    30         41.2406    60.8075    47.4458    % 
UB: 60.80748031496062
branching on 3 with b.
668    394    30         41.2406    60.8075    47.4458    % 
UB: 60.80748031496062
branching on 3 with b.
669    395    14         41.2406    60.8075    47.4458    % 
UB: 60.80748031496062
branching on 1 with b.
670    396    14         41.2406    60.8075    47.4458    % 
LB close or above UB, fathomed
671    395    19         41.2406    60.8075    47.4458    % 
UB: 60.80748031496062
branching on CartesianIndex(2, 3) with a.
672    396    20         41.2406    60.8075    47.4458    % 
LB close or above UB, fathomed
673    395    20         41.2406    60.8075    47.4458    % 
UB: 60.80748031496062
branching on 1 with b.
674    396    19         41.2406    60.8075    47.4458    % 
LB close or above UB, fathomed
675    395    13         41.2406    60.8075    47.4458    % 
UB: 60.80748031496062
branching on 1 with b.
676    396    14         41.2406    60.8075    47.4458    % 
UB: 60.80748031496062
branching on 2 with b.
677    397    14         41.2406    60.8075    47.4458    % 
UB: 60.80748031496062
branching on CartesianIndex(2, 3) with a.
678    398    13         41.2406    60.8075    47.4458    % 
LB close or above UB, fathomed
679    397    31         41.2406    60.8075    47.4458    % 
UB: 60.80748031496062
branching on 3 with b.
680    398    32         41.2406    60.8075    47.4458    % 
UB: 60.80748031496062
branching on 1 with b.
681    399    32         41.2406    60.8075    47.4458    % 
UB: 60.80748031496062
branching on 1 with b.
682    400    31         41.2406    60.8075    47.4458    % 
LB close or above UB, fathomed
683    399    12         41.2406    60.8075    47.4458    % 
UB: 60.80748031496062
branching on CartesianIndex(4, 2) with a.
684    400    12         41.2406    60.8075    47.4458    % 
UB: 60.80748031496062
branching on CartesianIndex(1, 3) with a.
685    401    16         41.2406    60.8075    47.4458    % 
UB: 60.80748031496062
branching on CartesianIndex(3, 3) with a.
686    402    17         41.2406    60.8075    47.4458    % 
UB: 60.80748031496062
branching on CartesianIndex(4, 3) with a.
687    403    17         41.2406    60.8075    47.4458    % 
UB: 60.80748031496062
branching on CartesianIndex(1, 4) with c.
688    404    16         41.2406    60.8075    47.4458    % 
LB close or above UB, fathomed
689    403    14         41.2406    60.8075    47.4458    % 
UB: 60.80748031496062
branching on CartesianIndex(1, 3) with a.
690    404    15         41.2406    60.8075    47.4458    % 
UB: 60.80748031496062
branching on CartesianIndex(2, 3) with a.
691    405    15         41.2406    60.8075    47.4458    % 
LB close or above UB, fathomed
692    404    14         41.2406    60.8075    47.4458    % 
UB: 60.80748031496062
branching on 1 with b.
693    405    15         41.2406    60.8075    47.4458    % 
UB: 60.80748031496062
branching on 2 with b.
694    406    16         41.2406    60.8075    47.4458    % 
UB: 60.80748031496062
branching on CartesianIndex(1, 3) with a.
695    407    17         41.2406    60.8075    47.4458    % 
UB: 60.80748031496062
branching on CartesianIndex(2, 3) with a.
696    408    18         41.2406    60.8075    47.4458    % 
UB: 60.80748031496062
branching on CartesianIndex(3, 3) with a.
697    409    19         41.2406    60.8075    47.4458    % 
UB: 60.80748031496062
branching on CartesianIndex(4, 3) with a.
698    410    19         41.2406    60.8075    47.4458    % 
UB: 60.80748031496062
branching on CartesianIndex(1, 4) with c.
699    411    18         41.2406    60.8075    47.4458    % 
LB close or above UB, fathomed
700    410    17         41.2406    60.8075    47.4458    % 
LB close or above UB, fathomed
701    409    16         41.2406    60.8075    47.4458    % 
UB: 60.80748031496062
branching on CartesianIndex(1, 3) with a.
702    410    15         41.2406    60.8075    47.4458    % 
UB: 60.80748031496062
branching on CartesianIndex(1, 3) with a.
703    411    21         41.2406    60.8075    47.4458    % 
UB: 60.80748031496062
branching on 2 with b.
704    412    22         41.2406    60.8075    47.4458    % 
LB close or above UB, fathomed
705    411    22         41.2406    60.8075    47.4458    % 
UB: 60.80748031496062
branching on CartesianIndex(1, 6) with c.
706    412    23         41.2406    60.8075    47.4458    % 
LB close or above UB, fathomed
707    411    23         41.2406    60.8075    47.4458    % 
UB: 60.80748031496062
branching on CartesianIndex(1, 7) with c.
708    412    24         41.2406    60.8075    47.4458    % 
UB: 60.80748031496062
branching on 3 with b.
709    413    25         41.2406    60.8075    47.4458    % 
UB: 60.80748031496062
branching on 1 with b.
710    414    25         41.2406    60.8075    47.4458    % 
LB close or above UB, fathomed
711    413    24         41.2406    60.8075    47.4458    % 
LB close or above UB, fathomed
712    412    21         41.2406    60.8075    47.4458    % 
LB close or above UB, fathomed
713    411    26         41.2406    60.8075    47.4458    % 
UB: 60.80748031496062
branching on 2 with b.
714    412    27         41.2406    60.8075    47.4458    % 
UB: 60.80748031496062
branching on 3 with b.
715    413    27         41.2406    60.8075    47.4458    % 
UB: 60.80748031496062
branching on 3 with b.
716    414    26         41.2406    60.8075    47.4458    % 
UB: 60.80748031496062
branching on 2 with b.
717    415    29         41.2406    60.8075    47.4458    % 
LB close or above UB, fathomed
718    414    29         41.2406    60.8075    47.4458    % 
UB: 60.80748031496062
branching on 3 with b.
719    415    30         41.2406    60.8075    47.4458    % 
UB: 60.80748031496062
branching on 1 with b.
720    416    30         41.2406    60.8075    47.4458    % 
UB: 60.80748031496062
branching on 1 with b.
721    417    16         41.2406    60.8075    47.4458    % 
UB: 60.80748031496062
branching on CartesianIndex(2, 3) with a.
722    418    17         41.2406    60.8075    47.4458    % 
UB: 60.80748031496062
branching on CartesianIndex(3, 3) with a.
723    419    18         41.2406    60.8075    47.4458    % 
UB: 60.80748031496062
branching on 3 with b.
724    420    18         41.2406    60.8075    47.4458    % 
UB: 60.80748031496062
branching on CartesianIndex(1, 4) with c.
725    421    17         41.2406    60.8075    47.4458    % 
LB close or above UB, fathomed
726    420    16         41.2406    60.8075    47.4458    % 
LB close or above UB, fathomed
727    419    15         41.2406    60.8075    47.4458    % 
UB: 60.80748031496062
branching on 1 with b.
728    420    15         41.2406    60.8075    47.4458    % 
UB: 60.80748031496062
branching on 1 with b.
729    421    11         41.2406    60.8075    47.4458    % 
UB: 60.80748031496062
branching on 1 with b.
730    422    12         41.2406    60.8075    47.4458    % 
LB close or above UB, fathomed
731    421    12         41.2406    60.8075    47.4458    % 
UB: 60.80748031496062
branching on 2 with b.
732    422    13         41.2406    60.8075    47.4458    % 
UB: 60.80748031496062
branching on CartesianIndex(2, 3) with a.
733    423    14         41.2406    60.8075    47.4458    % 
UB: 60.80748031496062
branching on 3 with b.
734    424    14         41.2406    60.8075    47.4458    % 
UB: 60.80748031496062
branching on 3 with b.
735    425    13         41.2406    60.8075    47.4458    % 
UB: 60.80748031496062
branching on CartesianIndex(2, 3) with a.
736    426    11         41.2406    60.8075    47.4458    % 
LB close or above UB, fathomed
737    425    15         41.2406    60.8075    47.4458    % 
UB: 60.80748031496062
branching on CartesianIndex(2, 2) with a.
738    426    15         41.2406    60.8075    47.4458    % 
UB: 60.80748031496062
branching on CartesianIndex(1, 3) with a.
739    427    25         41.2406    60.8075    47.4458    % 
UB: 60.80748031496062
branching on 2 with b.
740    428    25         41.2406    60.8075    47.4458    % 
UB: 60.80748031496062
branching on 2 with b.
741    429    14         41.2406    60.8075    47.4458    % 
UB: 60.80748031496062
branching on CartesianIndex(4, 3) with a.
742    430    14         41.2406    60.8075    47.4458    % 
UB: 60.80748031496062
branching on CartesianIndex(1, 4) with c.
743    431    33         41.2406    60.8075    47.4458    % 
UB: 60.80748031496062
branching on 2 with b.
744    432    34         41.2406    60.8075    47.4458    % 
UB: 60.80748031496062
branching on 3 with b.
745    433    34         41.2406    60.8075    47.4458    % 
UB: 60.80748031496062
branching on 3 with b.
746    434    33         41.2406    60.8075    47.4458    % 
UB: 60.80748031496062
branching on 2 with b.
747    435    26         41.2406    60.8075    47.4458    % 
UB: 60.80748031496062
branching on 1 with b.
748    436    27         41.2406    60.8075    47.4458    % 
UB: 60.80748031496062
branching on 2 with b.
749    437    27         41.2406    60.8075    47.4458    % 
UB: 60.80748031496062
branching on 2 with b.
750    438    26         41.2406    60.8075    47.4458    % 
LB close or above UB, fathomed
751    437    13         41.2406    60.8075    47.4458    % 
LB close or above UB, fathomed
752    436    13         41.2406    60.8075    47.4458    % 
UB: 60.80748031496062
branching on CartesianIndex(1, 2) with a.
753    437    14         41.2406    60.8075    47.4458    % 
UB: 60.80748031496062
branching on CartesianIndex(2, 2) with a.
754    438    15         41.2406    60.8075    47.4458    % 
UB: 60.80748031496062
branching on CartesianIndex(3, 2) with a.
755    439    16         41.2406    60.8075    47.4458    % 
UB: 60.80748031496062
branching on CartesianIndex(4, 2) with a.
756    440    17         41.2406    60.8075    47.4458    % 
UB: 60.80748031496062
branching on CartesianIndex(1, 3) with a.
757    441    17         41.2406    60.8075    47.4458    % 
UB: 60.80748031496062
branching on CartesianIndex(1, 3) with a.
758    442    18         41.2406    60.8075    47.4458    % 
UB: 60.80748031496062
branching on 2 with b.
759    443    19         41.2406    60.8075    47.4458    % 
UB: 60.80748031496062
branching on 3 with b.
760    444    20         41.2406    60.8075    47.4458    % 
LB close or above UB, fathomed
761    443    20         41.2406    60.8075    47.4458    % 
UB: 60.80748031496062
branching on CartesianIndex(2, 3) with a.
762    444    21         41.2406    60.8075    47.4458    % 
LB close or above UB, fathomed
763    443    21         41.2406    60.8075    47.4458    % 
UB: 60.80748031496062
branching on CartesianIndex(1, 4) with c.
764    444    19         41.2406    60.8075    47.4458    % 
UB: 60.80748031496062
branching on CartesianIndex(2, 3) with a.
765    445    18         41.2406    60.8075    47.4458    % 
LB close or above UB, fathomed
766    444    16         41.2406    60.8075    47.4458    % 
UB: 60.80748031496062
branching on CartesianIndex(1, 3) with a.
767    445    15         41.2406    60.8075    47.4458    % 
UB: 60.80748031496062
branching on CartesianIndex(1, 3) with a.
768    446    14         41.2406    60.8075    47.4458    % 
UB: 60.80748031496062
branching on CartesianIndex(1, 3) with a.
769    447    25         41.2406    60.8075    47.4458    % 
UB: 60.80748031496062
branching on 3 with b.
770    448    25         41.2406    60.8075    47.4458    % 
UB: 60.80748031496062
branching on 3 with b.
771    449    14         41.2406    60.8075    47.4458    % 
UB: 60.80748031496062
branching on CartesianIndex(1, 4) with c.
772    450    14         41.2406    60.8075    47.4458    % 
LB close or above UB, fathomed
773    449    18         41.2406    60.8075    47.4458    % 
UB: 60.80748031496062
branching on CartesianIndex(1, 5) with c.
774    450    18         41.2406    60.8075    47.4458    % 
UB: 60.80748031496062
branching on 3 with b.
775    451    18         41.2406    60.8075    47.4458    % 
LB close or above UB, fathomed
776    450    18         41.2406    60.8075    47.4458    % 
UB: 60.80748031496062
branching on CartesianIndex(1, 5) with c.
777    451    19         41.2406    60.8075    47.4458    % 
UB: 60.80748031496062
branching on 1 with b.
778    452    20         41.2406    60.8075    47.4458    % 
UB: 60.80748031496062
branching on CartesianIndex(1, 6) with c.
779    453    20         41.2406    60.8075    47.4458    % 
UB: 60.80748031496062
branching on CartesianIndex(1, 6) with c.
780    454    19         41.2406    60.8075    47.4458    % 
LB close or above UB, fathomed
781    453    19         41.2406    60.8075    47.4458    % 
UB: 60.80748031496062
branching on 3 with b.
782    454    19         41.2406    60.8075    47.4458    % 
UB: 60.80748031496062
branching on CartesianIndex(1, 4) with c.
783    455    8          41.2406    60.8075    47.4458    % 
UB: 60.80748031496062
branching on 1 with b.
784    456    9          41.2406    60.8075    47.4458    % 
UB: 60.80748031496062
branching on 1 with b.
785    457    10         41.2406    60.8075    47.4458    % 
LB close or above UB, fathomed
786    456    10         41.2406    60.8075    47.4458    % 
UB: 60.80748031496062
branching on 2 with b.
787    457    11         41.2406    60.8075    47.4458    % 
UB: 60.80748031496062
branching on 3 with b.
788    458    11         41.2406    60.8075    47.4458    % 
UB: 60.80748031496062
branching on 3 with b.
789    459    9          41.2406    60.8075    47.4458    % 
LB close or above UB, fathomed
790    458    8          41.2406    60.8075    47.4458    % 
LB close or above UB, fathomed
791    457    15         41.2406    60.8075    47.4458    % 
LB close or above UB, fathomed
792    456    15         41.2406    60.8075    47.4458    % 
UB: 60.80748031496062
branching on 3 with b.
793    457    26         41.2406    60.8075    47.4458    % 
UB: 60.80748031496062
branching on 3 with b.
794    458    27         41.2406    60.8075    47.4458    % 
UB: 60.80748031496062
branching on 1 with b.
795    459    27         41.2406    60.8075    47.4458    % 
UB: 60.80748031496062
branching on 1 with b.
796    460    26         41.2406    60.8075    47.4458    % 
UB: 60.80748031496062
branching on 3 with b.
797    461    17         41.2835    60.8075    47.2924    % 
UB: 60.80748031496062
branching on CartesianIndex(3, 3) with a.
798    462    17         41.2835    60.8075    47.2924    % 
UB: 60.80748031496062
branching on CartesianIndex(3, 3) with a.
799    463    15         41.5169    60.8075    46.4642    % 
UB: 60.80748031496062
branching on CartesianIndex(3, 2) with a.
800    464    15         41.5169    60.8075    46.4642    % 
LB close or above UB, fathomed
801    463    19         41.9242    60.8075    45.0415    % 
UB: 60.80748031496062
branching on CartesianIndex(1, 6) with c.
802    464    19         41.9242    60.8075    45.0415    % 
LB close or above UB, fathomed
803    463    18         42.5450    60.8075    42.9250    % 
UB: 60.80748031496062
branching on CartesianIndex(2, 3) with a.
804    464    18         42.5450    60.8075    42.9250    % 
LB close or above UB, fathomed
805    463    7          43.1140    60.8075    41.0388    % 
UB: 60.80748031496062
branching on CartesianIndex(1, 1) with a.
806    464    7          43.1140    60.8075    41.0388    % 
LB close or above UB, fathomed
807    463    11         43.1425    60.8075    40.9457    % 
UB: 60.80748031496062
branching on CartesianIndex(2, 3) with a.
808    464    12         43.1425    60.8075    40.9457    % 
LB close or above UB, fathomed
809    463    12         43.1425    60.8075    40.9457    % 
UB: 60.80748031496062
branching on CartesianIndex(1, 5) with c.
810    464    11         43.1425    60.8075    40.9457    % 
LB close or above UB, fathomed
811    463    13         43.1434    60.8075    40.9428    % 
UB: 60.80748031496062
branching on 3 with b.
812    464    13         43.1434    60.8075    40.9428    % 
UB: 60.80748031496062
branching on 3 with b.
813    465    23         43.1883    60.8075    40.7962    % 
UB: 60.80748031496062
branching on 1 with b.
814    466    24         43.1883    60.8075    40.7962    % 
UB: 60.80748031496062
branching on 2 with b.
815    467    24         43.1883    60.8075    40.7962    % 
UB: 60.80748031496062
branching on 2 with b.
816    468    25         43.1883    60.8075    40.7962    % 
UB: 60.80748031496062
branching on 3 with b.
817    469    26         43.1883    60.8075    40.7962    % 
UB: 60.80748031496062
branching on 1 with b.
818    470    27         43.1883    60.8075    40.7962    % 
UB: 60.80748031496062
branching on 2 with b.
819    471    27         43.1883    60.8075    40.7962    % 
UB: 60.80748031496062
branching on 2 with b.
820    472    26         43.1883    60.8075    40.7962    % 
LB close or above UB, fathomed
821    471    25         43.1883    60.8075    40.7962    % 
LB close or above UB, fathomed
822    470    23         43.1883    60.8075    40.7962    % 
LB close or above UB, fathomed
823    469    26         43.1972    60.8075    40.7672    % 
LB close or above UB, fathomed
824    468    26         43.1972    60.8075    40.7672    % 
UB: 60.80748031496062
branching on 3 with b.
825    469    23         43.1972    60.8075    40.7670    % 
UB: 60.80748031496062
branching on 2 with b.
826    470    23         43.1972    60.8075    40.7670    % 
UB: 60.80748031496062
branching on CartesianIndex(1, 4) with c.
827    471    18         43.1972    60.8075    40.7670    % 
LB close or above UB, fathomed
828    470    18         43.1972    60.8075    40.7670    % 
UB: 60.80748031496062
branching on CartesianIndex(1, 4) with c.
829    471    18         43.1972    60.8075    40.7670    % 
LB close or above UB, fathomed
830    470    18         43.1972    60.8075    40.7670    % 
UB: 60.80748031496062
branching on CartesianIndex(1, 4) with c.
831    471    15         43.1972    60.8075    40.7670    % 
UB: 60.80748031496062
branching on CartesianIndex(1, 4) with c.
832    472    15         43.1972    60.8075    40.7670    % 
UB: 60.80748031496062
branching on CartesianIndex(1, 4) with c.
833    473    16         43.1972    60.8075    40.7670    % 
UB: 60.80748031496062
branching on 3 with b.
834    474    17         43.1972    60.8075    40.7670    % 
LB close or above UB, fathomed
835    473    17         43.1972    60.8075    40.7670    % 
UB: 60.80748031496062
branching on CartesianIndex(2, 3) with a.
836    474    18         43.1972    60.8075    40.7670    % 
LB close or above UB, fathomed
837    473    18         43.1972    60.8075    40.7670    % 
UB: 60.80748031496062
branching on CartesianIndex(1, 4) with c.
838    474    16         43.1972    60.8075    40.7670    % 
LB close or above UB, fathomed
839    473    19         43.1972    60.8075    40.7670    % 
LB close or above UB, fathomed
840    472    19         43.1972    60.8075    40.7670    % 
UB: 60.80748031496062
branching on CartesianIndex(1, 5) with c.
841    473    19         43.1972    60.8075    40.7670    % 
LB close or above UB, fathomed
842    472    19         43.1972    60.8075    40.7670    % 
UB: 60.80748031496062
branching on 2 with b.
843    473    20         43.1972    60.8075    40.7670    % 
UB: 60.80748031496062
branching on CartesianIndex(1, 5) with c.
844    474    20         43.1972    60.8075    40.7670    % 
UB: 60.80748031496062
branching on CartesianIndex(1, 5) with c.
845    475    17         43.1972    60.8075    40.7670    % 
UB: 60.80748031496062
branching on CartesianIndex(2, 3) with a.
846    476    18         43.1972    60.8075    40.7670    % 
UB: 60.80748031496062
branching on 3 with b.
847    477    19         43.1972    60.8075    40.7670    % 
LB close or above UB, fathomed
848    476    19         43.1972    60.8075    40.7670    % 
UB: 60.80748031496062
branching on CartesianIndex(3, 3) with a.
849    477    20         43.1972    60.8075    40.7670    % 
UB: 60.80748031496062
branching on CartesianIndex(4, 3) with a.
850    478    20         43.1972    60.8075    40.7670    % 
UB: 60.80748031496062
branching on CartesianIndex(1, 4) with c.
851    479    18         43.1972    60.8075    40.7670    % 
LB close or above UB, fathomed
852    478    17         43.1972    60.8075    40.7670    % 
LB close or above UB, fathomed
853    477    16         43.1972    60.8075    40.7670    % 
UB: 60.80748031496062
branching on CartesianIndex(3, 3) with a.
854    478    17         43.1972    60.8075    40.7670    % 
UB: 60.80748031496062
branching on CartesianIndex(4, 3) with a.
855    479    17         43.1972    60.8075    40.7670    % 
UB: 60.80748031496062
branching on CartesianIndex(1, 4) with c.
856    480    16         43.1972    60.8075    40.7670    % 
LB close or above UB, fathomed
857    479    18         43.1972    60.8075    40.7670    % 
LB close or above UB, fathomed
858    478    18         43.1972    60.8075    40.7670    % 
UB: 60.80748031496062
branching on CartesianIndex(2, 3) with a.
859    479    19         43.1972    60.8075    40.7670    % 
UB: 60.80748031496062
branching on CartesianIndex(3, 3) with a.
860    480    19         43.1972    60.8075    40.7670    % 
UB: 60.80748031496062
branching on CartesianIndex(1, 4) with c.
861    481    18         43.1972    60.8075    40.7670    % 
UB: 60.80748031496062
branching on CartesianIndex(4, 3) with a.
862    482    18         43.1972    60.8075    40.7670    % 
UB: 60.80748031496062
branching on CartesianIndex(1, 4) with c.
863    483    15         43.1972    60.8075    40.7670    % 
UB: 60.80748031496062
branching on CartesianIndex(4, 3) with a.
864    484    15         43.1972    60.8075    40.7670    % 
UB: 60.80748031496062
branching on CartesianIndex(1, 4) with c.
865    485    19         43.1972    60.8075    40.7670    % 
LB close or above UB, fathomed
866    484    19         43.1972    60.8075    40.7670    % 
UB: 60.80748031496062
branching on CartesianIndex(1, 5) with c.
867    485    20         43.1972    60.8075    40.7670    % 
UB: 60.80748031496062
branching on 3 with b.
868    486    21         43.1972    60.8075    40.7670    % 
UB: 60.80748031496062
branching on CartesianIndex(1, 6) with c.
869    487    21         43.1972    60.8075    40.7670    % 
UB: 60.80748031496062
branching on CartesianIndex(1, 6) with c.
870    488    20         43.1972    60.8075    40.7670    % 
UB: 60.80748031496062
branching on CartesianIndex(1, 6) with c.
871    489    31         43.1972    60.8075    40.7670    % 
LB close or above UB, fathomed
872    488    31         43.1972    60.8075    40.7670    % 
UB: 60.80748031496062
branching on 3 with b.
873    489    32         43.1972    60.8075    40.7670    % 
UB: 60.80748031496062
branching on 1 with b.
874    490    32         43.1972    60.8075    40.7670    % 
UB: 60.80748031496062
branching on 1 with b.
875    491    20         43.1972    60.8075    40.7670    % 
LB close or above UB, fathomed
876    490    20         43.1972    60.8075    40.7670    % 
UB: 60.80748031496062
branching on CartesianIndex(1, 4) with c.
877    491    21         43.1972    60.8075    40.7670    % 
UB: 60.80748031496062
branching on CartesianIndex(1, 6) with c.
878    492    21         43.1972    60.8075    40.7670    % 
UB: 60.80748031496062
branching on CartesianIndex(1, 6) with c.
879    493    20         43.1972    60.8075    40.7670    % 
UB: 60.80748031496062
branching on CartesianIndex(1, 6) with c.
880    494    21         43.1972    60.8075    40.7670    % 
LB close or above UB, fathomed
881    493    21         43.1972    60.8075    40.7670    % 
UB: 60.80748031496062
branching on CartesianIndex(1, 7) with c.
882    494    22         43.1972    60.8075    40.7670    % 
UB: 60.80748031496062
branching on 1 with b.
883    495    23         43.1972    60.8075    40.7670    % 
UB: 60.80748031496062
branching on 2 with b.
884    496    23         43.1972    60.8075    40.7670    % 
LB close or above UB, fathomed
885    495    22         43.1972    60.8075    40.7670    % 
LB close or above UB, fathomed
886    494    20         43.1972    60.8075    40.7670    % 
UB: 60.80748031496062
branching on CartesianIndex(1, 6) with c.
887    495    21         43.1972    60.8075    40.7670    % 
LB close or above UB, fathomed
888    494    21         43.1972    60.8075    40.7670    % 
UB: 60.80748031496062
branching on 2 with b.
889    495    19         43.1972    60.8075    40.7670    % 
UB: 60.80748031496062
branching on CartesianIndex(1, 5) with c.
890    496    20         43.1972    60.8075    40.7670    % 
UB: 60.80748031496062
branching on CartesianIndex(1, 6) with c.
891    497    21         43.1972    60.8075    40.7670    % 
LB close or above UB, fathomed
892    496    21         43.1972    60.8075    40.7670    % 
UB: 60.80748031496062
branching on 1 with b.
893    497    22         43.1972    60.8075    40.7670    % 
UB: 60.80748031496062
branching on 2 with b.
894    498    22         43.1972    60.8075    40.7670    % 
LB close or above UB, fathomed
895    497    20         43.1972    60.8075    40.7670    % 
UB: 60.80748031496062
branching on CartesianIndex(1, 6) with c.
896    498    19         43.1972    60.8075    40.7670    % 
LB close or above UB, fathomed
897    497    15         43.1972    60.8075    40.7670    % 
UB: 60.80748031496062
branching on CartesianIndex(1, 5) with c.
898    498    15         43.1972    60.8075    40.7670    % 
UB: 60.80748031496062
branching on CartesianIndex(1, 5) with c.
899    499    16         43.1972    60.8075    40.7670    % 
UB: 60.80748031496062
branching on CartesianIndex(1, 6) with c.
900    500    16         43.1972    60.8075    40.7670    % 
UB: 60.80748031496062
branching on CartesianIndex(1, 6) with c.
901    501    26         43.1972    60.8075    40.7670    % 
UB: 60.80748031496062
branching on 1 with b.
902    502    26         43.1972    60.8075    40.7670    % 
UB: 60.80748031496062
branching on 1 with b.
903    503    15         43.1972    60.8075    40.7670    % 
UB: 60.80748031496062
branching on CartesianIndex(2, 3) with a.
904    504    15         43.1972    60.8075    40.7670    % 
LB close or above UB, fathomed
905    503    17         43.1972    60.8075    40.7670    % 
UB: 60.80748031496062
branching on 2 with b.
906    504    18         43.1972    60.8075    40.7670    % 
UB: 60.80748031496062
branching on CartesianIndex(2, 3) with a.
907    505    18         43.1972    60.8075    40.7670    % 
UB: 60.80748031496062
branching on CartesianIndex(2, 3) with a.
908    506    19         43.1972    60.8075    40.7670    % 
LB close or above UB, fathomed
909    505    19         43.1972    60.8075    40.7670    % 
UB: 60.80748031496062
branching on CartesianIndex(1, 4) with c.
910    506    17         43.1972    60.8075    40.7670    % 
LB close or above UB, fathomed
911    505    33         43.1972    60.8075    40.7670    % 
UB: 60.80748031496062
branching on 2 with b.
912    506    34         43.1972    60.8075    40.7670    % 
UB: 60.80748031496062
branching on 3 with b.
913    507    34         43.1972    60.8075    40.7670    % 
UB: 60.80748031496062
branching on 3 with b.
914    508    33         43.1972    60.8075    40.7670    % 
UB: 60.80748031496062
branching on 2 with b.
915    509    15         43.1972    60.8075    40.7670    % 
UB: 60.80748031496062
branching on CartesianIndex(1, 3) with a.
916    510    15         43.1972    60.8075    40.7670    % 
UB: 60.80748031496062
branching on CartesianIndex(1, 3) with a.
917    511    31         43.1972    60.8075    40.7670    % 
UB: 60.80748031496062
branching on 1 with b.
918    512    31         43.1972    60.8075    40.7670    % 
UB: 60.80748031496062
branching on 1 with b.
919    513    25         43.1972    60.8075    40.7670    % 
UB: 60.80748031496062
branching on 1 with b.
920    514    26         43.1972    60.8075    40.7670    % 
UB: 60.80748031496062
branching on 2 with b.
921    515    26         43.1972    60.8075    40.7670    % 
UB: 60.80748031496062
branching on 2 with b.
922    516    25         43.1972    60.8075    40.7670    % 
UB: 60.80748031496062
branching on 1 with b.
923    517    18         43.1972    60.8075    40.7670    % 
UB: 60.80748031496062
branching on CartesianIndex(2, 3) with a.
924    518    19         43.1972    60.8075    40.7670    % 
LB close or above UB, fathomed
925    517    19         43.1972    60.8075    40.7670    % 
UB: 60.80748031496062
branching on CartesianIndex(1, 4) with c.
926    518    18         43.1972    60.8075    40.7670    % 
LB close or above UB, fathomed
927    517    21         43.1972    60.8075    40.7670    % 
LB close or above UB, fathomed
928    516    21         43.1972    60.8075    40.7670    % 
UB: 60.80748031496062
branching on CartesianIndex(1, 4) with c.
929    517    22         43.1972    60.8075    40.7670    % 
LB close or above UB, fathomed
930    516    22         43.1972    60.8075    40.7670    % 
UB: 60.80748031496062
branching on 2 with b.
931    517    23         43.1972    60.8075    40.7670    % 
UB: 60.80748031496062
branching on 3 with b.
932    518    23         43.1972    60.8075    40.7670    % 
UB: 60.80748031496062
branching on 3 with b.
933    519    17         43.1972    60.8075    40.7670    % 
UB: 60.80748031496062
branching on CartesianIndex(1, 5) with c.
934    520    17         43.1972    60.8075    40.7670    % 
UB: 60.80748031496062
branching on CartesianIndex(1, 5) with c.
935    521    18         43.1972    60.8075    40.7670    % 
LB close or above UB, fathomed
936    520    18         43.1972    60.8075    40.7670    % 
UB: 60.80748031496062
branching on CartesianIndex(1, 6) with c.
937    521    31         43.1972    60.8075    40.7670    % 
UB: 60.80748031496062
branching on 2 with b.
938    522    32         43.1972    60.8075    40.7670    % 
UB: 60.80748031496062
branching on 3 with b.
939    523    32         43.1972    60.8075    40.7670    % 
UB: 60.80748031496062
branching on 3 with b.
940    524    31         43.1972    60.8075    40.7670    % 
UB: 60.80748031496062
branching on 2 with b.
941    525    33         43.1972    60.8075    40.7670    % 
UB: 60.80748031496062
branching on 2 with b.
942    526    33         43.1972    60.8075    40.7670    % 
UB: 60.80748031496062
branching on 2 with b.
943    527    34         43.1972    60.8075    40.7670    % 
UB: 60.80748031496062
branching on 3 with b.
944    528    34         43.1972    60.8075    40.7670    % 
UB: 60.80748031496062
branching on 3 with b.
945    529    15         43.1972    60.8075    40.7670    % 
UB: 60.80748031496062
branching on CartesianIndex(4, 2) with a.
946    530    15         43.1972    60.8075    40.7670    % 
UB: 60.80748031496062
branching on CartesianIndex(1, 3) with a.
947    531    9          43.1972    60.8075    40.7670    % 
LB close or above UB, fathomed
948    530    9          43.1972    60.8075    40.7670    % 
UB: 60.80748031496062
branching on CartesianIndex(1, 4) with c.
949    531    10         43.1972    60.8075    40.7670    % 
LB close or above UB, fathomed
950    530    10         43.1972    60.8075    40.7670    % 
UB: 60.80748031496062
branching on CartesianIndex(1, 5) with c.
951    531    11         43.1972    60.8075    40.7670    % 
UB: 60.80748031496062
branching on 1 with b.
952    532    12         43.1972    60.8075    40.7670    % 
UB: 60.80748031496062
branching on 1 with b.
953    533    13         43.1972    60.8075    40.7670    % 
LB close or above UB, fathomed
954    532    13         43.1972    60.8075    40.7670    % 
UB: 60.80748031496062
branching on CartesianIndex(1, 6) with c.
955    533    12         43.1972    60.8075    40.7670    % 
LB close or above UB, fathomed
956    532    11         43.1972    60.8075    40.7670    % 
LB close or above UB, fathomed
957    531    26         43.1972    60.8075    40.7670    % 
UB: 60.80748031496062
branching on 1 with b.
958    532    27         43.1972    60.8075    40.7670    % 
UB: 60.80748031496062
branching on 2 with b.
959    533    28         43.1972    60.8075    40.7670    % 
LB close or above UB, fathomed
960    532    28         43.1972    60.8075    40.7670    % 
UB: 60.80748031496062
branching on 3 with b.
961    533    29         43.1972    60.8075    40.7670    % 
UB: 60.80748031496062
branching on 1 with b.
962    534    29         43.1972    60.8075    40.7670    % 
UB: 60.80748031496062
branching on 1 with b.
963    535    27         43.1972    60.8075    40.7670    % 
UB: 60.80748031496062
branching on 2 with b.
964    536    26         43.1972    60.8075    40.7670    % 
LB close or above UB, fathomed
965    535    19         43.1972    60.8075    40.7670    % 
UB: 60.80748031496062
branching on CartesianIndex(4, 3) with a.
966    536    19         43.1972    60.8075    40.7670    % 
UB: 60.80748031496062
branching on CartesianIndex(1, 4) with c.
967    537    16         43.1972    60.8075    40.7670    % 
UB: 60.80748031496062
branching on CartesianIndex(2, 3) with a.
968    538    17         43.1972    60.8075    40.7670    % 
LB close or above UB, fathomed
969    537    17         43.1972    60.8075    40.7670    % 
UB: 60.80748031496062
branching on CartesianIndex(1, 4) with c.
970    538    16         43.1972    60.8075    40.7670    % 
LB close or above UB, fathomed
971    537    31         43.1972    60.8075    40.7670    % 
UB: 60.80748031496062
branching on 3 with b.
972    538    32         43.1972    60.8075    40.7670    % 
UB: 60.80748031496062
branching on 1 with b.
973    539    32         43.1972    60.8075    40.7670    % 
UB: 60.80748031496062
branching on 1 with b.
974    540    31         43.1972    60.8075    40.7670    % 
LB close or above UB, fathomed
975    539    26         43.1972    60.8075    40.7670    % 
UB: 60.80748031496062
branching on 1 with b.
976    540    27         43.1972    60.8075    40.7670    % 
UB: 60.80748031496062
branching on 2 with b.
977    541    28         43.1972    60.8075    40.7670    % 
LB close or above UB, fathomed
978    540    28         43.1972    60.8075    40.7670    % 
UB: 60.80748031496062
branching on 3 with b.
979    541    29         43.1972    60.8075    40.7670    % 
UB: 60.80748031496062
branching on 1 with b.
980    542    30         43.1972    60.8075    40.7670    % 
UB: 60.80748031496062
branching on 2 with b.
981    543    31         43.1972    60.8075    40.7670    % 
LB close or above UB, fathomed
982    542    31         43.1972    60.8075    40.7670    % 
UB: 60.80748031496062
branching on 3 with b.
983    543    32         43.1972    60.8075    40.7670    % 
UB: 60.80748031496062
branching on 1 with b.
984    544    32         43.1972    60.8075    40.7670    % 
UB: 60.80748031496062
branching on 1 with b.
985    545    30         43.1972    60.8075    40.7670    % 
UB: 60.80748031496062
branching on 2 with b.
986    546    29         43.1972    60.8075    40.7670    % 
UB: 60.80748031496062
branching on 1 with b.
987    547    27         43.1972    60.8075    40.7670    % 
LB close or above UB, fathomed
988    546    26         43.1972    60.8075    40.7670    % 
LB close or above UB, fathomed
989    545    28         43.1972    60.8075    40.7670    % 
LB close or above UB, fathomed
990    544    28         43.1972    60.8075    40.7670    % 
UB: 60.80748031496062
branching on 3 with b.
991    545    29         43.1972    60.8075    40.7670    % 
UB: 60.80748031496062
branching on 1 with b.
992    546    30         43.1972    60.8075    40.7670    % 
UB: 60.80748031496062
branching on 2 with b.
993    547    30         43.1972    60.8075    40.7670    % 
UB: 60.80748031496062
branching on 2 with b.
994    548    31         43.1972    60.8075    40.7670    % 
UB: 60.80748031496062
branching on 3 with b.
995    549    31         43.1972    60.8075    40.7670    % 
UB: 60.80748031496062
branching on 3 with b.
996    550    32         43.1972    60.8075    40.7670    % 
UB: 60.80748031496062
branching on 1 with b.
997    551    32         43.1972    60.8075    40.7670    % 
UB: 60.80748031496062
branching on 1 with b.
998    552    29         43.1972    60.8075    40.7670    % 
LB close or above UB, fathomed
999    551    12         43.1972    60.8075    40.7670    % 
LB close or above UB, fathomed
1000   550    12         43.1972    60.8075    40.7670    % 
UB: 60.80748031496062
branching on CartesianIndex(3, 3) with a.
1001   551    13         43.1972    60.8075    40.7670    % 
UB: 60.80748031496062
branching on 2 with b.
1002   552    13         43.1972    60.8075    40.7670    % 
UB: 60.80748031496062
branching on 2 with b.
1003   553    22         43.1972    60.8075    40.7670    % 
LB close or above UB, fathomed
1004   552    22         43.1972    60.8075    40.7670    % 
UB: 60.80748031496062
branching on 3 with b.
1005   553    23         43.1972    60.8075    40.7670    % 
UB: 60.80748031496062
branching on 1 with b.
1006   554    24         43.1972    60.8075    40.7670    % 
UB: 60.80748031496062
branching on 2 with b.
1007   555    25         43.1972    60.8075    40.7670    % 
UB: 60.80748031496062
branching on 3 with b.
1008   556    25         43.1972    60.8075    40.7670    % 
LB close or above UB, fathomed
1009   555    24         43.1972    60.8075    40.7670    % 
UB: 60.80748031496062
branching on 2 with b.
1010   556    23         43.1972    60.8075    40.7670    % 
LB close or above UB, fathomed
1011   555    15         43.1972    60.8075    40.7670    % 
UB: 60.80748031496062
branching on 1 with b.
1012   556    15         43.1972    60.8075    40.7670    % 
UB: 60.80748031496062
branching on CartesianIndex(3, 3) with a.
1013   557    10         43.1972    60.8075    40.7670    % 
LB close or above UB, fathomed
1014   556    10         43.1972    60.8075    40.7670    % 
UB: 60.80748031496062
branching on 3 with b.
1015   557    11         43.1972    60.8075    40.7670    % 
UB: 60.80748031496062
branching on CartesianIndex(1, 2) with a.
1016   558    11         43.1972    60.8075    40.7670    % 
UB: 60.80748031496062
branching on CartesianIndex(1, 2) with a.
1017   559    20         43.1972    60.8075    40.7670    % 
UB: 60.80748031496062
branching on 2 with b.
1018   560    21         43.1972    60.8075    40.7670    % 
UB: 60.80748031496062
branching on CartesianIndex(1, 5) with c.
1019   561    21         43.1972    60.8075    40.7670    % 
LB close or above UB, fathomed
1020   560    20         43.1972    60.8075    40.7670    % 
UB: 60.80748031496062
branching on CartesianIndex(1, 5) with c.
1021   561    21         43.1972    60.8075    40.7670    % 
LB close or above UB, fathomed
1022   560    21         43.1972    60.8075    40.7670    % 
UB: 60.80748031496062
branching on 1 with b.
1023   561    22         43.1972    60.8075    40.7670    % 
LB close or above UB, fathomed
1024   560    22         43.1972    60.8075    40.7670    % 
UB: 60.80748031496062
branching on CartesianIndex(1, 5) with c.
1025   561    23         43.1972    60.8075    40.7670    % 
UB: 60.80748031496062
branching on 2 with b.
1026   562    24         43.1972    60.8075    40.7670    % 
UB: 60.80748031496062
branching on CartesianIndex(1, 6) with c.
1027   563    24         43.1972    60.8075    40.7670    % 
UB: 60.80748031496062
branching on CartesianIndex(1, 6) with c.
1028   564    23         43.1972    60.8075    40.7670    % 
LB close or above UB, fathomed
1029   563    16         43.1972    60.8075    40.7670    % 
UB: 60.80748031496062
branching on CartesianIndex(1, 5) with c.
1030   564    16         43.1972    60.8075    40.7670    % 
UB: 60.80748031496062
branching on 1 with b.
1031   565    12         43.1972    60.8075    40.7670    % 
UB: 60.80748031496062
branching on CartesianIndex(2, 3) with a.
1032   566    12         43.1972    60.8075    40.7670    % 
UB: 60.80748031496062
branching on 1 with b.
1033   567    28         43.1972    60.8075    40.7670    % 
UB: 60.80748031496062
branching on 3 with b.
1034   568    29         43.1972    60.8075    40.7670    % 
UB: 60.80748031496062
branching on 1 with b.
1035   569    29         43.1972    60.8075    40.7670    % 
UB: 60.80748031496062
branching on 1 with b.
1036   570    28         43.1972    60.8075    40.7670    % 
LB close or above UB, fathomed
1037   569    34         43.1972    60.8075    40.7670    % 
UB: 60.80748031496062
branching on 3 with b.
1038   570    34         43.1972    60.8075    40.7670    % 
UB: 60.80748031496062
branching on 3 with b.
1039   571    19         43.1972    60.8075    40.7670    % 
UB: 60.80748031496062
branching on CartesianIndex(1, 4) with c.
1040   572    19         43.1972    60.8075    40.7670    % 
UB: 60.80748031496062
branching on 3 with b.
1041   573    20         43.1972    60.8075    40.7670    % 
LB close or above UB, fathomed
1042   572    20         43.1972    60.8075    40.7670    % 
UB: 60.80748031496062
branching on CartesianIndex(1, 4) with c.
1043   573    21         43.1972    60.8075    40.7670    % 
LB close or above UB, fathomed
1044   572    21         43.1972    60.8075    40.7670    % 
UB: 60.80748031496062
branching on CartesianIndex(1, 5) with c.
1045   573    22         43.1972    60.8075    40.7670    % 
UB: 60.80748031496062
branching on CartesianIndex(1, 6) with c.
1046   574    22         43.1972    60.8075    40.7670    % 
UB: 60.80748031496062
branching on CartesianIndex(1, 6) with c.
1047   575    19         43.1972    60.8075    40.7670    % 
UB: 60.80748031496062
branching on CartesianIndex(4, 3) with a.
1048   576    19         43.1972    60.8075    40.7670    % 
UB: 60.80748031496062
branching on 3 with b.
1049   577    20         43.1972    60.8075    40.7670    % 
UB: 60.80748031496062
branching on CartesianIndex(4, 3) with a.
1050   578    20         43.1972    60.8075    40.7670    % 
UB: 60.80748031496062
branching on CartesianIndex(4, 3) with a.
1051   579    33         43.1972    60.8075    40.7670    % 
UB: 60.80748031496062
branching on 2 with b.
1052   580    33         43.1972    60.8075    40.7670    % 
UB: 60.80748031496062
branching on 2 with b.
1053   581    15         43.1972    60.8075    40.7670    % 
LB close or above UB, fathomed
1054   580    15         43.1972    60.8075    40.7670    % 
UB: 60.80748031496062
branching on CartesianIndex(1, 4) with c.
1055   581    16         43.1972    60.8075    40.7670    % 
UB: 60.80748031496062
branching on CartesianIndex(1, 5) with c.
1056   582    16         43.1972    60.8075    40.7670    % 
UB: 60.80748031496062
branching on CartesianIndex(1, 5) with c.
1057   583    17         43.1972    60.8075    40.7670    % 
UB: 60.80748031496062
branching on CartesianIndex(1, 6) with c.
1058   584    17         43.1972    60.8075    40.7670    % 
UB: 60.80748031496062
branching on CartesianIndex(1, 6) with c.
1059   585    27         43.1972    60.8075    40.7670    % 
UB: 60.80748031496062
branching on 3 with b.
1060   586    28         43.1972    60.8075    40.7670    % 
UB: 60.80748031496062
branching on 1 with b.
1061   587    29         43.1972    60.8075    40.7670    % 
UB: 60.80748031496062
branching on 2 with b.
1062   588    29         43.1972    60.8075    40.7670    % 
UB: 60.80748031496062
branching on 2 with b.
1063   589    30         43.1972    60.8075    40.7670    % 
UB: 60.80748031496062
branching on 3 with b.
1064   590    30         43.1972    60.8075    40.7670    % 
UB: 60.80748031496062
branching on 3 with b.
1065   591    28         43.1972    60.8075    40.7670    % 
LB close or above UB, fathomed
1066   590    27         43.1972    60.8075    40.7670    % 
UB: 60.80748031496062
branching on 3 with b.
1067   591    31         43.1972    60.8075    40.7670    % 
UB: 60.80748031496062
branching on 2 with b.
1068   592    31         43.1972    60.8075    40.7670    % 
UB: 60.80748031496062
branching on 2 with b.
1069   593    32         43.1972    60.8075    40.7670    % 
UB: 60.80748031496062
branching on 3 with b.
1070   594    32         43.1972    60.8075    40.7670    % 
UB: 60.80748031496062
branching on 3 with b.
1071   595    16         43.1972    60.8075    40.7670    % 
UB: 60.80748031496062
branching on CartesianIndex(2, 3) with a.
1072   596    16         43.1972    60.8075    40.7670    % 
LB close or above UB, fathomed
1073   595    17         43.1972    60.8075    40.7670    % 
LB close or above UB, fathomed
1074   594    17         43.1972    60.8075    40.7670    % 
UB: 60.80748031496062
branching on 1 with b.
1075   595    16         43.1972    60.8075    40.7670    % 
UB: 60.80748031496062
branching on 3 with b.
1076   596    16         43.1972    60.8075    40.7670    % 
UB: 60.80748031496062
branching on 3 with b.
1077   597    22         43.1972    60.8075    40.7670    % 
LB close or above UB, fathomed
1078   596    22         43.1972    60.8075    40.7670    % 
UB: 60.80748031496062
branching on CartesianIndex(1, 6) with c.
1079   597    23         43.1972    60.8075    40.7670    % 
LB close or above UB, fathomed
1080   596    23         43.1972    60.8075    40.7670    % 
UB: 60.80748031496062
branching on CartesianIndex(1, 7) with c.
1081   597    24         43.1972    60.8075    40.7670    % 
UB: 60.80748031496062
branching on 3 with b.
1082   598    25         43.1972    60.8075    40.7670    % 
LB close or above UB, fathomed
1083   597    25         43.1972    60.8075    40.7670    % 
UB: 60.80748031496062
branching on 1 with b.
1084   598    24         43.1972    60.8075    40.7670    % 
LB close or above UB, fathomed
1085   597    19         43.1972    60.8075    40.7670    % 
UB: 60.80748031496062
branching on 3 with b.
1086   598    19         43.1972    60.8075    40.7670    % 
UB: 60.80748031496062
branching on CartesianIndex(1, 4) with c.
1087   599    20         43.1972    60.8075    40.7670    % 
LB close or above UB, fathomed
1088   598    20         43.1972    60.8075    40.7670    % 
UB: 60.80748031496062
branching on CartesianIndex(1, 5) with c.
1089   599    21         43.1972    60.8075    40.7670    % 
UB: 60.80748031496062
branching on 3 with b.
1090   600    21         43.1972    60.8075    40.7670    % 
UB: 60.80748031496062
branching on 3 with b.
1091   601    28         43.1972    60.8075    40.7670    % 
UB: 60.80748031496062
branching on 2 with b.
1092   602    28         43.1972    60.8075    40.7670    % 
UB: 60.80748031496062
branching on 2 with b.
1093   603    19         43.4325    60.8075    40.0046    % 
LB close or above UB, fathomed
1094   602    19         43.4325    60.8075    40.0046    % 
UB: 60.80748031496062
branching on 3 with b.
1095   603    20         43.4325    60.8075    40.0046    % 
UB: 60.80748031496062
branching on CartesianIndex(1, 6) with c.
1096   604    20         43.4325    60.8075    40.0046    % 
LB close or above UB, fathomed
1097   603    16         45.0142    60.8075    35.0852    % 
UB: 60.80748031496062
branching on 2 with b.
1098   604    16         45.0142    60.8075    35.0852    % 
LB close or above UB, fathomed
1099   603    13         45.0992    60.8075    34.8306    % 
LB close or above UB, fathomed
1100   602    13         45.0992    60.8075    34.8306    % 
UB: 60.80748031496062
branching on CartesianIndex(1, 6) with c.
1101   603    14         45.0992    60.8075    34.8306    % 
LB close or above UB, fathomed
1102   602    14         45.0992    60.8075    34.8306    % 
UB: 60.80748031496062
branching on 1 with b.
1103   603    15         45.0992    60.8075    34.8306    % 
UB: 60.80748031496062
branching on 3 with b.
1104   604    15         45.0992    60.8075    34.8306    % 
UB: 60.80748031496062
branching on CartesianIndex(1, 7) with c.
1105   605    9          45.1039    60.8075    34.8163    % 
UB: 60.80748031496062
branching on CartesianIndex(4, 1) with a.
1106   606    9          45.1039    60.8075    34.8163    % 
UB: 60.80748031496062
branching on CartesianIndex(1, 2) with a.
1107   607    10         45.1039    60.8075    34.8163    % 
UB: 60.80748031496062
branching on CartesianIndex(2, 2) with a.
1108   608    11         45.1039    60.8075    34.8163    % 
LB close or above UB, fathomed
1109   607    11         45.1039    60.8075    34.8163    % 
UB: 60.80748031496062
branching on CartesianIndex(1, 4) with c.
1110   608    10         45.1039    60.8075    34.8163    % 
LB close or above UB, fathomed
1111   607    8          45.1039    60.8075    34.8163    % 
UB: 60.80748031496062
branching on CartesianIndex(2, 1) with a.
1112   608    9          45.1039    60.8075    34.8163    % 
UB: 60.80748031496062
branching on 1 with b.
1113   609    9          45.1039    60.8075    34.8163    % 
LB close or above UB, fathomed
1114   608    8          45.1039    60.8075    34.8163    % 
LB close or above UB, fathomed
1115   607    27         45.1539    60.8075    34.6672    % 
UB: 60.80748031496062
branching on 1 with b.
1116   608    27         45.1539    60.8075    34.6672    % 
UB: 60.80748031496062
branching on 1 with b.
1117   609    24         45.1539    60.8075    34.6671    % 
LB close or above UB, fathomed
1118   608    24         45.1539    60.8075    34.6671    % 
UB: 60.80748031496062
branching on CartesianIndex(1, 5) with c.
1119   609    25         45.1539    60.8075    34.6671    % 
UB: 60.80748031496062
branching on CartesianIndex(1, 6) with c.
1120   610    25         45.1539    60.8075    34.6671    % 
LB close or above UB, fathomed
1121   609    23         45.1539    60.8075    34.6671    % 
LB close or above UB, fathomed
1122   608    23         45.1539    60.8075    34.6671    % 
UB: 60.80748031496062
branching on CartesianIndex(1, 5) with c.
1123   609    24         45.1539    60.8075    34.6671    % 
UB: 60.80748031496062
branching on CartesianIndex(1, 6) with c.
1124   610    25         45.1539    60.8075    34.6671    % 
LB close or above UB, fathomed
1125   609    25         45.1539    60.8075    34.6671    % 
UB: 60.80748031496062
branching on 1 with b.
1126   610    26         45.1539    60.8075    34.6671    % 
UB: 60.80748031496062
branching on CartesianIndex(1, 7) with c.
1127   611    26         45.1539    60.8075    34.6671    % 
UB: 60.80748031496062
branching on CartesianIndex(1, 7) with c.
1128   612    24         45.1539    60.8075    34.6671    % 
LB close or above UB, fathomed
1129   611    22         45.1539    60.8075    34.6671    % 
LB close or above UB, fathomed
1130   610    22         45.1539    60.8075    34.6671    % 
UB: 60.80748031496062
branching on 1 with b.
1131   611    23         45.1539    60.8075    34.6671    % 
UB: 60.80748031496062
branching on CartesianIndex(1, 5) with c.
1132   612    23         45.1539    60.8075    34.6671    % 
UB: 60.80748031496062
branching on CartesianIndex(1, 5) with c.
1133   613    32         45.1539    60.8075    34.6671    % 
UB: 60.80748031496062
branching on 2 with b.
1134   614    33         45.1539    60.8075    34.6671    % 
UB: 60.80748031496062
branching on 3 with b.
1135   615    33         45.1539    60.8075    34.6671    % 
UB: 60.80748031496062
branching on 3 with b.
1136   616    32         45.1539    60.8075    34.6671    % 
UB: 60.80748031496062
branching on 2 with b.
1137   617    20         45.1539    60.8075    34.6671    % 
LB close or above UB, fathomed
1138   616    20         45.1539    60.8075    34.6671    % 
UB: 60.80748031496062
branching on CartesianIndex(1, 5) with c.
1139   617    21         45.1539    60.8075    34.6671    % 
UB: 60.80748031496062
branching on CartesianIndex(1, 6) with c.
1140   618    22         45.1539    60.8075    34.6671    % 
LB close or above UB, fathomed
1141   617    22         45.1539    60.8075    34.6671    % 
UB: 60.80748031496062
branching on CartesianIndex(1, 7) with c.
1142   618    23         45.1539    60.8075    34.6671    % 
UB: 60.80748031496062
branching on 3 with b.
1143   619    24         45.1539    60.8075    34.6671    % 
UB: 60.80748031496062
branching on 1 with b.
1144   620    25         45.1539    60.8075    34.6671    % 
LB close or above UB, fathomed
1145   619    25         45.1539    60.8075    34.6671    % 
UB: 60.80748031496062
branching on 2 with b.
1146   620    26         45.1539    60.8075    34.6671    % 
UB: 60.80748031496062
branching on 3 with b.
1147   621    27         45.1539    60.8075    34.6671    % 
UB: 60.80748031496062
branching on 1 with b.
1148   622    28         45.1539    60.8075    34.6671    % 
UB: 60.80748031496062
branching on 2 with b.
1149   623    28         45.1539    60.8075    34.6671    % 
UB: 60.80748031496062
branching on 2 with b.
1150   624    27         45.1539    60.8075    34.6671    % 
LB close or above UB, fathomed
1151   623    26         45.1539    60.8075    34.6671    % 
LB close or above UB, fathomed
1152   622    24         45.1539    60.8075    34.6671    % 
LB close or above UB, fathomed
1153   621    23         45.1539    60.8075    34.6671    % 
LB close or above UB, fathomed
1154   620    21         45.1539    60.8075    34.6671    % 
LB close or above UB, fathomed
1155   619    25         45.1539    60.8075    34.6671    % 
LB close or above UB, fathomed
1156   618    25         45.1539    60.8075    34.6671    % 
UB: 60.80748031496062
branching on CartesianIndex(1, 7) with c.
1157   619    25         45.1539    60.8075    34.6671    % 
UB: 60.80748031496062
branching on 3 with b.
1158   620    25         45.1539    60.8075    34.6671    % 
LB close or above UB, fathomed
1159   619    26         45.1539    60.8075    34.6671    % 
UB: 60.80748031496062
branching on 1 with b.
1160   620    27         45.1539    60.8075    34.6671    % 
UB: 60.80748031496062
branching on 2 with b.
1161   621    27         45.1539    60.8075    34.6671    % 
UB: 60.80748031496062
branching on 2 with b.
1162   622    26         45.1539    60.8075    34.6671    % 
UB: 60.80748031496062
branching on 1 with b.
1163   623    20         45.1539    60.8075    34.6671    % 
LB close or above UB, fathomed
1164   622    20         45.1539    60.8075    34.6671    % 
UB: 60.80748031496062
branching on CartesianIndex(1, 4) with c.
1165   623    21         45.1539    60.8075    34.6671    % 
LB close or above UB, fathomed
1166   622    21         45.1539    60.8075    34.6671    % 
UB: 60.80748031496062
branching on CartesianIndex(1, 5) with c.
1167   623    22         45.1539    60.8075    34.6671    % 
UB: 60.80748031496062
branching on 2 with b.
1168   624    23         45.1539    60.8075    34.6671    % 
LB close or above UB, fathomed
1169   623    23         45.1539    60.8075    34.6671    % 
UB: 60.80748031496062
branching on CartesianIndex(1, 6) with c.
1170   624    24         45.1539    60.8075    34.6671    % 
LB close or above UB, fathomed
1171   623    24         45.1539    60.8075    34.6671    % 
UB: 60.80748031496062
branching on CartesianIndex(1, 7) with c.
1172   624    25         45.1539    60.8075    34.6671    % 
UB: 60.80748031496062
branching on 3 with b.
1173   625    26         45.1539    60.8075    34.6671    % 
LB close or above UB, fathomed
1174   624    26         45.1539    60.8075    34.6671    % 
UB: 60.80748031496062
branching on 1 with b.
1175   625    27         45.1539    60.8075    34.6671    % 
UB: 60.80748031496062
branching on 2 with b.
1176   626    27         45.1539    60.8075    34.6671    % 
UB: 60.80748031496062
branching on 2 with b.
1177   627    25         45.1539    60.8075    34.6671    % 
LB close or above UB, fathomed
1178   626    22         45.1539    60.8075    34.6671    % 
LB close or above UB, fathomed
1179   625    16         45.1539    60.8075    34.6671    % 
UB: 60.80748031496062
branching on CartesianIndex(2, 3) with a.
1180   626    16         45.1539    60.8075    34.6671    % 
LB close or above UB, fathomed
1181   625    24         45.1539    60.8075    34.6671    % 
UB: 60.80748031496062
branching on 3 with b.
1182   626    24         45.1539    60.8075    34.6671    % 
UB: 60.80748031496062
branching on 3 with b.
1183   627    22         45.1539    60.8075    34.6671    % 
LB close or above UB, fathomed
1184   626    22         45.1539    60.8075    34.6671    % 
UB: 60.80748031496062
branching on CartesianIndex(1, 7) with c.
1185   627    23         45.1539    60.8075    34.6671    % 
UB: 60.80748031496062
branching on 3 with b.
1186   628    24         45.1539    60.8075    34.6671    % 
UB: 60.80748031496062
branching on 1 with b.
1187   629    24         45.1539    60.8075    34.6671    % 
UB: 60.80748031496062
branching on 1 with b.
1188   630    23         45.1539    60.8075    34.6671    % 
LB close or above UB, fathomed
1189   629    33         45.1539    60.8075    34.6671    % 
UB: 60.80748031496062
branching on 2 with b.
1190   630    33         45.1539    60.8075    34.6671    % 
UB: 60.80748031496062
branching on 2 with b.
1191   631    22         45.1539    60.8075    34.6671    % 
LB close or above UB, fathomed
1192   630    22         45.1539    60.8075    34.6671    % 
UB: 60.80748031496062
branching on CartesianIndex(1, 7) with c.
1193   631    23         45.1539    60.8075    34.6671    % 
UB: 60.80748031496062
branching on 1 with b.
1194   632    24         45.1539    60.8075    34.6671    % 
UB: 60.80748031496062
branching on 2 with b.
1195   633    24         45.1539    60.8075    34.6671    % 
LB close or above UB, fathomed
1196   632    23         45.1539    60.8075    34.6671    % 
LB close or above UB, fathomed
1197   631    19         45.1539    60.8075    34.6671    % 
LB close or above UB, fathomed
1198   630    19         45.1539    60.8075    34.6671    % 
UB: 60.80748031496062
branching on CartesianIndex(1, 5) with c.
1199   631    20         45.1539    60.8075    34.6671    % 
LB close or above UB, fathomed
1200   630    20         45.1539    60.8075    34.6671    % 
UB: 60.80748031496062
branching on CartesianIndex(1, 6) with c.
1201   631    15         45.1539    60.8075    34.6671    % 
LB close or above UB, fathomed
1202   630    15         45.1539    60.8075    34.6671    % 
UB: 60.80748031496062
branching on CartesianIndex(1, 5) with c.
1203   631    16         45.1539    60.8075    34.6671    % 
UB: 60.80748031496062
branching on CartesianIndex(1, 6) with c.
1204   632    16         45.1539    60.8075    34.6671    % 
UB: 60.80748031496062
branching on CartesianIndex(1, 6) with c.
1205   633    15         45.1539    60.8075    34.6671    % 
LB close or above UB, fathomed
1206   632    15         45.1539    60.8075    34.6671    % 
UB: 60.80748031496062
branching on CartesianIndex(1, 4) with c.
1207   633    16         45.1539    60.8075    34.6671    % 
LB close or above UB, fathomed
1208   632    16         45.1539    60.8075    34.6671    % 
UB: 60.80748031496062
branching on CartesianIndex(1, 5) with c.
1209   633    17         45.1539    60.8075    34.6671    % 
UB: 60.80748031496062
branching on CartesianIndex(1, 6) with c.
1210   634    18         45.1539    60.8075    34.6671    % 
LB close or above UB, fathomed
1211   633    18         45.1539    60.8075    34.6671    % 
UB: 60.80748031496062
branching on CartesianIndex(1, 7) with c.
1212   634    19         45.1539    60.8075    34.6671    % 
UB: 60.80748031496062
branching on 1 with b.
1213   635    20         45.1539    60.8075    34.6671    % 
UB: 60.80748031496062
branching on 2 with b.
1214   636    20         45.1539    60.8075    34.6671    % 
UB: 60.80748031496062
branching on 2 with b.
1215   637    19         45.1539    60.8075    34.6671    % 
LB close or above UB, fathomed
1216   636    17         45.1539    60.8075    34.6671    % 
UB: 60.80748031496062
branching on CartesianIndex(1, 6) with c.
1217   637    19         45.1539    60.8075    34.6671    % 
UB: 60.80748031496062
branching on CartesianIndex(4, 3) with a.
1218   638    19         45.1539    60.8075    34.6671    % 
UB: 60.80748031496062
branching on 1 with b.
1219   639    28         45.1539    60.8075    34.6671    % 
UB: 60.80748031496062
branching on 1 with b.
1220   640    29         45.1539    60.8075    34.6671    % 
UB: 60.80748031496062
branching on 2 with b.
1221   641    29         45.1539    60.8075    34.6671    % 
UB: 60.80748031496062
branching on 2 with b.
1222   642    28         45.1539    60.8075    34.6671    % 
UB: 60.80748031496062
branching on 1 with b.
1223   643    15         45.1539    60.8075    34.6671    % 
UB: 60.80748031496062
branching on CartesianIndex(2, 3) with a.
1224   644    16         45.1539    60.8075    34.6671    % 
LB close or above UB, fathomed
1225   643    16         45.1539    60.8075    34.6671    % 
UB: 60.80748031496062
branching on CartesianIndex(1, 4) with c.
1226   644    15         45.1539    60.8075    34.6671    % 
UB: 60.80748031496062
branching on 3 with b.
1227   645    16         45.1539    60.8075    34.6671    % 
UB: 60.80748031496062
branching on CartesianIndex(1, 3) with a.
1228   646    17         45.1539    60.8075    34.6671    % 
UB: 60.80748031496062
branching on CartesianIndex(2, 3) with a.
1229   647    17         45.1539    60.8075    34.6671    % 
LB close or above UB, fathomed
1230   646    16         45.1539    60.8075    34.6671    % 
UB: 60.80748031496062
branching on 1 with b.
1231   647    30         45.1539    60.8075    34.6671    % 
LB close or above UB, fathomed
1232   646    30         45.1539    60.8075    34.6671    % 
UB: 60.80748031496062
branching on 3 with b.
1233   647    31         45.1539    60.8075    34.6671    % 
UB: 60.80748031496062
branching on 1 with b.
1234   648    31         45.1539    60.8075    34.6671    % 
UB: 60.80748031496062
branching on 1 with b.
1235   649    17         45.1539    60.8075    34.6671    % 
LB close or above UB, fathomed
1236   648    17         45.1539    60.8075    34.6671    % 
UB: 60.80748031496062
branching on CartesianIndex(1, 5) with c.
1237   649    18         45.1539    60.8075    34.6671    % 
UB: 60.80748031496062
branching on CartesianIndex(1, 6) with c.
1238   650    19         45.1539    60.8075    34.6671    % 
LB close or above UB, fathomed
1239   649    19         45.1539    60.8075    34.6671    % 
UB: 60.80748031496062
branching on CartesianIndex(1, 7) with c.
1240   650    18         45.1539    60.8075    34.6671    % 
UB: 60.80748031496062
branching on CartesianIndex(1, 6) with c.
1241   651    19         45.1539    60.8075    34.6671    % 
LB close or above UB, fathomed
1242   650    19         45.1539    60.8075    34.6671    % 
UB: 60.80748031496062
branching on 3 with b.
1243   651    15         45.1539    60.8075    34.6671    % 
UB: 60.80748031496062
branching on CartesianIndex(2, 3) with a.
1244   652    16         45.1539    60.8075    34.6671    % 
LB close or above UB, fathomed
1245   651    16         45.1539    60.8075    34.6671    % 
UB: 60.80748031496062
branching on CartesianIndex(1, 4) with c.
1246   652    15         45.1539    60.8075    34.6671    % 
LB close or above UB, fathomed
1247   651    26         45.1539    60.8075    34.6671    % 
UB: 60.80748031496062
branching on 3 with b.
1248   652    27         45.1539    60.8075    34.6671    % 
UB: 60.80748031496062
branching on 1 with b.
1249   653    28         45.1539    60.8075    34.6671    % 
UB: 60.80748031496062
branching on 2 with b.
1250   654    29         45.1539    60.8075    34.6671    % 
UB: 60.80748031496062
branching on 3 with b.
1251   655    29         45.1539    60.8075    34.6671    % 
LB close or above UB, fathomed
1252   654    28         45.1539    60.8075    34.6671    % 
UB: 60.80748031496062
branching on 2 with b.
1253   655    27         45.1539    60.8075    34.6671    % 
UB: 60.80748031496062
branching on 1 with b.
1254   656    26         45.1539    60.8075    34.6671    % 
LB close or above UB, fathomed
1255   655    17         45.1539    60.8075    34.6671    % 
LB close or above UB, fathomed
1256   654    17         45.1539    60.8075    34.6671    % 
UB: 60.80748031496062
branching on CartesianIndex(1, 7) with c.
1257   655    18         45.1539    60.8075    34.6671    % 
UB: 60.80748031496062
branching on 1 with b.
1258   656    19         45.1539    60.8075    34.6671    % 
UB: 60.80748031496062
branching on 2 with b.
1259   657    19         45.1539    60.8075    34.6671    % 
UB: 60.80748031496062
branching on 2 with b.
1260   658    18         45.1539    60.8075    34.6671    % 
LB close or above UB, fathomed
1261   657    26         45.1539    60.8075    34.6671    % 
LB close or above UB, fathomed
1262   656    26         45.1539    60.8075    34.6671    % 
UB: 60.80748031496062
branching on CartesianIndex(1, 7) with c.
1263   657    27         45.1539    60.8075    34.6671    % 
UB: 60.80748031496062
branching on 2 with b.
1264   658    28         45.1539    60.8075    34.6671    % 
LB close or above UB, fathomed
1265   657    28         45.1539    60.8075    34.6671    % 
UB: 60.80748031496062
branching on 3 with b.
1266   658    29         45.1539    60.8075    34.6671    % 
LB close or above UB, fathomed
1267   657    29         45.1539    60.8075    34.6671    % 
UB: 60.80748031496062
branching on 1 with b.
1268   658    30         45.1539    60.8075    34.6671    % 
UB: 60.80748031496062
branching on 2 with b.
1269   659    30         45.1539    60.8075    34.6671    % 
UB: 60.80748031496062
branching on 2 with b.
1270   660    27         45.1539    60.8075    34.6671    % 
LB close or above UB, fathomed
1271   659    26         45.1539    60.8075    34.6671    % 
UB: 60.80748031496062
branching on 2 with b.
1272   660    26         45.1539    60.8075    34.6671    % 
LB close or above UB, fathomed
1273   659    34         45.1539    60.8075    34.6671    % 
UB: 60.80748031496062
branching on 3 with b.
1274   660    34         45.1539    60.8075    34.6671    % 
UB: 60.80748031496062
branching on 3 with b.
1275   661    33         45.1539    60.8075    34.6671    % 
UB: 60.80748031496062
branching on 2 with b.
1276   662    33         45.1539    60.8075    34.6671    % 
UB: 60.80748031496062
branching on 2 with b.
1277   663    16         45.1539    60.8075    34.6671    % 
LB close or above UB, fathomed
1278   662    16         45.1539    60.8075    34.6671    % 
UB: 60.80748031496062
branching on CartesianIndex(1, 3) with a.
1279   663    17         45.1539    60.8075    34.6671    % 
UB: 60.80748031496062
branching on 2 with b.
1280   664    17         45.1539    60.8075    34.6671    % 
LB close or above UB, fathomed
1281   663    35         45.1539    60.8075    34.6671    % 
UB: 60.80748031496062
branching on 1 with b.
1282   664    36         45.1539    60.8075    34.6671    % 
UB: 60.80748031496062
branching on 2 with b.
1283   665    36         45.1539    60.8075    34.6671    % 
UB: 60.80748031496062
branching on 2 with b.
1284   666    37         45.1539    60.8075    34.6671    % 
UB: 58.8507874015748
branching on 3 with b.
1285   667    37         45.1539    58.8508    30.3337    % 
UB: 58.8507874015748
branching on 3 with b.
1286   640    35         45.1539    58.8508    30.3337    % 
UB: 58.8507874015748
branching on 1 with b.
1287   641    24         45.1539    58.8508    30.3337    % 
LB close or above UB, fathomed
1288   640    24         45.1539    58.8508    30.3337    % 
UB: 58.8507874015748
branching on CartesianIndex(1, 5) with c.
1289   641    25         45.1539    58.8508    30.3337    % 
UB: 58.8507874015748
branching on CartesianIndex(1, 6) with c.
1290   642    26         45.1539    58.8508    30.3337    % 
LB close or above UB, fathomed
1291   641    26         45.1539    58.8508    30.3337    % 
UB: 58.8507874015748
branching on CartesianIndex(1, 7) with c.
1292   642    27         45.1539    58.8508    30.3337    % 
UB: 58.8507874015748
branching on 1 with b.
1293   643    28         45.1539    58.8508    30.3337    % 
UB: 58.8507874015748
branching on 2 with b.
1294   644    28         45.1539    58.8508    30.3337    % 
UB: 58.8507874015748
branching on 2 with b.
1295   645    27         45.1539    58.8508    30.3337    % 
LB close or above UB, fathomed
1296   644    25         45.1539    58.8508    30.3337    % 
LB close or above UB, fathomed
1297   643    34         45.1539    58.8508    30.3337    % 
UB: 58.8507874015748
branching on 3 with b.
1298   644    34         45.1539    58.8508    30.3337    % 
UB: 58.8507874015748
branching on 3 with b.
1299   645    35         45.1539    58.8508    30.3337    % 
UB: 58.8507874015748
branching on 1 with b.
1300   646    35         45.1539    58.8508    30.3337    % 
UB: 58.8507874015748
branching on 1 with b.
1301   647    16         45.1539    58.8508    30.3337    % 
LB close or above UB, fathomed
1302   646    16         45.1539    58.8508    30.3337    % 
UB: 58.8507874015748
branching on CartesianIndex(1, 4) with c.
1303   647    23         45.1539    58.8508    30.3337    % 
UB: 58.8507874015748
branching on CartesianIndex(1, 7) with c.
1304   648    23         45.1539    58.8508    30.3337    % 
UB: 58.8507874015748
branching on CartesianIndex(1, 7) with c.
1305   649    19         45.1539    58.8508    30.3337    % 
LB close or above UB, fathomed
1306   648    19         45.1539    58.8508    30.3337    % 
UB: 58.8507874015748
branching on CartesianIndex(1, 4) with c.
1307   649    28         45.1539    58.8508    30.3337    % 
UB: 58.8507874015748
branching on 2 with b.
1308   650    28         45.1539    58.8508    30.3337    % 
UB: 58.8507874015748
branching on 2 with b.
1309   651    20         45.1539    58.8508    30.3337    % 
UB: 58.8507874015748
branching on CartesianIndex(1, 4) with c.
1310   652    21         45.1539    58.8508    30.3337    % 
LB close or above UB, fathomed
1311   651    21         45.1539    58.8508    30.3337    % 
UB: 58.8507874015748
branching on CartesianIndex(1, 5) with c.
1312   652    22         45.1539    58.8508    30.3337    % 
UB: 58.8507874015748
branching on CartesianIndex(1, 6) with c.
1313   653    23         45.1539    58.8508    30.3337    % 
LB close or above UB, fathomed
1314   652    23         45.1539    58.8508    30.3337    % 
UB: 58.8507874015748
branching on CartesianIndex(1, 7) with c.
1315   653    24         45.1539    58.8508    30.3337    % 
UB: 58.8507874015748
branching on 1 with b.
1316   654    25         45.1539    58.8508    30.3337    % 
LB close or above UB, fathomed
1317   653    25         45.1539    58.8508    30.3337    % 
UB: 58.8507874015748
branching on 2 with b.
1318   654    26         45.1539    58.8508    30.3337    % 
LB close or above UB, fathomed
1319   653    26         45.1539    58.8508    30.3337    % 
UB: 58.8507874015748
branching on 3 with b.
1320   654    27         45.1539    58.8508    30.3337    % 
UB: 58.8507874015748
branching on 1 with b.
1321   655    28         45.1539    58.8508    30.3337    % 
UB: 58.8507874015748
branching on 2 with b.
1322   656    28         45.1539    58.8508    30.3337    % 
UB: 58.8507874015748
branching on 2 with b.
1323   657    27         45.1539    58.8508    30.3337    % 
LB close or above UB, fathomed
1324   656    24         45.1539    58.8508    30.3337    % 
LB close or above UB, fathomed
1325   655    22         45.1539    58.8508    30.3337    % 
LB close or above UB, fathomed
1326   654    20         45.1539    58.8508    30.3337    % 
LB close or above UB, fathomed
1327   653    16         45.1539    58.8508    30.3337    % 
UB: 58.8507874015748
branching on 2 with b.
1328   654    17         45.1539    58.8508    30.3337    % 
UB: 58.8507874015748
branching on CartesianIndex(2, 3) with a.
1329   655    17         45.1539    58.8508    30.3337    % 
UB: 58.8507874015748
branching on CartesianIndex(2, 3) with a.
1330   656    18         45.1539    58.8508    30.3337    % 
LB close or above UB, fathomed
1331   655    18         45.1539    58.8508    30.3337    % 
UB: 58.8507874015748
branching on CartesianIndex(1, 4) with c.
1332   656    16         45.1539    58.8508    30.3337    % 
LB close or above UB, fathomed
1333   655    28         45.1539    58.8508    30.3337    % 
UB: 58.8507874015748
branching on 3 with b.
1334   656    29         45.1539    58.8508    30.3337    % 
UB: 58.8507874015748
branching on 1 with b.
1335   657    29         45.1539    58.8508    30.3337    % 
UB: 58.8507874015748
branching on 1 with b.
1336   658    28         45.1539    58.8508    30.3337    % 
LB close or above UB, fathomed
1337   657    35         45.1539    58.8508    30.3337    % 
UB: 58.8507874015748
branching on 1 with b.
1338   658    35         45.1539    58.8508    30.3337    % 
UB: 58.8507874015748
branching on 1 with b.
1339   659    28         45.1539    58.8508    30.3337    % 
UB: 58.8507874015748
branching on 1 with b.
1340   660    29         45.1539    58.8508    30.3337    % 
UB: 58.8507874015748
branching on 2 with b.
1341   661    29         45.1539    58.8508    30.3337    % 
UB: 58.8507874015748
branching on 2 with b.
1342   662    28         45.1539    58.8508    30.3337    % 
LB close or above UB, fathomed
1343   661    13         45.1539    58.8508    30.3337    % 
UB: 58.8507874015748
branching on 1 with b.
1344   662    14         45.1539    58.8508    30.3337    % 
LB close or above UB, fathomed
1345   661    14         45.1539    58.8508    30.3337    % 
UB: 58.8507874015748
branching on CartesianIndex(2, 2) with a.
1346   662    13         45.1539    58.8508    30.3337    % 
UB: 58.8507874015748
branching on CartesianIndex(1, 3) with a.
1347   663    21         45.1539    58.8508    30.3337    % 
LB close or above UB, fathomed
1348   662    21         45.1539    58.8508    30.3337    % 
UB: 58.8507874015748
branching on CartesianIndex(1, 5) with c.
1349   663    22         45.1539    58.8508    30.3337    % 
UB: 58.8507874015748
branching on CartesianIndex(1, 6) with c.
1350   664    23         45.1539    58.8508    30.3337    % 
LB close or above UB, fathomed
1351   663    23         45.1539    58.8508    30.3337    % 
UB: 58.8507874015748
branching on 2 with b.
1352   664    24         45.1539    58.8508    30.3337    % 
UB: 58.8507874015748
branching on 3 with b.
1353   665    24         45.1539    58.8508    30.3337    % 
UB: 58.8507874015748
branching on CartesianIndex(1, 7) with c.
1354   666    22         45.1539    58.8508    30.3337    % 
LB close or above UB, fathomed
1355   665    33         45.1539    58.8508    30.3337    % 
UB: 58.8507874015748
branching on 2 with b.
1356   666    33         45.1539    58.8508    30.3337    % 
UB: 58.8507874015748
branching on 2 with b.
1357   667    17         45.1539    58.8508    30.3337    % 
LB close or above UB, fathomed
1358   666    17         45.1539    58.8508    30.3337    % 
UB: 58.8507874015748
branching on CartesianIndex(1, 5) with c.
1359   667    18         45.1539    58.8508    30.3337    % 
UB: 58.8507874015748
branching on CartesianIndex(1, 6) with c.
1360   668    19         45.1539    58.8508    30.3337    % 
LB close or above UB, fathomed
1361   667    19         45.1539    58.8508    30.3337    % 
UB: 58.8507874015748
branching on 3 with b.
1362   668    18         45.1539    58.8508    30.3337    % 
UB: 58.8507874015748
branching on 3 with b.
1363   669    19         45.1539    58.8508    30.3337    % 
UB: 58.8507874015748
branching on CartesianIndex(1, 6) with c.
1364   670    20         45.1539    58.8508    30.3337    % 
LB close or above UB, fathomed
1365   669    20         45.1539    58.8508    30.3337    % 
UB: 58.8507874015748
branching on 1 with b.
1366   670    21         45.1539    58.8508    30.3337    % 
UB: 58.8507874015748
branching on 2 with b.
1367   671    21         45.1539    58.8508    30.3337    % 
UB: 58.8507874015748
branching on CartesianIndex(1, 7) with c.
1368   672    19         45.1539    58.8508    30.3337    % 
LB close or above UB, fathomed
1369   671    33         45.1539    58.8508    30.3337    % 
UB: 58.8507874015748
branching on 2 with b.
1370   672    33         45.1539    58.8508    30.3337    % 
UB: 58.8507874015748
branching on 2 with b.
1371   673    34         45.1539    58.8508    30.3337    % 
UB: 58.8507874015748
branching on 3 with b.
1372   674    34         45.1539    58.8508    30.3337    % 
LB close or above UB, fathomed
1373   673    33         45.1539    58.8508    30.3337    % 
UB: 58.8507874015748
branching on 2 with b.
1374   674    34         45.1539    58.8508    30.3337    % 
UB: 58.8507874015748
branching on 3 with b.
1375   675    34         45.1539    58.8508    30.3337    % 
UB: 58.8507874015748
branching on 3 with b.
1376   676    33         45.1539    58.8508    30.3337    % 
UB: 58.8507874015748
branching on 2 with b.
1377   677    25         45.1539    58.8508    30.3337    % 
UB: 58.8507874015748
branching on 3 with b.
1378   678    25         45.1539    58.8508    30.3337    % 
UB: 58.8507874015748
branching on 3 with b.
1379   679    13         45.1539    58.8508    30.3337    % 
UB: 58.8507874015748
branching on CartesianIndex(2, 2) with a.
1380   680    14         45.1539    58.8508    30.3337    % 
UB: 58.8507874015748
branching on CartesianIndex(3, 2) with a.
1381   681    15         45.1539    58.8508    30.3337    % 
UB: 58.8507874015748
branching on CartesianIndex(4, 2) with a.
1382   682    16         45.1539    58.8508    30.3337    % 
UB: 58.8507874015748
branching on CartesianIndex(1, 3) with a.
1383   683    16         45.1539    58.8508    30.3337    % 
UB: 58.8507874015748
branching on 1 with b.
1384   684    15         45.1539    58.8508    30.3337    % 
UB: 58.8507874015748
branching on CartesianIndex(1, 3) with a.
1385   685    14         45.1539    58.8508    30.3337    % 
UB: 58.8507874015748
branching on 1 with b.
1386   686    13         45.1539    58.8508    30.3337    % 
UB: 58.8507874015748
branching on CartesianIndex(1, 3) with a.
1387   687    14         45.1539    58.8508    30.3337    % 
UB: 58.8507874015748
branching on CartesianIndex(2, 2) with a.
1388   688    15         45.1539    58.8508    30.3337    % 
UB: 58.8507874015748
branching on 3 with b.
1389   689    16         45.1539    58.8508    30.3337    % 
LB close or above UB, fathomed
1390   688    16         45.1539    58.8508    30.3337    % 
UB: 58.8507874015748
branching on CartesianIndex(3, 2) with a.
1391   689    17         45.1539    58.8508    30.3337    % 
UB: 58.8507874015748
branching on 1 with b.
1392   690    17         45.1539    58.8508    30.3337    % 
UB: 58.8507874015748
branching on CartesianIndex(1, 3) with a.
1393   691    18         45.1539    58.8508    30.3337    % 
UB: 58.8507874015748
branching on CartesianIndex(2, 3) with a.
1394   692    19         45.1539    58.8508    30.3337    % 
LB close or above UB, fathomed
1395   691    19         45.1539    58.8508    30.3337    % 
UB: 58.8507874015748
branching on CartesianIndex(1, 4) with c.
1396   692    18         45.1539    58.8508    30.3337    % 
LB close or above UB, fathomed
1397   691    15         45.1539    58.8508    30.3337    % 
UB: 58.8507874015748
branching on CartesianIndex(1, 3) with a.
1398   692    14         45.1539    58.8508    30.3337    % 
UB: 58.8507874015748
branching on CartesianIndex(1, 3) with a.
1399   693    14         45.1539    58.8508    30.3337    % 
UB: 58.8507874015748
branching on CartesianIndex(1, 4) with c.
1400   694    15         45.1539    58.8508    30.3337    % 
UB: 58.8507874015748
branching on 3 with b.
1401   695    15         45.1539    58.8508    30.3337    % 
UB: 58.8507874015748
branching on 3 with b.
1402   696    16         45.1539    58.8508    30.3337    % 
UB: 58.8507874015748
branching on CartesianIndex(1, 5) with c.
1403   697    16         45.1539    58.8508    30.3337    % 
LB close or above UB, fathomed
1404   696    14         45.1539    58.8508    30.3337    % 
UB: 58.8507874015748
branching on 3 with b.
1405   697    18         45.1539    58.8508    30.3337    % 
LB close or above UB, fathomed
1406   696    18         45.1539    58.8508    30.3337    % 
UB: 58.8507874015748
branching on CartesianIndex(1, 5) with c.
1407   697    19         45.1539    58.8508    30.3337    % 
UB: 58.8507874015748
branching on CartesianIndex(1, 6) with c.
1408   698    20         45.1539    58.8508    30.3337    % 
LB close or above UB, fathomed
1409   697    20         45.1539    58.8508    30.3337    % 
UB: 58.8507874015748
branching on CartesianIndex(1, 7) with c.
1410   698    21         45.1539    58.8508    30.3337    % 
UB: 58.8507874015748
branching on 1 with b.
1411   699    22         45.1539    58.8508    30.3337    % 
UB: 58.8507874015748
branching on 2 with b.
1412   700    22         45.1539    58.8508    30.3337    % 
UB: 58.8507874015748
branching on 2 with b.
1413   701    21         45.1539    58.8508    30.3337    % 
LB close or above UB, fathomed
1414   700    19         45.1539    58.8508    30.3337    % 
LB close or above UB, fathomed
1415   699    17         45.1539    58.8508    30.3337    % 
UB: 58.8507874015748
branching on CartesianIndex(1, 6) with c.
1416   700    18         45.1539    58.8508    30.3337    % 
LB close or above UB, fathomed
1417   699    18         45.1539    58.8508    30.3337    % 
UB: 58.8507874015748
branching on CartesianIndex(1, 7) with c.
1418   700    19         45.1539    58.8508    30.3337    % 
UB: 58.8507874015748
branching on 1 with b.
1419   701    20         45.1539    58.8508    30.3337    % 
UB: 58.8507874015748
branching on 2 with b.
1420   702    21         45.1539    58.8508    30.3337    % 
LB close or above UB, fathomed
1421   701    21         45.1539    58.8508    30.3337    % 
UB: 58.8507874015748
branching on 3 with b.
1422   702    22         45.1539    58.8508    30.3337    % 
LB close or above UB, fathomed
1423   701    22         45.1539    58.8508    30.3337    % 
UB: 58.8507874015748
branching on 1 with b.
1424   702    20         45.1539    58.8508    30.3337    % 
LB close or above UB, fathomed
1425   701    19         45.1539    58.8508    30.3337    % 
LB close or above UB, fathomed
1426   700    17         45.1539    58.8508    30.3337    % 
UB: 58.8507874015748
branching on CartesianIndex(1, 6) with c.
1427   701    18         45.1539    58.8508    30.3337    % 
UB: 58.8507874015748
branching on CartesianIndex(4, 2) with a.
1428   702    18         45.1539    58.8508    30.3337    % 
UB: 58.8507874015748
branching on CartesianIndex(4, 2) with a.
1429   703    19         45.1539    58.8508    30.3337    % 
UB: 58.8507874015748
branching on CartesianIndex(1, 3) with a.
1430   704    20         45.1539    58.8508    30.3337    % 
UB: 58.8507874015748
branching on CartesianIndex(2, 3) with a.
1431   705    21         45.1539    58.8508    30.3337    % 
LB close or above UB, fathomed
1432   704    21         45.1539    58.8508    30.3337    % 
UB: 58.8507874015748
branching on CartesianIndex(1, 4) with c.
1433   705    20         45.1539    58.8508    30.3337    % 
LB close or above UB, fathomed
1434   704    19         45.1539    58.8508    30.3337    % 
UB: 58.8507874015748
branching on CartesianIndex(1, 3) with a.
1435   705    20         45.1539    58.8508    30.3337    % 
UB: 58.8507874015748
branching on CartesianIndex(1, 7) with c.
1436   706    21         45.1539    58.8508    30.3337    % 
UB: 58.8507874015748
branching on 1 with b.
1437   707    22         45.1539    58.8508    30.3337    % 
UB: 58.8507874015748
branching on 2 with b.
1438   708    22         45.1539    58.8508    30.3337    % 
UB: 58.8507874015748
branching on 2 with b.
1439   709    21         45.1539    58.8508    30.3337    % 
LB close or above UB, fathomed
1440   708    20         45.1539    58.8508    30.3337    % 
LB close or above UB, fathomed
1441   707    15         45.1539    58.8508    30.3337    % 
UB: 58.8507874015748
branching on CartesianIndex(3, 2) with a.
1442   708    15         45.1539    58.8508    30.3337    % 
UB: 58.8507874015748
branching on CartesianIndex(1, 3) with a.
1443   709    16         45.1539    58.8508    30.3337    % 
UB: 58.8507874015748
branching on 2 with b.
1444   710    17         45.1539    58.8508    30.3337    % 
UB: 58.8507874015748
branching on CartesianIndex(2, 3) with a.
1445   711    18         45.1539    58.8508    30.3337    % 
LB close or above UB, fathomed
1446   710    18         45.1539    58.8508    30.3337    % 
UB: 58.8507874015748
branching on CartesianIndex(1, 4) with c.
1447   711    17         45.1539    58.8508    30.3337    % 
UB: 58.8507874015748
branching on 3 with b.
1448   712    16         45.1539    58.8508    30.3337    % 
LB close or above UB, fathomed
1449   711    20         45.1539    58.8508    30.3337    % 
UB: 58.8507874015748
branching on CartesianIndex(1, 7) with c.
1450   712    21         45.1539    58.8508    30.3337    % 
UB: 58.8507874015748
branching on 1 with b.
1451   713    22         45.1539    58.8508    30.3337    % 
UB: 58.8507874015748
branching on 2 with b.
1452   714    22         45.1539    58.8508    30.3337    % 
UB: 58.8507874015748
branching on 2 with b.
1453   715    21         45.1539    58.8508    30.3337    % 
LB close or above UB, fathomed
1454   714    20         45.1539    58.8508    30.3337    % 
LB close or above UB, fathomed
1455   713    20         45.1539    58.8508    30.3337    % 
UB: 58.8507874015748
branching on 3 with b.
1456   714    21         45.1539    58.8508    30.3337    % 
UB: 58.8507874015748
branching on 1 with b.
1457   715    22         45.1539    58.8508    30.3337    % 
UB: 58.8507874015748
branching on 2 with b.
1458   716    22         45.1539    58.8508    30.3337    % 
UB: 58.8507874015748
branching on 2 with b.
1459   717    21         45.1539    58.8508    30.3337    % 
LB close or above UB, fathomed
1460   716    20         45.1539    58.8508    30.3337    % 
LB close or above UB, fathomed
1461   715    33         45.1539    58.8508    30.3337    % 
UB: 58.8507874015748
branching on 1 with b.
1462   716    33         45.1539    58.8508    30.3337    % 
UB: 58.8507874015748
branching on 1 with b.
1463   717    33         45.1539    58.8508    30.3337    % 
UB: 58.8507874015748
branching on 1 with b.
1464   718    33         45.1539    58.8508    30.3337    % 
UB: 58.8507874015748
branching on 1 with b.
1465   719    19         45.1539    58.8508    30.3337    % 
LB close or above UB, fathomed
1466   718    19         45.1539    58.8508    30.3337    % 
UB: 58.8507874015748
branching on CartesianIndex(1, 4) with c.
1467   719    16         45.1539    58.8508    30.3337    % 
LB close or above UB, fathomed
1468   718    16         45.1539    58.8508    30.3337    % 
UB: 58.8507874015748
branching on 2 with b.
1469   719    17         45.1539    58.8508    30.3337    % 
LB close or above UB, fathomed
1470   718    17         45.1539    58.8508    30.3337    % 
UB: 58.8507874015748
branching on CartesianIndex(1, 5) with c.
1471   719    18         45.1539    58.8508    30.3337    % 
UB: 58.8507874015748
branching on 3 with b.
1472   720    19         45.1539    58.8508    30.3337    % 
UB: 58.8507874015748
branching on CartesianIndex(1, 6) with c.
1473   721    20         45.1539    58.8508    30.3337    % 
LB close or above UB, fathomed
1474   720    20         45.1539    58.8508    30.3337    % 
UB: 58.8507874015748
branching on CartesianIndex(1, 7) with c.
1475   721    21         45.1539    58.8508    30.3337    % 
UB: 58.8507874015748
branching on 1 with b.
1476   722    22         45.1539    58.8508    30.3337    % 
UB: 58.8507874015748
branching on 2 with b.
1477   723    23         45.1539    58.8508    30.3337    % 
UB: 58.8507874015748
branching on 3 with b.
1478   724    23         45.1539    58.8508    30.3337    % 
LB close or above UB, fathomed
1479   723    22         45.1539    58.8508    30.3337    % 
UB: 58.8507874015748
branching on 2 with b.
1480   724    23         45.1539    58.8508    30.3337    % 
UB: 58.8507874015748
branching on 3 with b.
1481   725    23         45.1539    58.8508    30.3337    % 
LB close or above UB, fathomed
1482   724    21         45.1539    58.8508    30.3337    % 
LB close or above UB, fathomed
1483   723    19         45.1539    58.8508    30.3337    % 
LB close or above UB, fathomed
1484   722    18         45.1539    58.8508    30.3337    % 
LB close or above UB, fathomed
1485   721    18         45.1539    58.8508    30.3337    % 
UB: 58.8507874015748
branching on CartesianIndex(1, 5) with c.
1486   722    18         45.1539    58.8508    30.3337    % 
UB: 58.8507874015748
branching on CartesianIndex(1, 5) with c.
1487   723    19         45.1539    58.8508    30.3337    % 
LB close or above UB, fathomed
1488   722    19         45.1539    58.8508    30.3337    % 
UB: 58.8507874015748
branching on 2 with b.
1489   723    16         45.1539    58.8508    30.3337    % 
UB: 58.8507874015748
branching on CartesianIndex(4, 2) with a.
1490   724    17         45.1539    58.8508    30.3337    % 
UB: 58.8507874015748
branching on CartesianIndex(1, 3) with a.
1491   725    17         45.1539    58.8508    30.3337    % 
UB: 58.8507874015748
branching on 3 with b.
1492   726    16         45.1539    58.8508    30.3337    % 
UB: 58.8507874015748
branching on 3 with b.
1493   727    12         45.7690    58.8508    28.5822    % 
UB: 58.8507874015748
branching on CartesianIndex(2, 3) with a.
1494   728    12         45.7690    58.8508    28.5822    % 
LB close or above UB, fathomed
1495   727    11         47.0606    58.8508    25.0531    % 
LB close or above UB, fathomed
1496   726    11         47.0606    58.8508    25.0531    % 
UB: 58.8507874015748
branching on CartesianIndex(1, 3) with a.
1497   727    12         47.0606    58.8508    25.0531    % 
UB: 58.8507874015748
branching on CartesianIndex(2, 3) with a.
1498   728    13         47.0606    58.8508    25.0531    % 
LB close or above UB, fathomed
1499   727    13         47.0606    58.8508    25.0531    % 
UB: 58.8507874015748
branching on 1 with b.
1500   728    14         47.0606    58.8508    25.0531    % 
UB: 58.8507874015748
branching on CartesianIndex(1, 5) with c.
1501   729    14         47.0606    58.8508    25.0531    % 
LB close or above UB, fathomed
1502   728    12         47.0606    58.8508    25.0531    % 
LB close or above UB, fathomed
1503   727    7          47.0606    58.8508    25.0531    % 
LB close or above UB, fathomed
1504   726    7          47.0606    58.8508    25.0531    % 
UB: 58.8507874015748
branching on 2 with b.
1505   727    8          47.0606    58.8508    25.0531    % 
UB: 58.8507874015748
branching on CartesianIndex(2, 1) with a.
1506   728    8          47.0606    58.8508    25.0531    % 
UB: 58.8507874015748
branching on CartesianIndex(2, 1) with a.
1507   729    10         47.0606    58.8508    25.0531    % 
LB close or above UB, fathomed
1508   728    10         47.0606    58.8508    25.0531    % 
UB: 58.8507874015748
branching on CartesianIndex(3, 1) with a.
1509   729    11         47.0606    58.8508    25.0531    % 
UB: 58.8507874015748
branching on CartesianIndex(4, 1) with a.
1510   730    12         47.0606    58.8508    25.0531    % 
LB close or above UB, fathomed
1511   729    12         47.0606    58.8508    25.0531    % 
UB: 58.8507874015748
branching on CartesianIndex(1, 3) with a.
1512   730    13         47.0606    58.8508    25.0531    % 
UB: 58.8507874015748
branching on CartesianIndex(2, 3) with a.
1513   731    14         47.0606    58.8508    25.0531    % 
LB close or above UB, fathomed
1514   730    14         47.0606    58.8508    25.0531    % 
UB: 58.8507874015748
branching on CartesianIndex(1, 5) with c.
1515   731    13         47.0606    58.8508    25.0531    % 
LB close or above UB, fathomed
1516   730    11         47.0606    58.8508    25.0531    % 
LB close or above UB, fathomed
1517   729    15         47.0606    58.8508    25.0531    % 
LB close or above UB, fathomed
1518   728    15         47.0606    58.8508    25.0531    % 
UB: 58.8507874015748
branching on 3 with b.
1519   729    16         47.0606    58.8508    25.0531    % 
LB close or above UB, fathomed
1520   728    16         47.0606    58.8508    25.0531    % 
UB: 58.8507874015748
branching on CartesianIndex(1, 6) with c.
1521   729    17         47.0606    58.8508    25.0531    % 
LB close or above UB, fathomed
1522   728    17         47.0606    58.8508    25.0531    % 
UB: 58.8507874015748
branching on CartesianIndex(1, 7) with c.
1523   729    11         47.0990    58.8508    24.9512    % 
UB: 58.8507874015748
branching on CartesianIndex(2, 2) with a.
1524   730    11         47.0990    58.8508    24.9512    % 
UB: 58.8507874015748
branching on CartesianIndex(2, 2) with a.
1525   731    28         47.1017    58.8508    24.9441    % 
UB: 58.8507874015748
branching on 3 with b.
1526   732    29         47.1017    58.8508    24.9441    % 
UB: 58.8507874015748
branching on 1 with b.
1527   733    29         47.1017    58.8508    24.9441    % 
UB: 58.8507874015748
branching on 1 with b.
1528   734    28         47.1017    58.8508    24.9441    % 
UB: 58.8507874015748
branching on 3 with b.
1529   735    27         47.1106    58.8508    24.9204    % 
UB: 58.8507874015748
branching on 2 with b.
1530   736    27         47.1106    58.8508    24.9204    % 
LB close or above UB, fathomed
1531   735    20         47.1106    58.8508    24.9204    % 
LB close or above UB, fathomed
1532   734    20         47.1106    58.8508    24.9204    % 
UB: 58.8507874015748
branching on CartesianIndex(1, 5) with c.
1533   735    21         47.1106    58.8508    24.9204    % 
UB: 58.8507874015748
branching on CartesianIndex(1, 6) with c.
1534   736    21         47.1106    58.8508    24.9204    % 
UB: 58.8507874015748
branching on 1 with b.
1535   737    16         47.1106    58.8508    24.9204    % 
LB close or above UB, fathomed
1536   736    16         47.1106    58.8508    24.9204    % 
UB: 58.8507874015748
branching on 1 with b.
1537   737    22         47.1106    58.8508    24.9204    % 
LB close or above UB, fathomed
1538   736    22         47.1106    58.8508    24.9204    % 
UB: 58.8507874015748
branching on 1 with b.
1539   737    28         47.1106    58.8508    24.9204    % 
UB: 58.8507874015748
branching on 3 with b.
1540   738    29         47.1106    58.8508    24.9204    % 
LB close or above UB, fathomed
1541   737    29         47.1106    58.8508    24.9204    % 
UB: 58.8507874015748
branching on 1 with b.
1542   738    30         47.1106    58.8508    24.9204    % 
UB: 58.8507874015748
branching on 2 with b.
1543   739    30         47.1106    58.8508    24.9204    % 
UB: 58.8507874015748
branching on 2 with b.
1544   740    28         47.1106    58.8508    24.9204    % 
LB close or above UB, fathomed
1545   739    18         47.1106    58.8508    24.9204    % 
LB close or above UB, fathomed
1546   738    18         47.1106    58.8508    24.9204    % 
UB: 58.8507874015748
branching on 1 with b.
1547   739    16         47.1106    58.8508    24.9204    % 
LB close or above UB, fathomed
1548   738    16         47.1106    58.8508    24.9204    % 
UB: 58.8507874015748
branching on CartesianIndex(2, 3) with a.
1549   739    17         47.1106    58.8508    24.9204    % 
LB close or above UB, fathomed
1550   738    17         47.1106    58.8508    24.9204    % 
UB: 58.8507874015748
branching on CartesianIndex(1, 4) with c.
1551   739    30         47.1106    58.8508    24.9204    % 
UB: 58.8507874015748
branching on 3 with b.
1552   740    31         47.1106    58.8508    24.9204    % 
UB: 58.8507874015748
branching on 1 with b.
1553   741    31         47.1106    58.8508    24.9204    % 
UB: 58.8507874015748
branching on 1 with b.
1554   742    30         47.1106    58.8508    24.9204    % 
LB close or above UB, fathomed
1555   741    17         47.1106    58.8508    24.9204    % 
LB close or above UB, fathomed
1556   740    17         47.1106    58.8508    24.9204    % 
UB: 58.8507874015748
branching on 2 with b.
1557   741    21         47.1106    58.8508    24.9204    % 
LB close or above UB, fathomed
1558   740    21         47.1106    58.8508    24.9204    % 
UB: 58.8507874015748
branching on CartesianIndex(1, 4) with c.
1559   741    22         47.1106    58.8508    24.9204    % 
LB close or above UB, fathomed
1560   740    22         47.1106    58.8508    24.9204    % 
UB: 58.8507874015748
branching on CartesianIndex(1, 5) with c.
1561   741    23         47.1106    58.8508    24.9204    % 
LB close or above UB, fathomed
1562   740    23         47.1106    58.8508    24.9204    % 
LB close or above UB, fathomed
1563   739    33         47.1106    58.8508    24.9204    % 
UB: 58.8507874015748
branching on 2 with b.
1564   740    33         47.1106    58.8508    24.9204    % 
UB: 58.8507874015748
branching on 2 with b.
1565   741    34         47.1106    58.8508    24.9204    % 
UB: 58.8507874015748
branching on 3 with b.
1566   742    34         47.1106    58.8508    24.9204    % 
UB: 58.8507874015748
branching on 3 with b.
1567   743    18         47.1106    58.8508    24.9204    % 
LB close or above UB, fathomed
1568   742    18         47.1106    58.8508    24.9204    % 
UB: 58.8507874015748
branching on CartesianIndex(1, 6) with c.
1569   743    16         47.1106    58.8508    24.9204    % 
LB close or above UB, fathomed
1570   742    16         47.1106    58.8508    24.9204    % 
UB: 58.8507874015748
branching on CartesianIndex(1, 4) with c.
1571   743    17         47.1106    58.8508    24.9204    % 
LB close or above UB, fathomed
1572   742    17         47.1106    58.8508    24.9204    % 
UB: 58.8507874015748
branching on CartesianIndex(1, 5) with c.
1573   743    18         47.1106    58.8508    24.9204    % 
UB: 58.8507874015748
branching on CartesianIndex(1, 6) with c.
1574   744    18         47.1106    58.8508    24.9204    % 
UB: 58.8507874015748
branching on 1 with b.
1575   745    18         47.1106    58.8508    24.9204    % 
LB close or above UB, fathomed
1576   744    18         47.1106    58.8508    24.9204    % 
UB: 58.8507874015748
branching on CartesianIndex(1, 5) with c.
1577   745    19         47.1106    58.8508    24.9204    % 
LB close or above UB, fathomed
1578   744    19         47.1106    58.8508    24.9204    % 
UB: 58.8507874015748
branching on CartesianIndex(1, 5) with c.
1579   745    20         47.1106    58.8508    24.9204    % 
LB close or above UB, fathomed
1580   744    20         47.1106    58.8508    24.9204    % 
UB: 58.8507874015748
branching on CartesianIndex(1, 6) with c.
1581   745    24         47.1106    58.8508    24.9204    % 
UB: 58.8507874015748
branching on 3 with b.
1582   746    24         47.1106    58.8508    24.9204    % 
UB: 58.8507874015748
branching on 3 with b.
1583   747    23         47.1106    58.8508    24.9204    % 
UB: 58.8507874015748
branching on 1 with b.
1584   748    24         47.1106    58.8508    24.9204    % 
UB: 58.8507874015748
branching on 2 with b.
1585   749    24         47.1106    58.8508    24.9204    % 
UB: 58.8507874015748
branching on 2 with b.
1586   750    23         47.1106    58.8508    24.9204    % 
LB close or above UB, fathomed
1587   749    18         47.1106    58.8508    24.9204    % 
UB: 58.8507874015748
branching on CartesianIndex(1, 4) with c.
1588   750    18         47.1106    58.8508    24.9204    % 
UB: 58.8507874015748
branching on CartesianIndex(1, 4) with c.
1589   751    28         47.1106    58.8508    24.9204    % 
UB: 58.8507874015748
branching on 3 with b.
1590   752    29         47.1106    58.8508    24.9204    % 
UB: 58.8507874015748
branching on 1 with b.
1591   753    30         47.1106    58.8508    24.9204    % 
UB: 58.8507874015748
branching on 2 with b.
1592   754    30         47.1106    58.8508    24.9204    % 
UB: 58.8507874015748
branching on 2 with b.
1593   755    29         47.1106    58.8508    24.9204    % 
UB: 58.8507874015748
branching on 1 with b.
1594   756    28         47.1106    58.8508    24.9204    % 
LB close or above UB, fathomed
1595   755    19         47.1106    58.8508    24.9204    % 
UB: 58.8507874015748
branching on CartesianIndex(1, 6) with c.
1596   756    19         47.1106    58.8508    24.9204    % 
UB: 58.8507874015748
branching on 1 with b.
1597   757    19         47.1106    58.8508    24.9204    % 
UB: 58.8507874015748
branching on 2 with b.
1598   758    19         47.1106    58.8508    24.9204    % 
UB: 58.8507874015748
branching on 2 with b.
1599   759    19         47.1106    58.8508    24.9204    % 
LB close or above UB, fathomed
1600   758    19         47.1106    58.8508    24.9204    % 
UB: 58.8507874015748
branching on CartesianIndex(1, 7) with c.
1601   759    20         47.1106    58.8508    24.9204    % 
UB: 58.8507874015748
branching on 1 with b.
1602   760    21         47.1106    58.8508    24.9204    % 
UB: 58.8507874015748
branching on 2 with b.
1603   761    21         47.1106    58.8508    24.9204    % 
UB: 58.8507874015748
branching on 2 with b.
1604   762    20         47.1106    58.8508    24.9204    % 
LB close or above UB, fathomed
1605   761    19         47.1106    58.8508    24.9204    % 
LB close or above UB, fathomed
1606   760    19         47.1106    58.8508    24.9204    % 
UB: 58.8507874015748
branching on CartesianIndex(1, 7) with c.
1607   761    17         47.1106    58.8508    24.9204    % 
UB: 58.8507874015748
branching on 2 with b.
1608   762    17         47.1106    58.8508    24.9204    % 
UB: 58.8507874015748
branching on 2 with b.
1609   763    18         47.1106    58.8508    24.9204    % 
LB close or above UB, fathomed
1610   762    18         47.1106    58.8508    24.9204    % 
UB: 58.8507874015748
branching on CartesianIndex(2, 3) with a.
1611   763    19         47.1106    58.8508    24.9204    % 
LB close or above UB, fathomed
1612   762    19         47.1106    58.8508    24.9204    % 
UB: 58.8507874015748
branching on 1 with b.
1613   763    16         47.1106    58.8508    24.9204    % 
UB: 58.8507874015748
branching on CartesianIndex(4, 2) with a.
1614   764    17         47.1106    58.8508    24.9204    % 
UB: 58.8507874015748
branching on CartesianIndex(1, 3) with a.
1615   765    18         47.1106    58.8508    24.9204    % 
UB: 58.8507874015748
branching on CartesianIndex(2, 3) with a.
1616   766    19         47.1106    58.8508    24.9204    % 
LB close or above UB, fathomed
1617   765    19         47.1106    58.8508    24.9204    % 
UB: 58.8507874015748
branching on 2 with b.
1618   766    18         47.1106    58.8508    24.9204    % 
LB close or above UB, fathomed
1619   765    17         47.1106    58.8508    24.9204    % 
UB: 58.8507874015748
branching on CartesianIndex(1, 3) with a.
1620   766    18         47.1106    58.8508    24.9204    % 
UB: 58.8507874015748
branching on CartesianIndex(2, 3) with a.
1621   767    19         47.1106    58.8508    24.9204    % 
LB close or above UB, fathomed
1622   766    19         47.1106    58.8508    24.9204    % 
UB: 58.8507874015748
branching on 2 with b.
1623   767    18         47.1106    58.8508    24.9204    % 
LB close or above UB, fathomed
1624   766    16         47.1106    58.8508    24.9204    % 
UB: 58.8507874015748
branching on CartesianIndex(1, 3) with a.
1625   767    17         47.1106    58.8508    24.9204    % 
UB: 58.8507874015748
branching on CartesianIndex(2, 3) with a.
1626   768    18         47.1106    58.8508    24.9204    % 
LB close or above UB, fathomed
1627   767    18         47.1106    58.8508    24.9204    % 
UB: 58.8507874015748
branching on CartesianIndex(1, 4) with c.
1628   768    17         47.1106    58.8508    24.9204    % 
LB close or above UB, fathomed
1629   767    16         47.1106    58.8508    24.9204    % 
UB: 58.8507874015748
branching on CartesianIndex(2, 3) with a.
1630   768    17         47.1106    58.8508    24.9204    % 
LB close or above UB, fathomed
1631   767    17         47.1106    58.8508    24.9204    % 
UB: 58.8507874015748
branching on CartesianIndex(1, 4) with c.
1632   768    16         47.1106    58.8508    24.9204    % 
LB close or above UB, fathomed
1633   767    34         47.1106    58.8508    24.9204    % 
UB: 58.8507874015748
branching on 3 with b.
1634   768    34         47.1106    58.8508    24.9204    % 
LB close or above UB, fathomed
1635   767    35         47.1106    58.8508    24.9204    % 
UB: 58.8507874015748
branching on 1 with b.
1636   768    36         47.1106    58.8508    24.9204    % 
UB: 58.8507874015748
branching on 2 with b.
1637   769    37         47.1106    58.8508    24.9204    % 
UB: 58.8507874015748
branching on 3 with b.
1638   770    37         47.1106    58.8508    24.9204    % 
UB: 58.8507874015748
branching on 3 with b.
1639   771    36         47.1106    58.8508    24.9204    % 
UB: 58.8507874015748
branching on 2 with b.
1640   772    35         47.1106    58.8508    24.9204    % 
UB: 58.8507874015748
branching on 1 with b.
1641   773    32         47.1106    58.8508    24.9204    % 
UB: 58.8507874015748
branching on 2 with b.
1642   774    33         47.1106    58.8508    24.9204    % 
UB: 58.8507874015748
branching on 3 with b.
1643   775    33         47.1106    58.8508    24.9204    % 
UB: 58.8507874015748
branching on 3 with b.
1644   776    32         47.1106    58.8508    24.9204    % 
UB: 58.8507874015748
branching on 2 with b.
1645   777    17         47.1106    58.8508    24.9204    % 
UB: 58.8507874015748
branching on CartesianIndex(1, 3) with a.
1646   778    18         47.1106    58.8508    24.9204    % 
UB: 58.8507874015748
branching on CartesianIndex(2, 3) with a.
1647   779    19         47.1106    58.8508    24.9204    % 
LB close or above UB, fathomed
1648   778    19         47.1106    58.8508    24.9204    % 
UB: 58.8507874015748
branching on CartesianIndex(1, 4) with c.
1649   779    18         47.1106    58.8508    24.9204    % 
LB close or above UB, fathomed
1650   778    17         47.1106    58.8508    24.9204    % 
LB close or above UB, fathomed
1651   777    30         47.1106    58.8508    24.9204    % 
UB: 58.8507874015748
branching on 3 with b.
1652   778    31         47.1106    58.8508    24.9204    % 
UB: 58.8507874015748
branching on 1 with b.
1653   779    31         47.1106    58.8508    24.9204    % 
UB: 58.8507874015748
branching on 1 with b.
1654   780    30         47.1106    58.8508    24.9204    % 
LB close or above UB, fathomed
1655   779    34         47.1106    58.8508    24.9204    % 
UB: 58.8507874015748
branching on 3 with b.
1656   780    34         47.1106    58.8508    24.9204    % 
UB: 58.8507874015748
branching on 3 with b.
1657   781    28         47.1106    58.8508    24.9204    % 
LB close or above UB, fathomed
1658   780    28         47.1106    58.8508    24.9204    % 
UB: 58.8507874015748
branching on 3 with b.
1659   781    18         47.1106    58.8508    24.9204    % 
LB close or above UB, fathomed
1660   780    18         47.1106    58.8508    24.9204    % 
UB: 58.8507874015748
branching on CartesianIndex(1, 4) with c.
1661   781    18         47.1106    58.8508    24.9204    % 
LB close or above UB, fathomed
1662   780    18         47.1106    58.8508    24.9204    % 
UB: 58.8507874015748
branching on CartesianIndex(1, 7) with c.
1663   781    19         47.1106    58.8508    24.9204    % 
UB: 58.8507874015748
branching on 1 with b.
1664   782    19         47.1106    58.8508    24.9204    % 
LB close or above UB, fathomed
1665   781    17         47.1106    58.8508    24.9204    % 
LB close or above UB, fathomed
1666   780    17         47.1106    58.8508    24.9204    % 
UB: 58.8507874015748
branching on 2 with b.
1667   781    12         47.1106    58.8508    24.9204    % 
UB: 58.8507874015748
branching on CartesianIndex(2, 2) with a.
1668   782    13         47.1106    58.8508    24.9204    % 
LB close or above UB, fathomed
1669   781    13         47.1106    58.8508    24.9204    % 
UB: 58.8507874015748
branching on 1 with b.
1670   782    14         47.1106    58.8508    24.9204    % 
UB: 58.8507874015748
branching on CartesianIndex(1, 3) with a.
1671   783    14         47.1106    58.8508    24.9204    % 
LB close or above UB, fathomed
1672   782    12         47.1106    58.8508    24.9204    % 
LB close or above UB, fathomed
1673   781    12         47.1106    58.8508    24.9204    % 
UB: 58.8507874015748
branching on CartesianIndex(2, 2) with a.
1674   782    13         47.1106    58.8508    24.9204    % 
LB close or above UB, fathomed
1675   781    13         47.1106    58.8508    24.9204    % 
UB: 58.8507874015748
branching on 1 with b.
1676   782    12         47.1106    58.8508    24.9204    % 
LB close or above UB, fathomed
1677   781    34         47.1106    58.8508    24.9204    % 
UB: 58.8507874015748
branching on 3 with b.
1678   782    34         47.1106    58.8508    24.9204    % 
LB close or above UB, fathomed
1679   781    19         47.1106    58.8508    24.9204    % 
LB close or above UB, fathomed
1680   780    19         47.1106    58.8508    24.9204    % 
UB: 58.8507874015748
branching on CartesianIndex(1, 7) with c.
1681   781    20         47.1106    58.8508    24.9204    % 
UB: 58.8507874015748
branching on 1 with b.
1682   782    21         47.1106    58.8508    24.9204    % 
UB: 58.8507874015748
branching on 2 with b.
1683   783    22         47.1106    58.8508    24.9204    % 
UB: 58.8507874015748
branching on 3 with b.
1684   784    23         47.1106    58.8508    24.9204    % 
LB close or above UB, fathomed
1685   783    23         47.1106    58.8508    24.9204    % 
UB: 58.8507874015748
branching on 1 with b.
1686   784    22         47.1106    58.8508    24.9204    % 
UB: 58.8507874015748
branching on 3 with b.
1687   785    21         47.1106    58.8508    24.9204    % 
LB close or above UB, fathomed
1688   784    20         47.1106    58.8508    24.9204    % 
LB close or above UB, fathomed
1689   783    18         47.1106    58.8508    24.9204    % 
LB close or above UB, fathomed
1690   782    18         47.1106    58.8508    24.9204    % 
UB: 58.8507874015748
branching on 1 with b.
1691   783    19         47.1106    58.8508    24.9204    % 
UB: 58.8507874015748
branching on CartesianIndex(1, 4) with c.
1692   784    19         47.1106    58.8508    24.9204    % 
UB: 58.8507874015748
branching on CartesianIndex(1, 4) with c.
1693   785    20         47.1106    58.8508    24.9204    % 
LB close or above UB, fathomed
1694   784    20         47.1106    58.8508    24.9204    % 
UB: 58.8507874015748
branching on CartesianIndex(1, 4) with c.
1695   785    26         47.1106    58.8508    24.9204    % 
UB: 58.8507874015748
branching on 3 with b.
1696   786    27         47.1106    58.8508    24.9204    % 
UB: 58.8507874015748
branching on 1 with b.
1697   787    27         47.1106    58.8508    24.9204    % 
LB close or above UB, fathomed
1698   786    26         47.1106    58.8508    24.9204    % 
UB: 58.8507874015748
branching on 3 with b.
1699   787    16         47.1106    58.8508    24.9204    % 
UB: 58.8507874015748
branching on CartesianIndex(3, 2) with a.
1700   788    16         47.1106    58.8508    24.9204    % 
LB close or above UB, fathomed
1701   787    29         47.1106    58.8508    24.9204    % 
LB close or above UB, fathomed
1702   786    29         47.1106    58.8508    24.9204    % 
UB: 58.8507874015748
branching on 3 with b.
1703   787    30         47.1106    58.8508    24.9204    % 
UB: 58.8507874015748
branching on 1 with b.
1704   788    30         47.1106    58.8508    24.9204    % 
UB: 58.8507874015748
branching on 1 with b.
1705   789    16         47.1106    58.8508    24.9204    % 
UB: 58.8507874015748
branching on 2 with b.
1706   790    16         47.1106    58.8508    24.9204    % 
UB: 58.8507874015748
branching on CartesianIndex(1, 5) with c.
1707   791    19         47.1106    58.8508    24.9204    % 
UB: 58.8507874015748
branching on CartesianIndex(2, 3) with a.
1708   792    20         47.1106    58.8508    24.9204    % 
LB close or above UB, fathomed
1709   791    20         47.1106    58.8508    24.9204    % 
UB: 58.8507874015748
branching on CartesianIndex(1, 4) with c.
1710   792    19         47.1106    58.8508    24.9204    % 
LB close or above UB, fathomed
1711   791    19         47.1106    58.8508    24.9204    % 
LB close or above UB, fathomed
1712   790    19         47.1106    58.8508    24.9204    % 
UB: 58.8507874015748
branching on CartesianIndex(1, 5) with c.
1713   791    20         47.1106    58.8508    24.9204    % 
UB: 58.8507874015748
branching on CartesianIndex(1, 6) with c.
1714   792    21         47.1106    58.8508    24.9204    % 
LB close or above UB, fathomed
1715   791    21         47.1106    58.8508    24.9204    % 
UB: 58.8507874015748
branching on CartesianIndex(1, 7) with c.
1716   792    22         47.1106    58.8508    24.9204    % 
UB: 58.8507874015748
branching on 3 with b.
1717   793    23         47.1106    58.8508    24.9204    % 
UB: 58.8507874015748
branching on 1 with b.
1718   794    24         47.1106    58.8508    24.9204    % 
LB close or above UB, fathomed
1719   793    24         47.1106    58.8508    24.9204    % 
UB: 58.8507874015748
branching on 2 with b.
1720   794    25         47.1106    58.8508    24.9204    % 
UB: 58.8507874015748
branching on 3 with b.
1721   795    26         47.1106    58.8508    24.9204    % 
UB: 58.8507874015748
branching on 1 with b.
1722   796    27         47.1106    58.8508    24.9204    % 
LB close or above UB, fathomed
1723   795    27         47.1106    58.8508    24.9204    % 
UB: 58.8507874015748
branching on 2 with b.
1724   796    26         47.1106    58.8508    24.9204    % 
LB close or above UB, fathomed
1725   795    25         47.1106    58.8508    24.9204    % 
UB: 58.8507874015748
branching on 3 with b.
1726   796    23         47.1106    58.8508    24.9204    % 
LB close or above UB, fathomed
1727   795    22         47.1106    58.8508    24.9204    % 
LB close or above UB, fathomed
1728   794    20         47.1106    58.8508    24.9204    % 
LB close or above UB, fathomed
1729   793    17         47.1106    58.8508    24.9204    % 
UB: 58.8507874015748
branching on 2 with b.
1730   794    18         47.1106    58.8508    24.9204    % 
LB close or above UB, fathomed
1731   793    18         47.1106    58.8508    24.9204    % 
UB: 58.8507874015748
branching on CartesianIndex(1, 6) with c.
1732   794    19         47.1106    58.8508    24.9204    % 
LB close or above UB, fathomed
1733   793    19         47.1106    58.8508    24.9204    % 
UB: 58.8507874015748
branching on CartesianIndex(1, 7) with c.
1734   794    20         47.1106    58.8508    24.9204    % 
UB: 58.8507874015748
branching on 3 with b.
1735   795    21         47.1106    58.8508    24.9204    % 
LB close or above UB, fathomed
1736   794    21         47.1106    58.8508    24.9204    % 
UB: 58.8507874015748
branching on 1 with b.
1737   795    20         47.1106    58.8508    24.9204    % 
LB close or above UB, fathomed
1738   794    17         47.1106    58.8508    24.9204    % 
UB: 58.8507874015748
branching on 2 with b.
1739   795    23         47.1106    58.8508    24.9204    % 
LB close or above UB, fathomed
1740   794    23         47.1106    58.8508    24.9204    % 
UB: 58.8507874015748
branching on 1 with b.
1741   795    14         47.1106    58.8508    24.9204    % 
UB: 58.8507874015748
branching on CartesianIndex(1, 3) with a.
1742   796    15         47.1106    58.8508    24.9204    % 
UB: 58.8507874015748
branching on 2 with b.
1743   797    15         47.1106    58.8508    24.9204    % 
UB: 58.8507874015748
branching on CartesianIndex(1, 4) with c.
1744   798    14         47.1106    58.8508    24.9204    % 
LB close or above UB, fathomed
1745   797    20         47.1106    58.8508    24.9204    % 
UB: 58.8507874015748
branching on 2 with b.
1746   798    20         47.1106    58.8508    24.9204    % 
UB: 58.8507874015748
branching on 2 with b.
1747   799    20         47.1106    58.8508    24.9204    % 
UB: 58.8507874015748
branching on 1 with b.
1748   800    21         47.1106    58.8508    24.9204    % 
UB: 58.8507874015748
branching on 2 with b.
1749   801    22         47.1106    58.8508    24.9204    % 
UB: 58.8507874015748
branching on 3 with b.
1750   802    23         47.1106    58.8508    24.9204    % 
LB close or above UB, fathomed
1751   801    23         47.1106    58.8508    24.9204    % 
UB: 58.8507874015748
branching on 1 with b.
1752   802    22         47.1106    58.8508    24.9204    % 
LB close or above UB, fathomed
1753   801    21         47.1106    58.8508    24.9204    % 
LB close or above UB, fathomed
1754   800    20         47.1106    58.8508    24.9204    % 
LB close or above UB, fathomed
1755   799    20         47.1106    58.8508    24.9204    % 
UB: 58.8507874015748
branching on CartesianIndex(1, 6) with c.
1756   800    20         47.1106    58.8508    24.9204    % 
UB: 58.8507874015748
branching on CartesianIndex(1, 6) with c.
1757   801    31         47.1106    58.8508    24.9204    % 
UB: 58.8507874015748
branching on 3 with b.
1758   802    31         47.1106    58.8508    24.9204    % 
LB close or above UB, fathomed
1759   801    19         47.1106    58.8508    24.9204    % 
UB: 58.8507874015748
branching on 2 with b.
1760   802    19         47.1106    58.8508    24.9204    % 
LB close or above UB, fathomed
1761   801    18         47.1106    58.8508    24.9204    % 
LB close or above UB, fathomed
1762   800    18         47.1106    58.8508    24.9204    % 
UB: 58.8507874015748
branching on CartesianIndex(1, 3) with a.
1763   801    19         47.1106    58.8508    24.9204    % 
UB: 58.8507874015748
branching on CartesianIndex(2, 3) with a.
1764   802    20         47.1106    58.8508    24.9204    % 
LB close or above UB, fathomed
1765   801    20         47.1106    58.8508    24.9204    % 
UB: 58.8507874015748
branching on 1 with b.
1766   802    21         47.1106    58.8508    24.9204    % 
UB: 58.8507874015748
branching on CartesianIndex(1, 4) with c.
1767   803    22         47.1106    58.8508    24.9204    % 
UB: 58.8507874015748
branching on CartesianIndex(1, 5) with c.
1768   804    22         47.1106    58.8508    24.9204    % 
UB: 58.8507874015748
branching on CartesianIndex(1, 5) with c.
1769   805    23         47.1106    58.8508    24.9204    % 
LB close or above UB, fathomed
1770   804    23         47.1106    58.8508    24.9204    % 
UB: 58.8507874015748
branching on CartesianIndex(1, 6) with c.
1771   805    21         47.1106    58.8508    24.9204    % 
LB close or above UB, fathomed
1772   804    19         47.1106    58.8508    24.9204    % 
LB close or above UB, fathomed
1773   803    24         47.1106    58.8508    24.9204    % 
UB: 58.8507874015748
branching on 1 with b.
1774   804    25         47.1106    58.8508    24.9204    % 
UB: 58.8507874015748
branching on 2 with b.
1775   805    26         47.1106    58.8508    24.9204    % 
LB close or above UB, fathomed
1776   804    26         47.1106    58.8508    24.9204    % 
UB: 58.8507874015748
branching on 3 with b.
1777   805    25         47.1106    58.8508    24.9204    % 
UB: 58.8507874015748
branching on 2 with b.
1778   806    24         47.1106    58.8508    24.9204    % 
LB close or above UB, fathomed
1779   805    20         47.1106    58.8508    24.9204    % 
UB: 58.8507874015748
branching on CartesianIndex(2, 3) with a.
1780   806    21         47.1106    58.8508    24.9204    % 
LB close or above UB, fathomed
1781   805    21         47.1106    58.8508    24.9204    % 
UB: 58.8507874015748
branching on CartesianIndex(1, 4) with c.
1782   806    20         47.1106    58.8508    24.9204    % 
LB close or above UB, fathomed
1783   805    18         47.1106    58.8508    24.9204    % 
LB close or above UB, fathomed
1784   804    18         47.1106    58.8508    24.9204    % 
UB: 58.8507874015748
branching on CartesianIndex(1, 7) with c.
1785   805    19         47.1106    58.8508    24.9204    % 
UB: 58.8507874015748
branching on 1 with b.
1786   806    20         47.1106    58.8508    24.9204    % 
UB: 58.8507874015748
branching on 2 with b.
1787   807    21         47.1106    58.8508    24.9204    % 
UB: 58.8507874015748
branching on 3 with b.
1788   808    22         47.1106    58.8508    24.9204    % 
LB close or above UB, fathomed
1789   807    22         47.1106    58.8508    24.9204    % 
UB: 58.8507874015748
branching on 1 with b.
1790   808    21         47.1106    58.8508    24.9204    % 
UB: 58.8507874015748
branching on 3 with b.
1791   809    22         47.1106    58.8508    24.9204    % 
LB close or above UB, fathomed
1792   808    22         47.1106    58.8508    24.9204    % 
UB: 58.8507874015748
branching on 1 with b.
1793   809    20         47.1106    58.8508    24.9204    % 
LB close or above UB, fathomed
1794   808    19         47.1106    58.8508    24.9204    % 
LB close or above UB, fathomed
1795   807    23         47.1106    58.8508    24.9204    % 
UB: 58.8507874015748
branching on 2 with b.
1796   808    23         47.1106    58.8508    24.9204    % 
LB close or above UB, fathomed
1797   807    15         47.1106    58.8508    24.9204    % 
UB: 58.8507874015748
branching on CartesianIndex(1, 4) with c.
1798   808    15         47.1106    58.8508    24.9204    % 
LB close or above UB, fathomed
1799   807    16         47.1106    58.8508    24.9204    % 
UB: 58.8507874015748
branching on CartesianIndex(1, 5) with c.
1800   808    17         47.1106    58.8508    24.9204    % 
LB close or above UB, fathomed
1801   807    17         47.1106    58.8508    24.9204    % 
UB: 58.8507874015748
branching on 1 with b.
1802   808    18         47.1106    58.8508    24.9204    % 
UB: 58.8507874015748
branching on CartesianIndex(1, 6) with c.
1803   809    18         47.1106    58.8508    24.9204    % 
LB close or above UB, fathomed
1804   808    16         47.1106    58.8508    24.9204    % 
LB close or above UB, fathomed
1805   807    15         47.1106    58.8508    24.9204    % 
UB: 58.8507874015748
branching on CartesianIndex(2, 3) with a.
1806   808    16         47.1106    58.8508    24.9204    % 
LB close or above UB, fathomed
1807   807    16         47.1106    58.8508    24.9204    % 
UB: 58.8507874015748
branching on CartesianIndex(1, 4) with c.
1808   808    15         47.1106    58.8508    24.9204    % 
LB close or above UB, fathomed
1809   807    35         47.1106    58.8508    24.9204    % 
UB: 58.8507874015748
branching on 1 with b.
1810   808    35         47.1106    58.8508    24.9204    % 
UB: 58.8507874015748
branching on 1 with b.
1811   809    34         47.1106    58.8508    24.9204    % 
UB: 58.8507874015748
branching on 3 with b.
1812   810    34         47.1106    58.8508    24.9204    % 
LB close or above UB, fathomed
1813   809    14         47.1106    58.8508    24.9204    % 
UB: 58.8507874015748
branching on 1 with b.
1814   810    15         47.1106    58.8508    24.9204    % 
LB close or above UB, fathomed
1815   809    15         47.1106    58.8508    24.9204    % 
UB: 58.8507874015748
branching on CartesianIndex(2, 3) with a.
1816   810    16         47.1106    58.8508    24.9204    % 
LB close or above UB, fathomed
1817   809    16         47.1106    58.8508    24.9204    % 
UB: 58.8507874015748
branching on CartesianIndex(1, 4) with c.
1818   810    14         47.1106    58.8508    24.9204    % 
LB close or above UB, fathomed
1819   809    30         47.1106    58.8508    24.9204    % 
LB close or above UB, fathomed
1820   808    30         47.1106    58.8508    24.9204    % 
UB: 58.8507874015748
branching on 3 with b.
1821   809    31         47.1106    58.8508    24.9204    % 
UB: 58.8507874015748
branching on 1 with b.
1822   810    31         47.1106    58.8508    24.9204    % 
UB: 58.8507874015748
branching on 1 with b.
1823   811    30         47.1106    58.8508    24.9204    % 
UB: 58.8507874015748
branching on 2 with b.
1824   812    30         47.1106    58.8508    24.9204    % 
UB: 58.8507874015748
branching on 2 with b.
1825   813    18         47.1106    58.8508    24.9204    % 
LB close or above UB, fathomed
1826   812    18         47.1106    58.8508    24.9204    % 
UB: 58.8507874015748
branching on CartesianIndex(1, 4) with c.
1827   813    24         47.1106    58.8508    24.9204    % 
UB: 58.8507874015748
branching on 3 with b.
1828   814    25         47.1106    58.8508    24.9204    % 
LB close or above UB, fathomed
1829   813    25         47.1106    58.8508    24.9204    % 
UB: 58.8507874015748
branching on 1 with b.
1830   814    24         47.1106    58.8508    24.9204    % 
LB close or above UB, fathomed
1831   813    35         47.1106    58.8508    24.9204    % 
UB: 58.8507874015748
branching on 1 with b.
1832   814    35         47.1106    58.8508    24.9204    % 
UB: 58.8507874015748
branching on 1 with b.
1833   815    29         47.1106    58.8508    24.9204    % 
UB: 58.8507874015748
branching on 3 with b.
1834   816    30         47.1106    58.8508    24.9204    % 
LB close or above UB, fathomed
1835   815    30         47.1106    58.8508    24.9204    % 
UB: 58.8507874015748
branching on 1 with b.
1836   816    31         47.1106    58.8508    24.9204    % 
UB: 58.8507874015748
branching on 2 with b.
1837   817    31         47.1106    58.8508    24.9204    % 
UB: 58.8507874015748
branching on 2 with b.
1838   818    32         47.1106    58.8508    24.9204    % 
UB: 58.8507874015748
branching on 3 with b.
1839   819    32         47.1106    58.8508    24.9204    % 
LB close or above UB, fathomed
1840   818    29         47.1106    58.8508    24.9204    % 
LB close or above UB, fathomed
1841   817    37         47.1106    58.8508    24.9204    % 
UB: 58.8507874015748
branching on 3 with b.
1842   818    37         47.1106    58.8508    24.9204    % 
UB: 58.8507874015748
branching on 3 with b.
1843   819    18         47.1106    58.8508    24.9204    % 
LB close or above UB, fathomed
1844   818    18         47.1106    58.8508    24.9204    % 
UB: 58.8507874015748
branching on CartesianIndex(2, 3) with a.
1845   819    19         47.1106    58.8508    24.9204    % 
UB: 58.8507874015748
branching on CartesianIndex(3, 3) with a.
1846   820    20         47.1106    58.8508    24.9204    % 
UB: 58.8507874015748
branching on 3 with b.
1847   821    20         47.1106    58.8508    24.9204    % 
UB: 58.8507874015748
branching on CartesianIndex(1, 4) with c.
1848   822    19         47.1106    58.8508    24.9204    % 
LB close or above UB, fathomed
1849   821    34         47.1106    58.8508    24.9204    % 
UB: 58.8507874015748
branching on 3 with b.
1850   822    34         47.1106    58.8508    24.9204    % 
LB close or above UB, fathomed
1851   821    34         47.1106    58.8508    24.9204    % 
UB: 58.8507874015748
branching on 3 with b.
1852   822    34         47.1106    58.8508    24.9204    % 
LB close or above UB, fathomed
1853   821    30         47.1106    58.8508    24.9204    % 
UB: 58.8507874015748
branching on 1 with b.
1854   822    30         47.1106    58.8508    24.9204    % 
UB: 58.8507874015748
branching on 1 with b.
1855   823    18         47.1106    58.8508    24.9204    % 
LB close or above UB, fathomed
1856   822    18         47.1106    58.8508    24.9204    % 
UB: 58.8507874015748
branching on CartesianIndex(1, 7) with c.
1857   823    19         47.1106    58.8508    24.9204    % 
UB: 58.8507874015748
branching on 1 with b.
1858   824    20         47.1106    58.8508    24.9204    % 
UB: 58.8507874015748
branching on 2 with b.
1859   825    20         47.1106    58.8508    24.9204    % 
UB: 58.8507874015748
branching on 2 with b.
1860   826    19         47.1106    58.8508    24.9204    % 
LB close or above UB, fathomed
1861   825    17         47.1106    58.8508    24.9204    % 
LB close or above UB, fathomed
1862   824    17         47.1106    58.8508    24.9204    % 
UB: 58.8507874015748
branching on CartesianIndex(1, 7) with c.
1863   825    18         47.1106    58.8508    24.9204    % 
UB: 58.8507874015748
branching on 1 with b.
1864   826    19         47.1106    58.8508    24.9204    % 
UB: 58.8507874015748
branching on 2 with b.
1865   827    19         47.1106    58.8508    24.9204    % 
UB: 58.8507874015748
branching on 2 with b.
1866   828    18         47.1106    58.8508    24.9204    % 
LB close or above UB, fathomed
1867   827    25         47.1106    58.8508    24.9204    % 
LB close or above UB, fathomed
1868   826    25         47.1106    58.8508    24.9204    % 
LB close or above UB, fathomed
1869   825    26         47.1106    58.8508    24.9204    % 
UB: 58.8507874015748
branching on 3 with b.
1870   826    27         47.1106    58.8508    24.9204    % 
UB: 58.8507874015748
branching on 1 with b.
1871   827    28         47.1106    58.8508    24.9204    % 
LB close or above UB, fathomed
1872   826    28         47.1106    58.8508    24.9204    % 
UB: 58.8507874015748
branching on 2 with b.
1873   827    27         47.1106    58.8508    24.9204    % 
LB close or above UB, fathomed
1874   826    26         47.1106    58.8508    24.9204    % 
LB close or above UB, fathomed
1875   825    33         47.1106    58.8508    24.9204    % 
UB: 58.8507874015748
branching on 3 with b.
1876   826    33         47.1106    58.8508    24.9204    % 
UB: 58.8507874015748
branching on 3 with b.
1877   827    21         47.1106    58.8508    24.9204    % 
LB close or above UB, fathomed
1878   826    21         47.1106    58.8508    24.9204    % 
UB: 58.8507874015748
branching on 1 with b.
1879   827    22         47.1106    58.8508    24.9204    % 
UB: 58.8507874015748
branching on CartesianIndex(1, 7) with c.
1880   828    22         47.1106    58.8508    24.9204    % 
LB close or above UB, fathomed
1881   827    29         47.1106    58.8508    24.9204    % 
LB close or above UB, fathomed
1882   826    29         47.1106    58.8508    24.9204    % 
UB: 58.8507874015748
branching on 3 with b.
1883   827    20         47.1106    58.8508    24.9204    % 
LB close or above UB, fathomed
1884   826    20         47.1106    58.8508    24.9204    % 
UB: 58.8507874015748
branching on CartesianIndex(1, 4) with c.
1885   827    21         47.1106    58.8508    24.9204    % 
UB: 58.8507874015748
branching on CartesianIndex(1, 5) with c.
1886   828    21         47.1106    58.8508    24.9204    % 
UB: 58.8507874015748
branching on 1 with b.
1887   829    22         47.1106    58.8508    24.9204    % 
LB close or above UB, fathomed
1888   828    22         47.1106    58.8508    24.9204    % 
UB: 58.8507874015748
branching on CartesianIndex(1, 5) with c.
1889   829    23         47.1106    58.8508    24.9204    % 
LB close or above UB, fathomed
1890   828    23         47.1106    58.8508    24.9204    % 
UB: 58.8507874015748
branching on CartesianIndex(1, 6) with c.
1891   829    17         47.1106    58.8508    24.9204    % 
UB: 58.8507874015748
branching on 1 with b.
1892   830    17         47.1106    58.8508    24.9204    % 
UB: 58.8507874015748
branching on 1 with b.
1893   831    17         47.1106    58.8508    24.9204    % 
UB: 58.8507874015748
branching on CartesianIndex(3, 3) with a.
1894   832    18         47.1106    58.8508    24.9204    % 
UB: 58.8507874015748
branching on CartesianIndex(4, 3) with a.
1895   833    18         47.1106    58.8508    24.9204    % 
UB: 58.8507874015748
branching on CartesianIndex(1, 4) with c.
1896   834    17         47.1106    58.8508    24.9204    % 
LB close or above UB, fathomed
1897   833    17         47.1106    58.8508    24.9204    % 
LB close or above UB, fathomed
1898   832    17         47.1106    58.8508    24.9204    % 
UB: 58.8507874015748
branching on 1 with b.
1899   833    18         47.1106    58.8508    24.9204    % 
UB: 58.8507874015748
branching on CartesianIndex(1, 6) with c.
1900   834    18         47.1106    58.8508    24.9204    % 
UB: 58.8507874015748
branching on CartesianIndex(1, 6) with c.
1901   835    35         47.1106    58.8508    24.9204    % 
UB: 58.8507874015748
branching on 1 with b.
1902   836    35         47.1106    58.8508    24.9204    % 
UB: 58.8507874015748
branching on 1 with b.
1903   837    21         47.1106    58.8508    24.9204    % 
UB: 58.8507874015748
branching on CartesianIndex(1, 6) with c.
1904   838    21         47.1106    58.8508    24.9204    % 
UB: 58.8507874015748
branching on CartesianIndex(1, 6) with c.
1905   839    22         47.1106    58.8508    24.9204    % 
LB close or above UB, fathomed
1906   838    22         47.1106    58.8508    24.9204    % 
UB: 58.8507874015748
branching on 2 with b.
1907   839    23         47.1106    58.8508    24.9204    % 
UB: 58.8507874015748
branching on CartesianIndex(1, 7) with c.
1908   840    24         47.1106    58.8508    24.9204    % 
UB: 58.8507874015748
branching on 3 with b.
1909   841    25         47.1106    58.8508    24.9204    % 
LB close or above UB, fathomed
1910   840    25         47.1106    58.8508    24.9204    % 
UB: 58.8507874015748
branching on 1 with b.
1911   841    24         47.1106    58.8508    24.9204    % 
LB close or above UB, fathomed
1912   840    23         47.1106    58.8508    24.9204    % 
UB: 58.8507874015748
branching on CartesianIndex(1, 7) with c.
1913   841    24         47.1106    58.8508    24.9204    % 
UB: 58.8507874015748
branching on 3 with b.
1914   842    25         47.1106    58.8508    24.9204    % 
LB close or above UB, fathomed
1915   841    25         47.1106    58.8508    24.9204    % 
UB: 58.8507874015748
branching on 1 with b.
1916   842    24         47.1106    58.8508    24.9204    % 
LB close or above UB, fathomed
1917   841    14         47.1106    58.8508    24.9204    % 
UB: 58.8507874015748
branching on CartesianIndex(1, 4) with c.
1918   842    14         47.1106    58.8508    24.9204    % 
LB close or above UB, fathomed
1919   841    31         47.1106    58.8508    24.9204    % 
LB close or above UB, fathomed
1920   840    31         47.1106    58.8508    24.9204    % 
UB: 58.8507874015748
branching on 3 with b.
1921   841    32         47.1106    58.8508    24.9204    % 
UB: 58.8507874015748
branching on 1 with b.
1922   842    32         47.1106    58.8508    24.9204    % 
UB: 58.8507874015748
branching on 1 with b.
1923   843    33         47.1106    58.8508    24.9204    % 
UB: 58.8507874015748
branching on 2 with b.
1924   844    33         47.1106    58.8508    24.9204    % 
UB: 58.8507874015748
branching on 2 with b.
1925   845    33         47.1106    58.8508    24.9204    % 
UB: 58.8507874015748
branching on 2 with b.
1926   846    33         47.1106    58.8508    24.9204    % 
UB: 58.8507874015748
branching on 2 with b.
1927   847    14         47.1106    58.8508    24.9204    % 
LB close or above UB, fathomed
1928   846    14         47.1106    58.8508    24.9204    % 
UB: 58.8507874015748
branching on CartesianIndex(1, 7) with c.
1929   847    32         47.1106    58.8508    24.9204    % 
UB: 58.8507874015748
branching on 3 with b.
1930   848    32         47.1106    58.8508    24.9204    % 
LB close or above UB, fathomed
1931   847    27         47.1106    58.8508    24.9204    % 
UB: 58.8507874015748
branching on 3 with b.
1932   848    27         47.1106    58.8508    24.9204    % 
UB: 58.8507874015748
branching on 3 with b.
1933   849    27         47.1106    58.8508    24.9204    % 
UB: 58.8507874015748
branching on 2 with b.
1934   850    27         47.1106    58.8508    24.9204    % 
UB: 58.8507874015748
branching on 2 with b.
1935   851    17         47.1106    58.8508    24.9204    % 
LB close or above UB, fathomed
1936   850    17         47.1106    58.8508    24.9204    % 
UB: 58.8507874015748
branching on CartesianIndex(1, 7) with c.
1937   851    18         47.1106    58.8508    24.9204    % 
UB: 58.8507874015748
branching on 1 with b.
1938   852    19         47.1106    58.8508    24.9204    % 
UB: 58.8507874015748
branching on 2 with b.
1939   853    19         47.1106    58.8508    24.9204    % 
UB: 58.8507874015748
branching on 2 with b.
1940   854    18         47.1106    58.8508    24.9204    % 
LB close or above UB, fathomed
1941   853    16         47.1106    58.8508    24.9204    % 
LB close or above UB, fathomed
1942   852    16         47.1106    58.8508    24.9204    % 
UB: 58.8507874015748
branching on 1 with b.
1943   853    17         47.1106    58.8508    24.9204    % 
UB: 58.8507874015748
branching on CartesianIndex(1, 6) with c.
1944   854    17         47.1106    58.8508    24.9204    % 
UB: 58.8507874015748
branching on CartesianIndex(1, 6) with c.
1945   855    21         47.1106    58.8508    24.9204    % 
LB close or above UB, fathomed
1946   854    21         47.1106    58.8508    24.9204    % 
UB: 58.8507874015748
branching on CartesianIndex(1, 7) with c.
1947   855    22         47.1106    58.8508    24.9204    % 
UB: 58.8507874015748
branching on 1 with b.
1948   856    23         47.1106    58.8508    24.9204    % 
UB: 58.8507874015748
branching on 2 with b.
1949   857    24         47.1106    58.8508    24.9204    % 
UB: 58.8507874015748
branching on 3 with b.
1950   858    25         47.1106    58.8508    24.9204    % 
LB close or above UB, fathomed
1951   857    25         47.1106    58.8508    24.9204    % 
UB: 58.8507874015748
branching on 1 with b.
1952   858    24         47.1106    58.8508    24.9204    % 
UB: 58.8507874015748
branching on 3 with b.
1953   859    25         47.1106    58.8508    24.9204    % 
LB close or above UB, fathomed
1954   858    25         47.1106    58.8508    24.9204    % 
UB: 58.8507874015748
branching on 1 with b.
1955   859    23         47.1106    58.8508    24.9204    % 
LB close or above UB, fathomed
1956   858    22         47.1106    58.8508    24.9204    % 
LB close or above UB, fathomed
1957   857    22         47.1106    58.8508    24.9204    % 
LB close or above UB, fathomed
1958   856    22         47.1106    58.8508    24.9204    % 
UB: 58.8507874015748
branching on CartesianIndex(1, 7) with c.
1959   857    23         47.1106    58.8508    24.9204    % 
UB: 58.8507874015748
branching on 3 with b.
1960   858    24         47.1106    58.8508    24.9204    % 
UB: 58.8507874015748
branching on 1 with b.
1961   859    25         47.1106    58.8508    24.9204    % 
UB: 58.8507874015748
branching on 2 with b.
1962   860    25         47.1106    58.8508    24.9204    % 
UB: 58.8507874015748
branching on 2 with b.
1963   861    24         47.1106    58.8508    24.9204    % 
LB close or above UB, fathomed
1964   860    23         47.1106    58.8508    24.9204    % 
LB close or above UB, fathomed
1965   859    28         47.1106    58.8508    24.9204    % 
UB: 58.8507874015748
branching on 3 with b.
1966   860    28         47.1106    58.8508    24.9204    % 
UB: 58.8507874015748
branching on 3 with b.
1967   861    20         47.1106    58.8508    24.9204    % 
LB close or above UB, fathomed
1968   860    20         47.1106    58.8508    24.9204    % 
UB: 58.8507874015748
branching on CartesianIndex(1, 7) with c.
1969   861    21         47.1106    58.8508    24.9204    % 
UB: 58.8507874015748
branching on 1 with b.
1970   862    22         47.1106    58.8508    24.9204    % 
UB: 58.8507874015748
branching on 2 with b.
1971   863    23         47.1106    58.8508    24.9204    % 
UB: 58.8507874015748
branching on 3 with b.
1972   864    24         47.1106    58.8508    24.9204    % 
LB close or above UB, fathomed
1973   863    24         47.1106    58.8508    24.9204    % 
UB: 58.8507874015748
branching on 1 with b.
1974   864    23         47.1106    58.8508    24.9204    % 
UB: 58.8507874015748
branching on 3 with b.
1975   865    24         47.1106    58.8508    24.9204    % 
LB close or above UB, fathomed
1976   864    24         47.1106    58.8508    24.9204    % 
UB: 58.8507874015748
branching on 1 with b.
1977   865    22         47.1106    58.8508    24.9204    % 
LB close or above UB, fathomed
1978   864    21         47.1106    58.8508    24.9204    % 
LB close or above UB, fathomed
1979   863    18         47.1106    58.8508    24.9204    % 
UB: 58.8507874015748
branching on CartesianIndex(4, 3) with a.
1980   864    18         47.1106    58.8508    24.9204    % 
UB: 58.8507874015748
branching on CartesianIndex(1, 4) with c.
1981   865    19         47.1106    58.8508    24.9204    % 
LB close or above UB, fathomed
1982   864    19         47.1106    58.8508    24.9204    % 
UB: 58.8507874015748
branching on 1 with b.
1983   865    20         47.1106    58.8508    24.9204    % 
LB close or above UB, fathomed
1984   864    20         47.1106    58.8508    24.9204    % 
UB: 58.8507874015748
branching on CartesianIndex(1, 5) with c.
1985   865    27         47.1106    58.8508    24.9204    % 
UB: 58.8507874015748
branching on 3 with b.
1986   866    27         47.1106    58.8508    24.9204    % 
UB: 58.8507874015748
branching on 3 with b.
1987   867    20         47.1106    58.8508    24.9204    % 
LB close or above UB, fathomed
1988   866    20         47.1106    58.8508    24.9204    % 
UB: 58.8507874015748
branching on CartesianIndex(1, 5) with c.
1989   867    21         47.1106    58.8508    24.9204    % 
UB: 58.8507874015748
branching on 3 with b.
1990   868    22         47.1106    58.8508    24.9204    % 
LB close or above UB, fathomed
1991   867    22         47.1106    58.8508    24.9204    % 
UB: 58.8507874015748
branching on CartesianIndex(1, 6) with c.
1992   868    23         47.1106    58.8508    24.9204    % 
LB close or above UB, fathomed
1993   867    23         47.1106    58.8508    24.9204    % 
UB: 58.8507874015748
branching on CartesianIndex(1, 7) with c.
1994   868    24         47.1106    58.8508    24.9204    % 
UB: 58.8507874015748
branching on 1 with b.
1995   869    25         47.1106    58.8508    24.9204    % 
LB close or above UB, fathomed
1996   868    25         47.1106    58.8508    24.9204    % 
UB: 58.8507874015748
branching on 2 with b.
1997   869    26         47.1106    58.8508    24.9204    % 
UB: 58.8507874015748
branching on 3 with b.
1998   870    26         47.1106    58.8508    24.9204    % 
UB: 58.8507874015748
branching on 3 with b.
1999   871    27         47.1106    58.8508    24.9204    % 
UB: 58.8507874015748
branching on 1 with b.
2000   872    27         47.1106    58.8508    24.9204    % 
UB: 58.8507874015748
branching on 1 with b.
2001   873    24         47.1106    58.8508    24.9204    % 
LB close or above UB, fathomed
2002   872    21         47.1106    58.8508    24.9204    % 
UB: 58.8507874015748
branching on CartesianIndex(1, 6) with c.
2003   873    13         47.1106    58.8508    24.9204    % 
LB close or above UB, fathomed
2004   872    13         47.1106    58.8508    24.9204    % 
UB: 58.8507874015748
branching on 3 with b.
2005   873    19         47.1106    58.8508    24.9204    % 
LB close or above UB, fathomed
2006   872    19         47.1106    58.8508    24.9204    % 
UB: 58.8507874015748
branching on CartesianIndex(1, 4) with c.
2007   873    19         47.1106    58.8508    24.9204    % 
UB: 58.8507874015748
branching on 1 with b.
2008   874    20         47.1106    58.8508    24.9204    % 
UB: 58.8507874015748
branching on CartesianIndex(1, 7) with c.
2009   875    21         47.1106    58.8508    24.9204    % 
UB: 58.8507874015748
branching on 2 with b.
2010   876    22         47.1106    58.8508    24.9204    % 
UB: 58.8507874015748
branching on 3 with b.
2011   877    23         47.1106    58.8508    24.9204    % 
LB close or above UB, fathomed
2012   876    23         47.1106    58.8508    24.9204    % 
UB: 58.8507874015748
branching on 1 with b.
2013   877    22         47.1106    58.8508    24.9204    % 
UB: 58.8507874015748
branching on 3 with b.
2014   878    23         47.1106    58.8508    24.9204    % 
LB close or above UB, fathomed
2015   877    23         47.1106    58.8508    24.9204    % 
UB: 58.8507874015748
branching on 1 with b.
2016   878    21         47.1106    58.8508    24.9204    % 
LB close or above UB, fathomed
2017   877    20         47.1106    58.8508    24.9204    % 
LB close or above UB, fathomed
2018   876    19         47.1106    58.8508    24.9204    % 
LB close or above UB, fathomed
2019   875    17         47.1106    58.8508    24.9204    % 
UB: 58.8507874015748
branching on CartesianIndex(1, 5) with c.
2020   876    17         47.1106    58.8508    24.9204    % 
UB: 58.8507874015748
branching on CartesianIndex(1, 5) with c.
2021   877    18         47.1106    58.8508    24.9204    % 
UB: 58.8507874015748
branching on CartesianIndex(1, 6) with c.
2022   878    19         47.1106    58.8508    24.9204    % 
LB close or above UB, fathomed
2023   877    19         47.1106    58.8508    24.9204    % 
UB: 58.8507874015748
branching on CartesianIndex(1, 7) with c.
2024   878    20         47.1106    58.8508    24.9204    % 
UB: 58.8507874015748
branching on 2 with b.
2025   879    21         47.1106    58.8508    24.9204    % 
LB close or above UB, fathomed
2026   878    21         47.1106    58.8508    24.9204    % 
UB: 58.8507874015748
branching on 3 with b.
2027   879    22         47.1106    58.8508    24.9204    % 
LB close or above UB, fathomed
2028   878    22         47.1106    58.8508    24.9204    % 
UB: 58.8507874015748
branching on 1 with b.
2029   879    23         47.1106    58.8508    24.9204    % 
LB close or above UB, fathomed
2030   878    23         47.1106    58.8508    24.9204    % 
UB: 58.8507874015748
branching on 2 with b.
2031   879    24         47.1106    58.8508    24.9204    % 
UB: 58.8507874015748
branching on 3 with b.
2032   880    25         47.1106    58.8508    24.9204    % 
LB close or above UB, fathomed
2033   879    25         47.1106    58.8508    24.9204    % 
UB: 58.8507874015748
branching on 1 with b.
2034   880    24         47.1106    58.8508    24.9204    % 
UB: 58.8507874015748
branching on 3 with b.
2035   881    20         47.1106    58.8508    24.9204    % 
LB close or above UB, fathomed
2036   880    18         47.1106    58.8508    24.9204    % 
UB: 58.8507874015748
branching on CartesianIndex(1, 6) with c.
2037   881    18         47.1106    58.8508    24.9204    % 
UB: 58.8507874015748
branching on CartesianIndex(4, 3) with a.
2038   882    18         47.1106    58.8508    24.9204    % 
UB: 58.8507874015748
branching on CartesianIndex(4, 3) with a.
2039   883    19         47.1106    58.8508    24.9204    % 
LB close or above UB, fathomed
2040   882    19         47.1106    58.8508    24.9204    % 
UB: 58.8507874015748
branching on CartesianIndex(1, 4) with c.
2041   883    20         47.1106    58.8508    24.9204    % 
LB close or above UB, fathomed
2042   882    20         47.1106    58.8508    24.9204    % 
UB: 58.8507874015748
branching on CartesianIndex(1, 5) with c.
2043   883    21         47.1106    58.8508    24.9204    % 
LB close or above UB, fathomed
2044   882    21         47.1106    58.8508    24.9204    % 
UB: 58.8507874015748
branching on CartesianIndex(1, 6) with c.
2045   883    19         47.1106    58.8508    24.9204    % 
UB: 58.8507874015748
branching on CartesianIndex(1, 5) with c.
2046   884    20         47.1106    58.8508    24.9204    % 
LB close or above UB, fathomed
2047   883    20         47.1106    58.8508    24.9204    % 
UB: 58.8507874015748
branching on CartesianIndex(1, 6) with c.
2048   884    21         47.1106    58.8508    24.9204    % 
LB close or above UB, fathomed
2049   883    21         47.1106    58.8508    24.9204    % 
UB: 58.8507874015748
branching on CartesianIndex(1, 7) with c.
2050   884    22         47.1106    58.8508    24.9204    % 
UB: 58.8507874015748
branching on 2 with b.
2051   885    23         47.1106    58.8508    24.9204    % 
UB: 58.8507874015748
branching on 3 with b.
2052   886    24         47.1106    58.8508    24.9204    % 
LB close or above UB, fathomed
2053   885    24         47.1106    58.8508    24.9204    % 
UB: 58.8507874015748
branching on 1 with b.
2054   886    25         47.1106    58.8508    24.9204    % 
LB close or above UB, fathomed
2055   885    25         47.1106    58.8508    24.9204    % 
UB: 58.8507874015748
branching on 2 with b.
2056   886    26         47.1106    58.8508    24.9204    % 
UB: 58.8507874015748
branching on 3 with b.
2057   887    27         47.1106    58.8508    24.9204    % 
UB: 58.8507874015748
branching on 1 with b.
2058   888    27         47.1106    58.8508    24.9204    % 
UB: 58.8507874015748
branching on 1 with b.
2059   889    26         47.1106    58.8508    24.9204    % 
LB close or above UB, fathomed
2060   888    23         47.1106    58.8508    24.9204    % 
LB close or above UB, fathomed
2061   887    22         47.1106    58.8508    24.9204    % 
LB close or above UB, fathomed
2062   886    19         47.1106    58.8508    24.9204    % 
UB: 58.8507874015748
branching on CartesianIndex(1, 5) with c.
2063   887    19         47.1106    58.8508    24.9204    % 
UB: 58.8507874015748
branching on CartesianIndex(4, 3) with a.
2064   888    19         47.1106    58.8508    24.9204    % 
UB: 58.8507874015748
branching on 3 with b.
2065   889    24         47.1106    58.8508    24.9204    % 
LB close or above UB, fathomed
2066   888    24         47.1106    58.8508    24.9204    % 
UB: 58.8507874015748
branching on 1 with b.
2067   889    24         47.1106    58.8508    24.9204    % 
UB: 58.8507874015748
branching on 3 with b.
2068   890    24         47.1106    58.8508    24.9204    % 
LB close or above UB, fathomed
2069   889    19         47.1106    58.8508    24.9204    % 
LB close or above UB, fathomed
2070   888    19         47.1106    58.8508    24.9204    % 
UB: 58.8507874015748
branching on 2 with b.
2071   889    20         47.1106    58.8508    24.9204    % 
UB: 58.8507874015748
branching on CartesianIndex(1, 4) with c.
2072   890    20         47.1106    58.8508    24.9204    % 
UB: 58.8507874015748
branching on CartesianIndex(1, 4) with c.
2073   891    21         47.1106    58.8508    24.9204    % 
LB close or above UB, fathomed
2074   890    21         47.1106    58.8508    24.9204    % 
UB: 58.8507874015748
branching on CartesianIndex(1, 5) with c.
2075   891    22         47.1106    58.8508    24.9204    % 
LB close or above UB, fathomed
2076   890    22         47.1106    58.8508    24.9204    % 
UB: 58.8507874015748
branching on CartesianIndex(1, 6) with c.
2077   891    14         47.1106    58.8508    24.9204    % 
UB: 58.8507874015748
branching on CartesianIndex(2, 2) with a.
2078   892    14         47.1106    58.8508    24.9204    % 
LB close or above UB, fathomed
2079   891    31         47.1106    58.8508    24.9204    % 
UB: 58.8507874015748
branching on 2 with b.
2080   892    31         47.1106    58.8508    24.9204    % 
UB: 58.8507874015748
branching on 2 with b.
2081   893    32         47.1106    58.8508    24.9204    % 
UB: 58.8507874015748
branching on 3 with b.
2082   894    32         47.1106    58.8508    24.9204    % 
LB close or above UB, fathomed
2083   893    23         47.1106    58.8508    24.9204    % 
LB close or above UB, fathomed
2084   892    23         47.1106    58.8508    24.9204    % 
UB: 58.8507874015748
branching on 1 with b.
2085   893    15         47.1106    58.8508    24.9204    % 
LB close or above UB, fathomed
2086   892    15         47.1106    58.8508    24.9204    % 
UB: 58.8507874015748
branching on CartesianIndex(1, 5) with c.
2087   893    18         47.1106    58.8508    24.9204    % 
UB: 58.8507874015748
branching on 3 with b.
2088   894    19         47.1106    58.8508    24.9204    % 
LB close or above UB, fathomed
2089   893    19         47.1106    58.8508    24.9204    % 
UB: 58.8507874015748
branching on CartesianIndex(1, 5) with c.
2090   894    20         47.1106    58.8508    24.9204    % 
UB: 58.8507874015748
branching on CartesianIndex(1, 6) with c.
2091   895    21         47.1106    58.8508    24.9204    % 
LB close or above UB, fathomed
2092   894    21         47.1106    58.8508    24.9204    % 
UB: 58.8507874015748
branching on CartesianIndex(1, 7) with c.
2093   895    22         47.1106    58.8508    24.9204    % 
UB: 58.8507874015748
branching on 1 with b.
2094   896    23         47.1106    58.8508    24.9204    % 
LB close or above UB, fathomed
2095   895    23         47.1106    58.8508    24.9204    % 
UB: 58.8507874015748
branching on 2 with b.
2096   896    24         47.1106    58.8508    24.9204    % 
UB: 58.8507874015748
branching on 3 with b.
2097   897    24         47.1106    58.8508    24.9204    % 
UB: 58.8507874015748
branching on 3 with b.
2098   898    22         47.1106    58.8508    24.9204    % 
LB close or above UB, fathomed
2099   897    20         47.1106    58.8508    24.9204    % 
UB: 58.8507874015748
branching on 1 with b.
2100   898    18         47.1106    58.8508    24.9204    % 
UB: 58.8507874015748
branching on CartesianIndex(1, 5) with c.
2101   899    20         47.1106    58.8508    24.9204    % 
LB close or above UB, fathomed
2102   898    20         47.1106    58.8508    24.9204    % 
UB: 58.8507874015748
branching on CartesianIndex(1, 7) with c.
2103   899    21         47.1106    58.8508    24.9204    % 
UB: 58.8507874015748
branching on 1 with b.
2104   900    22         47.1106    58.8508    24.9204    % 
UB: 58.8507874015748
branching on 2 with b.
2105   901    23         47.1106    58.8508    24.9204    % 
UB: 58.8507874015748
branching on 3 with b.
2106   902    24         47.1106    58.8508    24.9204    % 
LB close or above UB, fathomed
2107   901    24         47.1106    58.8508    24.9204    % 
UB: 58.8507874015748
branching on 1 with b.
2108   902    23         47.1106    58.8508    24.9204    % 
UB: 58.8507874015748
branching on 3 with b.
2109   903    24         47.1106    58.8508    24.9204    % 
LB close or above UB, fathomed
2110   902    24         47.1106    58.8508    24.9204    % 
UB: 58.8507874015748
branching on 1 with b.
2111   903    22         47.1106    58.8508    24.9204    % 
LB close or above UB, fathomed
2112   902    21         47.1106    58.8508    24.9204    % 
LB close or above UB, fathomed
2113   901    19         47.1106    58.8508    24.9204    % 
LB close or above UB, fathomed
2114   900    19         47.1106    58.8508    24.9204    % 
UB: 58.8507874015748
branching on CartesianIndex(1, 6) with c.
2115   901    20         47.1106    58.8508    24.9204    % 
LB close or above UB, fathomed
2116   900    20         47.1106    58.8508    24.9204    % 
UB: 58.8507874015748
branching on CartesianIndex(1, 7) with c.
2117   901    21         47.1106    58.8508    24.9204    % 
UB: 58.8507874015748
branching on 1 with b.
2118   902    22         47.1106    58.8508    24.9204    % 
UB: 58.8507874015748
branching on 2 with b.
2119   903    23         47.1106    58.8508    24.9204    % 
UB: 58.8507874015748
branching on 3 with b.
2120   904    24         47.1106    58.8508    24.9204    % 
LB close or above UB, fathomed
2121   903    24         47.1106    58.8508    24.9204    % 
UB: 58.8507874015748
branching on 1 with b.
2122   904    23         47.1106    58.8508    24.9204    % 
LB close or above UB, fathomed
2123   903    22         47.1106    58.8508    24.9204    % 
LB close or above UB, fathomed
2124   902    21         47.1106    58.8508    24.9204    % 
LB close or above UB, fathomed
2125   901    19         47.1106    58.8508    24.9204    % 
LB close or above UB, fathomed
2126   900    19         47.1106    58.8508    24.9204    % 
UB: 58.8507874015748
branching on 1 with b.
2127   901    20         47.1106    58.8508    24.9204    % 
LB close or above UB, fathomed
2128   900    20         47.1106    58.8508    24.9204    % 
UB: 58.8507874015748
branching on CartesianIndex(1, 4) with c.
2129   901    21         47.1106    58.8508    24.9204    % 
LB close or above UB, fathomed
2130   900    21         47.1106    58.8508    24.9204    % 
UB: 58.8507874015748
branching on 2 with b.
2131   901    22         47.1106    58.8508    24.9204    % 
LB close or above UB, fathomed
2132   900    22         47.1106    58.8508    24.9204    % 
UB: 58.8507874015748
branching on 3 with b.
2133   901    23         47.1106    58.8508    24.9204    % 
UB: 58.8507874015748
branching on CartesianIndex(1, 5) with c.
2134   902    24         47.1106    58.8508    24.9204    % 
UB: 58.8507874015748
branching on CartesianIndex(1, 6) with c.
2135   903    25         47.1106    58.8508    24.9204    % 
LB close or above UB, fathomed
2136   902    25         47.1106    58.8508    24.9204    % 
UB: 58.8507874015748
branching on CartesianIndex(1, 7) with c.
2137   903    24         47.1106    58.8508    24.9204    % 
LB close or above UB, fathomed
2138   902    23         47.1106    58.8508    24.9204    % 
LB close or above UB, fathomed
2139   901    20         47.1106    58.8508    24.9204    % 
UB: 58.8507874015748
branching on 3 with b.
2140   902    20         47.1106    58.8508    24.9204    % 
UB: 58.8507874015748
branching on CartesianIndex(1, 4) with c.
2141   903    18         47.1106    58.8508    24.9204    % 
UB: 58.8507874015748
branching on 3 with b.
2142   904    18         47.1106    58.8508    24.9204    % 
UB: 58.8507874015748
branching on 3 with b.
2143   905    16         47.1106    58.8508    24.9204    % 
UB: 58.8507874015748
branching on CartesianIndex(2, 3) with a.
2144   906    17         47.1106    58.8508    24.9204    % 
UB: 58.8507874015748
branching on 3 with b.
2145   907    17         47.1106    58.8508    24.9204    % 
UB: 58.8507874015748
branching on CartesianIndex(1, 4) with c.
2146   908    16         47.1106    58.8508    24.9204    % 
LB close or above UB, fathomed
2147   907    29         47.1106    58.8508    24.9204    % 
LB close or above UB, fathomed
2148   906    29         47.1106    58.8508    24.9204    % 
UB: 58.8507874015748
branching on 3 with b.
2149   907    20         47.1106    58.8508    24.9204    % 
LB close or above UB, fathomed
2150   906    20         47.1106    58.8508    24.9204    % 
UB: 58.8507874015748
branching on CartesianIndex(1, 5) with c.
2151   907    21         47.1106    58.8508    24.9204    % 
UB: 58.8507874015748
branching on CartesianIndex(1, 6) with c.
2152   908    21         47.1106    58.8508    24.9204    % 
UB: 58.8507874015748
branching on CartesianIndex(1, 6) with c.
2153   909    16         47.1106    58.8508    24.9204    % 
LB close or above UB, fathomed
2154   908    16         47.1106    58.8508    24.9204    % 
UB: 58.8507874015748
branching on 1 with b.
2155   909    17         47.1106    58.8508    24.9204    % 
UB: 58.8507874015748
branching on CartesianIndex(1, 5) with c.
2156   910    18         47.1106    58.8508    24.9204    % 
UB: 58.8507874015748
branching on CartesianIndex(1, 6) with c.
2157   911    19         47.1106    58.8508    24.9204    % 
LB close or above UB, fathomed
2158   910    19         47.1106    58.8508    24.9204    % 
UB: 58.8507874015748
branching on CartesianIndex(1, 7) with c.
2159   911    20         47.1106    58.8508    24.9204    % 
UB: 58.8507874015748
branching on 2 with b.
2160   912    21         47.1106    58.8508    24.9204    % 
UB: 58.8507874015748
branching on 3 with b.
2161   913    22         47.1106    58.8508    24.9204    % 
LB close or above UB, fathomed
2162   912    22         47.1106    58.8508    24.9204    % 
UB: 58.8507874015748
branching on 1 with b.
2163   913    21         47.1106    58.8508    24.9204    % 
UB: 58.8507874015748
branching on 3 with b.
2164   914    22         47.1106    58.8508    24.9204    % 
LB close or above UB, fathomed
2165   913    22         47.1106    58.8508    24.9204    % 
UB: 58.8507874015748
branching on 1 with b.
2166   914    20         47.1106    58.8508    24.9204    % 
LB close or above UB, fathomed
2167   913    18         47.1106    58.8508    24.9204    % 
UB: 58.8507874015748
branching on CartesianIndex(1, 6) with c.
2168   914    19         47.1106    58.8508    24.9204    % 
LB close or above UB, fathomed
2169   913    19         47.1106    58.8508    24.9204    % 
UB: 58.8507874015748
branching on CartesianIndex(1, 7) with c.
2170   914    20         47.1106    58.8508    24.9204    % 
UB: 58.8507874015748
branching on 2 with b.
2171   915    21         47.1106    58.8508    24.9204    % 
UB: 58.8507874015748
branching on 3 with b.
2172   916    22         47.1106    58.8508    24.9204    % 
LB close or above UB, fathomed
2173   915    22         47.1106    58.8508    24.9204    % 
UB: 58.8507874015748
branching on 1 with b.
2174   916    21         47.1106    58.8508    24.9204    % 
UB: 58.8507874015748
branching on 3 with b.
2175   917    22         47.1106    58.8508    24.9204    % 
LB close or above UB, fathomed
2176   916    22         47.1106    58.8508    24.9204    % 
UB: 58.8507874015748
branching on 1 with b.
2177   917    20         47.1106    58.8508    24.9204    % 
LB close or above UB, fathomed
2178   916    17         47.1106    58.8508    24.9204    % 
LB close or above UB, fathomed
2179   915    21         47.1106    58.8508    24.9204    % 
LB close or above UB, fathomed
2180   914    21         47.1106    58.8508    24.9204    % 
UB: 58.8507874015748
branching on CartesianIndex(1, 4) with c.
2181   915    22         47.1106    58.8508    24.9204    % 
LB close or above UB, fathomed
2182   914    22         47.1106    58.8508    24.9204    % 
UB: 58.8507874015748
branching on CartesianIndex(1, 5) with c.
2183   915    23         47.1106    58.8508    24.9204    % 
LB close or above UB, fathomed
2184   914    23         47.1106    58.8508    24.9204    % 
LB close or above UB, fathomed
2185   913    18         47.1106    58.8508    24.9204    % 
LB close or above UB, fathomed
2186   912    18         47.1106    58.8508    24.9204    % 
UB: 58.8507874015748
branching on CartesianIndex(1, 5) with c.
2187   913    19         47.1106    58.8508    24.9204    % 
UB: 58.8507874015748
branching on CartesianIndex(1, 6) with c.
2188   914    20         47.1106    58.8508    24.9204    % 
LB close or above UB, fathomed
2189   913    20         47.1106    58.8508    24.9204    % 
UB: 58.8507874015748
branching on CartesianIndex(1, 7) with c.
2190   914    21         47.1106    58.8508    24.9204    % 
UB: 58.8507874015748
branching on 2 with b.
2191   915    22         47.1106    58.8508    24.9204    % 
UB: 58.8507874015748
branching on 3 with b.
2192   916    22         47.1106    58.8508    24.9204    % 
UB: 58.8507874015748
branching on 3 with b.
2193   917    21         47.1106    58.8508    24.9204    % 
LB close or above UB, fathomed
2194   916    19         47.1106    58.8508    24.9204    % 
UB: 58.8507874015748
branching on 2 with b.
2195   917    23         47.1106    58.8508    24.9204    % 
UB: 58.8507874015748
branching on 2 with b.
2196   918    24         47.1106    58.8508    24.9204    % 
UB: 58.8507874015748
branching on 3 with b.
2197   919    25         47.1106    58.8508    24.9204    % 
LB close or above UB, fathomed
2198   918    25         47.1106    58.8508    24.9204    % 
UB: 58.8507874015748
branching on 1 with b.
2199   919    24         47.1106    58.8508    24.9204    % 
LB close or above UB, fathomed
2200   918    23         47.1106    58.8508    24.9204    % 
LB close or above UB, fathomed
2201   917    19         47.1106    58.8508    24.9204    % 
LB close or above UB, fathomed
2202   916    19         47.1106    58.8508    24.9204    % 
UB: 58.8507874015748
branching on 2 with b.
2203   917    20         47.1106    58.8508    24.9204    % 
UB: 58.8507874015748
branching on 3 with b.
2204   918    21         47.1106    58.8508    24.9204    % 
LB close or above UB, fathomed
2205   917    21         47.1106    58.8508    24.9204    % 
UB: 58.8507874015748
branching on CartesianIndex(1, 7) with c.
2206   918    20         47.1106    58.8508    24.9204    % 
LB close or above UB, fathomed
2207   917    18         47.1106    58.8508    24.9204    % 
LB close or above UB, fathomed
2208   916    18         47.1106    58.8508    24.9204    % 
UB: 58.8507874015748
branching on CartesianIndex(1, 5) with c.
2209   917    19         47.1106    58.8508    24.9204    % 
UB: 58.8507874015748
branching on CartesianIndex(1, 6) with c.
2210   918    20         47.1106    58.8508    24.9204    % 
UB: 58.8507874015748
branching on CartesianIndex(1, 7) with c.
2211   919    20         47.1106    58.8508    24.9204    % 
UB: 58.8507874015748
branching on CartesianIndex(1, 7) with c.
2212   920    21         47.1106    58.8508    24.9204    % 
UB: 58.8507874015748
branching on 3 with b.
2213   921    22         47.1106    58.8508    24.9204    % 
UB: 58.8507874015748
branching on 1 with b.
2214   922    22         47.1106    58.8508    24.9204    % 
UB: 58.8507874015748
branching on 1 with b.
2215   923    21         47.1106    58.8508    24.9204    % 
LB close or above UB, fathomed
2216   922    19         47.1106    58.8508    24.9204    % 
LB close or above UB, fathomed
2217   921    20         47.1106    58.8508    24.9204    % 
UB: 58.8507874015748
branching on 3 with b.
2218   922    21         47.1106    58.8508    24.9204    % 
LB close or above UB, fathomed
2219   921    21         47.1106    58.8508    24.9204    % 
UB: 58.8507874015748
branching on CartesianIndex(1, 4) with c.
2220   922    20         47.1106    58.8508    24.9204    % 
UB: 58.8507874015748
branching on CartesianIndex(1, 4) with c.
2221   923    22         47.1106    58.8508    24.9204    % 
LB close or above UB, fathomed
2222   922    22         47.1106    58.8508    24.9204    % 
UB: 58.8507874015748
branching on CartesianIndex(1, 5) with c.
2223   923    23         47.1106    58.8508    24.9204    % 
UB: 58.8507874015748
branching on CartesianIndex(1, 6) with c.
2224   924    24         47.1106    58.8508    24.9204    % 
LB close or above UB, fathomed
2225   923    24         47.1106    58.8508    24.9204    % 
UB: 58.8507874015748
branching on CartesianIndex(1, 7) with c.
2226   924    23         47.1106    58.8508    24.9204    % 
UB: 58.8507874015748
branching on CartesianIndex(1, 6) with c.
2227   925    24         47.1106    58.8508    24.9204    % 
LB close or above UB, fathomed
2228   924    24         47.1106    58.8508    24.9204    % 
UB: 58.8507874015748
branching on CartesianIndex(1, 7) with c.
2229   925    20         47.1106    58.8508    24.9204    % 
LB close or above UB, fathomed
2230   924    20         47.1106    58.8508    24.9204    % 
UB: 58.8507874015748
branching on CartesianIndex(1, 5) with c.
2231   925    21         47.1106    58.8508    24.9204    % 
UB: 58.8507874015748
branching on CartesianIndex(1, 6) with c.
2232   926    22         47.1106    58.8508    24.9204    % 
LB close or above UB, fathomed
2233   925    22         47.1106    58.8508    24.9204    % 
UB: 58.8507874015748
branching on CartesianIndex(1, 7) with c.
2234   926    23         47.1106    58.8508    24.9204    % 
UB: 58.8507874015748
branching on 2 with b.
2235   927    24         47.1106    58.8508    24.9204    % 
UB: 58.8507874015748
branching on 3 with b.
2236   928    25         47.1106    58.8508    24.9204    % 
LB close or above UB, fathomed
2237   927    25         47.1106    58.8508    24.9204    % 
UB: 58.8507874015748
branching on 1 with b.
2238   928    24         47.1106    58.8508    24.9204    % 
UB: 58.8507874015748
branching on 3 with b.
2239   929    25         47.1106    58.8508    24.9204    % 
LB close or above UB, fathomed
2240   928    25         47.1106    58.8508    24.9204    % 
UB: 58.8507874015748
branching on 1 with b.
2241   929    23         47.1106    58.8508    24.9204    % 
LB close or above UB, fathomed
2242   928    21         47.1106    58.8508    24.9204    % 
UB: 58.8507874015748
branching on CartesianIndex(1, 6) with c.
2243   929    22         47.1106    58.8508    24.9204    % 
LB close or above UB, fathomed
2244   928    22         47.1106    58.8508    24.9204    % 
UB: 58.8507874015748
branching on CartesianIndex(1, 7) with c.
2245   929    23         47.1106    58.8508    24.9204    % 
UB: 58.8507874015748
branching on 2 with b.
2246   930    24         47.1106    58.8508    24.9204    % 
UB: 58.8507874015748
branching on 3 with b.
2247   931    25         47.1106    58.8508    24.9204    % 
LB close or above UB, fathomed
2248   930    25         47.1106    58.8508    24.9204    % 
UB: 58.8507874015748
branching on 1 with b.
2249   931    24         47.1106    58.8508    24.9204    % 
UB: 58.8507874015748
branching on 3 with b.
2250   932    25         47.1106    58.8508    24.9204    % 
LB close or above UB, fathomed
2251   931    25         47.1106    58.8508    24.9204    % 
UB: 58.8507874015748
branching on 1 with b.
2252   932    23         47.1106    58.8508    24.9204    % 
LB close or above UB, fathomed
2253   931    21         47.1106    58.8508    24.9204    % 
LB close or above UB, fathomed
2254   930    21         47.1106    58.8508    24.9204    % 
UB: 58.8507874015748
branching on 3 with b.
2255   931    22         47.1106    58.8508    24.9204    % 
LB close or above UB, fathomed
2256   930    22         47.1106    58.8508    24.9204    % 
UB: 58.8507874015748
branching on CartesianIndex(1, 5) with c.
2257   931    23         47.1106    58.8508    24.9204    % 
UB: 58.8507874015748
branching on CartesianIndex(1, 6) with c.
2258   932    24         47.1106    58.8508    24.9204    % 
LB close or above UB, fathomed
2259   931    24         47.1106    58.8508    24.9204    % 
UB: 58.8507874015748
branching on CartesianIndex(1, 7) with c.
2260   932    23         47.1106    58.8508    24.9204    % 
UB: 58.8507874015748
branching on CartesianIndex(1, 6) with c.
2261   933    24         47.1106    58.8508    24.9204    % 
LB close or above UB, fathomed
2262   932    24         47.1106    58.8508    24.9204    % 
UB: 58.8507874015748
branching on 1 with b.
2263   933    22         47.4713    58.8508    23.9712    % 
LB close or above UB, fathomed
2264   932    22         47.4713    58.8508    23.9712    % 
UB: 58.8507874015748
branching on CartesianIndex(1, 4) with c.
2265   933    17         47.5786    58.8508    23.6917    % 
LB close or above UB, fathomed
2266   932    17         47.5786    58.8508    23.6917    % 
UB: 58.8507874015748
branching on CartesianIndex(2, 3) with a.
2267   933    15         47.8222    58.8508    23.0618    % 
UB: 58.8507874015748
branching on CartesianIndex(2, 3) with a.
2268   934    15         47.8222    58.8508    23.0618    % 
LB close or above UB, fathomed
2269   933    15         48.0890    58.8508    22.3790    % 
UB: 58.8507874015748
branching on CartesianIndex(3, 3) with a.
2270   934    15         48.0890    58.8508    22.3790    % 
UB: 58.8507874015748
branching on CartesianIndex(3, 3) with a.
2271   935    14         49.0134    58.8508    20.0707    % 
LB close or above UB, fathomed
2272   934    14         49.0134    58.8508    20.0707    % 
UB: 58.8507874015748
branching on CartesianIndex(1, 5) with c.
2273   935    15         49.0134    58.8508    20.0707    % 
LB close or above UB, fathomed
2274   934    15         49.0134    58.8508    20.0707    % 
UB: 58.8507874015748
branching on CartesianIndex(1, 6) with c.
2275   935    16         49.0134    58.8508    20.0707    % 
LB close or above UB, fathomed
2276   934    16         49.0134    58.8508    20.0707    % 
UB: 58.8507874015748
branching on CartesianIndex(1, 7) with c.
2277   935    17         49.0134    58.8508    20.0707    % 
UB: 58.8507874015748
branching on 1 with b.
2278   936    17         49.0134    58.8508    20.0707    % 
LB close or above UB, fathomed
2279   935    18         49.0134    58.8508    20.0707    % 
LB close or above UB, fathomed
2280   934    18         49.0134    58.8508    20.0707    % 
UB: 58.8507874015748
branching on 3 with b.
2281   935    19         49.0134    58.8508    20.0707    % 
LB close or above UB, fathomed
2282   934    19         49.0134    58.8508    20.0707    % 
UB: 58.8507874015748
branching on 1 with b.
2283   935    18         49.0173    58.8508    20.0612    % 
UB: 58.8507874015748
branching on 1 with b.
2284   936    19         49.0173    58.8508    20.0612    % 
UB: 58.8507874015748
branching on 3 with b.
2285   937    19         49.0173    58.8508    20.0612    % 
LB close or above UB, fathomed
2286   936    18         49.0173    58.8508    20.0612    % 
LB close or above UB, fathomed
2287   935    28         49.0673    58.8508    19.9390    % 
LB close or above UB, fathomed
2288   934    28         49.0673    58.8508    19.9390    % 
UB: 58.8507874015748
branching on 2 with b.
2289   935    10         49.0673    58.8508    19.9390    % 
UB: 58.8507874015748
branching on CartesianIndex(2, 3) with a.
2290   936    11         49.0673    58.8508    19.9390    % 
UB: 58.8507874015748
branching on CartesianIndex(3, 3) with a.
2291   937    11         49.0673    58.8508    19.9390    % 
LB close or above UB, fathomed
2292   936    10         49.0673    58.8508    19.9390    % 
LB close or above UB, fathomed
2293   935    33         49.0673    58.8508    19.9389    % 
UB: 58.8507874015748
branching on 2 with b.
2294   936    33         49.0673    58.8508    19.9389    % 
UB: 58.8507874015748
branching on 2 with b.
2295   937    19         49.0673    58.8508    19.9389    % 
LB close or above UB, fathomed
2296   936    19         49.0673    58.8508    19.9389    % 
UB: 58.8507874015748
branching on CartesianIndex(1, 5) with c.
2297   937    20         49.0673    58.8508    19.9389    % 
UB: 58.8507874015748
branching on 3 with b.
2298   938    21         49.0673    58.8508    19.9389    % 
LB close or above UB, fathomed
2299   937    21         49.0673    58.8508    19.9389    % 
UB: 58.8507874015748
branching on CartesianIndex(1, 6) with c.
2300   938    22         49.0673    58.8508    19.9389    % 
LB close or above UB, fathomed
2301   937    22         49.0673    58.8508    19.9389    % 
UB: 58.8507874015748
branching on 1 with b.
2302   938    23         49.0673    58.8508    19.9389    % 
UB: 58.8507874015748
branching on CartesianIndex(1, 7) with c.
2303   939    23         49.0673    58.8508    19.9389    % 
UB: 58.8507874015748
branching on CartesianIndex(1, 7) with c.
2304   940    20         49.0673    58.8508    19.9389    % 
LB close or above UB, fathomed
2305   939    22         49.0673    58.8508    19.9389    % 
LB close or above UB, fathomed
2306   938    22         49.0673    58.8508    19.9389    % 
UB: 58.8507874015748
branching on CartesianIndex(1, 7) with c.
2307   939    22         49.0673    58.8508    19.9389    % 
LB close or above UB, fathomed
2308   938    22         49.0673    58.8508    19.9389    % 
UB: 58.8507874015748
branching on CartesianIndex(1, 7) with c.
2309   939    19         49.0673    58.8508    19.9389    % 
LB close or above UB, fathomed
2310   938    19         49.0673    58.8508    19.9389    % 
UB: 58.8507874015748
branching on CartesianIndex(1, 5) with c.
2311   939    25         49.0673    58.8508    19.9389    % 
UB: 58.8507874015748
branching on 1 with b.
2312   940    26         49.0673    58.8508    19.9389    % 
UB: 58.8507874015748
branching on 2 with b.
2313   941    26         49.0673    58.8508    19.9389    % 
UB: 58.8507874015748
branching on 2 with b.
2314   942    25         49.0673    58.8508    19.9389    % 
LB close or above UB, fathomed
2315   941    30         49.0673    58.8508    19.9389    % 
UB: 58.8507874015748
branching on 2 with b.
2316   942    31         49.0673    58.8508    19.9389    % 
UB: 58.8507874015748
branching on 3 with b.
2317   943    31         49.0673    58.8508    19.9389    % 
UB: 58.8507874015748
branching on 3 with b.
2318   944    30         49.0673    58.8508    19.9389    % 
UB: 58.8507874015748
branching on 2 with b.
2319   945    18         49.0673    58.8508    19.9389    % 
UB: 58.8507874015748
branching on CartesianIndex(2, 3) with a.
2320   946    19         49.0673    58.8508    19.9389    % 
LB close or above UB, fathomed
2321   945    19         49.0673    58.8508    19.9389    % 
UB: 58.8507874015748
branching on CartesianIndex(1, 4) with c.
2322   946    18         49.0673    58.8508    19.9389    % 
LB close or above UB, fathomed
2323   945    29         49.0673    58.8508    19.9389    % 
UB: 58.8507874015748
branching on 3 with b.
2324   946    29         49.0673    58.8508    19.9389    % 
LB close or above UB, fathomed
2325   945    19         49.0673    58.8508    19.9389    % 
LB close or above UB, fathomed
2326   944    19         49.0673    58.8508    19.9389    % 
UB: 58.8507874015748
branching on CartesianIndex(4, 3) with a.
2327   945    18         49.0673    58.8508    19.9389    % 
UB: 58.8507874015748
branching on CartesianIndex(2, 3) with a.
2328   946    19         49.0673    58.8508    19.9389    % 
LB close or above UB, fathomed
2329   945    19         49.0673    58.8508    19.9389    % 
UB: 58.8507874015748
branching on CartesianIndex(1, 4) with c.
2330   946    18         49.0673    58.8508    19.9389    % 
LB close or above UB, fathomed
2331   945    30         49.0673    58.8508    19.9389    % 
UB: 58.8507874015748
branching on 1 with b.
2332   946    30         49.0673    58.8508    19.9389    % 
LB close or above UB, fathomed
2333   945    25         49.0673    58.8508    19.9389    % 
UB: 58.8507874015748
branching on 1 with b.
2334   946    25         49.0673    58.8508    19.9389    % 
LB close or above UB, fathomed
2335   945    21         49.0673    58.8508    19.9389    % 
LB close or above UB, fathomed
2336   944    21         49.0673    58.8508    19.9389    % 
UB: 58.8507874015748
branching on CartesianIndex(1, 5) with c.
2337   945    22         49.0673    58.8508    19.9389    % 
UB: 58.8507874015748
branching on 3 with b.
2338   946    23         49.0673    58.8508    19.9389    % 
LB close or above UB, fathomed
2339   945    23         49.0673    58.8508    19.9389    % 
UB: 58.8507874015748
branching on 1 with b.
2340   946    24         49.0673    58.8508    19.9389    % 
UB: 58.8507874015748
branching on CartesianIndex(1, 6) with c.
2341   947    24         49.0673    58.8508    19.9389    % 
UB: 58.8507874015748
branching on 2 with b.
2342   948    22         49.0673    58.8508    19.9389    % 
LB close or above UB, fathomed
2343   947    28         49.0673    58.8508    19.9389    % 
LB close or above UB, fathomed
2344   946    28         49.0673    58.8508    19.9389    % 
UB: 58.8507874015748
branching on 3 with b.
2345   947    29         49.0673    58.8508    19.9389    % 
UB: 58.8507874015748
branching on 1 with b.
2346   948    29         49.0673    58.8508    19.9389    % 
LB close or above UB, fathomed
2347   947    15         49.0673    58.8508    19.9389    % 
UB: 58.8507874015748
branching on CartesianIndex(2, 3) with a.
2348   948    16         49.0673    58.8508    19.9389    % 
UB: 58.8507874015748
branching on CartesianIndex(3, 3) with a.
2349   949    17         49.0673    58.8508    19.9389    % 
UB: 58.8507874015748
branching on CartesianIndex(4, 3) with a.
2350   950    17         49.0673    58.8508    19.9389    % 
UB: 58.8507874015748
branching on 2 with b.
2351   951    16         49.0673    58.8508    19.9389    % 
UB: 58.8507874015748
branching on CartesianIndex(1, 4) with c.
2352   952    15         49.0673    58.8508    19.9389    % 
UB: 58.8507874015748
branching on CartesianIndex(1, 4) with c.
2353   953    23         49.0673    58.8508    19.9389    % 
UB: 58.8507874015748
branching on CartesianIndex(1, 7) with c.
2354   954    24         49.0673    58.8508    19.9389    % 
UB: 58.8507874015748
branching on 2 with b.
2355   955    25         49.0673    58.8508    19.9389    % 
LB close or above UB, fathomed
2356   954    25         49.0673    58.8508    19.9389    % 
UB: 58.8507874015748
branching on 3 with b.
2357   955    24         49.0673    58.8508    19.9389    % 
LB close or above UB, fathomed
2358   954    23         49.0673    58.8508    19.9389    % 
UB: 58.8507874015748
branching on CartesianIndex(1, 7) with c.
2359   955    19         49.0673    58.8508    19.9389    % 
LB close or above UB, fathomed
2360   954    19         49.0673    58.8508    19.9389    % 
UB: 58.8507874015748
branching on CartesianIndex(1, 5) with c.
2361   955    29         49.0673    58.8508    19.9389    % 
LB close or above UB, fathomed
2362   954    29         49.0673    58.8508    19.9389    % 
UB: 58.8507874015748
branching on 3 with b.
2363   955    30         49.0673    58.8508    19.9389    % 
UB: 58.8507874015748
branching on 1 with b.
2364   956    30         49.0673    58.8508    19.9389    % 
LB close or above UB, fathomed
2365   955    34         49.0673    58.8508    19.9389    % 
LB close or above UB, fathomed
2366   954    34         49.0673    58.8508    19.9389    % 
UB: 58.8507874015748
branching on 3 with b.
2367   955    34         49.0673    58.8508    19.9389    % 
UB: 58.8507874015748
branching on 1 with b.
2368   956    34         49.0673    58.8508    19.9389    % 
UB: 58.8507874015748
branching on 1 with b.
2369   957    13         49.0673    58.8508    19.9389    % 
LB close or above UB, fathomed
2370   956    13         49.0673    58.8508    19.9389    % 
UB: 58.8507874015748
branching on CartesianIndex(1, 4) with c.
2371   957    16         49.0673    58.8508    19.9389    % 
LB close or above UB, fathomed
2372   956    16         49.0673    58.8508    19.9389    % 
UB: 58.8507874015748
branching on CartesianIndex(3, 3) with a.
2373   957    20         49.0673    58.8508    19.9389    % 
LB close or above UB, fathomed
2374   956    20         49.0673    58.8508    19.9389    % 
UB: 58.8507874015748
branching on CartesianIndex(1, 5) with c.
2375   957    21         49.0673    58.8508    19.9389    % 
UB: 58.8507874015748
branching on 3 with b.
2376   958    21         49.0673    58.8508    19.9389    % 
UB: 58.8507874015748
branching on CartesianIndex(1, 6) with c.
2377   959    19         49.0673    58.8508    19.9389    % 
LB close or above UB, fathomed
2378   958    19         49.0673    58.8508    19.9389    % 
UB: 58.8507874015748
branching on CartesianIndex(1, 5) with c.
2379   959    20         49.0673    58.8508    19.9389    % 
UB: 58.8507874015748
branching on CartesianIndex(1, 6) with c.
2380   960    20         49.0673    58.8508    19.9389    % 
UB: 58.8507874015748
branching on CartesianIndex(1, 6) with c.
2381   961    20         49.0673    58.8508    19.9389    % 
LB close or above UB, fathomed
2382   960    20         49.0673    58.8508    19.9389    % 
UB: 58.8507874015748
branching on 3 with b.
2383   961    21         49.0673    58.8508    19.9389    % 
LB close or above UB, fathomed
2384   960    21         49.0673    58.8508    19.9389    % 
UB: 58.8507874015748
branching on CartesianIndex(1, 4) with c.
2385   961    19         49.0673    58.8508    19.9389    % 
LB close or above UB, fathomed
2386   960    19         49.0673    58.8508    19.9389    % 
UB: 58.8507874015748
branching on 2 with b.
2387   961    20         49.0673    58.8508    19.9389    % 
LB close or above UB, fathomed
2388   960    20         49.0673    58.8508    19.9389    % 
UB: 58.8507874015748
branching on CartesianIndex(1, 5) with c.
2389   961    21         49.0673    58.8508    19.9389    % 
UB: 58.8507874015748
branching on CartesianIndex(1, 6) with c.
2390   962    22         49.0673    58.8508    19.9389    % 
LB close or above UB, fathomed
2391   961    22         49.0673    58.8508    19.9389    % 
UB: 58.8507874015748
branching on CartesianIndex(1, 7) with c.
2392   962    23         49.0673    58.8508    19.9389    % 
UB: 58.8507874015748
branching on 3 with b.
2393   963    24         49.0673    58.8508    19.9389    % 
LB close or above UB, fathomed
2394   962    24         49.0673    58.8508    19.9389    % 
UB: 58.8507874015748
branching on 1 with b.
2395   963    25         49.0673    58.8508    19.9389    % 
UB: 58.8507874015748
branching on 2 with b.
2396   964    25         49.0673    58.8508    19.9389    % 
UB: 58.8507874015748
branching on 2 with b.
2397   965    23         49.0673    58.8508    19.9389    % 
LB close or above UB, fathomed
2398   964    21         49.0673    58.8508    19.9389    % 
LB close or above UB, fathomed
2399   963    21         49.0673    58.8508    19.9389    % 
LB close or above UB, fathomed
2400   962    21         49.0673    58.8508    19.9389    % 
UB: 58.8507874015748
branching on CartesianIndex(1, 7) with c.
2401   963    22         49.0673    58.8508    19.9389    % 
UB: 58.8507874015748
branching on 3 with b.
2402   964    23         49.0673    58.8508    19.9389    % 
LB close or above UB, fathomed
2403   963    23         49.0673    58.8508    19.9389    % 
UB: 58.8507874015748
branching on 1 with b.
2404   964    24         49.0673    58.8508    19.9389    % 
LB close or above UB, fathomed
2405   963    24         49.0673    58.8508    19.9389    % 
UB: 58.8507874015748
branching on 2 with b.
2406   964    25         49.0673    58.8508    19.9389    % 
UB: 58.8507874015748
branching on 3 with b.
2407   965    26         49.0673    58.8508    19.9389    % 
LB close or above UB, fathomed
2408   964    26         49.0673    58.8508    19.9389    % 
UB: 58.8507874015748
branching on 1 with b.
2409   965    25         49.0673    58.8508    19.9389    % 
UB: 58.8507874015748
branching on 3 with b.
2410   966    22         49.0673    58.8508    19.9389    % 
LB close or above UB, fathomed
2411   965    20         49.0673    58.8508    19.9389    % 
UB: 58.8507874015748
branching on CartesianIndex(1, 6) with c.
2412   966    20         49.0673    58.8508    19.9389    % 
UB: 58.8507874015748
branching on CartesianIndex(1, 6) with c.
2413   967    26         49.0673    58.8508    19.9389    % 
UB: 58.8507874015748
branching on 2 with b.
2414   968    26         49.0673    58.8508    19.9389    % 
LB close or above UB, fathomed
2415   967    20         49.0673    58.8508    19.9389    % 
UB: 58.8507874015748
branching on CartesianIndex(1, 6) with c.
2416   968    21         49.0673    58.8508    19.9389    % 
LB close or above UB, fathomed
2417   967    21         49.0673    58.8508    19.9389    % 
UB: 58.8507874015748
branching on CartesianIndex(1, 7) with c.
2418   968    22         49.0673    58.8508    19.9389    % 
UB: 58.8507874015748
branching on 3 with b.
2419   969    23         49.0673    58.8508    19.9389    % 
LB close or above UB, fathomed
2420   968    23         49.0673    58.8508    19.9389    % 
UB: 58.8507874015748
branching on 1 with b.
2421   969    24         49.0673    58.8508    19.9389    % 
LB close or above UB, fathomed
2422   968    24         49.0673    58.8508    19.9389    % 
UB: 58.8507874015748
branching on 2 with b.
2423   969    22         49.0673    58.8508    19.9389    % 
LB close or above UB, fathomed
2424   968    20         49.0673    58.8508    19.9389    % 
LB close or above UB, fathomed
2425   967    23         49.0673    58.8508    19.9389    % 
UB: 58.8507874015748
branching on 1 with b.
2426   968    24         49.0673    58.8508    19.9389    % 
LB close or above UB, fathomed
2427   967    24         49.0673    58.8508    19.9389    % 
UB: 58.8507874015748
branching on 2 with b.
2428   968    25         49.0673    58.8508    19.9389    % 
UB: 58.8507874015748
branching on 3 with b.
2429   969    25         49.0673    58.8508    19.9389    % 
UB: 58.8507874015748
branching on 3 with b.
2430   970    23         49.0673    58.8508    19.9389    % 
LB close or above UB, fathomed
2431   969    23         49.0673    58.8508    19.9389    % 
UB: 58.8507874015748
branching on 1 with b.
2432   970    24         49.0673    58.8508    19.9389    % 
LB close or above UB, fathomed
2433   969    24         49.0673    58.8508    19.9389    % 
UB: 58.8507874015748
branching on 2 with b.
2434   970    25         49.0673    58.8508    19.9389    % 
UB: 58.8507874015748
branching on 3 with b.
2435   971    26         49.0673    58.8508    19.9389    % 
LB close or above UB, fathomed
2436   970    26         49.0673    58.8508    19.9389    % 
UB: 58.8507874015748
branching on 1 with b.
2437   971    25         49.0673    58.8508    19.9389    % 
UB: 58.8507874015748
branching on 3 with b.
2438   972    23         49.0673    58.8508    19.9389    % 
LB close or above UB, fathomed
2439   971    25         49.0673    58.8508    19.9389    % 
UB: 58.8507874015748
branching on 1 with b.
2440   972    26         49.0673    58.8508    19.9389    % 
UB: 58.8507874015748
branching on 2 with b.
2441   973    26         49.0673    58.8508    19.9389    % 
LB close or above UB, fathomed
2442   972    25         49.0673    58.8508    19.9389    % 
LB close or above UB, fathomed
2443   971    26         49.0673    58.8508    19.9389    % 
UB: 58.8507874015748
branching on 2 with b.
2444   972    26         49.0673    58.8508    19.9389    % 
LB close or above UB, fathomed
2445   971    26         49.0673    58.8508    19.9389    % 
UB: 58.8507874015748
branching on 2 with b.
2446   972    26         49.0673    58.8508    19.9389    % 
LB close or above UB, fathomed
2447   971    26         49.0673    58.8508    19.9389    % 
UB: 58.8507874015748
branching on 2 with b.
2448   972    26         49.0673    58.8508    19.9389    % 
LB close or above UB, fathomed
2449   971    26         49.0673    58.8508    19.9389    % 
UB: 58.8507874015748
branching on 2 with b.
2450   972    26         49.0673    58.8508    19.9389    % 
LB close or above UB, fathomed
2451   971    25         49.0673    58.8508    19.9389    % 
UB: 58.8507874015748
branching on 1 with b.
2452   972    26         49.0673    58.8508    19.9389    % 
UB: 58.8507874015748
branching on 2 with b.
2453   973    26         49.0673    58.8508    19.9389    % 
LB close or above UB, fathomed
2454   972    25         49.0673    58.8508    19.9389    % 
LB close or above UB, fathomed
2455   971    23         49.0673    58.8508    19.9389    % 
UB: 58.8507874015748
branching on 2 with b.
2456   972    23         49.0673    58.8508    19.9389    % 
LB close or above UB, fathomed
2457   971    26         49.0673    58.8508    19.9389    % 
UB: 58.8507874015748
branching on 2 with b.
2458   972    26         49.0673    58.8508    19.9389    % 
LB close or above UB, fathomed
2459   971    23         49.0673    58.8508    19.9389    % 
UB: 58.8507874015748
branching on 2 with b.
2460   972    23         49.0673    58.8508    19.9389    % 
LB close or above UB, fathomed
2461   971    23         49.0673    58.8508    19.9389    % 
UB: 58.8507874015748
branching on 2 with b.
2462   972    23         49.0673    58.8508    19.9389    % 
LB close or above UB, fathomed
2463   971    23         49.0673    58.8508    19.9389    % 
UB: 58.8507874015748
branching on 2 with b.
2464   972    23         49.0673    58.8508    19.9389    % 
LB close or above UB, fathomed
2465   971    23         49.0673    58.8508    19.9389    % 
UB: 58.8507874015748
branching on 2 with b.
2466   972    23         49.0673    58.8508    19.9389    % 
LB close or above UB, fathomed
2467   971    26         49.0673    58.8508    19.9389    % 
UB: 58.8507874015748
branching on 1 with b.
2468   972    27         49.0673    58.8508    19.9389    % 
LB close or above UB, fathomed
2469   971    27         49.0673    58.8508    19.9389    % 
UB: 58.8507874015748
branching on 2 with b.
2470   972    26         49.0673    58.8508    19.9389    % 
LB close or above UB, fathomed
2471   971    25         49.0673    58.8508    19.9389    % 
UB: 58.8507874015748
branching on 2 with b.
2472   972    25         49.0673    58.8508    19.9389    % 
LB close or above UB, fathomed
2473   971    25         49.0673    58.8508    19.9389    % 
UB: 58.8507874015748
branching on 2 with b.
2474   972    25         49.0673    58.8508    19.9389    % 
LB close or above UB, fathomed
2475   971    25         49.0673    58.8508    19.9389    % 
UB: 58.8507874015748
branching on 2 with b.
2476   972    25         49.0673    58.8508    19.9389    % 
LB close or above UB, fathomed
2477   971    25         49.0673    58.8508    19.9389    % 
UB: 58.8507874015748
branching on 1 with b.
2478   972    25         49.0673    58.8508    19.9389    % 
LB close or above UB, fathomed
2479   971    16         49.0673    58.8508    19.9389    % 
UB: 58.8507874015748
branching on CartesianIndex(1, 6) with c.
2480   972    17         49.0673    58.8508    19.9389    % 
LB close or above UB, fathomed
2481   971    17         49.0673    58.8508    19.9389    % 
UB: 58.8507874015748
branching on CartesianIndex(1, 7) with c.
2482   972    18         49.0673    58.8508    19.9389    % 
UB: 58.8507874015748
branching on 1 with b.
2483   973    19         49.0673    58.8508    19.9389    % 
UB: 58.8507874015748
branching on 2 with b.
2484   974    19         49.0673    58.8508    19.9389    % 
LB close or above UB, fathomed
2485   973    18         49.0673    58.8508    19.9389    % 
LB close or above UB, fathomed
2486   972    16         49.0673    58.8508    19.9389    % 
LB close or above UB, fathomed
2487   971    24         49.0673    58.8508    19.9389    % 
UB: 58.8507874015748
branching on 2 with b.
2488   972    24         49.0673    58.8508    19.9389    % 
LB close or above UB, fathomed
2489   971    33         49.0673    58.8508    19.9389    % 
UB: 58.8507874015748
branching on 1 with b.
2490   972    34         49.0673    58.8508    19.9389    % 
UB: 58.8507874015748
branching on 2 with b.
2491   973    35         49.0673    58.8508    19.9389    % 
UB: 58.8507874015748
branching on 3 with b.
2492   974    35         49.0673    58.8508    19.9389    % 
UB: 58.8507874015748
branching on 3 with b.
2493   975    34         49.0673    58.8508    19.9389    % 
UB: 58.8507874015748
branching on 2 with b.
2494   976    35         49.0673    58.8508    19.9389    % 
UB: 58.8507874015748
branching on 3 with b.
2495   977    35         49.0673    58.8508    19.9389    % 
UB: 58.8507874015748
branching on 3 with b.
2496   978    33         49.0673    58.8508    19.9389    % 
UB: 58.8507874015748
branching on 1 with b.
2497   979    34         49.0673    58.8508    19.9389    % 
UB: 58.8507874015748
branching on 2 with b.
2498   980    34         49.0673    58.8508    19.9389    % 
UB: 58.8507874015748
branching on 2 with b.
2499   981    35         49.0673    58.8508    19.9389    % 
UB: 58.8507874015748
branching on 3 with b.
2500   982    35         49.0673    58.8508    19.9389    % 
UB: 58.8507874015748
branching on 3 with b.
2501   983    15         49.0673    58.8508    19.9389    % 
LB close or above UB, fathomed
2502   982    15         49.0673    58.8508    19.9389    % 
LB close or above UB, fathomed
2503   981    21         49.0673    58.8508    19.9389    % 
UB: 58.8507874015748
branching on CartesianIndex(1, 5) with c.
2504   982    21         49.0673    58.8508    19.9389    % 
UB: 58.8507874015748
branching on CartesianIndex(1, 5) with c.
2505   983    22         49.0673    58.8508    19.9389    % 
LB close or above UB, fathomed
2506   982    22         49.0673    58.8508    19.9389    % 
UB: 58.8507874015748
branching on 3 with b.
2507   983    25         49.0673    58.8508    19.9389    % 
UB: 58.8507874015748
branching on 1 with b.
2508   984    26         49.0673    58.8508    19.9389    % 
UB: 58.8507874015748
branching on 2 with b.
2509   985    26         49.0673    58.8508    19.9389    % 
UB: 58.8507874015748
branching on 2 with b.
2510   986    27         49.0673    58.8508    19.9389    % 
UB: 58.8507874015748
branching on 3 with b.
2511   987    27         49.0673    58.8508    19.9389    % 
UB: 58.8507874015748
branching on 3 with b.
2512   988    25         49.0673    58.8508    19.9389    % 
UB: 58.8507874015748
branching on 1 with b.
2513   989    25         49.0673    58.8508    19.9389    % 
UB: 58.8507874015748
branching on 2 with b.
2514   990    25         49.0673    58.8508    19.9389    % 
LB close or above UB, fathomed
2515   989    20         49.0673    58.8508    19.9389    % 
LB close or above UB, fathomed
2516   988    20         49.0673    58.8508    19.9389    % 
UB: 58.8507874015748
branching on CartesianIndex(4, 3) with a.
2517   989    20         49.0673    58.8508    19.9389    % 
LB close or above UB, fathomed
2518   988    20         49.0673    58.8508    19.9389    % 
UB: 58.8507874015748
branching on CartesianIndex(1, 4) with c.
2519   989    21         49.0673    58.8508    19.9389    % 
UB: 58.8507874015748
branching on CartesianIndex(1, 5) with c.
2520   990    22         49.0673    58.8508    19.9389    % 
LB close or above UB, fathomed
2521   989    22         49.0673    58.8508    19.9389    % 
UB: 58.8507874015748
branching on CartesianIndex(1, 6) with c.
2522   990    23         49.0673    58.8508    19.9389    % 
LB close or above UB, fathomed
2523   989    23         49.0673    58.8508    19.9389    % 
UB: 58.8507874015748
branching on CartesianIndex(1, 7) with c.
2524   990    24         49.0673    58.8508    19.9389    % 
UB: 58.8507874015748
branching on 3 with b.
2525   991    25         49.0673    58.8508    19.9389    % 
LB close or above UB, fathomed
2526   990    25         49.0673    58.8508    19.9389    % 
UB: 58.8507874015748
branching on 1 with b.
2527   991    24         49.0673    58.8508    19.9389    % 
LB close or above UB, fathomed
2528   990    21         49.0673    58.8508    19.9389    % 
UB: 58.8507874015748
branching on CartesianIndex(1, 5) with c.
2529   991    26         49.0673    58.8508    19.9389    % 
UB: 58.8507874015748
branching on 2 with b.
2530   992    26         49.0673    58.8508    19.9389    % 
UB: 58.8507874015748
branching on 2 with b.
2531   993    27         49.0673    58.8508    19.9389    % 
LB close or above UB, fathomed
2532   992    27         49.0673    58.8508    19.9389    % 
UB: 58.8507874015748
branching on 3 with b.
2533   993    28         49.0673    58.8508    19.9389    % 
UB: 58.8507874015748
branching on 1 with b.
2534   994    29         49.0673    58.8508    19.9389    % 
UB: 58.8507874015748
branching on 2 with b.
2535   995    29         49.0673    58.8508    19.9389    % 
UB: 58.8507874015748
branching on 2 with b.
2536   996    28         49.0673    58.8508    19.9389    % 
LB close or above UB, fathomed
2537   995    18         49.0673    58.8508    19.9389    % 
LB close or above UB, fathomed
2538   994    18         49.0673    58.8508    19.9389    % 
UB: 58.8507874015748
branching on CartesianIndex(1, 6) with c.
2539   995    19         49.0673    58.8508    19.9389    % 
LB close or above UB, fathomed
2540   994    19         49.0673    58.8508    19.9389    % 
UB: 58.8507874015748
branching on CartesianIndex(1, 7) with c.
2541   995    20         49.0673    58.8508    19.9389    % 
UB: 58.8507874015748
branching on 2 with b.
2542   996    21         49.0673    58.8508    19.9389    % 
UB: 58.8507874015748
branching on 3 with b.
2543   997    22         49.0673    58.8508    19.9389    % 
LB close or above UB, fathomed
2544   996    22         49.0673    58.8508    19.9389    % 
UB: 58.8507874015748
branching on 1 with b.
2545   997    23         49.0673    58.8508    19.9389    % 
LB close or above UB, fathomed
2546   996    23         49.0673    58.8508    19.9389    % 
UB: 58.8507874015748
branching on 2 with b.
2547   997    24         49.0673    58.8508    19.9389    % 
UB: 58.8507874015748
branching on 3 with b.
2548   998    25         49.0673    58.8508    19.9389    % 
LB close or above UB, fathomed
2549   997    25         49.0673    58.8508    19.9389    % 
UB: 58.8507874015748
branching on 1 with b.
2550   998    24         49.0673    58.8508    19.9389    % 
LB close or above UB, fathomed
2551   997    21         49.0673    58.8508    19.9389    % 
LB close or above UB, fathomed
2552   996    20         49.0673    58.8508    19.9389    % 
LB close or above UB, fathomed
2553   995    24         49.0673    58.8508    19.9389    % 
UB: 58.8507874015748
branching on 2 with b.
2554   996    24         49.0673    58.8508    19.9389    % 
LB close or above UB, fathomed
2555   995    24         49.0673    58.8508    19.9389    % 
UB: 58.8507874015748
branching on 2 with b.
2556   996    24         49.0673    58.8508    19.9389    % 
LB close or above UB, fathomed
2557   995    25         49.0673    58.8508    19.9389    % 
UB: 58.8507874015748
branching on 2 with b.
2558   996    25         49.0673    58.8508    19.9389    % 
LB close or above UB, fathomed
2559   995    25         49.0673    58.8508    19.9389    % 
UB: 58.8507874015748
branching on 2 with b.
2560   996    25         49.0673    58.8508    19.9389    % 
LB close or above UB, fathomed
2561   995    26         49.0673    58.8508    19.9389    % 
UB: 58.8507874015748
branching on 2 with b.
2562   996    26         49.0673    58.8508    19.9389    % 
LB close or above UB, fathomed
2563   995    26         49.0673    58.8508    19.9389    % 
UB: 58.8507874015748
branching on 2 with b.
2564   996    26         49.0673    58.8508    19.9389    % 
LB close or above UB, fathomed
2565   995    18         49.0673    58.8508    19.9389    % 
LB close or above UB, fathomed
2566   994    18         49.0673    58.8508    19.9389    % 
UB: 58.8507874015748
branching on CartesianIndex(1, 7) with c.
2567   995    19         49.0673    58.8508    19.9389    % 
UB: 58.8507874015748
branching on 2 with b.
2568   996    20         49.0673    58.8508    19.9389    % 
UB: 58.8507874015748
branching on 3 with b.
2569   997    21         49.0673    58.8508    19.9389    % 
LB close or above UB, fathomed
2570   996    21         49.0673    58.8508    19.9389    % 
UB: 58.8507874015748
branching on 1 with b.
2571   997    20         49.0673    58.8508    19.9389    % 
LB close or above UB, fathomed
2572   996    19         49.0673    58.8508    19.9389    % 
LB close or above UB, fathomed
2573   995    33         49.0673    58.8508    19.9389    % 
UB: 58.8507874015748
branching on 1 with b.
2574   996    33         49.0673    58.8508    19.9389    % 
UB: 58.8507874015748
branching on 1 with b.
2575   997    15         49.0673    58.8508    19.9389    % 
UB: 58.8507874015748
branching on 2 with b.
2576   998    16         49.0673    58.8508    19.9389    % 
UB: 58.8507874015748
branching on 3 with b.
2577   999    17         49.0673    58.8508    19.9389    % 
UB: 58.8507874015748
branching on 1 with b.
2578   1000   17         49.0673    58.8508    19.9389    % 
UB: 58.8507874015748
branching on 1 with b.
2579   1001   16         49.0673    58.8508    19.9389    % 
LB close or above UB, fathomed
2580   1000   15         49.0673    58.8508    19.9389    % 
LB close or above UB, fathomed
2581   999    34         49.0673    58.8508    19.9389    % 
LB close or above UB, fathomed
2582   998    34         49.0673    58.8508    19.9389    % 
UB: 58.8507874015748
branching on 3 with b.
2583   999    15         49.0673    58.8508    19.9389    % 
LB close or above UB, fathomed
2584   998    15         49.0673    58.8508    19.9389    % 
UB: 58.8507874015748
branching on CartesianIndex(1, 5) with c.
2585   999    26         49.0673    58.8508    19.9389    % 
UB: 58.8507874015748
branching on 2 with b.
2586   1000   26         49.0673    58.8508    19.9389    % 
LB close or above UB, fathomed
2587   999    26         49.0673    58.8508    19.9389    % 
UB: 58.8507874015748
branching on 2 with b.
2588   1000   26         49.0673    58.8508    19.9389    % 
LB close or above UB, fathomed
2589   999    19         49.0673    58.8508    19.9389    % 
UB: 58.8507874015748
branching on 2 with b.
2590   1000   19         49.0673    58.8508    19.9389    % 
UB: 58.8507874015748
branching on 2 with b.
2591   1001   20         49.0673    58.8508    19.9389    % 
UB: 58.8507874015748
branching on 3 with b.
2592   1002   21         49.0673    58.8508    19.9389    % 
LB close or above UB, fathomed
2593   1001   21         49.0673    58.8508    19.9389    % 
UB: 58.8507874015748
branching on 1 with b.
2594   1002   22         49.0673    58.8508    19.9389    % 
LB close or above UB, fathomed
2595   1001   22         49.0673    58.8508    19.9389    % 
UB: 58.8507874015748
branching on 2 with b.
2596   1002   23         49.0673    58.8508    19.9389    % 
UB: 58.8507874015748
branching on 3 with b.
2597   1003   24         49.0673    58.8508    19.9389    % 
LB close or above UB, fathomed
2598   1002   24         49.0673    58.8508    19.9389    % 
UB: 58.8507874015748
branching on 1 with b.
2599   1003   23         49.0673    58.8508    19.9389    % 
UB: 58.8507874015748
branching on 3 with b.
2600   1004   20         49.0673    58.8508    19.9389    % 
UB: 58.8507874015748
branching on 3 with b.
2601   1005   31         49.0673    58.8508    19.9389    % 
UB: 58.8507874015748
branching on 2 with b.
2602   1006   32         49.0673    58.8508    19.9389    % 
UB: 58.8507874015748
branching on 3 with b.
2603   1007   32         49.0673    58.8508    19.9389    % 
LB close or above UB, fathomed
2604   1006   31         49.0673    58.8508    19.9389    % 
UB: 58.8507874015748
branching on 2 with b.
2605   1007   35         49.0673    58.8508    19.9389    % 
UB: 58.8507874015748
branching on 1 with b.
2606   1008   35         49.0673    58.8508    19.9389    % 
UB: 58.8507874015748
branching on 1 with b.
2607   1009   35         49.0673    58.8508    19.9389    % 
UB: 58.8507874015748
branching on 1 with b.
2608   1010   35         49.0673    58.8508    19.9389    % 
UB: 58.8507874015748
branching on 1 with b.
2609   1011   33         49.0673    58.8508    19.9389    % 
LB close or above UB, fathomed
2610   1010   33         49.0673    58.8508    19.9389    % 
UB: 58.8507874015748
branching on 1 with b.
2611   1011   32         49.0673    58.8508    19.9389    % 
UB: 58.8507874015748
branching on 3 with b.
2612   1012   32         49.0673    58.8508    19.9389    % 
LB close or above UB, fathomed
2613   1011   26         49.0673    58.8508    19.9389    % 
UB: 58.8507874015748
branching on 2 with b.
2614   1012   26         49.0673    58.8508    19.9389    % 
UB: 58.8507874015748
branching on 2 with b.
2615   1013   31         49.0673    58.8508    19.9389    % 
UB: 58.8507874015748
branching on 3 with b.
2616   1014   31         49.0673    58.8508    19.9389    % 
LB close or above UB, fathomed
2617   1013   23         49.0673    58.8508    19.9389    % 
UB: 58.8507874015748
branching on 2 with b.
2618   1014   23         49.0673    58.8508    19.9389    % 
LB close or above UB, fathomed
2619   1013   23         49.0673    58.8508    19.9389    % 
UB: 58.8507874015748
branching on 2 with b.
2620   1014   23         49.0673    58.8508    19.9389    % 
LB close or above UB, fathomed
2621   1013   26         49.0673    58.8508    19.9389    % 
LB close or above UB, fathomed
2622   1012   26         49.0673    58.8508    19.9389    % 
UB: 58.8507874015748
branching on 3 with b.
2623   1013   32         49.0673    58.8508    19.9389    % 
UB: 58.8507874015748
branching on 1 with b.
2624   1014   32         49.0673    58.8508    19.9389    % 
UB: 58.8507874015748
branching on 1 with b.
2625   1015   21         49.0673    58.8508    19.9389    % 
LB close or above UB, fathomed
2626   1014   21         49.0673    58.8508    19.9389    % 
UB: 58.8507874015748
branching on CartesianIndex(1, 7) with c.
2627   1015   22         49.0673    58.8508    19.9389    % 
UB: 58.8507874015748
branching on 2 with b.
2628   1016   23         49.0673    58.8508    19.9389    % 
UB: 58.8507874015748
branching on 3 with b.
2629   1017   24         49.0673    58.8508    19.9389    % 
LB close or above UB, fathomed
2630   1016   24         49.0673    58.8508    19.9389    % 
UB: 58.8507874015748
branching on 1 with b.
2631   1017   25         49.0673    58.8508    19.9389    % 
LB close or above UB, fathomed
2632   1016   25         49.0673    58.8508    19.9389    % 
UB: 58.8507874015748
branching on 2 with b.
2633   1017   26         49.0673    58.8508    19.9389    % 
UB: 58.8507874015748
branching on 3 with b.
2634   1018   27         49.0673    58.8508    19.9389    % 
LB close or above UB, fathomed
2635   1017   27         49.0673    58.8508    19.9389    % 
UB: 58.8507874015748
branching on 1 with b.
2636   1018   26         49.0673    58.8508    19.9389    % 
UB: 58.8507874015748
branching on 3 with b.
2637   1019   23         49.0673    58.8508    19.9389    % 
UB: 58.8507874015748
branching on 3 with b.
2638   1020   22         49.0673    58.8508    19.9389    % 
LB close or above UB, fathomed
2639   1019   24         49.0673    58.8508    19.9389    % 
UB: 58.8507874015748
branching on 2 with b.
2640   1020   24         49.0673    58.8508    19.9389    % 
LB close or above UB, fathomed
2641   1019   24         49.0673    58.8508    19.9389    % 
UB: 58.8507874015748
branching on 2 with b.
2642   1020   24         49.0673    58.8508    19.9389    % 
LB close or above UB, fathomed
2643   1019   27         49.0673    58.8508    19.9389    % 
UB: 58.8507874015748
branching on 1 with b.
2644   1020   27         49.0673    58.8508    19.9389    % 
LB close or above UB, fathomed
2645   1019   24         49.0673    58.8508    19.9389    % 
UB: 58.8507874015748
branching on 2 with b.
2646   1020   24         49.0673    58.8508    19.9389    % 
LB close or above UB, fathomed
2647   1019   18         49.0673    58.8508    19.9389    % 
LB close or above UB, fathomed
2648   1018   18         49.0673    58.8508    19.9389    % 
UB: 58.8507874015748
branching on 3 with b.
2649   1019   19         49.0673    58.8508    19.9389    % 
UB: 58.8507874015748
branching on CartesianIndex(1, 5) with c.
2650   1020   20         49.0673    58.8508    19.9389    % 
UB: 58.8507874015748
branching on 1 with b.
2651   1021   21         49.0673    58.8508    19.9389    % 
UB: 58.8507874015748
branching on CartesianIndex(1, 6) with c.
2652   1022   21         49.0673    58.8508    19.9389    % 
UB: 58.8507874015748
branching on CartesianIndex(1, 6) with c.
2653   1023   22         49.0673    58.8508    19.9389    % 
LB close or above UB, fathomed
2654   1022   22         49.0673    58.8508    19.9389    % 
UB: 58.8507874015748
branching on CartesianIndex(1, 7) with c.
2655   1023   20         49.0673    58.8508    19.9389    % 
LB close or above UB, fathomed
2656   1022   19         49.0673    58.8508    19.9389    % 
LB close or above UB, fathomed
2657   1021   19         49.0673    58.8508    19.9389    % 
LB close or above UB, fathomed
2658   1020   19         49.0673    58.8508    19.9389    % 
UB: 58.8507874015748
branching on CartesianIndex(1, 5) with c.
2659   1021   20         49.0673    58.8508    19.9389    % 
UB: 58.8507874015748
branching on 2 with b.
2660   1022   21         49.0673    58.8508    19.9389    % 
LB close or above UB, fathomed
2661   1021   21         49.0673    58.8508    19.9389    % 
UB: 58.8507874015748
branching on CartesianIndex(1, 6) with c.
2662   1022   22         49.0673    58.8508    19.9389    % 
LB close or above UB, fathomed
2663   1021   22         49.0673    58.8508    19.9389    % 
UB: 58.8507874015748
branching on CartesianIndex(1, 7) with c.
2664   1022   23         49.0673    58.8508    19.9389    % 
UB: 58.8507874015748
branching on 3 with b.
2665   1023   24         49.0673    58.8508    19.9389    % 
UB: 58.8507874015748
branching on 1 with b.
2666   1024   25         49.0673    58.8508    19.9389    % 
LB close or above UB, fathomed
2667   1023   25         49.0673    58.8508    19.9389    % 
UB: 58.8507874015748
branching on 2 with b.
2668   1024   24         49.0673    58.8508    19.9389    % 
LB close or above UB, fathomed
2669   1023   23         49.0673    58.8508    19.9389    % 
LB close or above UB, fathomed
2670   1022   20         49.0673    58.8508    19.9389    % 
LB close or above UB, fathomed
2671   1021   35         49.0673    58.8508    19.9389    % 
UB: 58.8507874015748
branching on 1 with b.
2672   1022   35         49.0673    58.8508    19.9389    % 
UB: 58.8507874015748
branching on 1 with b.
2673   1023   33         49.0673    58.8508    19.9389    % 
UB: 58.8507874015748
branching on 3 with b.
2674   1024   33         49.0673    58.8508    19.9389    % 
UB: 58.8507874015748
branching on 3 with b.
2675   1025   37         49.0673    58.8508    19.9389    % 
UB: 58.8507874015748
branching on 3 with b.
2676   1026   37         49.0673    58.8508    19.9389    % 
UB: 58.8507874015748
branching on 3 with b.
2677   1027   35         49.0673    58.8508    19.9389    % 
UB: 58.8507874015748
branching on 1 with b.
2678   1028   35         49.0673    58.8508    19.9389    % 
UB: 58.8507874015748
branching on 1 with b.
2679   1029   18         49.0673    58.8508    19.9389    % 
UB: 58.8507874015748
branching on CartesianIndex(1, 5) with c.
2680   1030   19         49.0673    58.8508    19.9389    % 
UB: 58.8507874015748
branching on 3 with b.
2681   1031   19         49.0673    58.8508    19.9389    % 
UB: 58.8507874015748
branching on CartesianIndex(1, 6) with c.
2682   1032   20         49.0673    58.8508    19.9389    % 
LB close or above UB, fathomed
2683   1031   20         49.0673    58.8508    19.9389    % 
UB: 58.8507874015748
branching on 3 with b.
2684   1032   21         49.0673    58.8508    19.9389    % 
LB close or above UB, fathomed
2685   1031   21         49.0673    58.8508    19.9389    % 
UB: 58.8507874015748
branching on CartesianIndex(1, 7) with c.
2686   1032   22         49.0673    58.8508    19.9389    % 
UB: 58.8507874015748
branching on 1 with b.
2687   1033   23         49.0673    58.8508    19.9389    % 
LB close or above UB, fathomed
2688   1032   23         49.0673    58.8508    19.9389    % 
UB: 58.8507874015748
branching on 2 with b.
2689   1033   24         49.0673    58.8508    19.9389    % 
UB: 58.8507874015748
branching on 3 with b.
2690   1034   25         49.0673    58.8508    19.9389    % 
LB close or above UB, fathomed
2691   1033   25         49.0673    58.8508    19.9389    % 
UB: 58.8507874015748
branching on 1 with b.
2692   1034   24         49.0673    58.8508    19.9389    % 
UB: 58.8507874015748
branching on 3 with b.
2693   1035   22         49.0673    58.8508    19.9389    % 
LB close or above UB, fathomed
2694   1034   18         49.0673    58.8508    19.9389    % 
UB: 58.8507874015748
branching on CartesianIndex(1, 5) with c.
2695   1035   19         49.0673    58.8508    19.9389    % 
UB: 58.8507874015748
branching on CartesianIndex(1, 6) with c.
2696   1036   19         49.0673    58.8508    19.9389    % 
UB: 58.8507874015748
branching on CartesianIndex(1, 6) with c.
2697   1037   20         49.0673    58.8508    19.9389    % 
LB close or above UB, fathomed
2698   1036   20         49.0673    58.8508    19.9389    % 
UB: 58.8507874015748
branching on CartesianIndex(1, 7) with c.
2699   1037   21         49.0673    58.8508    19.9389    % 
UB: 58.8507874015748
branching on 1 with b.
2700   1038   22         49.0673    58.8508    19.9389    % 
UB: 58.8507874015748
branching on 2 with b.
2701   1039   22         49.0673    58.8508    19.9389    % 
LB close or above UB, fathomed
2702   1038   21         49.0673    58.8508    19.9389    % 
LB close or above UB, fathomed
2703   1037   25         49.0673    58.8508    19.9389    % 
LB close or above UB, fathomed
2704   1036   25         49.0673    58.8508    19.9389    % 
UB: 58.8507874015748
branching on 3 with b.
2705   1037   26         49.0673    58.8508    19.9389    % 
UB: 58.8507874015748
branching on 1 with b.
2706   1038   27         49.0673    58.8508    19.9389    % 
LB close or above UB, fathomed
2707   1037   27         49.0673    58.8508    19.9389    % 
UB: 58.8507874015748
branching on 2 with b.
2708   1038   28         49.0673    58.8508    19.9389    % 
LB close or above UB, fathomed
2709   1037   28         49.0673    58.8508    19.9389    % 
UB: 58.8507874015748
branching on 3 with b.
2710   1038   29         49.0673    58.8508    19.9389    % 
UB: 58.8507874015748
branching on 1 with b.
2711   1039   29         49.0673    58.8508    19.9389    % 
LB close or above UB, fathomed
2712   1038   26         49.0673    58.8508    19.9389    % 
LB close or above UB, fathomed
2713   1037   12         49.0673    58.8508    19.9389    % 
UB: 58.8507874015748
branching on CartesianIndex(3, 2) with a.
2714   1038   13         49.0673    58.8508    19.9389    % 
LB close or above UB, fathomed
2715   1037   13         49.0673    58.8508    19.9389    % 
UB: 58.8507874015748
branching on CartesianIndex(1, 3) with a.
2716   1038   14         49.0673    58.8508    19.9389    % 
UB: 58.8507874015748
branching on CartesianIndex(2, 3) with a.
2717   1039   15         49.0673    58.8508    19.9389    % 
UB: 58.8507874015748
branching on 1 with b.
2718   1040   16         49.0673    58.8508    19.9389    % 
UB: 58.8507874015748
branching on 2 with b.
2719   1041   17         49.0673    58.8508    19.9389    % 
UB: 58.8507874015748
branching on CartesianIndex(3, 3) with a.
2720   1042   18         49.0673    58.8508    19.9389    % 
UB: 58.8507874015748
branching on CartesianIndex(4, 3) with a.
2721   1043   18         49.0673    58.8508    19.9389    % 
UB: 58.8507874015748
branching on CartesianIndex(1, 4) with c.
2722   1044   17         49.0673    58.8508    19.9389    % 
LB close or above UB, fathomed
2723   1043   16         49.0673    58.8508    19.9389    % 
LB close or above UB, fathomed
2724   1042   15         49.0673    58.8508    19.9389    % 
UB: 58.8507874015748
branching on 1 with b.
2725   1043   14         49.0673    58.8508    19.9389    % 
UB: 58.8507874015748
branching on 1 with b.
2726   1044   12         49.0673    58.8508    19.9389    % 
LB close or above UB, fathomed
2727   1043   19         49.0673    58.8508    19.9389    % 
LB close or above UB, fathomed
2728   1042   19         49.0673    58.8508    19.9389    % 
UB: 58.8507874015748
branching on CartesianIndex(1, 6) with c.
2729   1043   20         49.0673    58.8508    19.9389    % 
LB close or above UB, fathomed
2730   1042   20         49.0673    58.8508    19.9389    % 
UB: 58.8507874015748
branching on CartesianIndex(1, 7) with c.
2731   1043   21         49.0673    58.8508    19.9389    % 
UB: 58.8507874015748
branching on 2 with b.
2732   1044   22         49.0673    58.8508    19.9389    % 
UB: 58.8507874015748
branching on 3 with b.
2733   1045   23         49.0673    58.8508    19.9389    % 
LB close or above UB, fathomed
2734   1044   23         49.0673    58.8508    19.9389    % 
UB: 58.8507874015748
branching on 1 with b.
2735   1045   24         49.0673    58.8508    19.9389    % 
LB close or above UB, fathomed
2736   1044   24         49.0673    58.8508    19.9389    % 
UB: 58.8507874015748
branching on 2 with b.
2737   1045   25         49.0673    58.8508    19.9389    % 
UB: 58.8507874015748
branching on 3 with b.
2738   1046   26         49.0673    58.8508    19.9389    % 
LB close or above UB, fathomed
2739   1045   26         49.0673    58.8508    19.9389    % 
UB: 58.8507874015748
branching on 1 with b.
2740   1046   25         49.0673    58.8508    19.9389    % 
LB close or above UB, fathomed
2741   1045   22         49.0673    58.8508    19.9389    % 
LB close or above UB, fathomed
2742   1044   21         49.0673    58.8508    19.9389    % 
LB close or above UB, fathomed
2743   1043   23         49.0673    58.8508    19.9389    % 
UB: 58.8507874015748
branching on 3 with b.
2744   1044   23         49.0673    58.8508    19.9389    % 
UB: 58.8507874015748
branching on 3 with b.
2745   1045   14         49.0673    58.8508    19.9389    % 
UB: 58.8507874015748
branching on CartesianIndex(2, 3) with a.
2746   1046   14         49.0673    58.8508    19.9389    % 
LB close or above UB, fathomed
2747   1045   17         49.0673    58.8508    19.9389    % 
LB close or above UB, fathomed
2748   1044   17         49.0673    58.8508    19.9389    % 
UB: 58.8507874015748
branching on CartesianIndex(1, 3) with a.
2749   1045   18         49.0673    58.8508    19.9389    % 
UB: 58.8507874015748
branching on CartesianIndex(2, 3) with a.
2750   1046   18         49.0673    58.8508    19.9389    % 
LB close or above UB, fathomed
2751   1045   34         49.0673    58.8508    19.9389    % 
LB close or above UB, fathomed
2752   1044   34         49.0673    58.8508    19.9389    % 
UB: 58.8507874015748
branching on 3 with b.
2753   1045   35         49.0673    58.8508    19.9389    % 
UB: 58.8507874015748
branching on 1 with b.
2754   1046   36         49.0673    58.8508    19.9389    % 
LB close or above UB, fathomed
2755   1045   36         49.0673    58.8508    19.9389    % 
UB: 58.8507874015748
branching on 2 with b.
2756   1046   37         49.0673    58.8508    19.9389    % 
UB: 58.8507874015748
branching on 3 with b.
2757   1047   37         49.0673    58.8508    19.9389    % 
UB: 58.8507874015748
branching on 3 with b.
2758   1048   35         49.0673    58.8508    19.9389    % 
LB close or above UB, fathomed
2759   1047   25         49.0673    58.8508    19.9389    % 
UB: 58.8507874015748
branching on 3 with b.
2760   1048   26         49.0673    58.8508    19.9389    % 
LB close or above UB, fathomed
2761   1047   26         49.0673    58.8508    19.9389    % 
UB: 58.8507874015748
branching on 1 with b.
2762   1048   27         49.0673    58.8508    19.9389    % 
UB: 58.8507874015748
branching on 2 with b.
2763   1049   28         49.0673    58.8508    19.9389    % 
UB: 58.8507874015748
branching on 3 with b.
2764   1050   29         49.0673    58.8508    19.9389    % 
LB close or above UB, fathomed
2765   1049   29         49.0673    58.8508    19.9389    % 
UB: 58.8507874015748
branching on 1 with b.
2766   1050   30         49.0673    58.8508    19.9389    % 
UB: 58.8507874015748
branching on 2 with b.
2767   1051   31         49.0673    58.8508    19.9389    % 
UB: 58.8507874015748
branching on 3 with b.
2768   1052   31         49.0673    58.8508    19.9389    % 
LB close or above UB, fathomed
2769   1051   30         49.0673    58.8508    19.9389    % 
UB: 58.8507874015748
branching on 2 with b.
2770   1052   31         49.0673    58.8508    19.9389    % 
UB: 58.8507874015748
branching on 3 with b.
2771   1053   31         49.0673    58.8508    19.9389    % 
LB close or above UB, fathomed
2772   1052   28         49.0673    58.8508    19.9389    % 
LB close or above UB, fathomed
2773   1051   27         49.0673    58.8508    19.9389    % 
UB: 58.8507874015748
branching on 2 with b.
2774   1052   25         49.0673    58.8508    19.9389    % 
LB close or above UB, fathomed
2775   1051   36         49.0673    58.8508    19.9389    % 
UB: 58.8507874015748
branching on 2 with b.
2776   1052   36         49.0673    58.8508    19.9389    % 
UB: 58.8507874015748
branching on 2 with b.
2777   1053   37         49.0673    58.8508    19.9389    % 
UB: 58.8507874015748
branching on 3 with b.
2778   1054   37         49.0673    58.8508    19.9389    % 
UB: 58.8507874015748
branching on 3 with b.
2779   1055   29         49.0673    58.8508    19.9389    % 
LB close or above UB, fathomed
2780   1054   29         49.0673    58.8508    19.9389    % 
UB: 58.8507874015748
branching on 3 with b.
2781   1055   20         49.0673    58.8508    19.9389    % 
UB: 58.8507874015748
branching on CartesianIndex(1, 5) with c.
2782   1056   21         49.0673    58.8508    19.9389    % 
LB close or above UB, fathomed
2783   1055   21         49.0673    58.8508    19.9389    % 
UB: 58.8507874015748
branching on CartesianIndex(1, 6) with c.
2784   1056   22         49.0673    58.8508    19.9389    % 
LB close or above UB, fathomed
2785   1055   22         49.0673    58.8508    19.9389    % 
UB: 58.8507874015748
branching on CartesianIndex(1, 7) with c.
2786   1056   23         49.0673    58.8508    19.9389    % 
UB: 58.8507874015748
branching on 2 with b.
2787   1057   24         49.0673    58.8508    19.9389    % 
UB: 58.8507874015748
branching on 3 with b.
2788   1058   25         49.0673    58.8508    19.9389    % 
LB close or above UB, fathomed
2789   1057   25         49.0673    58.8508    19.9389    % 
UB: 58.8507874015748
branching on 1 with b.
2790   1058   24         49.0673    58.8508    19.9389    % 
LB close or above UB, fathomed
2791   1057   23         49.0673    58.8508    19.9389    % 
LB close or above UB, fathomed
2792   1056   20         49.0673    58.8508    19.9389    % 
UB: 58.8507874015748
branching on CartesianIndex(1, 5) with c.
2793   1057   36         49.0673    58.8508    19.9389    % 
UB: 58.8507874015748
branching on 2 with b.
2794   1058   36         49.0673    58.8508    19.9389    % 
UB: 58.8507874015748
branching on 2 with b.
2795   1059   37         49.0673    58.8508    19.9389    % 
UB: 58.8507874015748
branching on 3 with b.
2796   1060   37         49.0673    58.8508    19.9389    % 
UB: 58.8507874015748
branching on 3 with b.
2797   1061   38         49.0673    58.8508    19.9389    % 
UB: 58.8507874015748
branching on 1 with b.
2798   1062   38         49.0673    58.8508    19.9389    % 
UB: 58.8507874015748
branching on 1 with b.
2799   1063   27         49.0673    58.8508    19.9389    % 
UB: 58.8507874015748
branching on 3 with b.
2800   1064   28         49.0673    58.8508    19.9389    % 
UB: 58.8507874015748
branching on 1 with b.
2801   1065   28         49.0673    58.8508    19.9389    % 
LB close or above UB, fathomed
2802   1064   27         49.0673    58.8508    19.9389    % 
LB close or above UB, fathomed
2803   1063   20         49.0673    58.8508    19.9389    % 
UB: 58.8507874015748
branching on 3 with b.
2804   1064   20         49.0673    58.8508    19.9389    % 
UB: 58.8507874015748
branching on 3 with b.
2805   1065   20         49.0673    58.8508    19.9389    % 
LB close or above UB, fathomed
2806   1064   20         49.0673    58.8508    19.9389    % 
UB: 58.8507874015748
branching on 1 with b.
2807   1065   21         49.0673    58.8508    19.9389    % 
UB: 58.8507874015748
branching on CartesianIndex(1, 4) with c.
2808   1066   21         49.0673    58.8508    19.9389    % 
LB close or above UB, fathomed
2809   1065   25         49.0673    58.8508    19.9389    % 
UB: 58.8507874015748
branching on 3 with b.
2810   1066   25         49.0673    58.8508    19.9389    % 
LB close or above UB, fathomed
2811   1065   25         49.0673    58.8508    19.9389    % 
LB close or above UB, fathomed
2812   1064   25         49.0673    58.8508    19.9389    % 
UB: 58.8507874015748
branching on 1 with b.
2813   1065   28         49.0673    58.8508    19.9389    % 
UB: 58.8507874015748
branching on 3 with b.
2814   1066   28         49.0673    58.8508    19.9389    % 
UB: 58.8507874015748
branching on 3 with b.
2815   1067   28         49.0673    58.8508    19.9389    % 
LB close or above UB, fathomed
2816   1066   28         49.0673    58.8508    19.9389    % 
UB: 58.8507874015748
branching on 3 with b.
2817   1067   31         49.0673    58.8508    19.9389    % 
UB: 58.8507874015748
branching on 1 with b.
2818   1068   31         49.0673    58.8508    19.9389    % 
LB close or above UB, fathomed
2819   1067   34         49.0673    58.8508    19.9389    % 
UB: 58.8507874015748
branching on 3 with b.
2820   1068   34         49.0673    58.8508    19.9389    % 
LB close or above UB, fathomed
2821   1067   16         49.0673    58.8508    19.9389    % 
UB: 58.8507874015748
branching on CartesianIndex(4, 3) with a.
2822   1068   16         49.0673    58.8508    19.9389    % 
UB: 58.8507874015748
branching on CartesianIndex(1, 4) with c.
2823   1069   33         49.0673    58.8508    19.9389    % 
UB: 58.8507874015748
branching on 2 with b.
2824   1070   33         49.0673    58.8508    19.9389    % 
UB: 58.8507874015748
branching on 2 with b.
2825   1071   26         49.0673    58.8508    19.9389    % 
UB: 58.8507874015748
branching on 2 with b.
2826   1072   26         49.0673    58.8508    19.9389    % 
UB: 58.8507874015748
branching on 2 with b.
2827   1073   32         49.0673    58.8508    19.9389    % 
UB: 58.8507874015748
branching on 2 with b.
2828   1074   32         49.0673    58.8508    19.9389    % 
UB: 58.8507874015748
branching on 2 with b.
2829   1075   16         49.0673    58.8508    19.9389    % 
LB close or above UB, fathomed
2830   1074   16         49.0673    58.8508    19.9389    % 
UB: 58.8507874015748
branching on CartesianIndex(1, 5) with c.
2831   1075   17         49.0673    58.8508    19.9389    % 
UB: 58.8507874015748
branching on 2 with b.
2832   1076   18         49.0673    58.8508    19.9389    % 
LB close or above UB, fathomed
2833   1075   18         49.0673    58.8508    19.9389    % 
UB: 58.8507874015748
branching on CartesianIndex(1, 6) with c.
2834   1076   17         49.0673    58.8508    19.9389    % 
LB close or above UB, fathomed
2835   1075   16         49.0673    58.8508    19.9389    % 
UB: 58.8507874015748
branching on CartesianIndex(4, 2) with a.
2836   1076   16         49.0673    58.8508    19.9389    % 
UB: 58.8507874015748
branching on CartesianIndex(1, 3) with a.
2837   1077   22         49.0673    58.8508    19.9389    % 
UB: 58.8507874015748
branching on CartesianIndex(1, 5) with c.
2838   1078   22         49.0673    58.8508    19.9389    % 
UB: 58.8507874015748
branching on CartesianIndex(1, 5) with c.
2839   1079   23         49.0673    58.8508    19.9389    % 
UB: 58.8507874015748
branching on 1 with b.
2840   1080   24         49.0673    58.8508    19.9389    % 
LB close or above UB, fathomed
2841   1079   24         49.0673    58.8508    19.9389    % 
UB: 58.8507874015748
branching on CartesianIndex(1, 6) with c.
2842   1080   25         49.0673    58.8508    19.9389    % 
LB close or above UB, fathomed
2843   1079   25         49.0673    58.8508    19.9389    % 
UB: 58.8507874015748
branching on CartesianIndex(1, 7) with c.
2844   1080   23         49.0673    58.8508    19.9389    % 
UB: 58.8507874015748
branching on CartesianIndex(1, 6) with c.
2845   1081   16         49.0673    58.8508    19.9389    % 
UB: 58.8507874015748
branching on 2 with b.
2846   1082   16         49.0673    58.8508    19.9389    % 
LB close or above UB, fathomed
2847   1081   31         49.0673    58.8508    19.9389    % 
UB: 58.8507874015748
branching on 2 with b.
2848   1082   31         49.0673    58.8508    19.9389    % 
UB: 58.8507874015748
branching on 2 with b.
2849   1083   31         49.0673    58.8508    19.9389    % 
UB: 58.8507874015748
branching on 2 with b.
2850   1084   31         49.0673    58.8508    19.9389    % 
UB: 58.8507874015748
branching on 2 with b.
2851   1085   13         49.0673    58.8508    19.9389    % 
UB: 58.8507874015748
branching on 3 with b.
2852   1086   14         49.0673    58.8508    19.9389    % 
UB: 58.8507874015748
branching on CartesianIndex(2, 3) with a.
2853   1087   14         49.0673    58.8508    19.9389    % 
UB: 58.8507874015748
branching on CartesianIndex(2, 3) with a.
2854   1088   13         49.0673    58.8508    19.9389    % 
UB: 58.8507874015748
branching on 3 with b.
2855   1089   33         49.0673    58.8508    19.9389    % 
UB: 58.8507874015748
branching on 2 with b.
2856   1090   34         49.0673    58.8508    19.9389    % 
UB: 58.8507874015748
branching on 3 with b.
2857   1091   34         49.0673    58.8508    19.9389    % 
LB close or above UB, fathomed
2858   1090   33         49.0673    58.8508    19.9389    % 
UB: 58.8507874015748
branching on 2 with b.
2859   1091   15         49.0673    58.8508    19.9389    % 
LB close or above UB, fathomed
2860   1090   15         49.0673    58.8508    19.9389    % 
UB: 58.8507874015748
branching on CartesianIndex(1, 4) with c.
2861   1091   28         49.0673    58.8508    19.9389    % 
UB: 58.8507874015748
branching on 1 with b.
2862   1092   29         49.0673    58.8508    19.9389    % 
UB: 58.8507874015748
branching on 2 with b.
2863   1093   29         49.0673    58.8508    19.9389    % 
UB: 58.8507874015748
branching on 2 with b.
2864   1094   28         49.0673    58.8508    19.9389    % 
LB close or above UB, fathomed
2865   1093   15         49.0673    58.8508    19.9389    % 
UB: 58.8507874015748
branching on CartesianIndex(4, 2) with a.
2866   1094   15         49.0673    58.8508    19.9389    % 
UB: 58.8507874015748
branching on CartesianIndex(1, 3) with a.
2867   1095   16         49.0673    58.8508    19.9389    % 
UB: 58.8507874015748
branching on 3 with b.
2868   1096   16         49.0673    58.8508    19.9389    % 
LB close or above UB, fathomed
2869   1095   26         49.0673    58.8508    19.9389    % 
LB close or above UB, fathomed
2870   1094   26         49.0673    58.8508    19.9389    % 
UB: 58.8507874015748
branching on 3 with b.
2871   1095   27         49.0673    58.8508    19.9389    % 
UB: 58.8507874015748
branching on 1 with b.
2872   1096   27         49.0673    58.8508    19.9389    % 
UB: 58.8507874015748
branching on 1 with b.
2873   1097   25         49.0673    58.8508    19.9389    % 
UB: 58.8507874015748
branching on 3 with b.
2874   1098   25         49.0673    58.8508    19.9389    % 
LB close or above UB, fathomed
2875   1097   28         49.0673    58.8508    19.9389    % 
UB: 58.8507874015748
branching on 3 with b.
2876   1098   29         49.0673    58.8508    19.9389    % 
UB: 58.8507874015748
branching on 1 with b.
2877   1099   30         49.0673    58.8508    19.9389    % 
LB close or above UB, fathomed
2878   1098   30         49.0673    58.8508    19.9389    % 
UB: 58.8507874015748
branching on 2 with b.
2879   1099   31         49.0673    58.8508    19.9389    % 
UB: 58.8507874015748
branching on 3 with b.
2880   1100   32         49.0673    58.8508    19.9389    % 
UB: 58.8507874015748
branching on 1 with b.
2881   1101   32         49.0673    58.8508    19.9389    % 
LB close or above UB, fathomed
2882   1100   31         49.0673    58.8508    19.9389    % 
LB close or above UB, fathomed
2883   1099   29         49.0673    58.8508    19.9389    % 
LB close or above UB, fathomed
2884   1098   28         49.0673    58.8508    19.9389    % 
LB close or above UB, fathomed
2885   1097   17         49.0673    58.8508    19.9389    % 
LB close or above UB, fathomed
2886   1096   17         49.0673    58.8508    19.9389    % 
UB: 58.8507874015748
branching on CartesianIndex(3, 3) with a.
2887   1097   18         49.0673    58.8508    19.9389    % 
UB: 58.8507874015748
branching on CartesianIndex(4, 3) with a.
2888   1098   18         49.0673    58.8508    19.9389    % 
UB: 58.8507874015748
branching on CartesianIndex(1, 4) with c.
2889   1099   21         49.0673    58.8508    19.9389    % 
LB close or above UB, fathomed
2890   1098   21         49.0673    58.8508    19.9389    % 
UB: 58.8507874015748
branching on 1 with b.
2891   1099   22         49.0673    58.8508    19.9389    % 
LB close or above UB, fathomed
2892   1098   22         49.0673    58.8508    19.9389    % 
UB: 58.8507874015748
branching on 2 with b.
2893   1099   23         49.0673    58.8508    19.9389    % 
UB: 58.8507874015748
branching on 3 with b.
2894   1100   23         49.0673    58.8508    19.9389    % 
UB: 58.8507874015748
branching on 3 with b.
2895   1101   24         49.0673    58.8508    19.9389    % 
LB close or above UB, fathomed
2896   1100   24         49.0673    58.8508    19.9389    % 
UB: 58.8507874015748
branching on 1 with b.
2897   1101   20         49.0673    58.8508    19.9389    % 
LB close or above UB, fathomed
2898   1100   20         49.0673    58.8508    19.9389    % 
UB: 58.8507874015748
branching on CartesianIndex(1, 7) with c.
2899   1101   21         49.0673    58.8508    19.9389    % 
UB: 58.8507874015748
branching on 3 with b.
2900   1102   22         49.0673    58.8508    19.9389    % 
LB close or above UB, fathomed
2901   1101   22         49.0673    58.8508    19.9389    % 
UB: 58.8507874015748
branching on 1 with b.
2902   1102   23         49.0673    58.8508    19.9389    % 
LB close or above UB, fathomed
2903   1101   23         49.0673    58.8508    19.9389    % 
UB: 58.8507874015748
branching on 2 with b.
2904   1102   24         49.0673    58.8508    19.9389    % 
UB: 58.8507874015748
branching on 3 with b.
2905   1103   25         49.0673    58.8508    19.9389    % 
LB close or above UB, fathomed
2906   1102   25         49.0673    58.8508    19.9389    % 
UB: 58.8507874015748
branching on 1 with b.
2907   1103   24         49.0673    58.8508    19.9389    % 
UB: 58.8507874015748
branching on 3 with b.
2908   1104   25         49.0673    58.8508    19.9389    % 
LB close or above UB, fathomed
2909   1103   25         49.0673    58.8508    19.9389    % 
UB: 58.8507874015748
branching on 1 with b.
2910   1104   21         49.0673    58.8508    19.9389    % 
LB close or above UB, fathomed
2911   1103   20         49.0673    58.8508    19.9389    % 
LB close or above UB, fathomed
2912   1102   20         49.0673    58.8508    19.9389    % 
UB: 58.8507874015748
branching on 3 with b.
2913   1103   21         49.0673    58.8508    19.9389    % 
LB close or above UB, fathomed
2914   1102   21         49.0673    58.8508    19.9389    % 
UB: 58.8507874015748
branching on CartesianIndex(1, 7) with c.
2915   1103   22         49.0673    58.8508    19.9389    % 
UB: 58.8507874015748
branching on 1 with b.
2916   1104   23         49.0673    58.8508    19.9389    % 
LB close or above UB, fathomed
2917   1103   23         49.0673    58.8508    19.9389    % 
UB: 58.8507874015748
branching on 2 with b.
2918   1104   24         49.0673    58.8508    19.9389    % 
UB: 58.8507874015748
branching on 3 with b.
2919   1105   25         49.0673    58.8508    19.9389    % 
LB close or above UB, fathomed
2920   1104   25         49.0673    58.8508    19.9389    % 
UB: 58.8507874015748
branching on 1 with b.
2921   1105   24         49.0673    58.8508    19.9389    % 
UB: 58.8507874015748
branching on 3 with b.
2922   1106   25         49.0673    58.8508    19.9389    % 
LB close or above UB, fathomed
2923   1105   25         49.0673    58.8508    19.9389    % 
UB: 58.8507874015748
branching on 1 with b.
2924   1106   22         49.0673    58.8508    19.9389    % 
LB close or above UB, fathomed
2925   1105   25         49.0673    58.8508    19.9389    % 
LB close or above UB, fathomed
2926   1104   25         49.0673    58.8508    19.9389    % 
UB: 58.8507874015748
branching on 1 with b.
2927   1105   20         49.0673    58.8508    19.9389    % 
LB close or above UB, fathomed
2928   1104   20         49.0673    58.8508    19.9389    % 
UB: 58.8507874015748
branching on CartesianIndex(1, 6) with c.
2929   1105   21         49.0673    58.8508    19.9389    % 
LB close or above UB, fathomed
2930   1104   21         49.0673    58.8508    19.9389    % 
UB: 58.8507874015748
branching on CartesianIndex(1, 7) with c.
2931   1105   22         49.0673    58.8508    19.9389    % 
UB: 58.8507874015748
branching on 1 with b.
2932   1106   23         49.0673    58.8508    19.9389    % 
LB close or above UB, fathomed
2933   1105   23         49.0673    58.8508    19.9389    % 
UB: 58.8507874015748
branching on 2 with b.
2934   1106   24         49.0673    58.8508    19.9389    % 
UB: 58.8507874015748
branching on 3 with b.
2935   1107   25         49.0673    58.8508    19.9389    % 
LB close or above UB, fathomed
2936   1106   25         49.0673    58.8508    19.9389    % 
UB: 58.8507874015748
branching on 1 with b.
2937   1107   24         49.0673    58.8508    19.9389    % 
UB: 58.8507874015748
branching on 3 with b.
2938   1108   25         49.0673    58.8508    19.9389    % 
LB close or above UB, fathomed
2939   1107   25         49.0673    58.8508    19.9389    % 
UB: 58.8507874015748
branching on 1 with b.
2940   1108   22         49.0673    58.8508    19.9389    % 
LB close or above UB, fathomed
2941   1107   24         49.0673    58.8508    19.9389    % 
LB close or above UB, fathomed
2942   1106   24         49.0673    58.8508    19.9389    % 
UB: 58.8507874015748
branching on 1 with b.
2943   1107   25         49.0673    58.8508    19.9389    % 
LB close or above UB, fathomed
2944   1106   25         49.0673    58.8508    19.9389    % 
UB: 58.8507874015748
branching on 2 with b.
2945   1107   26         49.0673    58.8508    19.9389    % 
UB: 58.8507874015748
branching on 3 with b.
2946   1108   27         49.0673    58.8508    19.9389    % 
LB close or above UB, fathomed
2947   1107   27         49.0673    58.8508    19.9389    % 
UB: 58.8507874015748
branching on 1 with b.
2948   1108   26         49.0673    58.8508    19.9389    % 
UB: 58.8507874015748
branching on 3 with b.
2949   1109   27         49.0673    58.8508    19.9389    % 
LB close or above UB, fathomed
2950   1108   27         49.0673    58.8508    19.9389    % 
UB: 58.8507874015748
branching on 1 with b.
2951   1109   27         49.0673    58.8508    19.9389    % 
LB close or above UB, fathomed
2952   1108   27         49.0673    58.8508    19.9389    % 
UB: 58.8507874015748
branching on 1 with b.
2953   1109   21         49.0673    58.8508    19.9389    % 
LB close or above UB, fathomed
2954   1108   21         49.0673    58.8508    19.9389    % 
UB: 58.8507874015748
branching on 1 with b.
2955   1109   22         49.0673    58.8508    19.9389    % 
LB close or above UB, fathomed
2956   1108   22         49.0673    58.8508    19.9389    % 
UB: 58.8507874015748
branching on 2 with b.
2957   1109   23         49.0673    58.8508    19.9389    % 
UB: 58.8507874015748
branching on 3 with b.
2958   1110   24         49.0673    58.8508    19.9389    % 
LB close or above UB, fathomed
2959   1109   24         49.0673    58.8508    19.9389    % 
UB: 58.8507874015748
branching on 1 with b.
2960   1110   23         49.0673    58.8508    19.9389    % 
UB: 58.8507874015748
branching on 3 with b.
2961   1111   24         49.0673    58.8508    19.9389    % 
LB close or above UB, fathomed
2962   1110   24         49.0673    58.8508    19.9389    % 
UB: 58.8507874015748
branching on 1 with b.
2963   1111   24         49.0673    58.8508    19.9389    % 
LB close or above UB, fathomed
2964   1110   24         49.0673    58.8508    19.9389    % 
UB: 58.8507874015748
branching on 1 with b.
2965   1111   22         49.0673    58.8508    19.9389    % 
LB close or above UB, fathomed
2966   1110   22         49.0673    58.8508    19.9389    % 
UB: 58.8507874015748
branching on 2 with b.
2967   1111   23         49.0673    58.8508    19.9389    % 
UB: 58.8507874015748
branching on 3 with b.
2968   1112   24         49.0673    58.8508    19.9389    % 
LB close or above UB, fathomed
2969   1111   24         49.0673    58.8508    19.9389    % 
UB: 58.8507874015748
branching on 1 with b.
2970   1112   23         49.0673    58.8508    19.9389    % 
LB close or above UB, fathomed
2971   1111   30         49.0673    58.8508    19.9389    % 
UB: 58.8507874015748
branching on 3 with b.
2972   1112   30         49.0673    58.8508    19.9389    % 
UB: 58.8507874015748
branching on 3 with b.
2973   1113   26         49.0673    58.8508    19.9389    % 
LB close or above UB, fathomed
2974   1112   26         49.0673    58.8508    19.9389    % 
UB: 58.8507874015748
branching on 1 with b.
2975   1113   26         49.0673    58.8508    19.9389    % 
LB close or above UB, fathomed
2976   1112   26         49.0673    58.8508    19.9389    % 
UB: 58.8507874015748
branching on 1 with b.
2977   1113   21         49.0673    58.8508    19.9389    % 
LB close or above UB, fathomed
2978   1112   21         49.0673    58.8508    19.9389    % 
UB: 58.8507874015748
branching on CartesianIndex(1, 7) with c.
2979   1113   22         49.0673    58.8508    19.9389    % 
UB: 58.8507874015748
branching on 3 with b.
2980   1114   23         49.0673    58.8508    19.9389    % 
LB close or above UB, fathomed
2981   1113   23         49.0673    58.8508    19.9389    % 
UB: 58.8507874015748
branching on 1 with b.
2982   1114   22         49.0673    58.8508    19.9389    % 
LB close or above UB, fathomed
2983   1113   26         49.0673    58.8508    19.9389    % 
LB close or above UB, fathomed
2984   1112   26         49.0673    58.8508    19.9389    % 
UB: 58.8507874015748
branching on 1 with b.
2985   1113   21         49.0673    58.8508    19.9389    % 
LB close or above UB, fathomed
2986   1112   21         49.0673    58.8508    19.9389    % 
UB: 58.8507874015748
branching on 3 with b.
2987   1113   22         49.0673    58.8508    19.9389    % 
LB close or above UB, fathomed
2988   1112   22         49.0673    58.8508    19.9389    % 
UB: 58.8507874015748
branching on 1 with b.
2989   1113   23         49.0673    58.8508    19.9389    % 
LB close or above UB, fathomed
2990   1112   23         49.0673    58.8508    19.9389    % 
UB: 58.8507874015748
branching on CartesianIndex(1, 7) with c.
2991   1113   24         49.0673    58.8508    19.9389    % 
UB: 58.8507874015748
branching on 2 with b.
2992   1114   25         49.0673    58.8508    19.9389    % 
UB: 58.8507874015748
branching on 3 with b.
2993   1115   26         49.0673    58.8508    19.9389    % 
LB close or above UB, fathomed
2994   1114   26         49.0673    58.8508    19.9389    % 
UB: 58.8507874015748
branching on 1 with b.
2995   1115   25         49.0673    58.8508    19.9389    % 
UB: 58.8507874015748
branching on 3 with b.
2996   1116   26         49.0673    58.8508    19.9389    % 
LB close or above UB, fathomed
2997   1115   26         49.0673    58.8508    19.9389    % 
UB: 58.8507874015748
branching on 1 with b.
2998   1116   24         49.0673    58.8508    19.9389    % 
LB close or above UB, fathomed
2999   1115   18         49.0673    58.8508    19.9389    % 
UB: 58.8507874015748
branching on CartesianIndex(1, 4) with c.
3000   1116   18         49.0673    58.8508    19.9389    % 
UB: 58.8507874015748
branching on 2 with b.
3001   1117   22         49.0673    58.8508    19.9389    % 
UB: 58.8507874015748
branching on 1 with b.
3002   1118   23         49.0673    58.8508    19.9389    % 
UB: 58.8507874015748
branching on 2 with b.
3003   1119   23         49.0673    58.8508    19.9389    % 
LB close or above UB, fathomed
3004   1118   22         49.0673    58.8508    19.9389    % 
LB close or above UB, fathomed
3005   1117   23         49.0673    58.8508    19.9389    % 
LB close or above UB, fathomed
3006   1116   23         49.0673    58.8508    19.9389    % 
UB: 58.8507874015748
branching on 1 with b.
3007   1117   24         49.0673    58.8508    19.9389    % 
UB: 58.8507874015748
branching on 2 with b.
3008   1118   24         49.0673    58.8508    19.9389    % 
UB: 58.8507874015748
branching on 2 with b.
3009   1119   19         49.0673    58.8508    19.9389    % 
LB close or above UB, fathomed
3010   1118   19         49.0673    58.8508    19.9389    % 
UB: 58.8507874015748
branching on CartesianIndex(1, 7) with c.
3011   1119   20         49.0673    58.8508    19.9389    % 
UB: 58.8507874015748
branching on 2 with b.
3012   1120   21         49.0673    58.8508    19.9389    % 
UB: 58.8507874015748
branching on 3 with b.
3013   1121   22         49.0673    58.8508    19.9389    % 
LB close or above UB, fathomed
3014   1120   22         49.0673    58.8508    19.9389    % 
UB: 58.8507874015748
branching on 1 with b.
3015   1121   23         49.0673    58.8508    19.9389    % 
LB close or above UB, fathomed
3016   1120   23         49.0673    58.8508    19.9389    % 
UB: 58.8507874015748
branching on 2 with b.
3017   1121   24         49.0673    58.8508    19.9389    % 
UB: 58.8507874015748
branching on 3 with b.
3018   1122   25         49.0673    58.8508    19.9389    % 
LB close or above UB, fathomed
3019   1121   25         49.0673    58.8508    19.9389    % 
UB: 58.8507874015748
branching on 1 with b.
3020   1122   24         49.0673    58.8508    19.9389    % 
UB: 58.8507874015748
branching on 3 with b.
3021   1123   25         49.0673    58.8508    19.9389    % 
LB close or above UB, fathomed
3022   1122   25         49.0673    58.8508    19.9389    % 
UB: 58.8507874015748
branching on 1 with b.
3023   1123   21         49.0673    58.8508    19.9389    % 
UB: 58.8507874015748
branching on 3 with b.
3024   1124   22         49.0673    58.8508    19.9389    % 
LB close or above UB, fathomed
3025   1123   22         49.0673    58.8508    19.9389    % 
UB: 58.8507874015748
branching on 1 with b.
3026   1124   23         49.0673    58.8508    19.9389    % 
LB close or above UB, fathomed
3027   1123   23         49.0673    58.8508    19.9389    % 
UB: 58.8507874015748
branching on 2 with b.
3028   1124   24         49.0673    58.8508    19.9389    % 
UB: 58.8507874015748
branching on 3 with b.
3029   1125   25         49.0673    58.8508    19.9389    % 
LB close or above UB, fathomed
3030   1124   25         49.0673    58.8508    19.9389    % 
UB: 58.8507874015748
branching on 1 with b.
3031   1125   24         49.0673    58.8508    19.9389    % 
UB: 58.8507874015748
branching on 3 with b.
3032   1126   25         49.0673    58.8508    19.9389    % 
LB close or above UB, fathomed
3033   1125   25         49.0673    58.8508    19.9389    % 
UB: 58.8507874015748
branching on 1 with b.
3034   1126   20         49.0673    58.8508    19.9389    % 
LB close or above UB, fathomed
3035   1125   25         49.0673    58.8508    19.9389    % 
LB close or above UB, fathomed
3036   1124   25         49.0673    58.8508    19.9389    % 
UB: 58.8507874015748
branching on 1 with b.
3037   1125   22         49.0673    58.8508    19.9389    % 
LB close or above UB, fathomed
3038   1124   22         49.0673    58.8508    19.9389    % 
UB: 58.8507874015748
branching on 3 with b.
3039   1125   23         49.0673    58.8508    19.9389    % 
LB close or above UB, fathomed
3040   1124   23         49.0673    58.8508    19.9389    % 
UB: 58.8507874015748
branching on CartesianIndex(1, 7) with c.
3041   1125   24         49.0673    58.8508    19.9389    % 
UB: 58.8507874015748
branching on 1 with b.
3042   1126   25         49.0673    58.8508    19.9389    % 
LB close or above UB, fathomed
3043   1125   25         49.0673    58.8508    19.9389    % 
UB: 58.8507874015748
branching on 2 with b.
3044   1126   24         49.0673    58.8508    19.9389    % 
LB close or above UB, fathomed
3045   1125   20         49.0673    58.8508    19.9389    % 
UB: 58.8507874015748
branching on 3 with b.
3046   1126   21         49.0673    58.8508    19.9389    % 
LB close or above UB, fathomed
3047   1125   21         49.0673    58.8508    19.9389    % 
UB: 58.8507874015748
branching on 1 with b.
3048   1126   22         49.0673    58.8508    19.9389    % 
LB close or above UB, fathomed
3049   1125   22         49.0673    58.8508    19.9389    % 
UB: 58.8507874015748
branching on 2 with b.
3050   1126   23         49.0673    58.8508    19.9389    % 
UB: 58.8507874015748
branching on 3 with b.
3051   1127   24         49.0673    58.8508    19.9389    % 
LB close or above UB, fathomed
3052   1126   24         49.0673    58.8508    19.9389    % 
UB: 58.8507874015748
branching on 1 with b.
3053   1127   23         49.0673    58.8508    19.9389    % 
UB: 58.8507874015748
branching on 3 with b.
3054   1128   24         49.0673    58.8508    19.9389    % 
LB close or above UB, fathomed
3055   1127   24         49.0673    58.8508    19.9389    % 
UB: 58.8507874015748
branching on 1 with b.
3056   1128   20         49.0673    58.8508    19.9389    % 
UB: 58.8507874015748
branching on 3 with b.
3057   1129   21         49.0673    58.8508    19.9389    % 
LB close or above UB, fathomed
3058   1128   21         49.0673    58.8508    19.9389    % 
UB: 58.8507874015748
branching on 1 with b.
3059   1129   22         49.0673    58.8508    19.9389    % 
LB close or above UB, fathomed
3060   1128   22         49.0673    58.8508    19.9389    % 
UB: 58.8507874015748
branching on 2 with b.
3061   1129   23         49.0673    58.8508    19.9389    % 
UB: 58.8507874015748
branching on 3 with b.
3062   1130   24         49.0673    58.8508    19.9389    % 
LB close or above UB, fathomed
3063   1129   24         49.0673    58.8508    19.9389    % 
UB: 58.8507874015748
branching on 1 with b.
3064   1130   23         49.0673    58.8508    19.9389    % 
UB: 58.8507874015748
branching on 3 with b.
3065   1131   24         49.0673    58.8508    19.9389    % 
LB close or above UB, fathomed
3066   1130   24         49.0673    58.8508    19.9389    % 
UB: 58.8507874015748
branching on 1 with b.
3067   1131   34         49.0673    58.8508    19.9389    % 
LB close or above UB, fathomed
3068   1130   34         49.0673    58.8508    19.9389    % 
UB: 58.8507874015748
branching on 3 with b.
3069   1131   24         49.0673    58.8508    19.9389    % 
LB close or above UB, fathomed
3070   1130   24         49.0673    58.8508    19.9389    % 
UB: 58.8507874015748
branching on CartesianIndex(1, 7) with c.
3071   1131   25         49.0673    58.8508    19.9389    % 
UB: 58.8507874015748
branching on 2 with b.
3072   1132   26         49.0673    58.8508    19.9389    % 
UB: 58.8507874015748
branching on 3 with b.
3073   1133   27         49.0673    58.8508    19.9389    % 
LB close or above UB, fathomed
3074   1132   27         49.0673    58.8508    19.9389    % 
UB: 58.8507874015748
branching on 1 with b.
3075   1133   26         49.0673    58.8508    19.9389    % 
UB: 58.8507874015748
branching on 3 with b.
3076   1134   27         49.0673    58.8508    19.9389    % 
LB close or above UB, fathomed
3077   1133   27         49.0673    58.8508    19.9389    % 
UB: 58.8507874015748
branching on 1 with b.
3078   1134   25         49.0673    58.8508    19.9389    % 
LB close or above UB, fathomed
3079   1133   35         49.0673    58.8508    19.9389    % 
UB: 58.8507874015748
branching on 1 with b.
3080   1134   35         49.0673    58.8508    19.9389    % 
UB: 58.8507874015748
branching on 1 with b.
3081   1135   17         49.0673    58.8508    19.9389    % 
LB close or above UB, fathomed
3082   1134   17         49.0673    58.8508    19.9389    % 
UB: 58.8507874015748
branching on CartesianIndex(1, 3) with a.
3083   1135   35         49.0673    58.8508    19.9389    % 
UB: 58.8507874015748
branching on 1 with b.
3084   1136   36         49.0673    58.8508    19.9389    % 
UB: 58.8507874015748
branching on 2 with b.
3085   1137   36         49.0673    58.8508    19.9389    % 
UB: 58.8507874015748
branching on 2 with b.
3086   1138   37         49.0673    58.8508    19.9389    % 
UB: 58.8507874015748
branching on 3 with b.
3087   1139   37         49.0673    58.8508    19.9389    % 
UB: 58.8507874015748
branching on 3 with b.
3088   1140   35         49.0673    58.8508    19.9389    % 
UB: 58.8507874015748
branching on 1 with b.
3089   1141   34         49.0673    58.8508    19.9389    % 
UB: 58.8507874015748
branching on 1 with b.
3090   1142   34         49.0673    58.8508    19.9389    % 
UB: 58.8507874015748
branching on 1 with b.
3091   1143   20         49.0673    58.8508    19.9389    % 
UB: 58.8507874015748
branching on 3 with b.
3092   1144   21         49.0673    58.8508    19.9389    % 
LB close or above UB, fathomed
3093   1143   21         49.0673    58.8508    19.9389    % 
UB: 58.8507874015748
branching on 1 with b.
3094   1144   22         49.0673    58.8508    19.9389    % 
LB close or above UB, fathomed
3095   1143   22         49.0673    58.8508    19.9389    % 
UB: 58.8507874015748
branching on CartesianIndex(1, 6) with c.
3096   1144   23         49.0673    58.8508    19.9389    % 
LB close or above UB, fathomed
3097   1143   23         49.0673    58.8508    19.9389    % 
UB: 58.8507874015748
branching on 2 with b.
3098   1144   24         49.0673    58.8508    19.9389    % 
UB: 58.8507874015748
branching on CartesianIndex(1, 7) with c.
3099   1145   25         49.0673    58.8508    19.9389    % 
UB: 58.8507874015748
branching on 3 with b.
3100   1146   26         49.0673    58.8508    19.9389    % 
LB close or above UB, fathomed
3101   1145   26         49.0673    58.8508    19.9389    % 
UB: 58.8507874015748
branching on 1 with b.
3102   1146   25         49.0673    58.8508    19.9389    % 
LB close or above UB, fathomed
3103   1145   24         49.0673    58.8508    19.9389    % 
UB: 58.8507874015748
branching on 3 with b.
3104   1146   25         49.0673    58.8508    19.9389    % 
LB close or above UB, fathomed
3105   1145   25         49.0673    58.8508    19.9389    % 
UB: 58.8507874015748
branching on CartesianIndex(1, 7) with c.
3106   1146   20         49.0673    58.8508    19.9389    % 
UB: 58.8507874015748
branching on CartesianIndex(1, 6) with c.
3107   1147   21         49.0673    58.8508    19.9389    % 
LB close or above UB, fathomed
3108   1146   21         49.0673    58.8508    19.9389    % 
UB: 58.8507874015748
branching on CartesianIndex(1, 7) with c.
3109   1147   22         49.0673    58.8508    19.9389    % 
UB: 58.8507874015748
branching on 3 with b.
3110   1148   23         49.0673    58.8508    19.9389    % 
LB close or above UB, fathomed
3111   1147   23         49.0673    58.8508    19.9389    % 
UB: 58.8507874015748
branching on 1 with b.
3112   1148   24         49.0673    58.8508    19.9389    % 
LB close or above UB, fathomed
3113   1147   24         49.0673    58.8508    19.9389    % 
UB: 58.8507874015748
branching on 2 with b.
3114   1148   25         49.0673    58.8508    19.9389    % 
UB: 58.8507874015748
branching on 3 with b.
3115   1149   26         49.0673    58.8508    19.9389    % 
LB close or above UB, fathomed
3116   1148   26         49.0673    58.8508    19.9389    % 
UB: 58.8507874015748
branching on 1 with b.
3117   1149   25         49.0673    58.8508    19.9389    % 
UB: 58.8507874015748
branching on 3 with b.
3118   1150   26         49.0673    58.8508    19.9389    % 
LB close or above UB, fathomed
3119   1149   26         49.0673    58.8508    19.9389    % 
UB: 58.8507874015748
branching on 1 with b.
3120   1150   22         49.0673    58.8508    19.9389    % 
LB close or above UB, fathomed
3121   1149   26         49.0673    58.8508    19.9389    % 
UB: 58.8507874015748
branching on 1 with b.
3122   1150   27         49.0673    58.8508    19.9389    % 
UB: 58.8507874015748
branching on 2 with b.
3123   1151   28         49.0673    58.8508    19.9389    % 
UB: 58.8507874015748
branching on 3 with b.
3124   1152   29         49.0673    58.8508    19.9389    % 
LB close or above UB, fathomed
3125   1151   29         49.0673    58.8508    19.9389    % 
UB: 58.8507874015748
branching on 1 with b.
3126   1152   28         49.0673    58.8508    19.9389    % 
LB close or above UB, fathomed
3127   1151   27         49.0673    58.8508    19.9389    % 
UB: 58.8507874015748
branching on 2 with b.
3128   1152   26         49.0673    58.8508    19.9389    % 
LB close or above UB, fathomed
3129   1151   38         49.0673    58.8508    19.9389    % 
UB: 58.8507874015748
branching on 1 with b.
3130   1152   38         49.0673    58.8508    19.9389    % 
UB: 58.8507874015748
branching on 1 with b.
3131   1153   22         49.0673    58.8508    19.9389    % 
LB close or above UB, fathomed
3132   1152   22         49.0673    58.8508    19.9389    % 
UB: 58.8507874015748
branching on CartesianIndex(1, 6) with c.
3133   1153   23         49.0673    58.8508    19.9389    % 
LB close or above UB, fathomed
3134   1152   23         49.0673    58.8508    19.9389    % 
UB: 58.8507874015748
branching on CartesianIndex(1, 7) with c.
3135   1153   24         49.0673    58.8508    19.9389    % 
UB: 58.8507874015748
branching on 1 with b.
3136   1154   25         49.0673    58.8508    19.9389    % 
LB close or above UB, fathomed
3137   1153   25         49.0673    58.8508    19.9389    % 
UB: 58.8507874015748
branching on 2 with b.
3138   1154   26         49.0673    58.8508    19.9389    % 
UB: 58.8507874015748
branching on 3 with b.
3139   1155   27         49.0673    58.8508    19.9389    % 
LB close or above UB, fathomed
3140   1154   27         49.0673    58.8508    19.9389    % 
UB: 58.8507874015748
branching on 1 with b.
3141   1155   26         49.0673    58.8508    19.9389    % 
UB: 58.8507874015748
branching on 3 with b.
3142   1156   27         49.0673    58.8508    19.9389    % 
LB close or above UB, fathomed
3143   1155   27         49.0673    58.8508    19.9389    % 
UB: 58.8507874015748
branching on 1 with b.
3144   1156   24         49.0673    58.8508    19.9389    % 
LB close or above UB, fathomed
3145   1155   15         49.0673    58.8508    19.9389    % 
UB: 58.8507874015748
branching on CartesianIndex(1, 4) with c.
3146   1156   15         49.0673    58.8508    19.9389    % 
LB close or above UB, fathomed
3147   1155   17         49.0673    58.8508    19.9389    % 
LB close or above UB, fathomed
3148   1154   17         49.0673    58.8508    19.9389    % 
UB: 58.8507874015748
branching on 2 with b.
3149   1155   18         49.0673    58.8508    19.9389    % 
UB: 58.8507874015748
branching on 3 with b.
3150   1156   19         49.0673    58.8508    19.9389    % 
LB close or above UB, fathomed
3151   1155   19         49.0673    58.8508    19.9389    % 
UB: 58.8507874015748
branching on CartesianIndex(1, 4) with c.
3152   1156   18         49.0673    58.8508    19.9389    % 
UB: 58.8507874015748
branching on 3 with b.
3153   1157   31         49.0673    58.8508    19.9389    % 
UB: 58.8507874015748
branching on 2 with b.
3154   1158   32         49.0673    58.8508    19.9389    % 
UB: 58.8507874015748
branching on 3 with b.
3155   1159   32         49.0673    58.8508    19.9389    % 
LB close or above UB, fathomed
3156   1158   31         49.0673    58.8508    19.9389    % 
UB: 58.8507874015748
branching on 2 with b.
3157   1159   26         49.0673    58.8508    19.9389    % 
UB: 58.8507874015748
branching on 3 with b.
3158   1160   27         49.0673    58.8508    19.9389    % 
LB close or above UB, fathomed
3159   1159   27         49.0673    58.8508    19.9389    % 
UB: 58.8507874015748
branching on 1 with b.
3160   1160   26         49.0673    58.8508    19.9389    % 
UB: 58.8507874015748
branching on 3 with b.
3161   1161   27         49.0673    58.8508    19.9389    % 
LB close or above UB, fathomed
3162   1160   27         49.0673    58.8508    19.9389    % 
UB: 58.8507874015748
branching on 1 with b.
3163   1161   20         49.0673    58.8508    19.9389    % 
UB: 58.8507874015748
branching on CartesianIndex(1, 5) with c.
3164   1162   21         49.0673    58.8508    19.9389    % 
LB close or above UB, fathomed
3165   1161   21         49.0673    58.8508    19.9389    % 
UB: 58.8507874015748
branching on CartesianIndex(1, 6) with c.
3166   1162   22         49.0673    58.8508    19.9389    % 
LB close or above UB, fathomed
3167   1161   22         49.0673    58.8508    19.9389    % 
UB: 58.8507874015748
branching on CartesianIndex(1, 7) with c.
3168   1162   23         49.0673    58.8508    19.9389    % 
UB: 58.8507874015748
branching on 3 with b.
3169   1163   24         49.0673    58.8508    19.9389    % 
LB close or above UB, fathomed
3170   1162   24         49.0673    58.8508    19.9389    % 
UB: 58.8507874015748
branching on 1 with b.
3171   1163   23         49.0673    58.8508    19.9389    % 
LB close or above UB, fathomed
3172   1162   20         49.0673    58.8508    19.9389    % 
UB: 58.8507874015748
branching on 3 with b.
3173   1163   20         49.0673    58.8508    19.9389    % 
LB close or above UB, fathomed
3174   1162   20         49.0673    58.8508    19.9389    % 
UB: 58.8507874015748
branching on 2 with b.
3175   1163   21         49.0673    58.8508    19.9389    % 
UB: 58.8507874015748
branching on 3 with b.
3176   1164   22         49.0673    58.8508    19.9389    % 
LB close or above UB, fathomed
3177   1163   22         49.0673    58.8508    19.9389    % 
UB: 58.8507874015748
branching on CartesianIndex(1, 6) with c.
3178   1164   23         49.0673    58.8508    19.9389    % 
LB close or above UB, fathomed
3179   1163   23         49.0673    58.8508    19.9389    % 
UB: 58.8507874015748
branching on CartesianIndex(1, 7) with c.
3180   1164   24         49.0673    58.8508    19.9389    % 
UB: 58.8507874015748
branching on 1 with b.
3181   1165   25         49.0673    58.8508    19.9389    % 
LB close or above UB, fathomed
3182   1164   25         49.0673    58.8508    19.9389    % 
UB: 58.8507874015748
branching on 2 with b.
3183   1165   26         49.0673    58.8508    19.9389    % 
UB: 58.8507874015748
branching on 3 with b.
3184   1166   27         49.0673    58.8508    19.9389    % 
LB close or above UB, fathomed
3185   1165   27         49.0673    58.8508    19.9389    % 
UB: 58.8507874015748
branching on 1 with b.
3186   1166   26         49.0673    58.8508    19.9389    % 
UB: 58.8507874015748
branching on 3 with b.
3187   1167   27         49.0673    58.8508    19.9389    % 
LB close or above UB, fathomed
3188   1166   27         49.0673    58.8508    19.9389    % 
UB: 58.8507874015748
branching on 1 with b.
3189   1167   24         49.0673    58.8508    19.9389    % 
LB close or above UB, fathomed
3190   1166   21         49.0673    58.8508    19.9389    % 
UB: 58.8507874015748
branching on 3 with b.
3191   1167   22         49.0673    58.8508    19.9389    % 
LB close or above UB, fathomed
3192   1166   22         49.0673    58.8508    19.9389    % 
UB: 58.8507874015748
branching on CartesianIndex(1, 6) with c.
3193   1167   23         49.0673    58.8508    19.9389    % 
LB close or above UB, fathomed
3194   1166   23         49.0673    58.8508    19.9389    % 
UB: 58.8507874015748
branching on CartesianIndex(1, 7) with c.
3195   1167   24         49.0673    58.8508    19.9389    % 
UB: 58.8507874015748
branching on 1 with b.
3196   1168   25         49.0673    58.8508    19.9389    % 
LB close or above UB, fathomed
3197   1167   25         49.0673    58.8508    19.9389    % 
UB: 58.8507874015748
branching on 2 with b.
3198   1168   26         49.0673    58.8508    19.9389    % 
UB: 58.8507874015748
branching on 3 with b.
3199   1169   27         49.0673    58.8508    19.9389    % 
LB close or above UB, fathomed
3200   1168   27         49.0673    58.8508    19.9389    % 
UB: 58.8507874015748
branching on 1 with b.
3201   1169   26         49.0673    58.8508    19.9389    % 
UB: 58.8507874015748
branching on 3 with b.
3202   1170   27         49.0673    58.8508    19.9389    % 
LB close or above UB, fathomed
3203   1169   27         49.0673    58.8508    19.9389    % 
UB: 58.8507874015748
branching on 1 with b.
3204   1170   24         49.0673    58.8508    19.9389    % 
LB close or above UB, fathomed
3205   1169   22         49.0673    58.8508    19.9389    % 
LB close or above UB, fathomed
3206   1168   22         49.0673    58.8508    19.9389    % 
UB: 58.8507874015748
branching on CartesianIndex(1, 6) with c.
3207   1169   23         49.0673    58.8508    19.9389    % 
LB close or above UB, fathomed
3208   1168   23         49.0673    58.8508    19.9389    % 
UB: 58.8507874015748
branching on CartesianIndex(1, 7) with c.
3209   1169   24         49.0673    58.8508    19.9389    % 
UB: 58.8507874015748
branching on 1 with b.
3210   1170   25         49.0673    58.8508    19.9389    % 
LB close or above UB, fathomed
3211   1169   25         49.0673    58.8508    19.9389    % 
UB: 58.8507874015748
branching on 2 with b.
3212   1170   26         49.0673    58.8508    19.9389    % 
UB: 58.8507874015748
branching on 3 with b.
3213   1171   27         49.0673    58.8508    19.9389    % 
LB close or above UB, fathomed
3214   1170   27         49.0673    58.8508    19.9389    % 
UB: 58.8507874015748
branching on 1 with b.
3215   1171   26         49.0673    58.8508    19.9389    % 
LB close or above UB, fathomed
3216   1170   24         49.0673    58.8508    19.9389    % 
LB close or above UB, fathomed
3217   1169   21         49.0673    58.8508    19.9389    % 
LB close or above UB, fathomed
3218   1168   21         49.0673    58.8508    19.9389    % 
UB: 58.8507874015748
branching on CartesianIndex(1, 5) with c.
3219   1169   22         49.0673    58.8508    19.9389    % 
UB: 58.8507874015748
branching on CartesianIndex(1, 6) with c.
3220   1170   23         49.0673    58.8508    19.9389    % 
LB close or above UB, fathomed
3221   1169   23         49.0673    58.8508    19.9389    % 
UB: 58.8507874015748
branching on CartesianIndex(1, 7) with c.
3222   1170   24         49.0673    58.8508    19.9389    % 
UB: 58.8507874015748
branching on 1 with b.
3223   1171   25         49.0673    58.8508    19.9389    % 
LB close or above UB, fathomed
3224   1170   25         49.0673    58.8508    19.9389    % 
UB: 58.8507874015748
branching on 2 with b.
3225   1171   26         49.0673    58.8508    19.9389    % 
UB: 58.8507874015748
branching on 3 with b.
3226   1172   27         49.0673    58.8508    19.9389    % 
LB close or above UB, fathomed
3227   1171   27         49.0673    58.8508    19.9389    % 
UB: 58.8507874015748
branching on 1 with b.
3228   1172   26         49.0673    58.8508    19.9389    % 
UB: 58.8507874015748
branching on 3 with b.
3229   1173   27         49.0673    58.8508    19.9389    % 
LB close or above UB, fathomed
3230   1172   27         49.0673    58.8508    19.9389    % 
UB: 58.8507874015748
branching on 1 with b.
3231   1173   24         49.0673    58.8508    19.9389    % 
LB close or above UB, fathomed
3232   1172   22         49.0673    58.8508    19.9389    % 
UB: 58.8507874015748
branching on CartesianIndex(1, 6) with c.
3233   1173   23         49.0673    58.8508    19.9389    % 
LB close or above UB, fathomed
3234   1172   23         49.0673    58.8508    19.9389    % 
UB: 58.8507874015748
branching on CartesianIndex(1, 7) with c.
3235   1173   24         49.0673    58.8508    19.9389    % 
UB: 58.8507874015748
branching on 1 with b.
3236   1174   25         49.0673    58.8508    19.9389    % 
LB close or above UB, fathomed
3237   1173   25         49.0673    58.8508    19.9389    % 
UB: 58.8507874015748
branching on 2 with b.
3238   1174   26         49.0673    58.8508    19.9389    % 
UB: 58.8507874015748
branching on 3 with b.
3239   1175   27         49.0673    58.8508    19.9389    % 
LB close or above UB, fathomed
3240   1174   27         49.0673    58.8508    19.9389    % 
UB: 58.8507874015748
branching on 1 with b.
3241   1175   26         49.0673    58.8508    19.9389    % 
UB: 58.8507874015748
branching on 3 with b.
3242   1176   27         49.0673    58.8508    19.9389    % 
LB close or above UB, fathomed
3243   1175   27         49.0673    58.8508    19.9389    % 
UB: 58.8507874015748
branching on 1 with b.
3244   1176   24         49.0673    58.8508    19.9389    % 
LB close or above UB, fathomed
3245   1175   25         49.0673    58.8508    19.9389    % 
UB: 58.8507874015748
branching on CartesianIndex(1, 7) with c.
3246   1176   25         49.0673    58.8508    19.9389    % 
LB close or above UB, fathomed
3247   1175   21         49.0673    58.8508    19.9389    % 
LB close or above UB, fathomed
3248   1174   21         49.0673    58.8508    19.9389    % 
UB: 58.8507874015748
branching on 2 with b.
3249   1175   19         49.0673    58.8508    19.9389    % 
LB close or above UB, fathomed
3250   1174   19         49.0673    58.8508    19.9389    % 
UB: 58.8507874015748
branching on CartesianIndex(1, 5) with c.
3251   1175   20         49.0673    58.8508    19.9389    % 
UB: 58.8507874015748
branching on CartesianIndex(1, 6) with c.
3252   1176   21         49.0673    58.8508    19.9389    % 
UB: 58.8507874015748
branching on CartesianIndex(1, 7) with c.
3253   1177   21         49.0673    58.8508    19.9389    % 
UB: 58.8507874015748
branching on CartesianIndex(1, 7) with c.
3254   1178   22         49.0673    58.8508    19.9389    % 
UB: 58.8507874015748
branching on 3 with b.
3255   1179   23         49.0673    58.8508    19.9389    % 
UB: 58.8507874015748
branching on 1 with b.
3256   1180   23         49.0673    58.8508    19.9389    % 
UB: 58.8507874015748
branching on 1 with b.
3257   1181   24         49.0673    58.8508    19.9389    % 
UB: 58.8507874015748
branching on 2 with b.
3258   1182   24         49.0673    58.8508    19.9389    % 
UB: 58.8507874015748
branching on 2 with b.
3259   1183   22         49.0673    58.8508    19.9389    % 
LB close or above UB, fathomed
3260   1182   20         49.0673    58.8508    19.9389    % 
LB close or above UB, fathomed
3261   1181   19         49.0673    58.8508    19.9389    % 
LB close or above UB, fathomed
3262   1180   19         49.0673    58.8508    19.9389    % 
UB: 58.8507874015748
branching on CartesianIndex(1, 5) with c.
3263   1181   20         49.0673    58.8508    19.9389    % 
UB: 58.8507874015748
branching on 2 with b.
3264   1182   21         49.0673    58.8508    19.9389    % 
UB: 58.8507874015748
branching on CartesianIndex(1, 6) with c.
3265   1183   22         49.0673    58.8508    19.9389    % 
UB: 58.8507874015748
branching on CartesianIndex(1, 7) with c.
3266   1184   23         49.0673    58.8508    19.9389    % 
UB: 58.8507874015748
branching on 3 with b.
3267   1185   23         49.0673    58.8508    19.9389    % 
UB: 58.8507874015748
branching on 3 with b.
3268   1186   24         49.0673    58.8508    19.9389    % 
UB: 58.8507874015748
branching on 1 with b.
3269   1187   24         49.0673    58.8508    19.9389    % 
UB: 58.8507874015748
branching on 1 with b.
3270   1188   22         49.0673    58.8508    19.9389    % 
LB close or above UB, fathomed
3271   1187   21         49.0673    58.8508    19.9389    % 
LB close or above UB, fathomed
3272   1186   20         49.0673    58.8508    19.9389    % 
LB close or above UB, fathomed
3273   1185   16         49.0673    58.8508    19.9389    % 
LB close or above UB, fathomed
3274   1184   16         49.0673    58.8508    19.9389    % 
UB: 58.8507874015748
branching on CartesianIndex(1, 5) with c.
3275   1185   17         49.0673    58.8508    19.9389    % 
UB: 58.8507874015748
branching on CartesianIndex(1, 6) with c.
3276   1186   18         49.0673    58.8508    19.9389    % 
LB close or above UB, fathomed
3277   1185   18         49.0673    58.8508    19.9389    % 
UB: 58.8507874015748
branching on 2 with b.
3278   1186   19         49.0673    58.8508    19.9389    % 
UB: 58.8507874015748
branching on 3 with b.
3279   1187   20         49.0673    58.8508    19.9389    % 
LB close or above UB, fathomed
3280   1186   20         49.0673    58.8508    19.9389    % 
UB: 58.8507874015748
branching on CartesianIndex(1, 7) with c.
3281   1187   19         49.0673    58.8508    19.9389    % 
UB: 58.8507874015748
branching on CartesianIndex(1, 7) with c.
3282   1188   17         49.0673    58.8508    19.9389    % 
UB: 58.8507874015748
branching on CartesianIndex(1, 6) with c.
3283   1189   22         49.0673    58.8508    19.9389    % 
UB: 58.8507874015748
branching on CartesianIndex(1, 4) with c.
3284   1190   23         49.0673    58.8508    19.9389    % 
LB close or above UB, fathomed
3285   1189   23         49.0673    58.8508    19.9389    % 
UB: 58.8507874015748
branching on CartesianIndex(1, 5) with c.
3286   1190   24         49.0673    58.8508    19.9389    % 
UB: 58.8507874015748
branching on CartesianIndex(1, 6) with c.
3287   1191   25         49.0673    58.8508    19.9389    % 
LB close or above UB, fathomed
3288   1190   25         49.0673    58.8508    19.9389    % 
UB: 58.8507874015748
branching on 3 with b.
3289   1191   26         49.0673    58.8508    19.9389    % 
UB: 58.8507874015748
branching on CartesianIndex(1, 7) with c.
3290   1192   26         49.0673    58.8508    19.9389    % 
UB: 58.8507874015748
branching on CartesianIndex(1, 7) with c.
3291   1193   24         49.0673    58.8508    19.9389    % 
UB: 58.8507874015748
branching on CartesianIndex(1, 6) with c.
3292   1194   22         49.0673    58.8508    19.9389    % 
UB: 58.8507874015748
branching on CartesianIndex(1, 4) with c.
3293   1195   12         49.3934    58.8508    19.1470    % 
UB: 58.8507874015748
branching on CartesianIndex(3, 2) with a.
3294   1196   12         49.3934    58.8508    19.1470    % 
LB close or above UB, fathomed
3295   1195   12         50.0457    58.8508    17.5942    % 
UB: 58.8507874015748
branching on 1 with b.
3296   1196   12         50.0457    58.8508    17.5942    % 
LB close or above UB, fathomed
3297   1195   14         50.6282    58.8508    16.2411    % 
LB close or above UB, fathomed
3298   1194   14         50.6282    58.8508    16.2411    % 
UB: 58.8507874015748
branching on CartesianIndex(1, 5) with c.
3299   1195   12         50.9529    58.8508    15.5003    % 
UB: 58.8507874015748
branching on CartesianIndex(3, 3) with a.
3300   1196   12         50.9529    58.8508    15.5003    % 
LB close or above UB, fathomed
3301   1195   16         50.9693    58.8508    15.4633    % 
UB: 58.8507874015748
branching on 3 with b.
3302   1196   17         50.9693    58.8508    15.4633    % 
LB close or above UB, fathomed
3303   1195   17         50.9693    58.8508    15.4633    % 
UB: 58.8507874015748
branching on 1 with b.
3304   1196   16         50.9693    58.8508    15.4633    % 
LB close or above UB, fathomed
3305   1195   15         50.9740    58.8508    15.4525    % 
LB close or above UB, fathomed
3306   1194   15         50.9740    58.8508    15.4525    % 
UB: 58.8507874015748
branching on CartesianIndex(1, 6) with c.
3307   1195   16         50.9740    58.8508    15.4525    % 
LB close or above UB, fathomed
3308   1194   16         50.9740    58.8508    15.4525    % 
UB: 58.8507874015748
branching on CartesianIndex(1, 7) with c.
3309   1195   17         50.9740    58.8508    15.4525    % 
UB: 58.8507874015748
branching on 3 with b.
3310   1196   18         50.9740    58.8508    15.4525    % 
LB close or above UB, fathomed
3311   1195   18         50.9740    58.8508    15.4525    % 
UB: 58.8507874015748
branching on 1 with b.
3312   1196   17         50.9740    58.8508    15.4525    % 
LB close or above UB, fathomed
3313   1195   14         50.9740    58.8508    15.4525    % 
LB close or above UB, fathomed
3314   1194   14         50.9740    58.8508    15.4525    % 
UB: 58.8507874015748
branching on CartesianIndex(4, 3) with a.
3315   1195   12         50.9740    58.8508    15.4525    % 
LB close or above UB, fathomed
3316   1194   12         50.9740    58.8508    15.4525    % 
UB: 58.8507874015748
branching on 2 with b.
3317   1195   13         50.9740    58.8508    15.4525    % 
LB close or above UB, fathomed
3318   1194   13         50.9740    58.8508    15.4525    % 
UB: 58.8507874015748
branching on 1 with b.
3319   1195   12         51.0124    58.8508    15.3656    % 
UB: 58.8507874015748
branching on CartesianIndex(3, 2) with a.
3320   1196   12         51.0124    58.8508    15.3656    % 
LB close or above UB, fathomed
3321   1195   24         51.0240    58.8508    15.3394    % 
LB close or above UB, fathomed
3322   1194   24         51.0240    58.8508    15.3394    % 
UB: 58.8507874015748
branching on CartesianIndex(1, 4) with c.
3323   1195   25         51.0240    58.8508    15.3394    % 
LB close or above UB, fathomed
3324   1194   25         51.0240    58.8508    15.3394    % 
UB: 58.8507874015748
branching on CartesianIndex(1, 5) with c.
3325   1195   26         51.0240    58.8508    15.3394    % 
UB: 58.8507874015748
branching on 3 with b.
3326   1196   27         51.0240    58.8508    15.3394    % 
LB close or above UB, fathomed
3327   1195   27         51.0240    58.8508    15.3394    % 
UB: 58.8507874015748
branching on CartesianIndex(1, 6) with c.
3328   1196   28         51.0240    58.8508    15.3394    % 
LB close or above UB, fathomed
3329   1195   28         51.0240    58.8508    15.3394    % 
UB: 58.8507874015748
branching on 1 with b.
3330   1196   29         51.0240    58.8508    15.3394    % 
UB: 58.8507874015748
branching on CartesianIndex(1, 7) with c.
3331   1197   29         51.0240    58.8508    15.3394    % 
UB: 58.8507874015748
branching on CartesianIndex(1, 7) with c.
3332   1198   26         51.0240    58.8508    15.3394    % 
LB close or above UB, fathomed
3333   1197   24         51.0240    58.8508    15.3394    % 
UB: 58.8507874015748
branching on CartesianIndex(1, 6) with c.
3334   1198   25         51.0240    58.8508    15.3394    % 
LB close or above UB, fathomed
3335   1197   25         51.0240    58.8508    15.3394    % 
UB: 58.8507874015748
branching on CartesianIndex(1, 7) with c.
3336   1198   26         51.0240    58.8508    15.3394    % 
UB: 58.8507874015748
branching on 2 with b.
3337   1199   27         51.0240    58.8508    15.3394    % 
UB: 58.8507874015748
branching on 3 with b.
3338   1200   28         51.0240    58.8508    15.3394    % 
LB close or above UB, fathomed
3339   1199   28         51.0240    58.8508    15.3394    % 
UB: 58.8507874015748
branching on 1 with b.
3340   1200   29         51.0240    58.8508    15.3394    % 
UB: 58.8507874015748
branching on 2 with b.
3341   1201   29         51.0240    58.8508    15.3394    % 
UB: 58.8507874015748
branching on 2 with b.
3342   1202   27         51.0240    58.8508    15.3394    % 
LB close or above UB, fathomed
3343   1201   26         51.0240    58.8508    15.3394    % 
LB close or above UB, fathomed
3344   1200   24         51.0240    58.8508    15.3394    % 
LB close or above UB, fathomed
3345   1199   32         51.0240    58.8508    15.3394    % 
UB: 58.8507874015748
branching on 2 with b.
3346   1200   32         51.0240    58.8508    15.3394    % 
UB: 58.8507874015748
branching on 2 with b.
3347   1201   30         51.0240    58.8508    15.3394    % 
UB: 58.8507874015748
branching on 2 with b.
3348   1202   30         51.0240    58.8508    15.3394    % 
UB: 58.8507874015748
branching on 2 with b.
3349   1203   31         51.0240    58.8508    15.3394    % 
LB close or above UB, fathomed
3350   1202   31         51.0240    58.8508    15.3394    % 
UB: 58.8507874015748
branching on 3 with b.
3351   1203   34         51.0240    58.8508    15.3394    % 
LB close or above UB, fathomed
3352   1202   34         51.0240    58.8508    15.3394    % 
UB: 58.8507874015748
branching on 3 with b.
3353   1203   17         51.0240    58.8508    15.3394    % 
UB: 58.8507874015748
branching on 1 with b.
3354   1204   17         51.0240    58.8508    15.3394    % 
LB close or above UB, fathomed
3355   1203   20         51.0240    58.8508    15.3394    % 
LB close or above UB, fathomed
3356   1202   20         51.0240    58.8508    15.3394    % 
UB: 58.8507874015748
branching on CartesianIndex(1, 5) with c.
3357   1203   18         51.0240    58.8508    15.3394    % 
LB close or above UB, fathomed
3358   1202   18         51.0240    58.8508    15.3394    % 
UB: 58.8507874015748
branching on 2 with b.
3359   1203   19         51.0240    58.8508    15.3394    % 
LB close or above UB, fathomed
3360   1202   19         51.0240    58.8508    15.3394    % 
UB: 58.8507874015748
branching on CartesianIndex(1, 4) with c.
3361   1203   20         51.0240    58.8508    15.3394    % 
LB close or above UB, fathomed
3362   1202   20         51.0240    58.8508    15.3394    % 
UB: 58.8507874015748
branching on 3 with b.
3363   1203   20         51.0240    58.8508    15.3394    % 
LB close or above UB, fathomed
3364   1202   20         51.0240    58.8508    15.3394    % 
UB: 58.8507874015748
branching on CartesianIndex(1, 4) with c.
3365   1203   21         51.0240    58.8508    15.3394    % 
LB close or above UB, fathomed
3366   1202   21         51.0240    58.8508    15.3394    % 
UB: 58.8507874015748
branching on CartesianIndex(1, 5) with c.
3367   1203   22         51.0240    58.8508    15.3394    % 
UB: 58.8507874015748
branching on 1 with b.
3368   1204   22         51.0240    58.8508    15.3394    % 
UB: 58.8507874015748
branching on CartesianIndex(1, 6) with c.
3369   1205   19         51.0240    58.8508    15.3394    % 
LB close or above UB, fathomed
3370   1204   19         51.0240    58.8508    15.3394    % 
UB: 58.8507874015748
branching on CartesianIndex(1, 7) with c.
3371   1205   20         51.0240    58.8508    15.3394    % 
UB: 58.8507874015748
branching on 2 with b.
3372   1206   21         51.0240    58.8508    15.3394    % 
UB: 58.8507874015748
branching on 3 with b.
3373   1207   22         51.0240    58.8508    15.3394    % 
LB close or above UB, fathomed
3374   1206   22         51.0240    58.8508    15.3394    % 
UB: 58.8507874015748
branching on 1 with b.
3375   1207   21         51.0240    58.8508    15.3394    % 
LB close or above UB, fathomed
3376   1206   20         51.0240    58.8508    15.3394    % 
LB close or above UB, fathomed
3377   1205   19         51.0240    58.8508    15.3394    % 
LB close or above UB, fathomed
3378   1204   19         51.0240    58.8508    15.3394    % 
UB: 58.8507874015748
branching on CartesianIndex(1, 5) with c.
3379   1205   20         51.0240    58.8508    15.3394    % 
UB: 58.8507874015748
branching on CartesianIndex(1, 4) with c.
3380   1206   21         51.0240    58.8508    15.3394    % 
LB close or above UB, fathomed
3381   1205   21         51.0240    58.8508    15.3394    % 
UB: 58.8507874015748
branching on 3 with b.
3382   1206   20         51.0240    58.8508    15.3394    % 
UB: 58.8507874015748
branching on CartesianIndex(1, 4) with c.
3383   1207   21         51.0240    58.8508    15.3394    % 
LB close or above UB, fathomed
3384   1206   21         51.0240    58.8508    15.3394    % 
UB: 58.8507874015748
branching on 3 with b.
3385   1207   34         51.0240    58.8508    15.3394    % 
UB: 58.8507874015748
branching on 3 with b.
3386   1208   34         51.0240    58.8508    15.3394    % 
UB: 58.8507874015748
branching on 3 with b.
3387   1209   32         51.0240    58.8508    15.3394    % 
UB: 58.8507874015748
branching on 2 with b.
3388   1210   32         51.0240    58.8508    15.3394    % 
UB: 58.8507874015748
branching on 2 with b.
3389   1211   24         51.0240    58.8508    15.3394    % 
UB: 58.8507874015748
branching on CartesianIndex(1, 6) with c.
3390   1212   25         51.0240    58.8508    15.3394    % 
LB close or above UB, fathomed
3391   1211   25         51.0240    58.8508    15.3394    % 
UB: 58.8507874015748
branching on CartesianIndex(1, 7) with c.
3392   1212   26         51.0240    58.8508    15.3394    % 
UB: 58.8507874015748
branching on 2 with b.
3393   1213   27         51.0240    58.8508    15.3394    % 
UB: 58.8507874015748
branching on 3 with b.
3394   1214   27         51.0240    58.8508    15.3394    % 
LB close or above UB, fathomed
3395   1213   26         51.0240    58.8508    15.3394    % 
LB close or above UB, fathomed
3396   1212   24         51.0240    58.8508    15.3394    % 
LB close or above UB, fathomed
3397   1211   24         51.0240    58.8508    15.3394    % 
LB close or above UB, fathomed
3398   1210   24         51.0240    58.8508    15.3394    % 
UB: 58.8507874015748
branching on CartesianIndex(1, 5) with c.
3399   1211   25         51.0240    58.8508    15.3394    % 
UB: 58.8507874015748
branching on CartesianIndex(1, 6) with c.
3400   1212   25         51.0240    58.8508    15.3394    % 
LB close or above UB, fathomed
3401   1211   26         51.0240    58.8508    15.3394    % 
LB close or above UB, fathomed
3402   1210   26         51.0240    58.8508    15.3394    % 
UB: 58.8507874015748
branching on 1 with b.
3403   1211   27         51.0240    58.8508    15.3394    % 
UB: 58.8507874015748
branching on CartesianIndex(1, 7) with c.
3404   1212   28         51.0240    58.8508    15.3394    % 
UB: 58.8507874015748
branching on 2 with b.
3405   1213   28         51.0240    58.8508    15.3394    % 
LB close or above UB, fathomed
3406   1212   27         51.0240    58.8508    15.3394    % 
LB close or above UB, fathomed
3407   1211   22         51.0240    58.8508    15.3394    % 
LB close or above UB, fathomed
3408   1210   22         51.0240    58.8508    15.3394    % 
UB: 58.8507874015748
branching on CartesianIndex(1, 5) with c.
3409   1211   23         51.0240    58.8508    15.3394    % 
UB: 58.8507874015748
branching on CartesianIndex(1, 6) with c.
3410   1212   23         51.0240    58.8508    15.3394    % 
UB: 58.8507874015748
branching on CartesianIndex(1, 6) with c.
3411   1213   24         51.0240    58.8508    15.3394    % 
LB close or above UB, fathomed
3412   1212   24         51.0240    58.8508    15.3394    % 
UB: 58.8507874015748
branching on CartesianIndex(1, 7) with c.
3413   1213   23         51.0240    58.8508    15.3394    % 
LB close or above UB, fathomed
3414   1212   23         51.0240    58.8508    15.3394    % 
UB: 58.8507874015748
branching on CartesianIndex(1, 6) with c.
3415   1213   24         51.0240    58.8508    15.3394    % 
LB close or above UB, fathomed
3416   1212   24         51.0240    58.8508    15.3394    % 
UB: 58.8507874015748
branching on CartesianIndex(1, 7) with c.
3417   1213   26         51.0240    58.8508    15.3394    % 
LB close or above UB, fathomed
3418   1212   26         51.0240    58.8508    15.3394    % 
UB: 58.8507874015748
branching on 2 with b.
3419   1213   27         51.0240    58.8508    15.3394    % 
UB: 58.8507874015748
branching on 3 with b.
3420   1214   28         51.0240    58.8508    15.3394    % 
UB: 58.8507874015748
branching on 1 with b.
3421   1215   29         51.0240    58.8508    15.3394    % 
LB close or above UB, fathomed
3422   1214   29         51.0240    58.8508    15.3394    % 
UB: 58.8507874015748
branching on 2 with b.
3423   1215   28         51.0240    58.8508    15.3394    % 
LB close or above UB, fathomed
3424   1214   27         51.0240    58.8508    15.3394    % 
LB close or above UB, fathomed
3425   1213   17         51.0240    58.8508    15.3394    % 
UB: 58.8507874015748
branching on CartesianIndex(4, 3) with a.
3426   1214   17         51.0240    58.8508    15.3394    % 
LB close or above UB, fathomed
3427   1213   23         51.0240    58.8508    15.3394    % 
LB close or above UB, fathomed
3428   1212   23         51.0240    58.8508    15.3394    % 
UB: 58.8507874015748
branching on CartesianIndex(1, 5) with c.
3429   1213   24         51.0240    58.8508    15.3394    % 
UB: 58.8507874015748
branching on CartesianIndex(1, 6) with c.
3430   1214   25         51.0240    58.8508    15.3394    % 
LB close or above UB, fathomed
3431   1213   25         51.0240    58.8508    15.3394    % 
UB: 58.8507874015748
branching on CartesianIndex(1, 7) with c.
3432   1214   26         51.0240    58.8508    15.3394    % 
UB: 58.8507874015748
branching on 1 with b.
3433   1215   26         51.0240    58.8508    15.3394    % 
LB close or above UB, fathomed
3434   1214   24         51.0240    58.8508    15.3394    % 
LB close or above UB, fathomed
3435   1213   20         51.0240    58.8508    15.3394    % 
UB: 58.8507874015748
branching on CartesianIndex(1, 4) with c.
3436   1214   21         51.0240    58.8508    15.3394    % 
LB close or above UB, fathomed
3437   1213   21         51.0240    58.8508    15.3394    % 
UB: 58.8507874015748
branching on CartesianIndex(1, 5) with c.
3438   1214   20         51.0240    58.8508    15.3394    % 
UB: 58.8507874015748
branching on CartesianIndex(1, 4) with c.
3439   1215   21         51.0240    58.8508    15.3394    % 
LB close or above UB, fathomed
3440   1214   21         51.0240    58.8508    15.3394    % 
UB: 58.8507874015748
branching on CartesianIndex(1, 5) with c.
3441   1215   22         51.0240    58.8508    15.3394    % 
UB: 58.8507874015748
branching on CartesianIndex(1, 6) with c.
3442   1216   22         51.0240    58.8508    15.3394    % 
UB: 58.8507874015748
branching on CartesianIndex(1, 6) with c.
3443   1217   17         51.0240    58.8508    15.3394    % 
LB close or above UB, fathomed
3444   1216   17         51.0240    58.8508    15.3394    % 
UB: 58.8507874015748
branching on CartesianIndex(1, 3) with a.
3445   1217   18         51.0240    58.8508    15.3394    % 
UB: 58.8507874015748
branching on CartesianIndex(2, 3) with a.
3446   1218   19         51.0240    58.8508    15.3394    % 
LB close or above UB, fathomed
3447   1217   19         51.0240    58.8508    15.3394    % 
UB: 58.8507874015748
branching on 1 with b.
3448   1218   18         51.0240    58.8508    15.3394    % 
LB close or above UB, fathomed
3449   1217   21         51.0240    58.8508    15.3394    % 
UB: 58.8507874015748
branching on 3 with b.
3450   1218   21         51.0240    58.8508    15.3394    % 
UB: 58.8507874015748
branching on 3 with b.
3451   1219   22         51.0240    58.8508    15.3394    % 
LB close or above UB, fathomed
3452   1218   22         51.0240    58.8508    15.3394    % 
UB: 58.8507874015748
branching on 1 with b.
3453   1219   20         51.0240    58.8508    15.3394    % 
UB: 58.8507874015748
branching on CartesianIndex(1, 4) with c.
3454   1220   20         51.0240    58.8508    15.3394    % 
LB close or above UB, fathomed
3455   1219   23         51.0240    58.8508    15.3394    % 
LB close or above UB, fathomed
3456   1218   23         51.0240    58.8508    15.3394    % 
UB: 58.8507874015748
branching on 3 with b.
3457   1219   24         51.0240    58.8508    15.3394    % 
LB close or above UB, fathomed
3458   1218   24         51.0240    58.8508    15.3394    % 
UB: 58.8507874015748
branching on 1 with b.
3459   1219   22         51.0240    58.8508    15.3394    % 
UB: 58.8507874015748
branching on CartesianIndex(1, 6) with c.
3460   1220   22         51.0240    58.8508    15.3394    % 
UB: 58.8507874015748
branching on CartesianIndex(1, 6) with c.
3461   1221   23         51.0240    58.8508    15.3394    % 
LB close or above UB, fathomed
3462   1220   23         51.0240    58.8508    15.3394    % 
UB: 58.8507874015748
branching on CartesianIndex(1, 7) with c.
3463   1221   24         51.0240    58.8508    15.3394    % 
UB: 58.8507874015748
branching on 3 with b.
3464   1222   24         51.0240    58.8508    15.3394    % 
LB close or above UB, fathomed
3465   1221   27         51.0240    58.8508    15.3394    % 
LB close or above UB, fathomed
3466   1220   27         51.0240    58.8508    15.3394    % 
UB: 58.8507874015748
branching on 2 with b.
3467   1221   18         51.0240    58.8508    15.3394    % 
LB close or above UB, fathomed
3468   1220   18         51.0240    58.8508    15.3394    % 
UB: 58.8507874015748
branching on CartesianIndex(1, 4) with c.
3469   1221   24         51.0240    58.8508    15.3394    % 
LB close or above UB, fathomed
3470   1220   24         51.0240    58.8508    15.3394    % 
UB: 58.8507874015748
branching on CartesianIndex(1, 7) with c.
3471   1221   29         51.0240    58.8508    15.3394    % 
LB close or above UB, fathomed
3472   1220   29         51.0240    58.8508    15.3394    % 
UB: 58.8507874015748
branching on 3 with b.
3473   1221   30         51.0240    58.8508    15.3394    % 
LB close or above UB, fathomed
3474   1220   30         51.0240    58.8508    15.3394    % 
UB: 58.8507874015748
branching on 1 with b.
3475   1221   31         51.0240    58.8508    15.3394    % 
UB: 58.8507874015748
branching on 2 with b.
3476   1222   31         51.0240    58.8508    15.3394    % 
UB: 58.8507874015748
branching on 2 with b.
3477   1223   28         51.0240    58.8508    15.3394    % 
LB close or above UB, fathomed
3478   1222   28         51.0240    58.8508    15.3394    % 
UB: 58.8507874015748
branching on 1 with b.
3479   1223   29         51.0240    58.8508    15.3394    % 
UB: 58.8507874015748
branching on 2 with b.
3480   1224   29         51.0240    58.8508    15.3394    % 
UB: 58.8507874015748
branching on 2 with b.
3481   1225   22         51.0240    58.8508    15.3394    % 
LB close or above UB, fathomed
3482   1224   22         51.0240    58.8508    15.3394    % 
UB: 58.8507874015748
branching on CartesianIndex(1, 5) with c.
3483   1225   23         51.0240    58.8508    15.3394    % 
UB: 58.8507874015748
branching on 1 with b.
3484   1226   24         51.0240    58.8508    15.3394    % 
LB close or above UB, fathomed
3485   1225   24         51.0240    58.8508    15.3394    % 
UB: 58.8507874015748
branching on CartesianIndex(1, 6) with c.
3486   1226   23         51.0240    58.8508    15.3394    % 
UB: 58.8507874015748
branching on CartesianIndex(1, 6) with c.
3487   1227   24         51.0240    58.8508    15.3394    % 
LB close or above UB, fathomed
3488   1226   24         51.0240    58.8508    15.3394    % 
UB: 58.8507874015748
branching on CartesianIndex(1, 7) with c.
3489   1227   20         51.0240    58.8508    15.3394    % 
UB: 58.8507874015748
branching on CartesianIndex(1, 6) with c.
3490   1228   20         51.0240    58.8508    15.3394    % 
UB: 58.8507874015748
branching on CartesianIndex(1, 6) with c.
3491   1229   21         51.0240    58.8508    15.3394    % 
LB close or above UB, fathomed
3492   1228   21         51.0240    58.8508    15.3394    % 
UB: 58.8507874015748
branching on 2 with b.
3493   1229   22         51.0240    58.8508    15.3394    % 
UB: 58.8507874015748
branching on CartesianIndex(1, 7) with c.
3494   1230   23         51.0240    58.8508    15.3394    % 
UB: 58.8507874015748
branching on 3 with b.
3495   1231   23         51.0240    58.8508    15.3394    % 
LB close or above UB, fathomed
3496   1230   22         51.0240    58.8508    15.3394    % 
UB: 58.8507874015748
branching on CartesianIndex(1, 7) with c.
3497   1231   21         51.0240    58.8508    15.3394    % 
LB close or above UB, fathomed
3498   1230   21         51.0240    58.8508    15.3394    % 
UB: 58.8507874015748
branching on CartesianIndex(1, 5) with c.
3499   1231   22         51.0240    58.8508    15.3394    % 
LB close or above UB, fathomed
3500   1230   22         51.0240    58.8508    15.3394    % 
UB: 58.8507874015748
branching on CartesianIndex(1, 6) with c.
3501   1231   23         51.0240    58.8508    15.3394    % 
LB close or above UB, fathomed
3502   1230   23         51.0240    58.8508    15.3394    % 
UB: 58.8507874015748
branching on CartesianIndex(1, 7) with c.
3503   1231   21         51.0240    58.8508    15.3394    % 
UB: 58.8507874015748
branching on CartesianIndex(1, 6) with c.
3504   1232   21         51.0240    58.8508    15.3394    % 
UB: 58.8507874015748
branching on CartesianIndex(1, 6) with c.
3505   1233   22         51.0240    58.8508    15.3394    % 
LB close or above UB, fathomed
3506   1232   22         51.0240    58.8508    15.3394    % 
UB: 58.8507874015748
branching on 2 with b.
3507   1233   23         51.0240    58.8508    15.3394    % 
UB: 58.8507874015748
branching on CartesianIndex(1, 7) with c.
3508   1234   24         51.0240    58.8508    15.3394    % 
UB: 58.8507874015748
branching on 3 with b.
3509   1235   25         51.0240    58.8508    15.3394    % 
LB close or above UB, fathomed
3510   1234   25         51.0240    58.8508    15.3394    % 
UB: 58.8507874015748
branching on 1 with b.
3511   1235   24         51.0240    58.8508    15.3394    % 
LB close or above UB, fathomed
3512   1234   23         51.0240    58.8508    15.3394    % 
UB: 58.8507874015748
branching on CartesianIndex(1, 7) with c.
3513   1235   33         51.0240    58.8508    15.3394    % 
LB close or above UB, fathomed
3514   1234   33         51.0240    58.8508    15.3394    % 
UB: 58.8507874015748
branching on 3 with b.
3515   1235   20         51.0240    58.8508    15.3394    % 
UB: 58.8507874015748
branching on CartesianIndex(1, 5) with c.
3516   1236   20         51.0240    58.8508    15.3394    % 
UB: 58.8507874015748
branching on CartesianIndex(1, 5) with c.
3517   1237   21         51.0240    58.8508    15.3394    % 
LB close or above UB, fathomed
3518   1236   21         51.0240    58.8508    15.3394    % 
UB: 58.8507874015748
branching on CartesianIndex(1, 6) with c.
3519   1237   30         51.0240    58.8508    15.3394    % 
UB: 58.8507874015748
branching on 2 with b.
3520   1238   31         51.0240    58.8508    15.3394    % 
UB: 58.8507874015748
branching on 3 with b.
3521   1239   31         51.0240    58.8508    15.3394    % 
LB close or above UB, fathomed
3522   1238   30         51.0240    58.8508    15.3394    % 
UB: 58.8507874015748
branching on 2 with b.
3523   1239   19         51.0240    58.8508    15.3394    % 
LB close or above UB, fathomed
3524   1238   19         51.0240    58.8508    15.3394    % 
UB: 58.8507874015748
branching on 3 with b.
3525   1239   20         51.0240    58.8508    15.3394    % 
LB close or above UB, fathomed
3526   1238   20         51.0240    58.8508    15.3394    % 
UB: 58.8507874015748
branching on CartesianIndex(1, 4) with c.
3527   1239   21         51.0240    58.8508    15.3394    % 
LB close or above UB, fathomed
3528   1238   21         51.0240    58.8508    15.3394    % 
UB: 58.8507874015748
branching on CartesianIndex(1, 5) with c.
3529   1239   22         51.0240    58.8508    15.3394    % 
UB: 58.8507874015748
branching on CartesianIndex(1, 6) with c.
3530   1240   23         51.0240    58.8508    15.3394    % 
LB close or above UB, fathomed
3531   1239   23         51.0240    58.8508    15.3394    % 
UB: 58.8507874015748
branching on CartesianIndex(1, 7) with c.
3532   1240   24         51.0240    58.8508    15.3394    % 
UB: 58.8507874015748
branching on 1 with b.
3533   1241   25         51.0240    58.8508    15.3394    % 
UB: 58.8507874015748
branching on 2 with b.
3534   1242   25         51.0240    58.8508    15.3394    % 
UB: 58.8507874015748
branching on 2 with b.
3535   1243   24         51.0240    58.8508    15.3394    % 
LB close or above UB, fathomed
3536   1242   22         51.0240    58.8508    15.3394    % 
LB close or above UB, fathomed
3537   1241   26         51.0240    58.8508    15.3394    % 
UB: 58.8507874015748
branching on 1 with b.
3538   1242   26         51.0240    58.8508    15.3394    % 
LB close or above UB, fathomed
3539   1241   34         51.0240    58.8508    15.3394    % 
UB: 58.8507874015748
branching on 3 with b.
3540   1242   34         51.0240    58.8508    15.3394    % 
LB close or above UB, fathomed
3541   1241   35         51.0240    58.8508    15.3394    % 
UB: 58.8507874015748
branching on 1 with b.
3542   1242   36         51.0240    58.8508    15.3394    % 
LB close or above UB, fathomed
3543   1241   36         51.0240    58.8508    15.3394    % 
UB: 58.8507874015748
branching on 2 with b.
3544   1242   37         51.0240    58.8508    15.3394    % 
UB: 58.8507874015748
branching on 3 with b.
3545   1243   37         51.0240    58.8508    15.3394    % 
UB: 58.8507874015748
branching on 3 with b.
3546   1244   35         51.0240    58.8508    15.3394    % 
LB close or above UB, fathomed
3547   1243   32         51.0240    58.8508    15.3394    % 
LB close or above UB, fathomed
3548   1242   32         51.0240    58.8508    15.3394    % 
UB: 58.8507874015748
branching on 3 with b.
3549   1243   33         51.0240    58.8508    15.3394    % 
UB: 58.8507874015748
branching on 1 with b.
3550   1244   33         51.0240    58.8508    15.3394    % 
UB: 58.8507874015748
branching on 1 with b.
3551   1245   17         51.0240    58.8508    15.3394    % 
LB close or above UB, fathomed
3552   1244   17         51.0240    58.8508    15.3394    % 
UB: 58.8507874015748
branching on 3 with b.
3553   1245   18         51.0240    58.8508    15.3394    % 
UB: 58.8507874015748
branching on CartesianIndex(2, 3) with a.
3554   1246   19         51.0240    58.8508    15.3394    % 
LB close or above UB, fathomed
3555   1245   19         51.0240    58.8508    15.3394    % 
LB close or above UB, fathomed
3556   1244   18         51.0240    58.8508    15.3394    % 
LB close or above UB, fathomed
3557   1243   24         51.0240    58.8508    15.3394    % 
LB close or above UB, fathomed
3558   1242   24         51.0240    58.8508    15.3394    % 
UB: 58.8507874015748
branching on CartesianIndex(1, 7) with c.
3559   1243   26         51.0240    58.8508    15.3394    % 
UB: 58.8507874015748
branching on 2 with b.
3560   1244   27         51.0240    58.8508    15.3394    % 
LB close or above UB, fathomed
3561   1243   27         51.0240    58.8508    15.3394    % 
UB: 58.8507874015748
branching on 3 with b.
3562   1244   28         51.0240    58.8508    15.3394    % 
LB close or above UB, fathomed
3563   1243   28         51.0240    58.8508    15.3394    % 
LB close or above UB, fathomed
3564   1242   26         51.0240    58.8508    15.3394    % 
LB close or above UB, fathomed
3565   1241   19         51.0240    58.8508    15.3394    % 
LB close or above UB, fathomed
3566   1240   19         51.0240    58.8508    15.3394    % 
UB: 58.8507874015748
branching on CartesianIndex(1, 7) with c.
3567   1241   20         51.0240    58.8508    15.3394    % 
UB: 58.8507874015748
branching on 3 with b.
3568   1242   21         51.0240    58.8508    15.3394    % 
UB: 58.8507874015748
branching on 1 with b.
3569   1243   22         51.0240    58.8508    15.3394    % 
LB close or above UB, fathomed
3570   1242   22         51.0240    58.8508    15.3394    % 
UB: 58.8507874015748
branching on 2 with b.
3571   1243   23         51.0240    58.8508    15.3394    % 
UB: 58.8507874015748
branching on 3 with b.
3572   1244   24         51.0240    58.8508    15.3394    % 
UB: 58.8507874015748
branching on 1 with b.
3573   1245   25         51.0240    58.8508    15.3394    % 
LB close or above UB, fathomed
3574   1244   25         51.0240    58.8508    15.3394    % 
UB: 58.8507874015748
branching on 2 with b.
3575   1245   24         51.0240    58.8508    15.3394    % 
LB close or above UB, fathomed
3576   1244   23         51.0240    58.8508    15.3394    % 
LB close or above UB, fathomed
3577   1243   21         51.0240    58.8508    15.3394    % 
LB close or above UB, fathomed
3578   1242   20         51.0240    58.8508    15.3394    % 
LB close or above UB, fathomed
3579   1241   33         51.0240    58.8508    15.3394    % 
UB: 58.8507874015748
branching on 3 with b.
3580   1242   33         51.0240    58.8508    15.3394    % 
UB: 58.8507874015748
branching on 3 with b.
3581   1243   27         51.0240    58.8508    15.3394    % 
UB: 58.8507874015748
branching on 3 with b.
3582   1244   27         51.0240    58.8508    15.3394    % 
UB: 58.8507874015748
branching on 3 with b.
3583   1245   34         51.0240    58.8508    15.3394    % 
UB: 58.8507874015748
branching on 3 with b.
3584   1246   34         51.0240    58.8508    15.3394    % 
LB close or above UB, fathomed
3585   1245   17         51.0240    58.8508    15.3394    % 
LB close or above UB, fathomed
3586   1244   17         51.0240    58.8508    15.3394    % 
UB: 58.8507874015748
branching on 1 with b.
3587   1245   18         51.0240    58.8508    15.3394    % 
LB close or above UB, fathomed
3588   1244   18         51.0240    58.8508    15.3394    % 
UB: 58.8507874015748
branching on 2 with b.
3589   1245   19         51.0240    58.8508    15.3394    % 
UB: 58.8507874015748
branching on 3 with b.
3590   1246   20         51.0240    58.8508    15.3394    % 
UB: 58.8507874015748
branching on CartesianIndex(1, 5) with c.
3591   1247   21         51.0240    58.8508    15.3394    % 
UB: 58.8507874015748
branching on CartesianIndex(1, 6) with c.
3592   1248   22         51.0240    58.8508    15.3394    % 
LB close or above UB, fathomed
3593   1247   22         51.0240    58.8508    15.3394    % 
LB close or above UB, fathomed
3594   1246   21         51.0240    58.8508    15.3394    % 
LB close or above UB, fathomed
3595   1245   20         51.0240    58.8508    15.3394    % 
LB close or above UB, fathomed
3596   1244   19         51.0240    58.8508    15.3394    % 
LB close or above UB, fathomed
3597   1243   35         51.0240    58.8508    15.3394    % 
UB: 58.8507874015748
branching on 1 with b.
3598   1244   36         51.0240    58.8508    15.3394    % 
UB: 58.8507874015748
branching on 2 with b.
3599   1245   37         51.0240    58.8508    15.3394    % 
UB: 58.8507874015748
branching on 3 with b.
3600   1246   37         51.0240    58.8508    15.3394    % 
UB: 58.8507874015748
branching on 3 with b.
3601   1247   36         51.0240    58.8508    15.3394    % 
UB: 58.8507874015748
branching on 2 with b.
3602   1248   35         51.0240    58.8508    15.3394    % 
UB: 58.8507874015748
branching on 1 with b.
3603   1249   21         51.0240    58.8508    15.3394    % 
LB close or above UB, fathomed
3604   1248   21         51.0240    58.8508    15.3394    % 
UB: 58.8507874015748
branching on 1 with b.
3605   1249   22         51.0240    58.8508    15.3394    % 
LB close or above UB, fathomed
3606   1248   22         51.0240    58.8508    15.3394    % 
UB: 58.8507874015748
branching on 2 with b.
3607   1249   39         51.0240    58.8508    15.3394    % 
UB: 58.8507874015748
branching on 2 with b.
3608   1250   40         51.0240    58.8508    15.3394    % 
UB: 58.8507874015748
branching on 3 with b.
3609   1251   40         51.0240    58.8508    15.3394    % 
UB: 58.8507874015748
branching on 3 with b.
3610   1252   39         51.0240    58.8508    15.3394    % 
UB: 58.8507874015748
branching on 2 with b.
3611   1253   26         51.0240    58.8508    15.3394    % 
LB close or above UB, fathomed
3612   1252   26         51.0240    58.8508    15.3394    % 
UB: 58.8507874015748
branching on 2 with b.
3613   1253   27         51.0240    58.8508    15.3394    % 
UB: 58.8507874015748
branching on 3 with b.
3614   1254   28         51.0240    58.8508    15.3394    % 
UB: 58.8507874015748
branching on 1 with b.
3615   1255   28         51.0240    58.8508    15.3394    % 
LB close or above UB, fathomed
3616   1254   27         51.0240    58.8508    15.3394    % 
LB close or above UB, fathomed
3617   1253   23         51.0240    58.8508    15.3394    % 
UB: 58.8507874015748
branching on 3 with b.
3618   1254   24         51.0240    58.8508    15.3394    % 
LB close or above UB, fathomed
3619   1253   24         51.0240    58.8508    15.3394    % 
UB: 58.8507874015748
branching on 1 with b.
3620   1254   25         51.0240    58.8508    15.3394    % 
LB close or above UB, fathomed
3621   1253   25         51.0240    58.8508    15.3394    % 
UB: 58.8507874015748
branching on 2 with b.
3622   1254   23         51.0240    58.8508    15.3394    % 
UB: 58.8507874015748
branching on 3 with b.
3623   1255   26         51.0240    58.8508    15.3394    % 
UB: 58.8507874015748
branching on 3 with b.
3624   1256   26         51.0240    58.8508    15.3394    % 
LB close or above UB, fathomed
3625   1255   33         51.0240    58.8508    15.3394    % 
UB: 58.8507874015748
branching on 2 with b.
3626   1256   34         51.0240    58.8508    15.3394    % 
UB: 58.8507874015748
branching on 3 with b.
3627   1257   34         51.0240    58.8508    15.3394    % 
LB close or above UB, fathomed
3628   1256   33         51.0240    58.8508    15.3394    % 
UB: 58.8507874015748
branching on 2 with b.
3629   1257   33         51.0240    58.8508    15.3394    % 
LB close or above UB, fathomed
3630   1256   33         51.0240    58.8508    15.3394    % 
UB: 58.8507874015748
branching on 1 with b.
3631   1257   20         51.0240    58.8508    15.3394    % 
UB: 58.8507874015748
branching on CartesianIndex(1, 5) with c.
3632   1258   21         51.0240    58.8508    15.3394    % 
LB close or above UB, fathomed
3633   1257   21         51.0240    58.8508    15.3394    % 
UB: 58.8507874015748
branching on CartesianIndex(1, 6) with c.
3634   1258   22         51.0240    58.8508    15.3394    % 
LB close or above UB, fathomed
3635   1257   22         51.0240    58.8508    15.3394    % 
UB: 58.8507874015748
branching on CartesianIndex(1, 7) with c.
3636   1258   23         51.0240    58.8508    15.3394    % 
UB: 58.8507874015748
branching on 3 with b.
3637   1259   24         51.0240    58.8508    15.3394    % 
LB close or above UB, fathomed
3638   1258   24         51.0240    58.8508    15.3394    % 
UB: 58.8507874015748
branching on 1 with b.
3639   1259   25         51.0240    58.8508    15.3394    % 
UB: 58.8507874015748
branching on 2 with b.
3640   1260   25         51.0240    58.8508    15.3394    % 
LB close or above UB, fathomed
3641   1259   23         51.0240    58.8508    15.3394    % 
LB close or above UB, fathomed
3642   1258   20         51.0240    58.8508    15.3394    % 
LB close or above UB, fathomed
3643   1257   35         51.0240    58.8508    15.3394    % 
UB: 58.8507874015748
branching on 1 with b.
3644   1258   35         51.0240    58.8508    15.3394    % 
UB: 58.8507874015748
branching on 1 with b.
3645   1259   22         51.0240    58.8508    15.3394    % 
LB close or above UB, fathomed
3646   1258   22         51.0240    58.8508    15.3394    % 
UB: 58.8507874015748
branching on 3 with b.
3647   1259   21         51.0240    58.8508    15.3394    % 
LB close or above UB, fathomed
3648   1258   21         51.0240    58.8508    15.3394    % 
UB: 58.8507874015748
branching on CartesianIndex(1, 4) with c.
3649   1259   22         51.0240    58.8508    15.3394    % 
LB close or above UB, fathomed
3650   1258   22         51.0240    58.8508    15.3394    % 
UB: 58.8507874015748
branching on CartesianIndex(1, 5) with c.
3651   1259   23         51.0240    58.8508    15.3394    % 
LB close or above UB, fathomed
3652   1258   23         51.0240    58.8508    15.3394    % 
UB: 58.8507874015748
branching on CartesianIndex(1, 6) with c.
3653   1259   22         51.0240    58.8508    15.3394    % 
LB close or above UB, fathomed
3654   1258   22         51.0240    58.8508    15.3394    % 
UB: 58.8507874015748
branching on CartesianIndex(1, 6) with c.
3655   1259   23         51.0240    58.8508    15.3394    % 
LB close or above UB, fathomed
3656   1258   23         51.0240    58.8508    15.3394    % 
UB: 58.8507874015748
branching on CartesianIndex(1, 7) with c.
3657   1259   24         51.0240    58.8508    15.3394    % 
UB: 58.8507874015748
branching on 3 with b.
3658   1260   25         51.0240    58.8508    15.3394    % 
LB close or above UB, fathomed
3659   1259   25         51.0240    58.8508    15.3394    % 
UB: 58.8507874015748
branching on 1 with b.
3660   1260   24         51.0240    58.8508    15.3394    % 
LB close or above UB, fathomed
3661   1259   35         51.0240    58.8508    15.3394    % 
UB: 58.8507874015748
branching on 3 with b.
3662   1260   35         51.0240    58.8508    15.3394    % 
UB: 58.8507874015748
branching on 3 with b.
3663   1261   26         51.0240    58.8508    15.3394    % 
LB close or above UB, fathomed
3664   1260   26         51.0240    58.8508    15.3394    % 
UB: 58.8507874015748
branching on 2 with b.
3665   1261   27         51.0240    58.8508    15.3394    % 
UB: 58.8507874015748
branching on 3 with b.
3666   1262   27         51.0240    58.8508    15.3394    % 
UB: 58.8507874015748
branching on 3 with b.
3667   1263   26         51.0240    58.8508    15.3394    % 
LB close or above UB, fathomed
3668   1262   26         51.0240    58.8508    15.3394    % 
UB: 58.8507874015748
branching on 3 with b.
3669   1263   22         51.0240    58.8508    15.3394    % 
LB close or above UB, fathomed
3670   1262   22         51.0240    58.8508    15.3394    % 
UB: 58.8507874015748
branching on CartesianIndex(1, 5) with c.
3671   1263   23         51.0240    58.8508    15.3394    % 
UB: 58.8507874015748
branching on CartesianIndex(1, 6) with c.
3672   1264   24         51.0240    58.8508    15.3394    % 
LB close or above UB, fathomed
3673   1263   24         51.0240    58.8508    15.3394    % 
UB: 58.8507874015748
branching on CartesianIndex(1, 7) with c.
3674   1264   25         51.0240    58.8508    15.3394    % 
UB: 58.8507874015748
branching on 1 with b.
3675   1265   26         51.0240    58.8508    15.3394    % 
LB close or above UB, fathomed
3676   1264   26         51.0240    58.8508    15.3394    % 
UB: 58.8507874015748
branching on 2 with b.
3677   1265   27         51.0240    58.8508    15.3394    % 
LB close or above UB, fathomed
3678   1264   27         51.0240    58.8508    15.3394    % 
UB: 58.8507874015748
branching on 3 with b.
3679   1265   28         51.0240    58.8508    15.3394    % 
UB: 58.8507874015748
branching on 1 with b.
3680   1266   29         51.0240    58.8508    15.3394    % 
LB close or above UB, fathomed
3681   1265   29         51.0240    58.8508    15.3394    % 
UB: 58.8507874015748
branching on 2 with b.
3682   1266   28         51.0240    58.8508    15.3394    % 
LB close or above UB, fathomed
3683   1265   25         51.0240    58.8508    15.3394    % 
LB close or above UB, fathomed
3684   1264   23         51.0240    58.8508    15.3394    % 
UB: 58.8507874015748
branching on CartesianIndex(1, 6) with c.
3685   1265   22         51.0240    58.8508    15.3394    % 
LB close or above UB, fathomed
3686   1264   22         51.0240    58.8508    15.3394    % 
UB: 58.8507874015748
branching on 3 with b.
3687   1265   23         51.0240    58.8508    15.3394    % 
LB close or above UB, fathomed
3688   1264   23         51.0240    58.8508    15.3394    % 
UB: 58.8507874015748
branching on CartesianIndex(1, 7) with c.
3689   1265   22         51.0240    58.8508    15.3394    % 
LB close or above UB, fathomed
3690   1264   22         51.0240    58.8508    15.3394    % 
UB: 58.8507874015748
branching on CartesianIndex(1, 6) with c.
3691   1265   23         51.0240    58.8508    15.3394    % 
LB close or above UB, fathomed
3692   1264   23         51.0240    58.8508    15.3394    % 
UB: 58.8507874015748
branching on 1 with b.
3693   1265   35         51.0240    58.8508    15.3394    % 
UB: 58.8507874015748
branching on 1 with b.
3694   1266   35         51.0240    58.8508    15.3394    % 
UB: 58.8507874015748
branching on 1 with b.
3695   1267   25         51.0240    58.8508    15.3394    % 
UB: 58.8507874015748
branching on CartesianIndex(1, 6) with c.
3696   1268   26         51.0240    58.8508    15.3394    % 
LB close or above UB, fathomed
3697   1267   26         51.0240    58.8508    15.3394    % 
UB: 58.8507874015748
branching on CartesianIndex(1, 7) with c.
3698   1268   27         51.0240    58.8508    15.3394    % 
UB: 58.8507874015748
branching on 3 with b.
3699   1269   28         51.0240    58.8508    15.3394    % 
LB close or above UB, fathomed
3700   1268   28         51.0240    58.8508    15.3394    % 
UB: 58.8507874015748
branching on 1 with b.
3701   1269   29         51.0240    58.8508    15.3394    % 
UB: 58.8507874015748
branching on 2 with b.
3702   1270   30         51.0240    58.8508    15.3394    % 
UB: 58.8507874015748
branching on 3 with b.
3703   1271   30         51.0240    58.8508    15.3394    % 
LB close or above UB, fathomed
3704   1270   29         51.0240    58.8508    15.3394    % 
LB close or above UB, fathomed
3705   1269   27         51.0240    58.8508    15.3394    % 
LB close or above UB, fathomed
3706   1268   25         51.0240    58.8508    15.3394    % 
LB close or above UB, fathomed
3707   1267   32         51.0240    58.8508    15.3394    % 
LB close or above UB, fathomed
3708   1266   32         51.0240    58.8508    15.3394    % 
UB: 58.8507874015748
branching on 1 with b.
3709   1267   32         51.0240    58.8508    15.3394    % 
LB close or above UB, fathomed
3710   1266   32         51.0240    58.8508    15.3394    % 
UB: 58.8507874015748
branching on 1 with b.
3711   1267   16         51.0240    58.8508    15.3394    % 
LB close or above UB, fathomed
3712   1266   16         51.0240    58.8508    15.3394    % 
LB close or above UB, fathomed
3713   1265   18         51.0240    58.8508    15.3394    % 
UB: 58.8507874015748
branching on CartesianIndex(3, 3) with a.
3714   1266   18         51.0240    58.8508    15.3394    % 
LB close or above UB, fathomed
3715   1265   19         51.0240    58.8508    15.3394    % 
UB: 58.8507874015748
branching on CartesianIndex(1, 4) with c.
3716   1266   19         51.0240    58.8508    15.3394    % 
LB close or above UB, fathomed
3717   1265   32         51.0240    58.8508    15.3394    % 
UB: 58.8507874015748
branching on 3 with b.
3718   1266   32         51.0240    58.8508    15.3394    % 
LB close or above UB, fathomed
3719   1265   23         51.0240    58.8508    15.3394    % 
LB close or above UB, fathomed
3720   1264   23         51.0240    58.8508    15.3394    % 
UB: 58.8507874015748
branching on CartesianIndex(1, 7) with c.
3721   1265   24         51.0240    58.8508    15.3394    % 
UB: 58.8507874015748
branching on 3 with b.
3722   1266   25         51.0240    58.8508    15.3394    % 
LB close or above UB, fathomed
3723   1265   25         51.0240    58.8508    15.3394    % 
UB: 58.8507874015748
branching on 1 with b.
3724   1266   24         51.0240    58.8508    15.3394    % 
LB close or above UB, fathomed
3725   1265   26         51.0240    58.8508    15.3394    % 
LB close or above UB, fathomed
3726   1264   26         51.0240    58.8508    15.3394    % 
UB: 58.8507874015748
branching on 3 with b.
3727   1265   21         51.0240    58.8508    15.3394    % 
UB: 58.8507874015748
branching on 3 with b.
3728   1266   22         51.0240    58.8508    15.3394    % 
LB close or above UB, fathomed
3729   1265   22         51.0240    58.8508    15.3394    % 
UB: 58.8507874015748
branching on 1 with b.
3730   1266   21         51.0240    58.8508    15.3394    % 
UB: 58.8507874015748
branching on 3 with b.
3731   1267   22         51.0240    58.8508    15.3394    % 
LB close or above UB, fathomed
3732   1266   22         51.0240    58.8508    15.3394    % 
UB: 58.8507874015748
branching on 1 with b.
3733   1267   21         51.0240    58.8508    15.3394    % 
LB close or above UB, fathomed
3734   1266   21         51.0240    58.8508    15.3394    % 
UB: 58.8507874015748
branching on 3 with b.
3735   1267   19         51.0240    58.8508    15.3394    % 
UB: 58.8507874015748
branching on CartesianIndex(1, 5) with c.
3736   1268   20         51.0240    58.8508    15.3394    % 
LB close or above UB, fathomed
3737   1267   20         51.0240    58.8508    15.3394    % 
UB: 58.8507874015748
branching on CartesianIndex(1, 6) with c.
3738   1268   21         51.0240    58.8508    15.3394    % 
LB close or above UB, fathomed
3739   1267   21         51.0240    58.8508    15.3394    % 
UB: 58.8507874015748
branching on 3 with b.
3740   1268   22         51.0240    58.8508    15.3394    % 
LB close or above UB, fathomed
3741   1267   22         51.0240    58.8508    15.3394    % 
UB: 58.8507874015748
branching on CartesianIndex(1, 7) with c.
3742   1268   19         51.0240    58.8508    15.3394    % 
UB: 58.8507874015748
branching on CartesianIndex(1, 5) with c.
3743   1269   20         51.0240    58.8508    15.3394    % 
LB close or above UB, fathomed
3744   1268   20         51.0240    58.8508    15.3394    % 
UB: 58.8507874015748
branching on CartesianIndex(1, 6) with c.
3745   1269   21         51.0240    58.8508    15.3394    % 
LB close or above UB, fathomed
3746   1268   21         51.0240    58.8508    15.3394    % 
UB: 58.8507874015748
branching on CartesianIndex(1, 7) with c.
3747   1269   22         51.0240    58.8508    15.3394    % 
UB: 58.8507874015748
branching on 3 with b.
3748   1270   23         51.0240    58.8508    15.3394    % 
LB close or above UB, fathomed
3749   1269   23         51.0240    58.8508    15.3394    % 
UB: 58.8507874015748
branching on 1 with b.
3750   1270   22         51.0240    58.8508    15.3394    % 
LB close or above UB, fathomed
3751   1269   31         51.0240    58.8508    15.3394    % 
UB: 58.8507874015748
branching on 3 with b.
3752   1270   31         51.0240    58.8508    15.3394    % 
LB close or above UB, fathomed
3753   1269   32         51.0240    58.8508    15.3394    % 
UB: 58.8507874015748
branching on 2 with b.
3754   1270   32         51.0240    58.8508    15.3394    % 
UB: 58.8507874015748
branching on 2 with b.
3755   1271   33         51.0240    58.8508    15.3394    % 
LB close or above UB, fathomed
3756   1270   33         51.0240    58.8508    15.3394    % 
UB: 58.8507874015748
branching on 3 with b.
3757   1271   17         51.0240    58.8508    15.3394    % 
LB close or above UB, fathomed
3758   1270   17         51.0240    58.8508    15.3394    % 
UB: 58.8507874015748
branching on 2 with b.
3759   1271   18         51.0240    58.8508    15.3394    % 
UB: 58.8507874015748
branching on CartesianIndex(1, 5) with c.
3760   1272   18         51.0240    58.8508    15.3394    % 
UB: 58.8507874015748
branching on CartesianIndex(1, 5) with c.
3761   1273   19         51.0240    58.8508    15.3394    % 
UB: 58.8507874015748
branching on CartesianIndex(1, 6) with c.
3762   1274   19         51.0240    58.8508    15.3394    % 
UB: 58.8507874015748
branching on CartesianIndex(1, 6) with c.
3763   1275   21         51.0240    58.8508    15.3394    % 
UB: 58.8507874015748
branching on 3 with b.
3764   1276   22         51.0240    58.8508    15.3394    % 
LB close or above UB, fathomed
3765   1275   22         51.0240    58.8508    15.3394    % 
UB: 58.8507874015748
branching on 1 with b.
3766   1276   21         51.0240    58.8508    15.3394    % 
UB: 58.8507874015748
branching on 3 with b.
3767   1277   22         51.0240    58.8508    15.3394    % 
LB close or above UB, fathomed
3768   1276   22         51.0240    58.8508    15.3394    % 
UB: 58.8507874015748
branching on 1 with b.
3769   1277   31         51.0240    58.8508    15.3394    % 
UB: 58.8507874015748
branching on 2 with b.
3770   1278   32         51.0240    58.8508    15.3394    % 
LB close or above UB, fathomed
3771   1277   32         51.0240    58.8508    15.3394    % 
UB: 58.8507874015748
branching on 3 with b.
3772   1278   33         51.0240    58.8508    15.3394    % 
UB: 58.8507874015748
branching on 1 with b.
3773   1279   33         51.0240    58.8508    15.3394    % 
UB: 58.8507874015748
branching on 1 with b.
3774   1280   31         51.0240    58.8508    15.3394    % 
UB: 58.8507874015748
branching on 2 with b.
3775   1281   28         51.0240    58.8508    15.3394    % 
LB close or above UB, fathomed
3776   1280   28         51.0240    58.8508    15.3394    % 
LB close or above UB, fathomed
3777   1279   21         51.0240    58.8508    15.3394    % 
LB close or above UB, fathomed
3778   1278   21         51.0240    58.8508    15.3394    % 
UB: 58.8507874015748
branching on CartesianIndex(1, 5) with c.
3779   1279   22         51.0240    58.8508    15.3394    % 
UB: 58.8507874015748
branching on CartesianIndex(1, 6) with c.
3780   1280   22         51.0240    58.8508    15.3394    % 
UB: 58.8507874015748
branching on CartesianIndex(1, 6) with c.
3781   1281   32         51.0240    58.8508    15.3394    % 
UB: 58.8507874015748
branching on 2 with b.
3782   1282   32         51.0240    58.8508    15.3394    % 
UB: 58.8507874015748
branching on 2 with b.
3783   1283   33         51.0240    58.8508    15.3394    % 
UB: 58.8507874015748
branching on 3 with b.
3784   1284   34         51.0240    58.8508    15.3394    % 
UB: 58.8507874015748
branching on 1 with b.
3785   1285   35         51.0240    58.8508    15.3394    % 
UB: 58.8507874015748
branching on 2 with b.
3786   1286   36         51.0240    58.8508    15.3394    % 
UB: 58.8507874015748
branching on 3 with b.
3787   1287   36         51.0240    58.8508    15.3394    % 
UB: 58.8507874015748
branching on 3 with b.
3788   1288   35         51.0240    58.8508    15.3394    % 
UB: 58.8507874015748
branching on 2 with b.
3789   1289   34         51.0240    58.8508    15.3394    % 
UB: 58.8507874015748
branching on 1 with b.
3790   1290   33         51.0240    58.8508    15.3394    % 
LB close or above UB, fathomed
3791   1289   36         51.0240    58.8508    15.3394    % 
UB: 58.8507874015748
branching on 2 with b.
3792   1290   37         51.0240    58.8508    15.3394    % 
UB: 58.8507874015748
branching on 3 with b.
3793   1291   37         51.0240    58.8508    15.3394    % 
UB: 58.8507874015748
branching on 3 with b.
3794   1292   36         51.0240    58.8508    15.3394    % 
UB: 58.8507874015748
branching on 2 with b.
3795   1293   20         51.0240    58.8508    15.3394    % 
LB close or above UB, fathomed
3796   1292   20         51.0240    58.8508    15.3394    % 
UB: 58.8507874015748
branching on CartesianIndex(1, 4) with c.
3797   1293   22         51.0240    58.8508    15.3394    % 
UB: 58.8507874015748
branching on 3 with b.
3798   1294   23         51.0240    58.8508    15.3394    % 
LB close or above UB, fathomed
3799   1293   23         51.0240    58.8508    15.3394    % 
UB: 58.8507874015748
branching on 1 with b.
3800   1294   22         51.0240    58.8508    15.3394    % 
UB: 58.8507874015748
branching on 3 with b.
3801   1295   23         51.0240    58.8508    15.3394    % 
LB close or above UB, fathomed
3802   1294   23         51.0240    58.8508    15.3394    % 
UB: 58.8507874015748
branching on 1 with b.
3803   1295   35         51.0240    58.8508    15.3394    % 
UB: 58.8507874015748
branching on 1 with b.
3804   1296   35         51.0240    58.8508    15.3394    % 
UB: 58.8507874015748
branching on 1 with b.
3805   1297   22         51.0240    58.8508    15.3394    % 
UB: 58.8507874015748
branching on 2 with b.
3806   1298   23         51.0240    58.8508    15.3394    % 
UB: 58.8507874015748
branching on CartesianIndex(1, 6) with c.
3807   1299   24         51.0240    58.8508    15.3394    % 
LB close or above UB, fathomed
3808   1298   24         51.0240    58.8508    15.3394    % 
UB: 58.8507874015748
branching on CartesianIndex(1, 7) with c.
3809   1299   23         51.0240    58.8508    15.3394    % 
UB: 58.8507874015748
branching on 3 with b.
3810   1300   22         51.0240    58.8508    15.3394    % 
LB close or above UB, fathomed
3811   1299   24         51.0240    58.8508    15.3394    % 
UB: 58.8507874015748
branching on 1 with b.
3812   1300   25         51.0240    58.8508    15.3394    % 
UB: 58.8507874015748
branching on 2 with b.
3813   1301   26         51.0240    58.8508    15.3394    % 
LB close or above UB, fathomed
3814   1300   26         51.0240    58.8508    15.3394    % 
UB: 58.8507874015748
branching on 3 with b.
3815   1301   25         51.0240    58.8508    15.3394    % 
UB: 58.8507874015748
branching on 2 with b.
3816   1302   24         51.0240    58.8508    15.3394    % 
LB close or above UB, fathomed
3817   1301   20         51.0240    58.8508    15.3394    % 
UB: 58.8507874015748
branching on CartesianIndex(1, 5) with c.
3818   1302   21         51.0240    58.8508    15.3394    % 
LB close or above UB, fathomed
3819   1301   21         51.0240    58.8508    15.3394    % 
UB: 58.8507874015748
branching on CartesianIndex(1, 6) with c.
3820   1302   22         51.0240    58.8508    15.3394    % 
LB close or above UB, fathomed
3821   1301   22         51.0240    58.8508    15.3394    % 
UB: 58.8507874015748
branching on CartesianIndex(1, 7) with c.
3822   1302   23         51.0240    58.8508    15.3394    % 
UB: 58.8507874015748
branching on 3 with b.
3823   1303   24         51.0240    58.8508    15.3394    % 
LB close or above UB, fathomed
3824   1302   24         51.0240    58.8508    15.3394    % 
UB: 58.8507874015748
branching on 1 with b.
3825   1303   23         51.0240    58.8508    15.3394    % 
LB close or above UB, fathomed
3826   1302   20         51.0240    58.8508    15.3394    % 
UB: 58.8507874015748
branching on CartesianIndex(1, 5) with c.
3827   1303   21         51.0240    58.8508    15.3394    % 
LB close or above UB, fathomed
3828   1302   21         51.0240    58.8508    15.3394    % 
UB: 58.8507874015748
branching on 3 with b.
3829   1303   22         51.0240    58.8508    15.3394    % 
LB close or above UB, fathomed
3830   1302   22         51.0240    58.8508    15.3394    % 
UB: 58.8507874015748
branching on CartesianIndex(1, 6) with c.
3831   1303   23         51.0240    58.8508    15.3394    % 
LB close or above UB, fathomed
3832   1302   23         51.0240    58.8508    15.3394    % 
UB: 58.8507874015748
branching on CartesianIndex(1, 7) with c.
3833   1303   34         51.0240    58.8508    15.3394    % 
UB: 58.8507874015748
branching on 2 with b.
3834   1304   34         51.0240    58.8508    15.3394    % 
UB: 58.8507874015748
branching on 2 with b.
3835   1305   34         51.0240    58.8508    15.3394    % 
UB: 58.8507874015748
branching on 2 with b.
3836   1306   34         51.0240    58.8508    15.3394    % 
UB: 58.8507874015748
branching on 2 with b.
3837   1307   35         51.0240    58.8508    15.3394    % 
UB: 58.8507874015748
branching on 3 with b.
3838   1308   35         51.0240    58.8508    15.3394    % 
UB: 58.8507874015748
branching on 3 with b.
3839   1309   23         51.0240    58.8508    15.3394    % 
LB close or above UB, fathomed
3840   1308   23         51.0240    58.8508    15.3394    % 
UB: 58.8507874015748
branching on 3 with b.
3841   1309   16         51.0240    58.8508    15.3394    % 
UB: 58.8507874015748
branching on CartesianIndex(2, 3) with a.
3842   1310   16         51.0240    58.8508    15.3394    % 
LB close or above UB, fathomed
3843   1309   36         51.0240    58.8508    15.3394    % 
UB: 58.8507874015748
branching on 2 with b.
3844   1310   36         51.0240    58.8508    15.3394    % 
UB: 58.8507874015748
branching on 2 with b.
3845   1311   37         51.0240    58.8508    15.3394    % 
UB: 58.8507874015748
branching on 3 with b.
3846   1312   37         51.0240    58.8508    15.3394    % 
UB: 58.8507874015748
branching on 3 with b.
3847   1313   19         51.0240    58.8508    15.3394    % 
LB close or above UB, fathomed
3848   1312   19         51.0240    58.8508    15.3394    % 
UB: 58.8507874015748
branching on CartesianIndex(1, 5) with c.
3849   1313   20         51.0240    58.8508    15.3394    % 
LB close or above UB, fathomed
3850   1312   20         51.0240    58.8508    15.3394    % 
UB: 58.8507874015748
branching on CartesianIndex(1, 6) with c.
3851   1313   21         51.0240    58.8508    15.3394    % 
LB close or above UB, fathomed
3852   1312   21         51.0240    58.8508    15.3394    % 
UB: 58.8507874015748
branching on CartesianIndex(1, 7) with c.
3853   1313   22         51.0240    58.8508    15.3394    % 
UB: 58.8507874015748
branching on 3 with b.
3854   1314   23         51.0240    58.8508    15.3394    % 
LB close or above UB, fathomed
3855   1313   23         51.0240    58.8508    15.3394    % 
UB: 58.8507874015748
branching on 1 with b.
3856   1314   22         51.0240    58.8508    15.3394    % 
LB close or above UB, fathomed
3857   1313   29         51.0240    58.8508    15.3394    % 
LB close or above UB, fathomed
3858   1312   29         51.0240    58.8508    15.3394    % 
LB close or above UB, fathomed
3859   1311   17         51.0240    58.8508    15.3394    % 
UB: 58.8507874015748
branching on CartesianIndex(1, 5) with c.
3860   1312   18         51.0240    58.8508    15.3394    % 
LB close or above UB, fathomed
3861   1311   18         51.0240    58.8508    15.3394    % 
UB: 58.8507874015748
branching on CartesianIndex(1, 6) with c.
3862   1312   19         51.0240    58.8508    15.3394    % 
LB close or above UB, fathomed
3863   1311   19         51.0240    58.8508    15.3394    % 
UB: 58.8507874015748
branching on CartesianIndex(1, 7) with c.
3864   1312   20         51.0240    58.8508    15.3394    % 
UB: 58.8507874015748
branching on 2 with b.
3865   1313   21         51.0240    58.8508    15.3394    % 
UB: 58.8507874015748
branching on 3 with b.
3866   1314   22         51.0240    58.8508    15.3394    % 
LB close or above UB, fathomed
3867   1313   22         51.0240    58.8508    15.3394    % 
UB: 58.8507874015748
branching on 1 with b.
3868   1314   21         51.0240    58.8508    15.3394    % 
LB close or above UB, fathomed
3869   1313   20         51.0240    58.8508    15.3394    % 
LB close or above UB, fathomed
3870   1312   17         51.0240    58.8508    15.3394    % 
UB: 58.8507874015748
branching on CartesianIndex(1, 5) with c.
3871   1313   31         51.0240    58.8508    15.3394    % 
LB close or above UB, fathomed
3872   1312   31         51.0240    58.8508    15.3394    % 
UB: 58.8507874015748
branching on 3 with b.
3873   1313   32         51.0240    58.8508    15.3394    % 
LB close or above UB, fathomed
3874   1312   32         51.0240    58.8508    15.3394    % 
UB: 58.8507874015748
branching on 1 with b.
3875   1313   32         51.0240    58.8508    15.3394    % 
UB: 58.8507874015748
branching on 2 with b.
3876   1314   33         51.0240    58.8508    15.3394    % 
UB: 58.8507874015748
branching on 3 with b.
3877   1315   33         51.0240    58.8508    15.3394    % 
UB: 58.8507874015748
branching on 3 with b.
3878   1316   32         51.0240    58.8508    15.3394    % 
UB: 58.8507874015748
branching on 2 with b.
3879   1317   25         51.0240    58.8508    15.3394    % 
UB: 58.8507874015748
branching on 2 with b.
3880   1318   25         51.0240    58.8508    15.3394    % 
LB close or above UB, fathomed
3881   1317   26         51.0240    58.8508    15.3394    % 
UB: 58.8507874015748
branching on 1 with b.
3882   1318   27         51.0240    58.8508    15.3394    % 
UB: 58.8507874015748
branching on 2 with b.
3883   1319   27         51.0240    58.8508    15.3394    % 
UB: 58.8507874015748
branching on 2 with b.
3884   1320   26         51.0240    58.8508    15.3394    % 
UB: 58.8507874015748
branching on 1 with b.
3885   1321   28         51.0240    58.8508    15.3394    % 
LB close or above UB, fathomed
3886   1320   28         51.0240    58.8508    15.3394    % 
UB: 58.8507874015748
branching on 3 with b.
3887   1321   29         51.0240    58.8508    15.3394    % 
LB close or above UB, fathomed
3888   1320   29         51.0240    58.8508    15.3394    % 
UB: 58.8507874015748
branching on 1 with b.
3889   1321   16         51.0240    58.8508    15.3394    % 
UB: 58.8507874015748
branching on 2 with b.
3890   1322   17         51.0240    58.8508    15.3394    % 
UB: 58.8507874015748
branching on CartesianIndex(2, 3) with a.
3891   1323   18         51.0240    58.8508    15.3394    % 
LB close or above UB, fathomed
3892   1322   18         51.0240    58.8508    15.3394    % 
UB: 58.8507874015748
branching on 3 with b.
3893   1323   17         51.0240    58.8508    15.3394    % 
UB: 58.8507874015748
branching on CartesianIndex(2, 3) with a.
3894   1324   18         51.0240    58.8508    15.3394    % 
LB close or above UB, fathomed
3895   1323   18         51.0240    58.8508    15.3394    % 
UB: 58.8507874015748
branching on CartesianIndex(1, 4) with c.
3896   1324   16         51.0240    58.8508    15.3394    % 
LB close or above UB, fathomed
3897   1323   19         51.0240    58.8508    15.3394    % 
LB close or above UB, fathomed
3898   1322   19         51.0240    58.8508    15.3394    % 
UB: 58.8507874015748
branching on CartesianIndex(1, 4) with c.
3899   1323   20         51.0240    58.8508    15.3394    % 
LB close or above UB, fathomed
3900   1322   20         51.0240    58.8508    15.3394    % 
UB: 58.8507874015748
branching on CartesianIndex(1, 5) with c.
3901   1323   21         51.0240    58.8508    15.3394    % 
UB: 58.8507874015748
branching on CartesianIndex(1, 6) with c.
3902   1324   21         51.0240    58.8508    15.3394    % 
UB: 58.8507874015748
branching on CartesianIndex(1, 6) with c.
3903   1325   26         51.0240    58.8508    15.3394    % 
UB: 58.8507874015748
branching on 1 with b.
3904   1326   26         51.0240    58.8508    15.3394    % 
LB close or above UB, fathomed
3905   1325   16         51.0240    58.8508    15.3394    % 
UB: 58.8507874015748
branching on CartesianIndex(2, 3) with a.
3906   1326   17         51.0240    58.8508    15.3394    % 
UB: 58.8507874015748
branching on CartesianIndex(3, 3) with a.
3907   1327   18         51.0240    58.8508    15.3394    % 
UB: 58.8507874015748
branching on CartesianIndex(4, 3) with a.
3908   1328   18         51.0240    58.8508    15.3394    % 
UB: 58.8507874015748
branching on CartesianIndex(1, 4) with c.
3909   1329   17         51.0240    58.8508    15.3394    % 
LB close or above UB, fathomed
3910   1328   16         51.0240    58.8508    15.3394    % 
LB close or above UB, fathomed
3911   1327   26         51.0240    58.8508    15.3394    % 
UB: 58.8507874015748
branching on 3 with b.
3912   1328   26         51.0240    58.8508    15.3394    % 
LB close or above UB, fathomed
3913   1327   16         51.0240    58.8508    15.3394    % 
UB: 58.8507874015748
branching on CartesianIndex(2, 3) with a.
3914   1328   17         51.0240    58.8508    15.3394    % 
LB close or above UB, fathomed
3915   1327   17         51.0240    58.8508    15.3394    % 
UB: 58.8507874015748
branching on CartesianIndex(1, 4) with c.
3916   1328   16         51.0240    58.8508    15.3394    % 
LB close or above UB, fathomed
3917   1327   12         51.0240    58.8508    15.3394    % 
UB: 58.8507874015748
branching on 1 with b.
3918   1328   12         51.0240    58.8508    15.3394    % 
LB close or above UB, fathomed
3919   1327   23         51.0240    58.8508    15.3394    % 
LB close or above UB, fathomed
3920   1326   23         51.0240    58.8508    15.3394    % 
UB: 58.8507874015748
branching on CartesianIndex(1, 4) with c.
3921   1327   24         51.0240    58.8508    15.3394    % 
LB close or above UB, fathomed
3922   1326   24         51.0240    58.8508    15.3394    % 
UB: 58.8507874015748
branching on CartesianIndex(1, 5) with c.
3923   1327   25         51.0240    58.8508    15.3394    % 
UB: 58.8507874015748
branching on CartesianIndex(1, 6) with c.
3924   1328   26         51.0240    58.8508    15.3394    % 
LB close or above UB, fathomed
3925   1327   26         51.0240    58.8508    15.3394    % 
UB: 58.8507874015748
branching on CartesianIndex(1, 7) with c.
3926   1328   27         51.0240    58.8508    15.3394    % 
UB: 58.8507874015748
branching on 1 with b.
3927   1329   28         51.0240    58.8508    15.3394    % 
LB close or above UB, fathomed
3928   1328   28         51.0240    58.8508    15.3394    % 
UB: 58.8507874015748
branching on 2 with b.
3929   1329   29         51.0240    58.8508    15.3394    % 
LB close or above UB, fathomed
3930   1328   29         51.0240    58.8508    15.3394    % 
UB: 58.8507874015748
branching on 3 with b.
3931   1329   30         51.0240    58.8508    15.3394    % 
LB close or above UB, fathomed
3932   1328   30         51.0240    58.8508    15.3394    % 
UB: 58.8507874015748
branching on 1 with b.
3933   1329   27         51.0240    58.8508    15.3394    % 
LB close or above UB, fathomed
3934   1328   25         51.0240    58.8508    15.3394    % 
LB close or above UB, fathomed
3935   1327   20         51.0240    58.8508    15.3394    % 
UB: 58.8507874015748
branching on CartesianIndex(1, 4) with c.
3936   1328   20         51.0240    58.8508    15.3394    % 
UB: 58.8507874015748
branching on CartesianIndex(1, 4) with c.
3937   1329   31         51.0240    58.8508    15.3394    % 
UB: 58.8507874015748
branching on 2 with b.
3938   1330   31         51.0240    58.8508    15.3394    % 
UB: 58.8507874015748
branching on 2 with b.
3939   1331   22         51.0240    58.8508    15.3394    % 
LB close or above UB, fathomed
3940   1330   22         51.0240    58.8508    15.3394    % 
UB: 58.8507874015748
branching on 3 with b.
3941   1331   23         51.0240    58.8508    15.3394    % 
LB close or above UB, fathomed
3942   1330   23         51.0240    58.8508    15.3394    % 
UB: 58.8507874015748
branching on CartesianIndex(1, 7) with c.
3943   1331   22         51.0240    58.8508    15.3394    % 
LB close or above UB, fathomed
3944   1330   22         51.0240    58.8508    15.3394    % 
UB: 58.8507874015748
branching on CartesianIndex(1, 7) with c.
3945   1331   23         51.0240    58.8508    15.3394    % 
UB: 58.8507874015748
branching on 3 with b.
3946   1332   24         51.0240    58.8508    15.3394    % 
LB close or above UB, fathomed
3947   1331   24         51.0240    58.8508    15.3394    % 
UB: 58.8507874015748
branching on 1 with b.
3948   1332   23         51.0240    58.8508    15.3394    % 
LB close or above UB, fathomed
3949   1331   28         51.0240    58.8508    15.3394    % 
LB close or above UB, fathomed
3950   1330   28         51.0240    58.8508    15.3394    % 
UB: 58.8507874015748
branching on 3 with b.
3951   1331   18         51.0240    58.8508    15.3394    % 
UB: 58.8507874015748
branching on CartesianIndex(1, 6) with c.
3952   1332   19         51.0240    58.8508    15.3394    % 
LB close or above UB, fathomed
3953   1331   19         51.0240    58.8508    15.3394    % 
UB: 58.8507874015748
branching on 2 with b.
3954   1332   20         51.0240    58.8508    15.3394    % 
LB close or above UB, fathomed
3955   1331   20         51.0240    58.8508    15.3394    % 
UB: 58.8507874015748
branching on CartesianIndex(1, 7) with c.
3956   1332   21         51.0240    58.8508    15.3394    % 
UB: 58.8507874015748
branching on 3 with b.
3957   1333   22         51.0240    58.8508    15.3394    % 
LB close or above UB, fathomed
3958   1332   22         51.0240    58.8508    15.3394    % 
UB: 58.8507874015748
branching on 1 with b.
3959   1333   21         51.0240    58.8508    15.3394    % 
LB close or above UB, fathomed
3960   1332   18         51.0240    58.8508    15.3394    % 
UB: 58.8507874015748
branching on 2 with b.
3961   1333   19         51.0240    58.8508    15.3394    % 
UB: 58.8507874015748
branching on CartesianIndex(1, 6) with c.
3962   1334   19         51.0240    58.8508    15.3394    % 
UB: 58.8507874015748
branching on 3 with b.
3963   1335   20         51.0240    58.8508    15.3394    % 
LB close or above UB, fathomed
3964   1334   20         51.0240    58.8508    15.3394    % 
UB: 58.8507874015748
branching on CartesianIndex(1, 6) with c.
3965   1335   21         51.0240    58.8508    15.3394    % 
LB close or above UB, fathomed
3966   1334   21         51.0240    58.8508    15.3394    % 
UB: 58.8507874015748
branching on CartesianIndex(1, 7) with c.
3967   1335   24         51.0240    58.8508    15.3394    % 
UB: 58.8507874015748
branching on CartesianIndex(1, 6) with c.
3968   1336   24         51.0240    58.8508    15.3394    % 
UB: 58.8507874015748
branching on CartesianIndex(1, 6) with c.
3969   1337   23         51.0240    58.8508    15.3394    % 
LB close or above UB, fathomed
3970   1336   23         51.0240    58.8508    15.3394    % 
UB: 58.8507874015748
branching on CartesianIndex(1, 6) with c.
3971   1337   24         51.0240    58.8508    15.3394    % 
LB close or above UB, fathomed
3972   1336   24         51.0240    58.8508    15.3394    % 
UB: 58.8507874015748
branching on 1 with b.
3973   1337   25         51.0240    58.8508    15.3394    % 
LB close or above UB, fathomed
3974   1336   25         51.0240    58.8508    15.3394    % 
UB: 58.8507874015748
branching on 2 with b.
3975   1337   26         51.0240    58.8508    15.3394    % 
UB: 58.8507874015748
branching on 3 with b.
3976   1338   27         51.0240    58.8508    15.3394    % 
LB close or above UB, fathomed
3977   1337   27         51.0240    58.8508    15.3394    % 
UB: 58.8507874015748
branching on 1 with b.
3978   1338   26         51.0240    58.8508    15.3394    % 
UB: 58.8507874015748
branching on 3 with b.
3979   1339   27         51.0240    58.8508    15.3394    % 
LB close or above UB, fathomed
3980   1338   27         51.0240    58.8508    15.3394    % 
UB: 58.8507874015748
branching on 1 with b.
3981   1339   26         51.0240    58.8508    15.3394    % 
UB: 58.8507874015748
branching on 3 with b.
3982   1340   26         51.0240    58.8508    15.3394    % 
UB: 58.8507874015748
branching on 3 with b.
3983   1341   27         51.0240    58.8508    15.3394    % 
LB close or above UB, fathomed
3984   1340   27         51.0240    58.8508    15.3394    % 
UB: 58.8507874015748
branching on 1 with b.
3985   1341   23         51.0240    58.8508    15.3394    % 
UB: 58.8507874015748
branching on 3 with b.
3986   1342   23         51.0240    58.8508    15.3394    % 
UB: 58.8507874015748
branching on 3 with b.
3987   1343   24         51.0240    58.8508    15.3394    % 
LB close or above UB, fathomed
3988   1342   24         51.0240    58.8508    15.3394    % 
UB: 58.8507874015748
branching on 1 with b.
3989   1343   24         51.0240    58.8508    15.3394    % 
UB: 58.8507874015748
branching on 3 with b.
3990   1344   25         51.0240    58.8508    15.3394    % 
LB close or above UB, fathomed
3991   1343   25         51.0240    58.8508    15.3394    % 
UB: 58.8507874015748
branching on 1 with b.
3992   1344   24         51.0240    58.8508    15.3394    % 
LB close or above UB, fathomed
3993   1343   24         51.0240    58.8508    15.3394    % 
LB close or above UB, fathomed
3994   1342   24         51.0240    58.8508    15.3394    % 
UB: 58.8507874015748
branching on 1 with b.
3995   1343   25         51.0240    58.8508    15.3394    % 
LB close or above UB, fathomed
3996   1342   25         51.0240    58.8508    15.3394    % 
UB: 58.8507874015748
branching on 1 with b.
3997   1343   21         51.0240    58.8508    15.3394    % 
UB: 58.8507874015748
branching on 2 with b.
3998   1344   21         51.0240    58.8508    15.3394    % 
UB: 58.8507874015748
branching on CartesianIndex(1, 5) with c.
3999   1345   22         51.0240    58.8508    15.3394    % 
LB close or above UB, fathomed
4000   1344   22         51.0240    58.8508    15.3394    % 
UB: 58.8507874015748
branching on CartesianIndex(1, 6) with c.
4001   1345   23         51.0240    58.8508    15.3394    % 
LB close or above UB, fathomed
4002   1344   23         51.0240    58.8508    15.3394    % 
UB: 58.8507874015748
branching on CartesianIndex(1, 7) with c.
4003   1345   18         51.0240    58.8508    15.3394    % 
LB close or above UB, fathomed
4004   1344   18         51.0240    58.8508    15.3394    % 
UB: 58.8507874015748
branching on CartesianIndex(1, 7) with c.
4005   1345   19         51.0240    58.8508    15.3394    % 
UB: 58.8507874015748
branching on 2 with b.
4006   1346   20         51.0240    58.8508    15.3394    % 
UB: 58.8507874015748
branching on 3 with b.
4007   1347   21         51.0240    58.8508    15.3394    % 
LB close or above UB, fathomed
4008   1346   21         51.0240    58.8508    15.3394    % 
UB: 58.8507874015748
branching on 1 with b.
4009   1347   20         51.0240    58.8508    15.3394    % 
UB: 58.8507874015748
branching on 3 with b.
4010   1348   19         51.0240    58.8508    15.3394    % 
LB close or above UB, fathomed
4011   1347   20         51.0240    58.8508    15.3394    % 
UB: 58.8507874015748
branching on 3 with b.
4012   1348   21         51.0240    58.8508    15.3394    % 
LB close or above UB, fathomed
4013   1347   21         51.0240    58.8508    15.3394    % 
UB: 58.8507874015748
branching on 1 with b.
4014   1348   20         51.0240    58.8508    15.3394    % 
LB close or above UB, fathomed
4015   1347   33         51.0240    58.8508    15.3394    % 
UB: 58.8507874015748
branching on 1 with b.
4016   1348   34         51.0240    58.8508    15.3394    % 
UB: 58.8507874015748
branching on 2 with b.
4017   1349   35         51.0240    58.8508    15.3394    % 
UB: 58.8507874015748
branching on 3 with b.
4018   1350   35         51.0240    58.8508    15.3394    % 
UB: 58.8507874015748
branching on 3 with b.
4019   1351   34         51.0240    58.8508    15.3394    % 
UB: 58.8507874015748
branching on 2 with b.
4020   1352   33         51.0240    58.8508    15.3394    % 
UB: 58.8507874015748
branching on 1 with b.
4021   1353   34         51.0240    58.8508    15.3394    % 
UB: 58.8507874015748
branching on 2 with b.
4022   1354   35         51.0240    58.8508    15.3394    % 
UB: 58.8507874015748
branching on 3 with b.
4023   1355   35         51.0240    58.8508    15.3394    % 
UB: 58.8507874015748
branching on 3 with b.
4024   1356   34         51.0240    58.8508    15.3394    % 
UB: 58.8507874015748
branching on 2 with b.
4025   1357   39         51.0240    58.8508    15.3394    % 
UB: 58.8507874015748
branching on 2 with b.
4026   1358   40         51.0240    58.8508    15.3394    % 
UB: 58.8507874015748
branching on 3 with b.
4027   1359   40         51.0240    58.8508    15.3394    % 
UB: 58.8507874015748
branching on 3 with b.
4028   1360   39         51.0240    58.8508    15.3394    % 
UB: 58.8507874015748
branching on 2 with b.
4029   1361   37         51.0240    58.8508    15.3394    % 
UB: 58.8507874015748
branching on 3 with b.
4030   1362   37         51.0240    58.8508    15.3394    % 
UB: 58.8507874015748
branching on 3 with b.
4031   1363   24         51.0240    58.8508    15.3394    % 
LB close or above UB, fathomed
4032   1362   24         51.0240    58.8508    15.3394    % 
UB: 58.8507874015748
branching on 1 with b.
4033   1363   28         51.0240    58.8508    15.3394    % 
UB: 58.8507874015748
branching on 2 with b.
4034   1364   28         51.0240    58.8508    15.3394    % 
LB close or above UB, fathomed
4035   1363   15         51.0240    58.8508    15.3394    % 
UB: 58.8507874015748
branching on CartesianIndex(3, 3) with a.
4036   1364   16         51.0240    58.8508    15.3394    % 
UB: 58.8507874015748
branching on CartesianIndex(4, 3) with a.
4037   1365   17         51.0240    58.8508    15.3394    % 
LB close or above UB, fathomed
4038   1364   17         51.0240    58.8508    15.3394    % 
UB: 58.8507874015748
branching on CartesianIndex(1, 4) with c.
4039   1365   16         51.0240    58.8508    15.3394    % 
UB: 58.8507874015748
branching on CartesianIndex(1, 4) with c.
4040   1366   15         51.0240    58.8508    15.3394    % 
LB close or above UB, fathomed
4041   1365   33         51.0240    58.8508    15.3394    % 
UB: 58.8507874015748
branching on 3 with b.
4042   1366   33         51.0240    58.8508    15.3394    % 
UB: 58.8507874015748
branching on 3 with b.
4043   1367   34         51.0240    58.8508    15.3394    % 
UB: 58.8507874015748
branching on 3 with b.
4044   1368   34         51.0240    58.8508    15.3394    % 
LB close or above UB, fathomed
4045   1367   26         51.0240    58.8508    15.3394    % 
UB: 58.8507874015748
branching on 2 with b.
4046   1368   27         51.0240    58.8508    15.3394    % 
LB close or above UB, fathomed
4047   1367   27         51.0240    58.8508    15.3394    % 
UB: 58.8507874015748
branching on 3 with b.
4048   1368   28         51.0240    58.8508    15.3394    % 
UB: 58.8507874015748
branching on 1 with b.
4049   1369   29         51.0240    58.8508    15.3394    % 
UB: 58.8507874015748
branching on 2 with b.
4050   1370   29         51.0240    58.8508    15.3394    % 
LB close or above UB, fathomed
4051   1369   28         51.0240    58.8508    15.3394    % 
LB close or above UB, fathomed
4052   1368   26         51.0240    58.8508    15.3394    % 
LB close or above UB, fathomed
4053   1367   21         51.0240    58.8508    15.3394    % 
UB: 58.8507874015748
branching on CartesianIndex(1, 6) with c.
4054   1368   21         51.0240    58.8508    15.3394    % 
UB: 58.8507874015748
branching on CartesianIndex(1, 6) with c.
4055   1369   22         51.0240    58.8508    15.3394    % 
LB close or above UB, fathomed
4056   1368   22         51.0240    58.8508    15.3394    % 
UB: 58.8507874015748
branching on CartesianIndex(1, 7) with c.
4057   1369   23         51.0240    58.8508    15.3394    % 
UB: 58.8507874015748
branching on 2 with b.
4058   1370   24         51.0240    58.8508    15.3394    % 
UB: 58.8507874015748
branching on 3 with b.
4059   1371   25         51.0240    58.8508    15.3394    % 
LB close or above UB, fathomed
4060   1370   25         51.0240    58.8508    15.3394    % 
UB: 58.8507874015748
branching on 1 with b.
4061   1371   24         51.0240    58.8508    15.3394    % 
UB: 58.8507874015748
branching on 3 with b.
4062   1372   25         51.0240    58.8508    15.3394    % 
LB close or above UB, fathomed
4063   1371   25         51.0240    58.8508    15.3394    % 
UB: 58.8507874015748
branching on 1 with b.
4064   1372   23         51.0240    58.8508    15.3394    % 
LB close or above UB, fathomed
4065   1371   32         51.0240    58.8508    15.3394    % 
LB close or above UB, fathomed
4066   1370   32         51.0240    58.8508    15.3394    % 
UB: 58.8507874015748
branching on 1 with b.
4067   1371   33         51.0240    58.8508    15.3394    % 
UB: 58.8507874015748
branching on 2 with b.
4068   1372   33         51.0240    58.8508    15.3394    % 
UB: 58.8507874015748
branching on 2 with b.
4069   1373   32         51.0240    58.8508    15.3394    % 
LB close or above UB, fathomed
4070   1372   32         51.0240    58.8508    15.3394    % 
UB: 58.8507874015748
branching on 1 with b.
4071   1373   33         51.0240    58.8508    15.3394    % 
UB: 58.8507874015748
branching on 2 with b.
4072   1374   33         51.0240    58.8508    15.3394    % 
UB: 58.8507874015748
branching on 2 with b.
4073   1375   34         51.0240    58.8508    15.3394    % 
UB: 58.8507874015748
branching on 3 with b.
4074   1376   34         51.0240    58.8508    15.3394    % 
LB close or above UB, fathomed
4075   1375   19         51.0240    58.8508    15.3394    % 
UB: 58.8507874015748
branching on CartesianIndex(3, 3) with a.
4076   1376   19         51.0240    58.8508    15.3394    % 
LB close or above UB, fathomed
4077   1375   24         51.0240    58.8508    15.3394    % 
LB close or above UB, fathomed
4078   1374   24         51.0240    58.8508    15.3394    % 
UB: 58.8507874015748
branching on 1 with b.
4079   1375   25         51.0240    58.8508    15.3394    % 
LB close or above UB, fathomed
4080   1374   25         51.0240    58.8508    15.3394    % 
UB: 58.8507874015748
branching on 2 with b.
4081   1375   34         51.0240    58.8508    15.3394    % 
UB: 58.8507874015748
branching on 1 with b.
4082   1376   34         51.0240    58.8508    15.3394    % 
UB: 58.8507874015748
branching on 1 with b.
4083   1377   32         51.0240    58.8508    15.3394    % 
UB: 58.8507874015748
branching on 1 with b.
4084   1378   32         51.0240    58.8508    15.3394    % 
UB: 58.8507874015748
branching on 1 with b.
4085   1379   20         51.0240    58.8508    15.3394    % 
LB close or above UB, fathomed
4086   1378   20         51.0240    58.8508    15.3394    % 
UB: 58.8507874015748
branching on 3 with b.
4087   1379   24         51.0240    58.8508    15.3394    % 
UB: 58.8507874015748
branching on 3 with b.
4088   1380   25         51.0240    58.8508    15.3394    % 
UB: 58.8507874015748
branching on 1 with b.
4089   1381   26         51.0240    58.8508    15.3394    % 
UB: 58.8507874015748
branching on 2 with b.
4090   1382   26         51.0240    58.8508    15.3394    % 
UB: 58.8507874015748
branching on 2 with b.
4091   1383   25         51.0240    58.8508    15.3394    % 
UB: 58.8507874015748
branching on 1 with b.
4092   1384   24         51.0240    58.8508    15.3394    % 
LB close or above UB, fathomed
4093   1383   21         51.0240    58.8508    15.3394    % 
LB close or above UB, fathomed
4094   1382   21         51.0240    58.8508    15.3394    % 
UB: 58.8507874015748
branching on CartesianIndex(1, 7) with c.
4095   1383   22         51.0240    58.8508    15.3394    % 
UB: 58.8507874015748
branching on 3 with b.
4096   1384   23         51.0240    58.8508    15.3394    % 
LB close or above UB, fathomed
4097   1383   23         51.0240    58.8508    15.3394    % 
UB: 58.8507874015748
branching on 1 with b.
4098   1384   22         51.0240    58.8508    15.3394    % 
LB close or above UB, fathomed
4099   1383   22         51.0240    58.8508    15.3394    % 
LB close or above UB, fathomed
4100   1382   22         51.0240    58.8508    15.3394    % 
UB: 58.8507874015748
branching on CartesianIndex(1, 7) with c.
4101   1383   23         51.0240    58.8508    15.3394    % 
UB: 58.8507874015748
branching on 3 with b.
4102   1384   24         51.0240    58.8508    15.3394    % 
LB close or above UB, fathomed
4103   1383   24         51.0240    58.8508    15.3394    % 
UB: 58.8507874015748
branching on 1 with b.
4104   1384   23         51.0240    58.8508    15.3394    % 
LB close or above UB, fathomed
4105   1383   19         51.0240    58.8508    15.3394    % 
LB close or above UB, fathomed
4106   1382   19         51.0240    58.8508    15.3394    % 
UB: 58.8507874015748
branching on CartesianIndex(1, 4) with c.
4107   1383   20         51.0240    58.8508    15.3394    % 
UB: 58.8507874015748
branching on CartesianIndex(1, 5) with c.
4108   1384   21         51.0240    58.8508    15.3394    % 
LB close or above UB, fathomed
4109   1383   21         51.0240    58.8508    15.3394    % 
UB: 58.8507874015748
branching on CartesianIndex(1, 6) with c.
4110   1384   22         51.0240    58.8508    15.3394    % 
LB close or above UB, fathomed
4111   1383   22         51.0240    58.8508    15.3394    % 
UB: 58.8507874015748
branching on CartesianIndex(1, 7) with c.
4112   1384   23         51.0240    58.8508    15.3394    % 
UB: 58.8507874015748
branching on 3 with b.
4113   1385   24         51.0240    58.8508    15.3394    % 
LB close or above UB, fathomed
4114   1384   24         51.0240    58.8508    15.3394    % 
UB: 58.8507874015748
branching on 1 with b.
4115   1385   23         51.0240    58.8508    15.3394    % 
LB close or above UB, fathomed
4116   1384   20         51.0240    58.8508    15.3394    % 
UB: 58.8507874015748
branching on CartesianIndex(1, 5) with c.
4117   1385   21         51.0240    58.8508    15.3394    % 
LB close or above UB, fathomed
4118   1384   21         51.0240    58.8508    15.3394    % 
UB: 58.8507874015748
branching on CartesianIndex(1, 6) with c.
4119   1385   22         51.0240    58.8508    15.3394    % 
LB close or above UB, fathomed
4120   1384   22         51.0240    58.8508    15.3394    % 
UB: 58.8507874015748
branching on CartesianIndex(1, 7) with c.
4121   1385   23         51.0240    58.8508    15.3394    % 
UB: 58.8507874015748
branching on 3 with b.
4122   1386   24         51.0240    58.8508    15.3394    % 
LB close or above UB, fathomed
4123   1385   24         51.0240    58.8508    15.3394    % 
UB: 58.8507874015748
branching on 1 with b.
4124   1386   23         51.0240    58.8508    15.3394    % 
LB close or above UB, fathomed
4125   1385   14         51.0240    58.8508    15.3394    % 
UB: 58.8507874015748
branching on 1 with b.
4126   1386   14         51.0240    58.8508    15.3394    % 
UB: 58.8507874015748
branching on CartesianIndex(1, 3) with a.
4127   1387   28         51.0240    58.8508    15.3394    % 
UB: 58.8507874015748
branching on 1 with b.
4128   1388   29         51.0240    58.8508    15.3394    % 
UB: 58.8507874015748
branching on 2 with b.
4129   1389   30         51.0240    58.8508    15.3394    % 
UB: 58.8507874015748
branching on 3 with b.
4130   1390   31         51.0240    58.8508    15.3394    % 
UB: 58.8507874015748
branching on 1 with b.
4131   1391   31         51.0240    58.8508    15.3394    % 
UB: 58.8507874015748
branching on 1 with b.
4132   1392   30         51.0240    58.8508    15.3394    % 
LB close or above UB, fathomed
4133   1391   29         51.0240    58.8508    15.3394    % 
UB: 58.8507874015748
branching on 2 with b.
4134   1392   28         51.0240    58.8508    15.3394    % 
UB: 58.8507874015748
branching on 1 with b.
4135   1393   19         51.0240    58.8508    15.3394    % 
LB close or above UB, fathomed
4136   1392   19         51.0240    58.8508    15.3394    % 
UB: 58.8507874015748
branching on 2 with b.
4137   1393   38         51.0240    58.8508    15.3394    % 
UB: 58.8507874015748
branching on 1 with b.
4138   1394   38         51.0240    58.8508    15.3394    % 
UB: 58.8507874015748
branching on 1 with b.
4139   1395   38         51.0240    58.8508    15.3394    % 
UB: 58.8507874015748
branching on 1 with b.
4140   1396   38         51.0240    58.8508    15.3394    % 
UB: 58.8507874015748
branching on 1 with b.
4141   1397   36         51.0240    58.8508    15.3394    % 
UB: 58.8507874015748
branching on 2 with b.
4142   1398   37         51.0240    58.8508    15.3394    % 
UB: 58.8507874015748
branching on 3 with b.
4143   1399   37         51.0240    58.8508    15.3394    % 
UB: 58.8507874015748
branching on 3 with b.
4144   1400   36         51.0240    58.8508    15.3394    % 
UB: 58.8507874015748
branching on 2 with b.
4145   1401   37         51.0240    58.8508    15.3394    % 
UB: 58.8507874015748
branching on 3 with b.
4146   1402   37         51.0240    58.8508    15.3394    % 
UB: 58.8507874015748
branching on 3 with b.
4147   1403   24         51.0240    58.8508    15.3394    % 
LB close or above UB, fathomed
4148   1402   24         51.0240    58.8508    15.3394    % 
UB: 58.8507874015748
branching on 3 with b.
4149   1403   24         51.0240    58.8508    15.3394    % 
LB close or above UB, fathomed
4150   1402   24         51.0240    58.8508    15.3394    % 
UB: 58.8507874015748
branching on CartesianIndex(1, 7) with c.
4151   1403   18         51.0240    58.8508    15.3394    % 
UB: 58.8507874015748
branching on 3 with b.
4152   1404   19         51.0240    58.8508    15.3394    % 
LB close or above UB, fathomed
4153   1403   19         51.0240    58.8508    15.3394    % 
UB: 58.8507874015748
branching on CartesianIndex(1, 6) with c.
4154   1404   20         51.0240    58.8508    15.3394    % 
LB close or above UB, fathomed
4155   1403   20         51.0240    58.8508    15.3394    % 
UB: 58.8507874015748
branching on CartesianIndex(1, 7) with c.
4156   1404   18         51.0240    58.8508    15.3394    % 
UB: 58.8507874015748
branching on CartesianIndex(1, 6) with c.
4157   1405   19         51.0240    58.8508    15.3394    % 
LB close or above UB, fathomed
4158   1404   19         51.0240    58.8508    15.3394    % 
UB: 58.8507874015748
branching on CartesianIndex(1, 7) with c.
4159   1405   20         51.0240    58.8508    15.3394    % 
UB: 58.8507874015748
branching on 3 with b.
4160   1406   20         51.0240    58.8508    15.3394    % 
LB close or above UB, fathomed
4161   1405   22         51.0240    58.8508    15.3394    % 
UB: 58.8507874015748
branching on 2 with b.
4162   1406   23         51.0240    58.8508    15.3394    % 
LB close or above UB, fathomed
4163   1405   23         51.0240    58.8508    15.3394    % 
UB: 58.8507874015748
branching on 3 with b.
4164   1406   22         51.0240    58.8508    15.3394    % 
LB close or above UB, fathomed
4165   1405   17         51.0240    58.8508    15.3394    % 
UB: 58.8507874015748
branching on CartesianIndex(1, 5) with c.
4166   1406   18         51.0240    58.8508    15.3394    % 
LB close or above UB, fathomed
4167   1405   18         51.0240    58.8508    15.3394    % 
UB: 58.8507874015748
branching on CartesianIndex(1, 6) with c.
4168   1406   17         51.0240    58.8508    15.3394    % 
LB close or above UB, fathomed
4169   1405   32         51.0240    58.8508    15.3394    % 
UB: 58.8507874015748
branching on 2 with b.
4170   1406   32         51.0240    58.8508    15.3394    % 
UB: 58.8507874015748
branching on 2 with b.
4171   1407   33         51.0240    58.8508    15.3394    % 
UB: 58.8507874015748
branching on 3 with b.
4172   1408   34         51.0240    58.8508    15.3394    % 
UB: 58.8507874015748
branching on 1 with b.
4173   1409   34         51.0240    58.8508    15.3394    % 
UB: 58.8507874015748
branching on 1 with b.
4174   1410   33         51.0240    58.8508    15.3394    % 
LB close or above UB, fathomed
4175   1409   38         51.0240    58.8508    15.3394    % 
UB: 58.8507874015748
branching on 1 with b.
4176   1409   38         51.0240    58.8508    15.3394    % 
UB: 58.8507874015748
branching on 1 with b.
4177   1409   38         51.0240    58.8508    15.3394    % 
UB: 58.8507874015748
branching on 1 with b.
4178   1409   38         51.0240    58.8508    15.3394    % 
UB: 58.8507874015748
branching on 1 with b.
4179   1409   20         51.0240    58.8508    15.3394    % 
UB: 58.8507874015748
branching on CartesianIndex(1, 6) with c.
4180   1410   21         51.0240    58.8508    15.3394    % 
LB close or above UB, fathomed
4181   1409   21         51.0240    58.8508    15.3394    % 
UB: 58.8507874015748
branching on CartesianIndex(1, 7) with c.
4182   1410   22         51.0240    58.8508    15.3394    % 
UB: 58.8507874015748
branching on 3 with b.
4183   1411   23         51.0240    58.8508    15.3394    % 
LB close or above UB, fathomed
4184   1410   23         51.0240    58.8508    15.3394    % 
UB: 58.8507874015748
branching on 1 with b.
4185   1411   22         51.0240    58.8508    15.3394    % 
LB close or above UB, fathomed
4186   1410   20         51.0240    58.8508    15.3394    % 
UB: 58.8507874015748
branching on CartesianIndex(1, 6) with c.
4187   1411   21         51.0240    58.8508    15.3394    % 
LB close or above UB, fathomed
4188   1410   21         51.0240    58.8508    15.3394    % 
UB: 58.8507874015748
branching on CartesianIndex(1, 7) with c.
4189   1411   22         51.0240    58.8508    15.3394    % 
UB: 58.8507874015748
branching on 3 with b.
4190   1412   23         51.0240    58.8508    15.3394    % 
LB close or above UB, fathomed
4191   1411   23         51.0240    58.8508    15.3394    % 
UB: 58.8507874015748
branching on 1 with b.
4192   1412   22         51.0240    58.8508    15.3394    % 
LB close or above UB, fathomed
4193   1411   34         51.0240    58.8508    15.3394    % 
UB: 58.8507874015748
branching on 2 with b.
4194   1412   34         51.0240    58.8508    15.3394    % 
UB: 58.8507874015748
branching on 2 with b.
4195   1413   34         51.0240    58.8508    15.3394    % 
UB: 58.8507874015748
branching on 2 with b.
4196   1414   34         51.0240    58.8508    15.3394    % 
UB: 58.8507874015748
branching on 2 with b.
4197   1415   35         51.0240    58.8508    15.3394    % 
UB: 58.8507874015748
branching on 3 with b.
4198   1416   35         51.0240    58.8508    15.3394    % 
UB: 58.8507874015748
branching on 3 with b.
4199   1417   19         51.0240    58.8508    15.3394    % 
UB: 58.8507874015748
branching on 2 with b.
4200   1418   20         51.0240    58.8508    15.3394    % 
UB: 58.8507874015748
branching on CartesianIndex(1, 3) with a.
4201   1419   21         51.0240    58.8508    15.3394    % 
UB: 58.8507874015748
branching on CartesianIndex(2, 3) with a.
4202   1420   22         51.0240    58.8508    15.3394    % 
LB close or above UB, fathomed
4203   1419   22         51.0240    58.8508    15.3394    % 
LB close or above UB, fathomed
4204   1418   21         51.0240    58.8508    15.3394    % 
LB close or above UB, fathomed
4205   1417   20         51.0240    58.8508    15.3394    % 
UB: 58.8507874015748
branching on CartesianIndex(1, 3) with a.
4206   1418   21         51.0240    58.8508    15.3394    % 
UB: 58.8507874015748
branching on CartesianIndex(2, 3) with a.
4207   1419   22         51.0240    58.8508    15.3394    % 
LB close or above UB, fathomed
4208   1418   22         51.0240    58.8508    15.3394    % 
LB close or above UB, fathomed
4209   1417   21         51.0240    58.8508    15.3394    % 
LB close or above UB, fathomed
4210   1416   19         51.0240    58.8508    15.3394    % 
UB: 58.8507874015748
branching on CartesianIndex(1, 3) with a.
4211   1417   20         51.0240    58.8508    15.3394    % 
UB: 58.8507874015748
branching on 2 with b.
4212   1418   21         51.0240    58.8508    15.3394    % 
UB: 58.8507874015748
branching on CartesianIndex(2, 3) with a.
4213   1419   22         51.0240    58.8508    15.3394    % 
LB close or above UB, fathomed
4214   1418   22         51.0240    58.8508    15.3394    % 
LB close or above UB, fathomed
4215   1417   21         51.0240    58.8508    15.3394    % 
UB: 58.8507874015748
branching on CartesianIndex(2, 3) with a.
4216   1418   22         51.0240    58.8508    15.3394    % 
LB close or above UB, fathomed
4217   1417   22         51.0240    58.8508    15.3394    % 
LB close or above UB, fathomed
4218   1416   20         51.0240    58.8508    15.3394    % 
LB close or above UB, fathomed
4219   1415   22         51.0240    58.8508    15.3394    % 
UB: 58.8507874015748
branching on 2 with b.
4220   1416   23         51.0240    58.8508    15.3394    % 
UB: 58.8507874015748
branching on 3 with b.
4221   1417   24         51.0240    58.8508    15.3394    % 
LB close or above UB, fathomed
4222   1416   24         51.0240    58.8508    15.3394    % 
UB: 58.8507874015748
branching on 1 with b.
4223   1417   23         51.0240    58.8508    15.3394    % 
UB: 58.8507874015748
branching on 3 with b.
4224   1418   22         51.0240    58.8508    15.3394    % 
LB close or above UB, fathomed
4225   1417   30         51.0240    58.8508    15.3394    % 
LB close or above UB, fathomed
4226   1416   30         51.0240    58.8508    15.3394    % 
UB: 58.8507874015748
branching on 3 with b.
4227   1417   31         51.0240    58.8508    15.3394    % 
UB: 58.8507874015748
branching on 1 with b.
4228   1418   31         51.0240    58.8508    15.3394    % 
UB: 58.8507874015748
branching on 1 with b.
4229   1419   36         51.0240    58.8508    15.3394    % 
UB: 58.8507874015748
branching on 2 with b.
4230   1420   36         51.0240    58.8508    15.3394    % 
UB: 58.8507874015748
branching on 2 with b.
4231   1421   37         51.0240    58.8508    15.3394    % 
UB: 58.8507874015748
branching on 3 with b.
4232   1422   37         51.0240    58.8508    15.3394    % 
UB: 58.8507874015748
branching on 3 with b.
4233   1423   36         51.0240    58.8508    15.3394    % 
UB: 58.8507874015748
branching on 2 with b.
4234   1424   36         51.0240    58.8508    15.3394    % 
UB: 58.8507874015748
branching on 2 with b.
4235   1425   37         51.0240    58.8508    15.3394    % 
UB: 58.8507874015748
branching on 3 with b.
4236   1426   37         51.0240    58.8508    15.3394    % 
UB: 58.8507874015748
branching on 3 with b.
4237   1427   20         51.0240    58.8508    15.3394    % 
UB: 58.8507874015748
branching on CartesianIndex(4, 3) with a.
4238   1428   20         51.0240    58.8508    15.3394    % 
LB close or above UB, fathomed
4239   1427   21         51.0240    58.8508    15.3394    % 
LB close or above UB, fathomed
4240   1426   21         51.0240    58.8508    15.3394    % 
UB: 58.8507874015748
branching on CartesianIndex(1, 7) with c.
4241   1427   34         51.0240    58.8508    15.3394    % 
LB close or above UB, fathomed
4242   1426   34         51.0240    58.8508    15.3394    % 
UB: 58.8507874015748
branching on 1 with b.
4243   1427   17         51.0240    58.8508    15.3394    % 
LB close or above UB, fathomed
4244   1426   17         51.0240    58.8508    15.3394    % 
UB: 58.8507874015748
branching on CartesianIndex(4, 3) with a.
4245   1427   18         51.0240    58.8508    15.3394    % 
UB: 58.8507874015748
branching on CartesianIndex(1, 4) with c.
4246   1428   19         51.0240    58.8508    15.3394    % 
LB close or above UB, fathomed
4247   1427   19         51.0240    58.8508    15.3394    % 
UB: 58.8507874015748
branching on CartesianIndex(1, 5) with c.
4248   1428   20         51.0240    58.8508    15.3394    % 
UB: 58.8507874015748
branching on CartesianIndex(1, 6) with c.
4249   1429   21         51.0240    58.8508    15.3394    % 
UB: 58.8507874015748
branching on 1 with b.
4250   1430   22         51.0240    58.8508    15.3394    % 
LB close or above UB, fathomed
4251   1429   22         51.0240    58.8508    15.3394    % 
LB close or above UB, fathomed
4252   1428   21         51.0240    58.8508    15.3394    % 
LB close or above UB, fathomed
4253   1427   20         51.0240    58.8508    15.3394    % 
LB close or above UB, fathomed
4254   1426   18         51.0240    58.8508    15.3394    % 
LB close or above UB, fathomed
4255   1425   30         51.0240    58.8508    15.3394    % 
UB: 58.8507874015748
branching on 2 with b.
4256   1426   30         51.0240    58.8508    15.3394    % 
UB: 58.8507874015748
branching on 2 with b.
4257   1427   31         51.0240    58.8508    15.3394    % 
UB: 58.8507874015748
branching on 3 with b.
4258   1428   32         51.0240    58.8508    15.3394    % 
UB: 58.8507874015748
branching on 1 with b.
4259   1429   32         51.0240    58.8508    15.3394    % 
LB close or above UB, fathomed
4260   1428   31         51.0240    58.8508    15.3394    % 
LB close or above UB, fathomed
4261   1427   17         51.0240    58.8508    15.3394    % 
UB: 58.8507874015748
branching on CartesianIndex(1, 6) with c.
4262   1428   18         51.0240    58.8508    15.3394    % 
LB close or above UB, fathomed
4263   1427   18         51.0240    58.8508    15.3394    % 
UB: 58.8507874015748
branching on 1 with b.
4264   1428   19         51.0240    58.8508    15.3394    % 
LB close or above UB, fathomed
4265   1427   19         51.0240    58.8508    15.3394    % 
UB: 58.8507874015748
branching on CartesianIndex(1, 7) with c.
4266   1428   17         51.0240    58.8508    15.3394    % 
LB close or above UB, fathomed
4267   1427   27         51.0240    58.8508    15.3394    % 
UB: 58.8507874015748
branching on 3 with b.
4268   1428   27         51.0240    58.8508    15.3394    % 
UB: 58.8507874015748
branching on 3 with b.
4269   1429   35         51.0240    58.8508    15.3394    % 
UB: 58.8507874015748
branching on 1 with b.
4270   1430   35         51.0240    58.8508    15.3394    % 
UB: 58.8507874015748
branching on 1 with b.
4271   1431   18         51.0240    58.8508    15.3394    % 
LB close or above UB, fathomed
4272   1430   18         51.0240    58.8508    15.3394    % 
LB close or above UB, fathomed
4273   1429   30         51.0240    58.8508    15.3394    % 
UB: 58.8507874015748
branching on 2 with b.
4274   1430   30         51.0240    58.8508    15.3394    % 
UB: 58.8507874015748
branching on 2 with b.
4275   1431   31         51.0240    58.8508    15.3394    % 
UB: 58.8507874015748
branching on 3 with b.
4276   1432   31         51.0240    58.8508    15.3394    % 
LB close or above UB, fathomed
4277   1431   12         51.0240    58.8508    15.3394    % 
LB close or above UB, fathomed
4278   1430   12         51.0240    58.8508    15.3394    % 
UB: 58.8507874015748
branching on CartesianIndex(4, 1) with a.
4279   1431   13         51.0240    58.8508    15.3394    % 
UB: 58.8507874015748
branching on CartesianIndex(1, 2) with a.
4280   1432   13         51.0240    58.8508    15.3394    % 
LB close or above UB, fathomed
4281   1431   19         51.0240    58.8508    15.3394    % 
UB: 58.8507874015748
branching on 3 with b.
4282   1432   20         51.0240    58.8508    15.3394    % 
LB close or above UB, fathomed
4283   1431   20         51.0240    58.8508    15.3394    % 
UB: 58.8507874015748
branching on 1 with b.
4284   1432   21         51.0240    58.8508    15.3394    % 
UB: 58.8507874015748
branching on CartesianIndex(1, 6) with c.
4285   1433   22         51.0240    58.8508    15.3394    % 
LB close or above UB, fathomed
4286   1432   22         51.0240    58.8508    15.3394    % 
UB: 58.8507874015748
branching on CartesianIndex(1, 7) with c.
4287   1433   21         51.0240    58.8508    15.3394    % 
LB close or above UB, fathomed
4288   1432   19         51.0240    58.8508    15.3394    % 
UB: 58.8507874015748
branching on CartesianIndex(1, 6) with c.
4289   1433   20         51.0240    58.8508    15.3394    % 
LB close or above UB, fathomed
4290   1432   20         51.0240    58.8508    15.3394    % 
UB: 58.8507874015748
branching on CartesianIndex(1, 7) with c.
4291   1433   21         51.0240    58.8508    15.3394    % 
UB: 58.8507874015748
branching on 3 with b.
4292   1434   22         51.0240    58.8508    15.3394    % 
LB close or above UB, fathomed
4293   1433   22         51.0240    58.8508    15.3394    % 
UB: 58.8507874015748
branching on 1 with b.
4294   1434   21         51.0240    58.8508    15.3394    % 
LB close or above UB, fathomed
4295   1433   20         51.0240    58.8508    15.3394    % 
LB close or above UB, fathomed
4296   1432   20         51.0240    58.8508    15.3394    % 
UB: 58.8507874015748
branching on CartesianIndex(1, 7) with c.
4297   1433   21         51.0240    58.8508    15.3394    % 
UB: 58.8507874015748
branching on 3 with b.
4298   1434   22         51.0240    58.8508    15.3394    % 
LB close or above UB, fathomed
4299   1433   22         51.0240    58.8508    15.3394    % 
UB: 58.8507874015748
branching on 1 with b.
4300   1434   21         51.0240    58.8508    15.3394    % 
LB close or above UB, fathomed
4301   1433   12         51.0240    58.8508    15.3394    % 
LB close or above UB, fathomed
4302   1432   12         51.0240    58.8508    15.3394    % 
UB: 58.8507874015748
branching on CartesianIndex(1, 5) with c.
4303   1433   13         51.0240    58.8508    15.3394    % 
UB: 58.8507874015748
branching on 1 with b.
4304   1434   14         51.0240    58.8508    15.3394    % 
LB close or above UB, fathomed
4305   1433   14         51.0240    58.8508    15.3394    % 
UB: 58.8507874015748
branching on CartesianIndex(1, 6) with c.
4306   1434   15         51.0240    58.8508    15.3394    % 
LB close or above UB, fathomed
4307   1433   15         51.0240    58.8508    15.3394    % 
UB: 58.8507874015748
branching on 2 with b.
4308   1434   16         51.0240    58.8508    15.3394    % 
UB: 58.8507874015748
branching on CartesianIndex(1, 7) with c.
4309   1435   16         51.0240    58.8508    15.3394    % 
LB close or above UB, fathomed
4310   1434   13         51.0240    58.8508    15.3394    % 
LB close or above UB, fathomed
4311   1433   24         51.0240    58.8508    15.3394    % 
LB close or above UB, fathomed
4312   1432   24         51.0240    58.8508    15.3394    % 
UB: 58.8507874015748
branching on 1 with b.
4313   1433   19         51.0240    58.8508    15.3394    % 
LB close or above UB, fathomed
4314   1432   19         51.0240    58.8508    15.3394    % 
UB: 58.8507874015748
branching on 3 with b.
4315   1433   20         51.0240    58.8508    15.3394    % 
LB close or above UB, fathomed
4316   1432   20         51.0240    58.8508    15.3394    % 
UB: 58.8507874015748
branching on CartesianIndex(1, 7) with c.
4317   1433   21         51.0240    58.8508    15.3394    % 
LB close or above UB, fathomed
4318   1432   21         51.0240    58.8508    15.3394    % 
UB: 58.8507874015748
branching on 1 with b.
4319   1433   20         51.0240    58.8508    15.3394    % 
UB: 58.8507874015748
branching on CartesianIndex(1, 4) with c.
4320   1434   21         51.0240    58.8508    15.3394    % 
UB: 58.8507874015748
branching on CartesianIndex(1, 5) with c.
4321   1435   22         51.0240    58.8508    15.3394    % 
LB close or above UB, fathomed
4322   1434   22         51.0240    58.8508    15.3394    % 
UB: 58.8507874015748
branching on CartesianIndex(1, 6) with c.
4323   1435   23         51.0240    58.8508    15.3394    % 
LB close or above UB, fathomed
4324   1434   23         51.0240    58.8508    15.3394    % 
UB: 58.8507874015748
branching on CartesianIndex(1, 7) with c.
4325   1435   24         51.0240    58.8508    15.3394    % 
UB: 58.8507874015748
branching on 3 with b.
4326   1436   25         51.0240    58.8508    15.3394    % 
LB close or above UB, fathomed
4327   1435   25         51.0240    58.8508    15.3394    % 
UB: 58.8507874015748
branching on 1 with b.
4328   1436   24         51.0240    58.8508    15.3394    % 
LB close or above UB, fathomed
4329   1435   21         51.0240    58.8508    15.3394    % 
UB: 58.8507874015748
branching on CartesianIndex(1, 5) with c.
4330   1436   20         51.0240    58.8508    15.3394    % 
UB: 58.8507874015748
branching on 3 with b.
4331   1437   22         51.0240    58.8508    15.3394    % 
LB close or above UB, fathomed
4332   1436   22         51.0240    58.8508    15.3394    % 
UB: 58.8507874015748
branching on CartesianIndex(1, 7) with c.
4333   1437   23         51.0240    58.8508    15.3394    % 
UB: 58.8507874015748
branching on 2 with b.
4334   1438   24         51.0240    58.8508    15.3394    % 
LB close or above UB, fathomed
4335   1437   24         51.0240    58.8508    15.3394    % 
UB: 58.8507874015748
branching on 3 with b.
4336   1438   25         51.0240    58.8508    15.3394    % 
LB close or above UB, fathomed
4337   1437   25         51.0240    58.8508    15.3394    % 
UB: 58.8507874015748
branching on 1 with b.
4338   1438   23         51.0240    58.8508    15.3394    % 
LB close or above UB, fathomed
4339   1437   21         51.0240    58.8508    15.3394    % 
LB close or above UB, fathomed
4340   1436   21         51.0240    58.8508    15.3394    % 
UB: 58.8507874015748
branching on 1 with b.
4341   1437   25         51.0240    58.8508    15.3394    % 
LB close or above UB, fathomed
4342   1436   25         51.0240    58.8508    15.3394    % 
UB: 58.8507874015748
branching on CartesianIndex(1, 7) with c.
4343   1437   20         51.0240    58.8508    15.3394    % 
LB close or above UB, fathomed
4344   1436   20         51.0240    58.8508    15.3394    % 
UB: 58.8507874015748
branching on 3 with b.
4345   1437   21         51.0240    58.8508    15.3394    % 
LB close or above UB, fathomed
4346   1436   21         51.0240    58.8508    15.3394    % 
UB: 58.8507874015748
branching on CartesianIndex(1, 7) with c.
4347   1437   33         51.0240    58.8508    15.3394    % 
UB: 58.8507874015748
branching on 2 with b.
4348   1438   34         51.0240    58.8508    15.3394    % 
LB close or above UB, fathomed
4349   1437   34         51.0240    58.8508    15.3394    % 
UB: 58.8507874015748
branching on 3 with b.
4350   1438   33         51.0240    58.8508    15.3394    % 
UB: 58.8507874015748
branching on 2 with b.
4351   1439   23         51.0240    58.8508    15.3394    % 
LB close or above UB, fathomed
4352   1438   23         51.0240    58.8508    15.3394    % 
UB: 58.8507874015748
branching on CartesianIndex(1, 7) with c.
4353   1439   24         51.0240    58.8508    15.3394    % 
UB: 58.8507874015748
branching on 3 with b.
4354   1440   25         51.0240    58.8508    15.3394    % 
LB close or above UB, fathomed
4355   1439   25         51.0240    58.8508    15.3394    % 
UB: 58.8507874015748
branching on 1 with b.
4356   1440   24         51.0240    58.8508    15.3394    % 
LB close or above UB, fathomed
4357   1439   23         51.0240    58.8508    15.3394    % 
LB close or above UB, fathomed
4358   1438   23         51.0240    58.8508    15.3394    % 
UB: 58.8507874015748
branching on CartesianIndex(1, 7) with c.
4359   1439   24         51.0240    58.8508    15.3394    % 
UB: 58.8507874015748
branching on 3 with b.
4360   1440   25         51.0240    58.8508    15.3394    % 
LB close or above UB, fathomed
4361   1439   25         51.0240    58.8508    15.3394    % 
UB: 58.8507874015748
branching on 1 with b.
4362   1440   24         51.0240    58.8508    15.3394    % 
LB close or above UB, fathomed
4363   1439   20         51.0240    58.8508    15.3394    % 
LB close or above UB, fathomed
4364   1438   20         51.0240    58.8508    15.3394    % 
UB: 58.8507874015748
branching on CartesianIndex(1, 7) with c.
4365   1439   21         51.0240    58.8508    15.3394    % 
UB: 58.8507874015748
branching on 3 with b.
4366   1440   22         51.0240    58.8508    15.3394    % 
LB close or above UB, fathomed
4367   1439   22         51.0240    58.8508    15.3394    % 
UB: 58.8507874015748
branching on 1 with b.
4368   1440   21         51.0240    58.8508    15.3394    % 
LB close or above UB, fathomed
4369   1439   20         51.0240    58.8508    15.3394    % 
LB close or above UB, fathomed
4370   1438   20         51.0240    58.8508    15.3394    % 
UB: 58.8507874015748
branching on CartesianIndex(1, 7) with c.
4371   1439   21         51.0240    58.8508    15.3394    % 
UB: 58.8507874015748
branching on 3 with b.
4372   1440   22         51.0240    58.8508    15.3394    % 
LB close or above UB, fathomed
4373   1439   22         51.0240    58.8508    15.3394    % 
UB: 58.8507874015748
branching on 1 with b.
4374   1440   21         51.0240    58.8508    15.3394    % 
LB close or above UB, fathomed
4375   1439   19         51.0240    58.8508    15.3394    % 
UB: 58.8507874015748
branching on CartesianIndex(1, 6) with c.
4376   1440   20         51.0240    58.8508    15.3394    % 
LB close or above UB, fathomed
4377   1439   20         51.0240    58.8508    15.3394    % 
UB: 58.8507874015748
branching on CartesianIndex(1, 7) with c.
4378   1440   21         51.0240    58.8508    15.3394    % 
UB: 58.8507874015748
branching on 3 with b.
4379   1441   22         51.0240    58.8508    15.3394    % 
LB close or above UB, fathomed
4380   1440   22         51.0240    58.8508    15.3394    % 
UB: 58.8507874015748
branching on 1 with b.
4381   1441   21         51.0240    58.8508    15.3394    % 
LB close or above UB, fathomed
4382   1440   19         51.0240    58.8508    15.3394    % 
UB: 58.8507874015748
branching on CartesianIndex(1, 6) with c.
4383   1441   20         51.0240    58.8508    15.3394    % 
LB close or above UB, fathomed
4384   1440   20         51.0240    58.8508    15.3394    % 
UB: 58.8507874015748
branching on 3 with b.
4385   1441   21         51.0240    58.8508    15.3394    % 
LB close or above UB, fathomed
4386   1440   21         51.0240    58.8508    15.3394    % 
UB: 58.8507874015748
branching on CartesianIndex(1, 7) with c.
4387   1441   22         51.0240    58.8508    15.3394    % 
UB: 58.8507874015748
branching on CartesianIndex(1, 5) with c.
4388   1442   23         51.0240    58.8508    15.3394    % 
UB: 58.8507874015748
branching on 1 with b.
4389   1443   24         51.0240    58.8508    15.3394    % 
UB: 58.8507874015748
branching on CartesianIndex(1, 6) with c.
4390   1444   24         51.0240    58.8508    15.3394    % 
UB: 58.8507874015748
branching on CartesianIndex(1, 6) with c.
4391   1445   23         51.0240    58.8508    15.3394    % 
LB close or above UB, fathomed
4392   1444   22         51.0240    58.8508    15.3394    % 
LB close or above UB, fathomed
4393   1443   23         51.0240    58.8508    15.3394    % 
UB: 58.8507874015748
branching on 3 with b.
4394   1444   24         51.0240    58.8508    15.3394    % 
LB close or above UB, fathomed
4395   1443   24         51.0240    58.8508    15.3394    % 
UB: 58.8507874015748
branching on 1 with b.
4396   1444   23         51.0240    58.8508    15.3394    % 
LB close or above UB, fathomed
4397   1443   21         51.0240    58.8508    15.3394    % 
LB close or above UB, fathomed
4398   1442   21         51.0240    58.8508    15.3394    % 
UB: 58.8507874015748
branching on 2 with b.
4399   1443   22         51.0240    58.8508    15.3394    % 
UB: 58.8507874015748
branching on CartesianIndex(1, 7) with c.
4400   1444   23         51.0240    58.8508    15.3394    % 
UB: 58.8507874015748
branching on 3 with b.
4401   1445   24         51.0240    58.8508    15.3394    % 
LB close or above UB, fathomed
4402   1444   24         51.0240    58.8508    15.3394    % 
UB: 58.8507874015748
branching on 1 with b.
4403   1445   23         51.0240    58.8508    15.3394    % 
LB close or above UB, fathomed
4404   1444   22         51.0240    58.8508    15.3394    % 
UB: 58.8507874015748
branching on 3 with b.
4405   1445   23         51.0240    58.8508    15.3394    % 
LB close or above UB, fathomed
4406   1444   23         51.0240    58.8508    15.3394    % 
UB: 58.8507874015748
branching on CartesianIndex(1, 7) with c.
4407   1445   23         51.0240    58.8508    15.3394    % 
LB close or above UB, fathomed
4408   1444   23         51.0240    58.8508    15.3394    % 
UB: 58.8507874015748
branching on CartesianIndex(1, 7) with c.
4409   1445   24         51.0240    58.8508    15.3394    % 
UB: 58.8507874015748
branching on 3 with b.
4410   1446   25         51.0240    58.8508    15.3394    % 
LB close or above UB, fathomed
4411   1445   25         51.0240    58.8508    15.3394    % 
UB: 58.8507874015748
branching on 1 with b.
4412   1446   24         51.0240    58.8508    15.3394    % 
LB close or above UB, fathomed
4413   1445   23         51.0240    58.8508    15.3394    % 
LB close or above UB, fathomed
4414   1444   23         51.0240    58.8508    15.3394    % 
UB: 58.8507874015748
branching on CartesianIndex(1, 7) with c.
4415   1445   24         51.0240    58.8508    15.3394    % 
UB: 58.8507874015748
branching on 3 with b.
4416   1446   25         51.0240    58.8508    15.3394    % 
LB close or above UB, fathomed
4417   1445   25         51.0240    58.8508    15.3394    % 
UB: 58.8507874015748
branching on 1 with b.
4418   1446   24         51.0240    58.8508    15.3394    % 
LB close or above UB, fathomed
4419   1445   27         51.0240    58.8508    15.3394    % 
UB: 58.8507874015748
branching on 1 with b.
4420   1446   27         51.0240    58.8508    15.3394    % 
LB close or above UB, fathomed
4421   1445   25         51.0240    58.8508    15.3394    % 
UB: 58.8507874015748
branching on 2 with b.
4422   1446   25         51.0240    58.8508    15.3394    % 
LB close or above UB, fathomed
4423   1445   21         51.0240    58.8508    15.3394    % 
LB close or above UB, fathomed
4424   1444   21         51.0240    58.8508    15.3394    % 
UB: 58.8507874015748
branching on CartesianIndex(1, 5) with c.
4425   1445   22         51.0240    58.8508    15.3394    % 
LB close or above UB, fathomed
4426   1444   22         51.0240    58.8508    15.3394    % 
UB: 58.8507874015748
branching on CartesianIndex(1, 6) with c.
4427   1445   23         51.0240    58.8508    15.3394    % 
LB close or above UB, fathomed
4428   1444   23         51.0240    58.8508    15.3394    % 
UB: 58.8507874015748
branching on CartesianIndex(1, 7) with c.
4429   1445   35         51.0240    58.8508    15.3394    % 
UB: 58.8507874015748
branching on 1 with b.
4430   1446   36         51.0240    58.8508    15.3394    % 
UB: 58.8507874015748
branching on 2 with b.
4431   1447   36         51.0240    58.8508    15.3394    % 
UB: 58.8507874015748
branching on 2 with b.
4432   1448   35         51.0240    58.8508    15.3394    % 
UB: 58.8507874015748
branching on 1 with b.
4433   1449   24         51.0240    58.8508    15.3394    % 
LB close or above UB, fathomed
4434   1448   24         51.0240    58.8508    15.3394    % 
UB: 58.8507874015748
branching on 2 with b.
4435   1449   35         51.0240    58.8508    15.3394    % 
UB: 58.8507874015748
branching on 1 with b.
4436   1450   36         51.0240    58.8508    15.3394    % 
UB: 58.8507874015748
branching on 2 with b.
4437   1451   36         51.0240    58.8508    15.3394    % 
UB: 58.8507874015748
branching on 2 with b.
4438   1452   35         51.0240    58.8508    15.3394    % 
LB close or above UB, fathomed
4439   1451   19         51.0240    58.8508    15.3394    % 
UB: 58.8507874015748
branching on CartesianIndex(1, 4) with c.
4440   1452   19         51.0240    58.8508    15.3394    % 
UB: 58.8507874015748
branching on CartesianIndex(1, 4) with c.
4441   1453   20         51.0240    58.8508    15.3394    % 
LB close or above UB, fathomed
4442   1452   20         51.0240    58.8508    15.3394    % 
UB: 58.8507874015748
branching on 3 with b.
4443   1453   21         51.0240    58.8508    15.3394    % 
UB: 58.8507874015748
branching on 1 with b.
4444   1454   22         51.0240    58.8508    15.3394    % 
LB close or above UB, fathomed
4445   1453   22         51.0240    58.8508    15.3394    % 
LB close or above UB, fathomed
4446   1452   21         51.0240    58.8508    15.3394    % 
UB: 58.8507874015748
branching on CartesianIndex(1, 5) with c.
4447   1453   16         51.0240    58.8508    15.3394    % 
UB: 58.8507874015748
branching on 3 with b.
4448   1454   16         51.0240    58.8508    15.3394    % 
LB close or above UB, fathomed
4449   1453   28         51.0240    58.8508    15.3394    % 
LB close or above UB, fathomed
4450   1452   28         51.0240    58.8508    15.3394    % 
UB: 58.8507874015748
branching on 1 with b.
4451   1453   29         51.0240    58.8508    15.3394    % 
UB: 58.8507874015748
branching on 2 with b.
4452   1454   29         51.0240    58.8508    15.3394    % 
UB: 58.8507874015748
branching on 2 with b.
4453   1455   34         51.0240    58.8508    15.3394    % 
LB close or above UB, fathomed
4454   1454   34         51.0240    58.8508    15.3394    % 
UB: 58.8507874015748
branching on 3 with b.
4455   1455   35         51.0240    58.8508    15.3394    % 
UB: 58.8507874015748
branching on 1 with b.
4456   1456   35         51.0240    58.8508    15.3394    % 
UB: 58.8507874015748
branching on 1 with b.
4457   1457   34         51.0240    58.8508    15.3394    % 
LB close or above UB, fathomed
4458   1456   34         51.0240    58.8508    15.3394    % 
UB: 58.8507874015748
branching on 3 with b.
4459   1457   35         51.0240    58.8508    15.3394    % 
UB: 58.8507874015748
branching on 1 with b.
4460   1458   36         51.0240    58.8508    15.3394    % 
UB: 58.8507874015748
branching on 2 with b.
4461   1459   37         51.0240    58.8508    15.3394    % 
LB close or above UB, fathomed
4462   1458   37         51.0240    58.8508    15.3394    % 
UB: 58.8507874015748
branching on 3 with b.
4463   1459   36         51.0240    58.8508    15.3394    % 
UB: 58.8507874015748
branching on 2 with b.
4464   1460   37         51.0240    58.8508    15.3394    % 
LB close or above UB, fathomed
4465   1459   37         51.0240    58.8508    15.3394    % 
UB: 58.8507874015748
branching on 3 with b.
4466   1460   35         51.0240    58.8508    15.3394    % 
UB: 58.8507874015748
branching on 1 with b.
4467   1461   33         51.0240    58.8508    15.3394    % 
UB: 58.8507874015748
branching on 2 with b.
4468   1462   33         51.0240    58.8508    15.3394    % 
UB: 58.8507874015748
branching on 2 with b.
4469   1463   34         51.0240    58.8508    15.3394    % 
LB close or above UB, fathomed
4470   1462   34         51.0240    58.8508    15.3394    % 
UB: 58.8507874015748
branching on 1 with b.
4471   1463   23         51.0240    58.8508    15.3394    % 
UB: 58.8507874015748
branching on 3 with b.
4472   1464   24         51.0240    58.8508    15.3394    % 
LB close or above UB, fathomed
4473   1463   24         51.0240    58.8508    15.3394    % 
UB: 58.8507874015748
branching on 1 with b.
4474   1464   23         51.0240    58.8508    15.3394    % 
UB: 58.8507874015748
branching on 3 with b.
4475   1465   24         51.0240    58.8508    15.3394    % 
LB close or above UB, fathomed
4476   1464   24         51.0240    58.8508    15.3394    % 
UB: 58.8507874015748
branching on 1 with b.
4477   1465   23         51.0240    58.8508    15.3394    % 
UB: 58.8507874015748
branching on 3 with b.
4478   1466   24         51.0240    58.8508    15.3394    % 
LB close or above UB, fathomed
4479   1465   24         51.0240    58.8508    15.3394    % 
UB: 58.8507874015748
branching on 1 with b.
4480   1466   23         51.0240    58.8508    15.3394    % 
UB: 58.8507874015748
branching on 3 with b.
4481   1467   24         51.0240    58.8508    15.3394    % 
LB close or above UB, fathomed
4482   1466   24         51.0240    58.8508    15.3394    % 
UB: 58.8507874015748
branching on 1 with b.
4483   1467   23         51.0240    58.8508    15.3394    % 
UB: 58.8507874015748
branching on 3 with b.
4484   1468   24         51.0240    58.8508    15.3394    % 
LB close or above UB, fathomed
4485   1467   24         51.0240    58.8508    15.3394    % 
UB: 58.8507874015748
branching on 1 with b.
4486   1468   23         51.0240    58.8508    15.3394    % 
UB: 58.8507874015748
branching on 3 with b.
4487   1469   24         51.0240    58.8508    15.3394    % 
LB close or above UB, fathomed
4488   1468   24         51.0240    58.8508    15.3394    % 
UB: 58.8507874015748
branching on 1 with b.
4489   1469   34         51.0240    58.8508    15.3394    % 
UB: 58.8507874015748
branching on 3 with b.
4490   1470   34         51.0240    58.8508    15.3394    % 
LB close or above UB, fathomed
4491   1469   32         51.0240    58.8508    15.3394    % 
UB: 58.8507874015748
branching on 3 with b.
4492   1470   32         51.0240    58.8508    15.3394    % 
LB close or above UB, fathomed
4493   1469   22         51.0240    58.8508    15.3394    % 
LB close or above UB, fathomed
4494   1468   22         51.0240    58.8508    15.3394    % 
UB: 58.8507874015748
branching on CartesianIndex(1, 6) with c.
4495   1469   23         51.0240    58.8508    15.3394    % 
LB close or above UB, fathomed
4496   1468   23         51.0240    58.8508    15.3394    % 
UB: 58.8507874015748
branching on CartesianIndex(1, 7) with c.
4497   1469   28         51.0240    58.8508    15.3394    % 
LB close or above UB, fathomed
4498   1468   28         51.0240    58.8508    15.3394    % 
UB: 58.8507874015748
branching on 2 with b.
4499   1469   23         51.0240    58.8508    15.3394    % 
LB close or above UB, fathomed
4500   1468   23         51.0240    58.8508    15.3394    % 
UB: 58.8507874015748
branching on CartesianIndex(1, 6) with c.
4501   1469   22         51.0240    58.8508    15.3394    % 
UB: 58.8507874015748
branching on CartesianIndex(1, 5) with c.
4502   1470   22         51.0240    58.8508    15.3394    % 
LB close or above UB, fathomed
4503   1469   18         51.0240    58.8508    15.3394    % 
UB: 58.8507874015748
branching on 3 with b.
4504   1470   18         51.0240    58.8508    15.3394    % 
UB: 58.8507874015748
branching on CartesianIndex(1, 5) with c.
4505   1471   19         51.0240    58.8508    15.3394    % 
UB: 58.8507874015748
branching on 3 with b.
4506   1472   20         51.0240    58.8508    15.3394    % 
UB: 58.8507874015748
branching on CartesianIndex(1, 4) with c.
4507   1473   21         51.0240    58.8508    15.3394    % 
LB close or above UB, fathomed
4508   1472   21         51.0240    58.8508    15.3394    % 
UB: 58.8507874015748
branching on CartesianIndex(1, 5) with c.
4509   1473   22         51.0240    58.8508    15.3394    % 
UB: 58.8507874015748
branching on CartesianIndex(1, 6) with c.
4510   1474   23         51.0240    58.8508    15.3394    % 
UB: 58.8507874015748
branching on CartesianIndex(1, 7) with c.
4511   1475   24         51.0240    58.8508    15.3394    % 
LB close or above UB, fathomed
4512   1474   24         51.0240    58.8508    15.3394    % 
UB: 58.8507874015748
branching on 1 with b.
4513   1475   23         51.0240    58.8508    15.3394    % 
LB close or above UB, fathomed
4514   1474   22         51.0240    58.8508    15.3394    % 
LB close or above UB, fathomed
4515   1473   20         51.0240    58.8508    15.3394    % 
LB close or above UB, fathomed
4516   1472   19         51.0240    58.8508    15.3394    % 
LB close or above UB, fathomed
4517   1471   19         51.0240    58.8508    15.3394    % 
LB close or above UB, fathomed
4518   1470   19         51.0240    58.8508    15.3394    % 
UB: 58.8507874015748
branching on 3 with b.
4519   1471   20         51.0240    58.8508    15.3394    % 
LB close or above UB, fathomed
4520   1470   20         51.0240    58.8508    15.3394    % 
UB: 58.8507874015748
branching on CartesianIndex(1, 6) with c.
4521   1471   21         51.0240    58.8508    15.3394    % 
LB close or above UB, fathomed
4522   1470   21         51.0240    58.8508    15.3394    % 
UB: 58.8507874015748
branching on CartesianIndex(1, 7) with c.
4523   1471   19         51.0240    58.8508    15.3394    % 
LB close or above UB, fathomed
4524   1470   19         51.0240    58.8508    15.3394    % 
UB: 58.8507874015748
branching on CartesianIndex(1, 5) with c.
4525   1471   20         51.0240    58.8508    15.3394    % 
LB close or above UB, fathomed
4526   1470   20         51.0240    58.8508    15.3394    % 
UB: 58.8507874015748
branching on CartesianIndex(1, 6) with c.
4527   1471   21         51.0240    58.8508    15.3394    % 
LB close or above UB, fathomed
4528   1470   21         51.0240    58.8508    15.3394    % 
UB: 58.8507874015748
branching on CartesianIndex(1, 7) with c.
4529   1471   24         51.0240    58.8508    15.3394    % 
LB close or above UB, fathomed
4530   1470   24         51.0240    58.8508    15.3394    % 
UB: 58.8507874015748
branching on CartesianIndex(1, 7) with c.
4531   1471   19         51.0240    58.8508    15.3394    % 
LB close or above UB, fathomed
4532   1470   19         51.0240    58.8508    15.3394    % 
UB: 58.8507874015748
branching on CartesianIndex(1, 5) with c.
4533   1471   20         51.0240    58.8508    15.3394    % 
UB: 58.8507874015748
branching on 3 with b.
4534   1472   21         51.0240    58.8508    15.3394    % 
LB close or above UB, fathomed
4535   1471   21         51.0240    58.8508    15.3394    % 
UB: 58.8507874015748
branching on CartesianIndex(1, 6) with c.
4536   1472   22         51.0240    58.8508    15.3394    % 
LB close or above UB, fathomed
4537   1471   22         51.0240    58.8508    15.3394    % 
UB: 58.8507874015748
branching on CartesianIndex(1, 7) with c.
4538   1472   20         51.0240    58.8508    15.3394    % 
UB: 58.8507874015748
branching on CartesianIndex(1, 6) with c.
4539   1473   21         51.0240    58.8508    15.3394    % 
LB close or above UB, fathomed
4540   1472   21         51.0240    58.8508    15.3394    % 
UB: 58.8507874015748
branching on CartesianIndex(1, 7) with c.
4541   1473   22         51.0240    58.8508    15.3394    % 
UB: 58.8507874015748
branching on 3 with b.
4542   1474   23         51.0240    58.8508    15.3394    % 
LB close or above UB, fathomed
4543   1473   23         51.0240    58.8508    15.3394    % 
UB: 58.8507874015748
branching on 1 with b.
4544   1474   22         51.0240    58.8508    15.3394    % 
LB close or above UB, fathomed
4545   1473   19         51.0240    58.8508    15.3394    % 
LB close or above UB, fathomed
4546   1472   19         51.0240    58.8508    15.3394    % 
UB: 58.8507874015748
branching on CartesianIndex(1, 4) with c.
4547   1473   20         51.0240    58.8508    15.3394    % 
LB close or above UB, fathomed
4548   1472   20         51.0240    58.8508    15.3394    % 
UB: 58.8507874015748
branching on CartesianIndex(1, 5) with c.
4549   1473   21         51.0240    58.8508    15.3394    % 
UB: 58.8507874015748
branching on CartesianIndex(1, 6) with c.
4550   1474   22         51.0240    58.8508    15.3394    % 
LB close or above UB, fathomed
4551   1473   22         51.0240    58.8508    15.3394    % 
UB: 58.8507874015748
branching on CartesianIndex(1, 7) with c.
4552   1474   21         51.0240    58.8508    15.3394    % 
UB: 58.8507874015748
branching on CartesianIndex(1, 6) with c.
4553   1475   22         51.0240    58.8508    15.3394    % 
LB close or above UB, fathomed
4554   1474   22         51.0240    58.8508    15.3394    % 
UB: 58.8507874015748
branching on CartesianIndex(1, 7) with c.
4555   1475   23         51.0240    58.8508    15.3394    % 
LB close or above UB, fathomed
4556   1474   23         51.0240    58.8508    15.3394    % 
UB: 58.8507874015748
branching on CartesianIndex(1, 6) with c.
4557   1475   24         51.0240    58.8508    15.3394    % 
LB close or above UB, fathomed
4558   1474   24         51.0240    58.8508    15.3394    % 
UB: 58.8507874015748
branching on CartesianIndex(1, 7) with c.
4559   1475   17         51.1176    58.8508    15.1283    % 
UB: 58.8507874015748
branching on 1 with b.
4560   1476   17         51.1176    58.8508    15.1283    % 
LB close or above UB, fathomed
4561   1475   19         51.1854    58.8508    14.9758    % 
UB: 58.8507874015748
branching on CartesianIndex(1, 4) with c.
4562   1476   19         51.1854    58.8508    14.9758    % 
LB close or above UB, fathomed
4563   1475   13         51.6391    58.8508    13.9656    % 
LB close or above UB, fathomed
4564   1474   13         51.6391    58.8508    13.9656    % 
LB close or above UB, fathomed
4565   1473   13         52.9177    58.8508    11.2118    % 
UB: 58.8507874015748
branching on CartesianIndex(4, 3) with a.
4566   1474   13         52.9177    58.8508    11.2118    % 
UB: 58.8507874015748
branching on CartesianIndex(1, 5) with c.
4567   1475   15         52.9307    58.8508    11.1846    % 
LB close or above UB, fathomed
4568   1474   15         52.9307    58.8508    11.1846    % 
UB: 58.8507874015748
branching on CartesianIndex(1, 5) with c.
4569   1475   16         52.9307    58.8508    11.1846    % 
LB close or above UB, fathomed
4570   1474   16         52.9307    58.8508    11.1846    % 
UB: 58.8507874015748
branching on CartesianIndex(1, 6) with c.
4571   1475   17         52.9307    58.8508    11.1846    % 
LB close or above UB, fathomed
4572   1474   17         52.9307    58.8508    11.1846    % 
UB: 58.8507874015748
branching on 1 with b.
4573   1475   18         52.9307    58.8508    11.1846    % 
LB close or above UB, fathomed
4574   1474   18         52.9307    58.8508    11.1846    % 
UB: 58.8507874015748
branching on CartesianIndex(1, 7) with c.
4575   1475   19         52.9307    58.8508    11.1846    % 
LB close or above UB, fathomed
4576   1474   19         52.9307    58.8508    11.1846    % 
UB: 58.8507874015748
branching on 3 with b.
4577   1475   19         52.9307    58.8508    11.1846    % 
UB: 58.8507874015748
branching on 3 with b.
4578   1476   19         52.9307    58.8508    11.1846    % 
LB close or above UB, fathomed
4579   1475   20         52.9307    58.8508    11.1846    % 
UB: 58.8507874015748
branching on 1 with b.
4580   1476   21         52.9307    58.8508    11.1846    % 
LB close or above UB, fathomed
4581   1475   21         52.9307    58.8508    11.1846    % 
LB close or above UB, fathomed
4582   1474   20         52.9307    58.8508    11.1846    % 
LB close or above UB, fathomed
4583   1473   20         52.9307    58.8508    11.1846    % 
UB: 58.8507874015748
branching on 1 with b.
4584   1474   20         52.9307    58.8508    11.1846    % 
LB close or above UB, fathomed
4585   1473   9          52.9307    58.8508    11.1846    % 
UB: 58.8507874015748
branching on CartesianIndex(3, 1) with a.
4586   1474   9          52.9307    58.8508    11.1846    % 
LB close or above UB, fathomed
4587   1473   10         52.9307    58.8508    11.1846    % 
UB: 58.8507874015748
branching on CartesianIndex(2, 2) with a.
4588   1474   11         52.9307    58.8508    11.1846    % 
UB: 58.8507874015748
branching on CartesianIndex(3, 2) with a.
4589   1475   11         52.9307    58.8508    11.1846    % 
LB close or above UB, fathomed
4590   1474   10         52.9307    58.8508    11.1846    % 
LB close or above UB, fathomed
4591   1473   8          52.9307    58.8508    11.1846    % 
LB close or above UB, fathomed
4592   1472   8          52.9307    58.8508    11.1846    % 
LB close or above UB, fathomed
4593   1471   13         52.9691    58.8508    11.1040    % 
LB close or above UB, fathomed
4594   1470   13         52.9691    58.8508    11.1040    % 
UB: 58.8507874015748
branching on 1 with b.
4595   1471   14         52.9691    58.8508    11.1040    % 
UB: 58.8507874015748
branching on CartesianIndex(1, 3) with a.
4596   1472   15         52.9691    58.8508    11.1040    % 
UB: 58.8507874015748
branching on 2 with b.
4597   1473   16         52.9691    58.8508    11.1040    % 
UB: 58.8507874015748
branching on CartesianIndex(2, 3) with a.
4598   1474   17         52.9691    58.8508    11.1040    % 
UB: 58.8507874015748
branching on CartesianIndex(3, 3) with a.
4599   1475   17         52.9691    58.8508    11.1040    % 
UB: 58.8507874015748
branching on 3 with b.
4600   1476   16         52.9691    58.8508    11.1040    % 
LB close or above UB, fathomed
4601   1475   15         52.9691    58.8508    11.1040    % 
UB: 58.8507874015748
branching on CartesianIndex(1, 4) with c.
4602   1476   14         52.9691    58.8508    11.1040    % 
LB close or above UB, fathomed
4603   1475   18         52.9691    58.8508    11.1040    % 
UB: 58.8507874015748
branching on CartesianIndex(4, 3) with a.
4604   1476   18         52.9691    58.8508    11.1040    % 
UB: 58.8507874015748
branching on CartesianIndex(1, 4) with c.
4605   1477   19         52.9691    58.8508    11.1040    % 
UB: 58.8507874015748
branching on CartesianIndex(1, 4) with c.
4606   1478   19         52.9691    58.8508    11.1040    % 
UB: 58.8507874015748
branching on CartesianIndex(1, 4) with c.
4607   1479   20         52.9691    58.8508    11.1040    % 
LB close or above UB, fathomed
4608   1478   20         52.9691    58.8508    11.1040    % 
UB: 58.8507874015748
branching on CartesianIndex(1, 5) with c.
4609   1479   21         52.9691    58.8508    11.1040    % 
UB: 58.8507874015748
branching on 3 with b.
4610   1480   22         52.9691    58.8508    11.1040    % 
UB: 58.8507874015748
branching on CartesianIndex(1, 6) with c.
4611   1481   23         52.9691    58.8508    11.1040    % 
UB: 58.8507874015748
branching on CartesianIndex(1, 7) with c.
4612   1482   24         52.9691    58.8508    11.1040    % 
UB: 58.8507874015748
branching on 1 with b.
4613   1483   24         52.9691    58.8508    11.1040    % 
UB: 58.8507874015748
branching on 1 with b.
4614   1484   23         52.9691    58.8508    11.1040    % 
LB close or above UB, fathomed
4615   1483   22         52.9691    58.8508    11.1040    % 
UB: 58.8507874015748
branching on CartesianIndex(1, 6) with c.
4616   1484   21         52.9691    58.8508    11.1040    % 
LB close or above UB, fathomed
4617   1483   30         52.9718    58.8508    11.0984    % 
UB: 58.8507874015748
branching on 2 with b.
4618   1484   30         52.9718    58.8508    11.0984    % 
UB: 58.8507874015748
branching on 2 with b.
4619   1485   31         52.9807    58.8508    11.0797    % 
UB: 58.8507874015748
branching on 2 with b.
4620   1486   31         52.9807    58.8508    11.0797    % 
UB: 58.8507874015748
branching on 2 with b.
4621   1487   23         52.9807    58.8508    11.0797    % 
LB close or above UB, fathomed
4622   1486   23         52.9807    58.8508    11.0797    % 
UB: 58.8507874015748
branching on CartesianIndex(1, 7) with c.
4623   1487   23         52.9807    58.8508    11.0797    % 
LB close or above UB, fathomed
4624   1486   23         52.9807    58.8508    11.0797    % 
UB: 58.8507874015748
branching on CartesianIndex(1, 6) with c.
4625   1487   24         52.9807    58.8508    11.0797    % 
LB close or above UB, fathomed
4626   1486   24         52.9807    58.8508    11.0797    % 
UB: 58.8507874015748
branching on CartesianIndex(1, 7) with c.
4627   1487   25         52.9807    58.8508    11.0797    % 
LB close or above UB, fathomed
4628   1486   25         52.9807    58.8508    11.0797    % 
UB: 58.8507874015748
branching on 2 with b.
4629   1487   26         52.9807    58.8508    11.0797    % 
UB: 58.8507874015748
branching on CartesianIndex(1, 7) with c.
4630   1488   27         52.9807    58.8508    11.0797    % 
UB: 58.8507874015748
branching on 3 with b.
4631   1489   27         52.9807    58.8508    11.0797    % 
LB close or above UB, fathomed
4632   1488   26         52.9807    58.8508    11.0797    % 
LB close or above UB, fathomed
4633   1487   27         52.9807    58.8508    11.0797    % 
LB close or above UB, fathomed
4634   1486   27         52.9807    58.8508    11.0797    % 
LB close or above UB, fathomed
4635   1485   15         52.9807    58.8508    11.0797    % 
LB close or above UB, fathomed
4636   1484   15         52.9807    58.8508    11.0797    % 
UB: 58.8507874015748
branching on 1 with b.
4637   1485   16         52.9807    58.8508    11.0797    % 
LB close or above UB, fathomed
4638   1484   16         52.9807    58.8508    11.0797    % 
LB close or above UB, fathomed
4639   1483   28         52.9807    58.8508    11.0797    % 
LB close or above UB, fathomed
4640   1482   28         52.9807    58.8508    11.0797    % 
UB: 58.8507874015748
branching on 1 with b.
4641   1483   24         52.9807    58.8508    11.0797    % 
LB close or above UB, fathomed
4642   1482   24         52.9807    58.8508    11.0797    % 
UB: 58.8507874015748
branching on 2 with b.
4643   1483   23         52.9807    58.8508    11.0797    % 
UB: 58.8507874015748
branching on 1 with b.
4644   1484   24         52.9807    58.8508    11.0797    % 
LB close or above UB, fathomed
4645   1483   24         52.9807    58.8508    11.0797    % 
UB: 58.8507874015748
branching on 2 with b.
4646   1484   23         52.9807    58.8508    11.0797    % 
LB close or above UB, fathomed
4647   1483   24         52.9807    58.8508    11.0797    % 
LB close or above UB, fathomed
4648   1482   24         52.9807    58.8508    11.0797    % 
UB: 58.8507874015748
branching on CartesianIndex(1, 7) with c.
4649   1483   25         52.9807    58.8508    11.0797    % 
UB: 58.8507874015748
branching on 1 with b.
4650   1484   26         52.9807    58.8508    11.0797    % 
LB close or above UB, fathomed
4651   1483   26         52.9807    58.8508    11.0797    % 
UB: 58.8507874015748
branching on 2 with b.
4652   1484   25         52.9807    58.8508    11.0797    % 
LB close or above UB, fathomed
4653   1483   33         52.9807    58.8508    11.0797    % 
UB: 58.8507874015748
branching on 3 with b.
4654   1484   33         52.9807    58.8508    11.0797    % 
LB close or above UB, fathomed
4655   1483   23         52.9807    58.8508    11.0797    % 
LB close or above UB, fathomed
4656   1482   23         52.9807    58.8508    11.0797    % 
UB: 58.8507874015748
branching on 2 with b.
4657   1483   24         52.9807    58.8508    11.0797    % 
UB: 58.8507874015748
branching on 3 with b.
4658   1484   25         52.9807    58.8508    11.0797    % 
UB: 58.8507874015748
branching on 1 with b.
4659   1485   26         52.9807    58.8508    11.0797    % 
LB close or above UB, fathomed
4660   1484   26         52.9807    58.8508    11.0797    % 
LB close or above UB, fathomed
4661   1483   25         52.9807    58.8508    11.0797    % 
LB close or above UB, fathomed
4662   1482   24         52.9807    58.8508    11.0797    % 
LB close or above UB, fathomed
4663   1481   20         52.9807    58.8508    11.0797    % 
LB close or above UB, fathomed
4664   1480   20         52.9807    58.8508    11.0797    % 
UB: 58.8507874015748
branching on CartesianIndex(1, 5) with c.
4665   1481   21         52.9807    58.8508    11.0797    % 
UB: 58.8507874015748
branching on 1 with b.
4666   1482   22         52.9807    58.8508    11.0797    % 
LB close or above UB, fathomed
4667   1481   22         52.9807    58.8508    11.0797    % 
UB: 58.8507874015748
branching on CartesianIndex(1, 6) with c.
4668   1482   23         52.9807    58.8508    11.0797    % 
LB close or above UB, fathomed
4669   1481   23         52.9807    58.8508    11.0797    % 
UB: 58.8507874015748
branching on 2 with b.
4670   1482   24         52.9807    58.8508    11.0797    % 
UB: 58.8507874015748
branching on CartesianIndex(1, 7) with c.
4671   1483   25         52.9807    58.8508    11.0797    % 
UB: 58.8507874015748
branching on 3 with b.
4672   1484   26         52.9807    58.8508    11.0797    % 
UB: 58.8507874015748
branching on 1 with b.
4673   1485   27         52.9807    58.8508    11.0797    % 
LB close or above UB, fathomed
4674   1484   27         52.9807    58.8508    11.0797    % 
UB: 58.8507874015748
branching on 2 with b.
4675   1485   28         52.9807    58.8508    11.0797    % 
LB close or above UB, fathomed
4676   1484   28         52.9807    58.8508    11.0797    % 
UB: 58.8507874015748
branching on 3 with b.
4677   1485   26         52.9807    58.8508    11.0797    % 
LB close or above UB, fathomed
4678   1484   25         52.9807    58.8508    11.0797    % 
LB close or above UB, fathomed
4679   1483   24         52.9807    58.8508    11.0797    % 
UB: 58.8507874015748
branching on CartesianIndex(1, 7) with c.
4680   1484   21         52.9807    58.8508    11.0797    % 
UB: 58.8507874015748
branching on CartesianIndex(1, 6) with c.
4681   1485   22         52.9807    58.8508    11.0797    % 
LB close or above UB, fathomed
4682   1484   22         52.9807    58.8508    11.0797    % 
UB: 58.8507874015748
branching on CartesianIndex(1, 7) with c.
4683   1485   23         52.9807    58.8508    11.0797    % 
UB: 58.8507874015748
branching on 1 with b.
4684   1486   24         52.9807    58.8508    11.0797    % 
LB close or above UB, fathomed
4685   1485   24         52.9807    58.8508    11.0797    % 
UB: 58.8507874015748
branching on 2 with b.
4686   1486   23         52.9807    58.8508    11.0797    % 
LB close or above UB, fathomed
4687   1485   19         52.9807    58.8508    11.0797    % 
LB close or above UB, fathomed
4688   1484   19         52.9807    58.8508    11.0797    % 
UB: 58.8507874015748
branching on CartesianIndex(1, 5) with c.
4689   1485   31         52.9807    58.8508    11.0797    % 
UB: 58.8507874015748
branching on 2 with b.
4690   1486   31         52.9807    58.8508    11.0797    % 
UB: 58.8507874015748
branching on 2 with b.
4691   1487   27         52.9807    58.8508    11.0797    % 
UB: 58.8507874015748
branching on 3 with b.
4692   1488   28         52.9807    58.8508    11.0797    % 
UB: 58.8507874015748
branching on 1 with b.
4693   1489   29         52.9807    58.8508    11.0797    % 
UB: 58.8507874015748
branching on 2 with b.
4694   1490   29         52.9807    58.8508    11.0797    % 
UB: 58.8507874015748
branching on 2 with b.
4695   1491   28         52.9807    58.8508    11.0797    % 
LB close or above UB, fathomed
4696   1490   27         52.9807    58.8508    11.0797    % 
LB close or above UB, fathomed
4697   1489   21         52.9807    58.8508    11.0797    % 
LB close or above UB, fathomed
4698   1488   21         52.9807    58.8508    11.0797    % 
UB: 58.8507874015748
branching on CartesianIndex(1, 4) with c.
4699   1489   16         52.9807    58.8508    11.0797    % 
UB: 58.8507874015748
branching on 3 with b.
4700   1490   17         52.9807    58.8508    11.0797    % 
LB close or above UB, fathomed
4701   1489   17         52.9807    58.8508    11.0797    % 
UB: 58.8507874015748
branching on CartesianIndex(2, 3) with a.
4702   1490   18         52.9807    58.8508    11.0797    % 
UB: 58.8507874015748
branching on CartesianIndex(3, 3) with a.
4703   1491   19         52.9807    58.8508    11.0797    % 
LB close or above UB, fathomed
4704   1490   19         52.9807    58.8508    11.0797    % 
UB: 58.8507874015748
branching on CartesianIndex(1, 4) with c.
4705   1491   18         52.9807    58.8508    11.0797    % 
LB close or above UB, fathomed
4706   1490   16         52.9807    58.8508    11.0797    % 
LB close or above UB, fathomed
4707   1489   22         52.9807    58.8508    11.0797    % 
LB close or above UB, fathomed
4708   1488   22         52.9807    58.8508    11.0797    % 
UB: 58.8507874015748
branching on CartesianIndex(1, 5) with c.
4709   1489   23         52.9807    58.8508    11.0797    % 
UB: 58.8507874015748
branching on CartesianIndex(1, 6) with c.
4710   1490   24         52.9807    58.8508    11.0797    % 
LB close or above UB, fathomed
4711   1489   24         52.9807    58.8508    11.0797    % 
UB: 58.8507874015748
branching on CartesianIndex(1, 7) with c.
4712   1490   25         52.9807    58.8508    11.0797    % 
UB: 58.8507874015748
branching on 1 with b.
4713   1491   26         52.9807    58.8508    11.0797    % 
LB close or above UB, fathomed
4714   1490   26         52.9807    58.8508    11.0797    % 
UB: 58.8507874015748
branching on 2 with b.
4715   1491   27         52.9807    58.8508    11.0797    % 
UB: 58.8507874015748
branching on 3 with b.
4716   1492   27         52.9807    58.8508    11.0797    % 
UB: 58.8507874015748
branching on 3 with b.
4717   1493   25         52.9807    58.8508    11.0797    % 
LB close or above UB, fathomed
4718   1492   23         52.9807    58.8508    11.0797    % 
UB: 58.8507874015748
branching on CartesianIndex(1, 6) with c.
4719   1493   24         52.9807    58.8508    11.0797    % 
LB close or above UB, fathomed
4720   1492   24         52.9807    58.8508    11.0797    % 
UB: 58.8507874015748
branching on CartesianIndex(1, 7) with c.
4721   1493   25         52.9807    58.8508    11.0797    % 
UB: 58.8507874015748
branching on 1 with b.
4722   1494   26         52.9807    58.8508    11.0797    % 
LB close or above UB, fathomed
4723   1493   26         52.9807    58.8508    11.0797    % 
UB: 58.8507874015748
branching on 2 with b.
4724   1494   25         52.9807    58.8508    11.0797    % 
LB close or above UB, fathomed
4725   1493   30         52.9807    58.8508    11.0797    % 
UB: 58.8507874015748
branching on 3 with b.
4726   1494   30         52.9807    58.8508    11.0797    % 
LB close or above UB, fathomed
4727   1493   20         52.9807    58.8508    11.0797    % 
UB: 58.8507874015748
branching on CartesianIndex(1, 6) with c.
4728   1494   21         52.9807    58.8508    11.0797    % 
LB close or above UB, fathomed
4729   1493   21         52.9807    58.8508    11.0797    % 
UB: 58.8507874015748
branching on CartesianIndex(1, 7) with c.
4730   1494   22         52.9807    58.8508    11.0797    % 
UB: 58.8507874015748
branching on 3 with b.
4731   1495   23         52.9807    58.8508    11.0797    % 
LB close or above UB, fathomed
4732   1494   23         52.9807    58.8508    11.0797    % 
UB: 58.8507874015748
branching on 1 with b.
4733   1495   24         52.9807    58.8508    11.0797    % 
UB: 58.8507874015748
branching on 2 with b.
4734   1496   24         52.9807    58.8508    11.0797    % 
UB: 58.8507874015748
branching on 2 with b.
4735   1497   22         52.9807    58.8508    11.0797    % 
LB close or above UB, fathomed
4736   1496   20         52.9807    58.8508    11.0797    % 
LB close or above UB, fathomed
4737   1495   25         52.9807    58.8508    11.0797    % 
UB: 58.8507874015748
branching on 3 with b.
4738   1496   26         52.9807    58.8508    11.0797    % 
UB: 58.8507874015748
branching on 1 with b.
4739   1497   27         52.9807    58.8508    11.0797    % 
LB close or above UB, fathomed
4740   1496   27         52.9807    58.8508    11.0797    % 
LB close or above UB, fathomed
4741   1495   26         52.9807    58.8508    11.0797    % 
LB close or above UB, fathomed
4742   1494   25         52.9807    58.8508    11.0797    % 
UB: 58.8507874015748
branching on 3 with b.
4743   1495   29         52.9807    58.8508    11.0797    % 
UB: 58.8507874015748
branching on 1 with b.
4744   1496   29         52.9807    58.8508    11.0797    % 
LB close or above UB, fathomed
4745   1495   25         52.9807    58.8508    11.0797    % 
UB: 58.8507874015748
branching on 1 with b.
4746   1496   26         52.9807    58.8508    11.0797    % 
LB close or above UB, fathomed
4747   1495   26         52.9807    58.8508    11.0797    % 
UB: 58.8507874015748
branching on 2 with b.
4748   1496   25         52.9807    58.8508    11.0797    % 
LB close or above UB, fathomed
4749   1495   25         52.9807    58.8508    11.0797    % 
UB: 58.8507874015748
branching on 2 with b.
4750   1496   26         52.9807    58.8508    11.0797    % 
UB: 58.8507874015748
branching on 3 with b.
4751   1497   26         52.9807    58.8508    11.0797    % 
UB: 58.8507874015748
branching on 3 with b.
4752   1498   27         52.9807    58.8508    11.0797    % 
UB: 58.8507874015748
branching on 1 with b.
4753   1499   28         52.9807    58.8508    11.0797    % 
LB close or above UB, fathomed
4754   1498   28         52.9807    58.8508    11.0797    % 
LB close or above UB, fathomed
4755   1497   27         52.9807    58.8508    11.0797    % 
LB close or above UB, fathomed
4756   1496   25         52.9807    58.8508    11.0797    % 
LB close or above UB, fathomed
4757   1495   24         52.9807    58.8508    11.0797    % 
UB: 58.8507874015748
branching on 1 with b.
4758   1496   25         52.9807    58.8508    11.0797    % 
LB close or above UB, fathomed
4759   1495   25         52.9807    58.8508    11.0797    % 
UB: 58.8507874015748
branching on 2 with b.
4760   1496   24         52.9807    58.8508    11.0797    % 
LB close or above UB, fathomed
4761   1495   25         52.9807    58.8508    11.0797    % 
LB close or above UB, fathomed
4762   1494   25         52.9807    58.8508    11.0797    % 
UB: 58.8507874015748
branching on 2 with b.
4763   1495   22         52.9807    58.8508    11.0797    % 
UB: 58.8507874015748
branching on CartesianIndex(1, 6) with c.
4764   1496   23         52.9807    58.8508    11.0797    % 
UB: 58.8507874015748
branching on 1 with b.
4765   1497   23         52.9807    58.8508    11.0797    % 
LB close or above UB, fathomed
4766   1496   22         52.9807    58.8508    11.0797    % 
LB close or above UB, fathomed
4767   1495   24         52.9807    58.8508    11.0797    % 
UB: 58.8507874015748
branching on 1 with b.
4768   1496   24         52.9807    58.8508    11.0797    % 
LB close or above UB, fathomed
4769   1495   21         52.9807    58.8508    11.0797    % 
LB close or above UB, fathomed
4770   1494   21         52.9807    58.8508    11.0797    % 
UB: 58.8507874015748
branching on CartesianIndex(1, 5) with c.
4771   1495   19         52.9807    58.8508    11.0797    % 
LB close or above UB, fathomed
4772   1494   19         52.9807    58.8508    11.0797    % 
UB: 58.8507874015748
branching on CartesianIndex(1, 4) with c.
4773   1495   20         52.9807    58.8508    11.0797    % 
LB close or above UB, fathomed
4774   1494   20         52.9807    58.8508    11.0797    % 
UB: 58.8507874015748
branching on 2 with b.
4775   1495   21         52.9807    58.8508    11.0797    % 
UB: 58.8507874015748
branching on 3 with b.
4776   1496   22         52.9807    58.8508    11.0797    % 
UB: 58.8507874015748
branching on CartesianIndex(1, 5) with c.
4777   1497   22         52.9807    58.8508    11.0797    % 
UB: 58.8507874015748
branching on CartesianIndex(1, 5) with c.
4778   1498   21         52.9807    58.8508    11.0797    % 
UB: 58.8507874015748
branching on CartesianIndex(1, 5) with c.
4779   1499   24         52.9807    58.8508    11.0797    % 
LB close or above UB, fathomed
4780   1498   24         52.9807    58.8508    11.0797    % 
UB: 58.8507874015748
branching on 2 with b.
4781   1499   25         52.9807    58.8508    11.0797    % 
LB close or above UB, fathomed
4782   1498   25         52.9807    58.8508    11.0797    % 
UB: 58.8507874015748
branching on 2 with b.
4783   1499   24         52.9807    58.8508    11.0797    % 
LB close or above UB, fathomed
4784   1498   24         52.9807    58.8508    11.0797    % 
UB: 58.8507874015748
branching on 2 with b.
4785   1499   25         52.9807    58.8508    11.0797    % 
UB: 58.8507874015748
branching on 3 with b.
4786   1500   25         52.9807    58.8508    11.0797    % 
UB: 58.8507874015748
branching on 3 with b.
4787   1501   26         52.9807    58.8508    11.0797    % 
UB: 58.8507874015748
branching on 1 with b.
4788   1502   27         52.9807    58.8508    11.0797    % 
LB close or above UB, fathomed
4789   1501   27         52.9807    58.8508    11.0797    % 
LB close or above UB, fathomed
4790   1500   26         52.9807    58.8508    11.0797    % 
LB close or above UB, fathomed
4791   1499   23         52.9807    58.8508    11.0797    % 
LB close or above UB, fathomed
4792   1498   23         52.9807    58.8508    11.0797    % 
UB: 58.8507874015748
branching on 2 with b.
4793   1499   24         52.9807    58.8508    11.0797    % 
UB: 58.8507874015748
branching on 3 with b.
4794   1500   24         52.9807    58.8508    11.0797    % 
UB: 58.8507874015748
branching on 3 with b.
4795   1501   25         52.9807    58.8508    11.0797    % 
UB: 58.8507874015748
branching on 1 with b.
4796   1502   26         52.9807    58.8508    11.0797    % 
LB close or above UB, fathomed
4797   1501   26         52.9807    58.8508    11.0797    % 
LB close or above UB, fathomed
4798   1500   25         52.9807    58.8508    11.0797    % 
LB close or above UB, fathomed
4799   1499   23         52.9807    58.8508    11.0797    % 
LB close or above UB, fathomed
4800   1498   23         52.9807    58.8508    11.0797    % 
UB: 58.8507874015748
branching on 2 with b.
4801   1499   24         52.9807    58.8508    11.0797    % 
UB: 58.8507874015748
branching on 3 with b.
4802   1500   25         52.9807    58.8508    11.0797    % 
UB: 58.8507874015748
branching on 1 with b.
4803   1501   26         52.9807    58.8508    11.0797    % 
LB close or above UB, fathomed
4804   1500   26         52.9807    58.8508    11.0797    % 
LB close or above UB, fathomed
4805   1499   25         52.9807    58.8508    11.0797    % 
LB close or above UB, fathomed
4806   1498   24         52.9807    58.8508    11.0797    % 
UB: 58.8507874015748
branching on 3 with b.
4807   1499   19         52.9807    58.8508    11.0797    % 
LB close or above UB, fathomed
4808   1498   19         52.9807    58.8508    11.0797    % 
LB close or above UB, fathomed
4809   1497   24         52.9807    58.8508    11.0797    % 
LB close or above UB, fathomed
4810   1496   24         52.9807    58.8508    11.0797    % 
UB: 58.8507874015748
branching on CartesianIndex(1, 7) with c.
4811   1497   25         52.9807    58.8508    11.0797    % 
UB: 58.8507874015748
branching on 2 with b.
4812   1498   26         52.9807    58.8508    11.0797    % 
LB close or above UB, fathomed
4813   1497   26         52.9807    58.8508    11.0797    % 
UB: 58.8507874015748
branching on 3 with b.
4814   1498   25         52.9807    58.8508    11.0797    % 
LB close or above UB, fathomed
4815   1497   26         52.9807    58.8508    11.0797    % 
LB close or above UB, fathomed
4816   1496   26         52.9807    58.8508    11.0797    % 
UB: 58.8507874015748
branching on 2 with b.
4817   1497   24         52.9807    58.8508    11.0797    % 
LB close or above UB, fathomed
4818   1496   24         52.9807    58.8508    11.0797    % 
UB: 58.8507874015748
branching on CartesianIndex(1, 7) with c.
4819   1497   23         52.9807    58.8508    11.0797    % 
LB close or above UB, fathomed
4820   1496   23         52.9807    58.8508    11.0797    % 
UB: 58.8507874015748
branching on 1 with b.
4821   1497   24         52.9807    58.8508    11.0797    % 
LB close or above UB, fathomed
4822   1496   24         52.9807    58.8508    11.0797    % 
UB: 58.8507874015748
branching on CartesianIndex(1, 6) with c.
4823   1497   35         52.9807    58.8508    11.0797    % 
UB: 58.8507874015748
branching on 1 with b.
4824   1498   36         52.9807    58.8508    11.0797    % 
UB: 58.8507874015748
branching on 2 with b.
4825   1499   36         52.9807    58.8508    11.0797    % 
UB: 58.8507874015748
branching on 2 with b.
4826   1500   35         52.9807    58.8508    11.0797    % 
LB close or above UB, fathomed
4827   1499   26         52.9807    58.8508    11.0797    % 
LB close or above UB, fathomed
4828   1498   26         52.9807    58.8508    11.0797    % 
LB close or above UB, fathomed
4829   1497   26         52.9807    58.8508    11.0797    % 
UB: 58.8507874015748
branching on 3 with b.
4830   1498   26         52.9807    58.8508    11.0797    % 
LB close or above UB, fathomed
4831   1497   22         52.9807    58.8508    11.0797    % 
LB close or above UB, fathomed
4832   1496   22         52.9807    58.8508    11.0797    % 
UB: 58.8507874015748
branching on CartesianIndex(1, 7) with c.
4833   1497   23         52.9807    58.8508    11.0797    % 
UB: 58.8507874015748
branching on 1 with b.
4834   1498   23         52.9807    58.8508    11.0797    % 
LB close or above UB, fathomed
4835   1497   21         52.9807    58.8508    11.0797    % 
LB close or above UB, fathomed
4836   1496   21         52.9807    58.8508    11.0797    % 
UB: 58.8507874015748
branching on CartesianIndex(1, 6) with c.
4837   1497   22         52.9807    58.8508    11.0797    % 
LB close or above UB, fathomed
4838   1496   22         52.9807    58.8508    11.0797    % 
UB: 58.8507874015748
branching on CartesianIndex(1, 7) with c.
4839   1497   23         52.9807    58.8508    11.0797    % 
UB: 58.8507874015748
branching on 1 with b.
4840   1498   24         52.9807    58.8508    11.0797    % 
LB close or above UB, fathomed
4841   1497   24         52.9807    58.8508    11.0797    % 
UB: 58.8507874015748
branching on 2 with b.
4842   1498   25         52.9807    58.8508    11.0797    % 
UB: 58.8507874015748
branching on 3 with b.
4843   1499   25         52.9807    58.8508    11.0797    % 
LB close or above UB, fathomed
4844   1498   23         52.9807    58.8508    11.0797    % 
LB close or above UB, fathomed
4845   1497   25         52.9807    58.8508    11.0797    % 
UB: 58.8507874015748
branching on 1 with b.
4846   1498   25         52.9807    58.8508    11.0797    % 
LB close or above UB, fathomed
4847   1497   30         52.9807    58.8508    11.0797    % 
LB close or above UB, fathomed
4848   1496   30         52.9807    58.8508    11.0797    % 
LB close or above UB, fathomed
4849   1495   32         52.9807    58.8508    11.0797    % 
LB close or above UB, fathomed
4850   1494   32         52.9807    58.8508    11.0797    % 
UB: 58.8507874015748
branching on 3 with b.
4851   1495   33         52.9807    58.8508    11.0797    % 
LB close or above UB, fathomed
4852   1494   33         52.9807    58.8508    11.0797    % 
UB: 58.8507874015748
branching on 1 with b.
4853   1495   23         52.9807    58.8508    11.0797    % 
LB close or above UB, fathomed
4854   1494   23         52.9807    58.8508    11.0797    % 
UB: 58.8507874015748
branching on 2 with b.
4855   1495   24         52.9807    58.8508    11.0797    % 
UB: 58.8507874015748
branching on 3 with b.
4856   1496   24         52.9807    58.8508    11.0797    % 
UB: 58.8507874015748
branching on 3 with b.
4857   1497   25         52.9807    58.8508    11.0797    % 
UB: 58.8507874015748
branching on 1 with b.
4858   1498   26         52.9807    58.8508    11.0797    % 
LB close or above UB, fathomed
4859   1497   26         52.9807    58.8508    11.0797    % 
LB close or above UB, fathomed
4860   1496   25         52.9807    58.8508    11.0797    % 
LB close or above UB, fathomed
4861   1495   22         52.9807    58.8508    11.0797    % 
LB close or above UB, fathomed
4862   1494   22         52.9807    58.8508    11.0797    % 
UB: 58.8507874015748
branching on 1 with b.
4863   1495   25         52.9807    58.8508    11.0797    % 
UB: 58.8507874015748
branching on 1 with b.
4864   1496   26         52.9807    58.8508    11.0797    % 
LB close or above UB, fathomed
4865   1495   26         52.9807    58.8508    11.0797    % 
UB: 58.8507874015748
branching on 2 with b.
4866   1496   25         52.9807    58.8508    11.0797    % 
LB close or above UB, fathomed
4867   1495   33         52.9807    58.8508    11.0797    % 
LB close or above UB, fathomed
4868   1494   33         52.9807    58.8508    11.0797    % 
UB: 58.8507874015748
branching on 3 with b.
4869   1495   30         52.9807    58.8508    11.0797    % 
UB: 58.8507874015748
branching on 2 with b.
4870   1496   31         52.9807    58.8508    11.0797    % 
LB close or above UB, fathomed
4871   1495   31         52.9807    58.8508    11.0797    % 
UB: 58.8507874015748
branching on 3 with b.
4872   1496   30         52.9807    58.8508    11.0797    % 
LB close or above UB, fathomed
4873   1495   32         52.9807    58.8508    11.0797    % 
LB close or above UB, fathomed
4874   1494   32         52.9807    58.8508    11.0797    % 
UB: 58.8507874015748
branching on 3 with b.
4875   1495   15         52.9807    58.8508    11.0797    % 
UB: 58.8507874015748
branching on CartesianIndex(1, 4) with c.
4876   1496   15         52.9807    58.8508    11.0797    % 
LB close or above UB, fathomed
4877   1495   25         52.9807    58.8508    11.0797    % 
UB: 58.8507874015748
branching on 3 with b.
4878   1496   26         52.9807    58.8508    11.0797    % 
UB: 58.8507874015748
branching on 1 with b.
4879   1497   26         52.9807    58.8508    11.0797    % 
LB close or above UB, fathomed
4880   1496   25         52.9807    58.8508    11.0797    % 
LB close or above UB, fathomed
4881   1495   32         52.9807    58.8508    11.0797    % 
LB close or above UB, fathomed
4882   1494   32         52.9807    58.8508    11.0797    % 
LB close or above UB, fathomed
4883   1493   27         52.9807    58.8508    11.0797    % 
UB: 58.8507874015748
branching on 3 with b.
4884   1494   28         52.9807    58.8508    11.0797    % 
UB: 58.8507874015748
branching on 1 with b.
4885   1495   28         52.9807    58.8508    11.0797    % 
LB close or above UB, fathomed
4886   1494   27         52.9807    58.8508    11.0797    % 
UB: 58.8507874015748
branching on 3 with b.
4887   1495   27         52.9807    58.8508    11.0797    % 
UB: 58.8507874015748
branching on 3 with b.
4888   1496   28         52.9807    58.8508    11.0797    % 
UB: 58.8507874015748
branching on 1 with b.
4889   1497   28         52.9807    58.8508    11.0797    % 
LB close or above UB, fathomed
4890   1496   27         52.9807    58.8508    11.0797    % 
UB: 58.8507874015748
branching on 3 with b.
4891   1497   28         52.9807    58.8508    11.0797    % 
UB: 58.8507874015748
branching on 1 with b.
4892   1498   28         52.9807    58.8508    11.0797    % 
LB close or above UB, fathomed
4893   1497   26         52.9807    58.8508    11.0797    % 
UB: 58.8507874015748
branching on 3 with b.
4894   1498   27         52.9807    58.8508    11.0797    % 
UB: 58.8507874015748
branching on 1 with b.
4895   1499   27         52.9807    58.8508    11.0797    % 
LB close or above UB, fathomed
4896   1498   26         52.9807    58.8508    11.0797    % 
UB: 58.8507874015748
branching on 3 with b.
4897   1499   26         52.9807    58.8508    11.0797    % 
UB: 58.8507874015748
branching on 3 with b.
4898   1500   27         52.9807    58.8508    11.0797    % 
UB: 58.8507874015748
branching on 1 with b.
4899   1501   27         52.9807    58.8508    11.0797    % 
LB close or above UB, fathomed
4900   1500   26         52.9807    58.8508    11.0797    % 
LB close or above UB, fathomed
4901   1499   24         52.9807    58.8508    11.0797    % 
UB: 58.8507874015748
branching on 3 with b.
4902   1500   25         52.9807    58.8508    11.0797    % 
UB: 58.8507874015748
branching on 1 with b.
4903   1501   25         52.9807    58.8508    11.0797    % 
LB close or above UB, fathomed
4904   1500   24         52.9807    58.8508    11.0797    % 
UB: 58.8507874015748
branching on 3 with b.
4905   1501   27         52.9807    58.8508    11.0797    % 
UB: 58.8507874015748
branching on 3 with b.
4906   1502   28         52.9807    58.8508    11.0797    % 
UB: 58.8507874015748
branching on 1 with b.
4907   1503   28         52.9807    58.8508    11.0797    % 
LB close or above UB, fathomed
4908   1502   27         52.9807    58.8508    11.0797    % 
UB: 58.8507874015748
branching on 3 with b.
4909   1503   27         52.9807    58.8508    11.0797    % 
UB: 58.8507874015748
branching on 3 with b.
4910   1504   28         52.9807    58.8508    11.0797    % 
UB: 58.8507874015748
branching on 1 with b.
4911   1505   28         52.9807    58.8508    11.0797    % 
LB close or above UB, fathomed
4912   1504   27         52.9807    58.8508    11.0797    % 
UB: 58.8507874015748
branching on 3 with b.
4913   1505   27         52.9807    58.8508    11.0797    % 
UB: 58.8507874015748
branching on 3 with b.
4914   1506   27         52.9807    58.8508    11.0797    % 
UB: 58.8507874015748
branching on 3 with b.
4915   1507   28         52.9807    58.8508    11.0797    % 
UB: 58.8507874015748
branching on 1 with b.
4916   1508   28         52.9807    58.8508    11.0797    % 
LB close or above UB, fathomed
4917   1507   27         52.9807    58.8508    11.0797    % 
UB: 58.8507874015748
branching on 3 with b.
4918   1508   28         52.9807    58.8508    11.0797    % 
UB: 58.8507874015748
branching on 1 with b.
4919   1509   28         52.9807    58.8508    11.0797    % 
LB close or above UB, fathomed
4920   1508   27         52.9807    58.8508    11.0797    % 
UB: 58.8507874015748
branching on 3 with b.
4921   1509   27         52.9807    58.8508    11.0797    % 
UB: 58.8507874015748
branching on 3 with b.
4922   1510   28         52.9807    58.8508    11.0797    % 
UB: 58.8507874015748
branching on 1 with b.
4923   1511   28         52.9807    58.8508    11.0797    % 
LB close or above UB, fathomed
4924   1510   27         52.9807    58.8508    11.0797    % 
UB: 58.8507874015748
branching on 3 with b.
4925   1511   28         52.9807    58.8508    11.0797    % 
UB: 58.8507874015748
branching on 1 with b.
4926   1512   28         52.9807    58.8508    11.0797    % 
LB close or above UB, fathomed
4927   1511   26         52.9807    58.8508    11.0797    % 
LB close or above UB, fathomed
4928   1510   26         52.9807    58.8508    11.0797    % 
LB close or above UB, fathomed
4929   1509   27         52.9807    58.8508    11.0797    % 
UB: 58.8507874015748
branching on 3 with b.
4930   1510   28         52.9807    58.8508    11.0797    % 
UB: 58.8507874015748
branching on 1 with b.
4931   1511   28         52.9807    58.8508    11.0797    % 
LB close or above UB, fathomed
4932   1510   27         52.9807    58.8508    11.0797    % 
UB: 58.8507874015748
branching on 3 with b.
4933   1511   18         52.9807    58.8508    11.0797    % 
UB: 58.8507874015748
branching on 3 with b.
4934   1512   19         52.9807    58.8508    11.0797    % 
UB: 58.8507874015748
branching on CartesianIndex(1, 4) with c.
4935   1513   19         52.9807    58.8508    11.0797    % 
UB: 58.8507874015748
branching on CartesianIndex(1, 4) with c.
4936   1514   18         52.9807    58.8508    11.0797    % 
LB close or above UB, fathomed
4937   1513   30         52.9807    58.8508    11.0797    % 
UB: 58.8507874015748
branching on 2 with b.
4938   1514   30         52.9807    58.8508    11.0797    % 
UB: 58.8507874015748
branching on 2 with b.
4939   1515   29         52.9807    58.8508    11.0797    % 
UB: 58.8507874015748
branching on 3 with b.
4940   1516   30         52.9807    58.8508    11.0797    % 
UB: 58.8507874015748
branching on 1 with b.
4941   1517   30         52.9807    58.8508    11.0797    % 
LB close or above UB, fathomed
4942   1516   29         52.9807    58.8508    11.0797    % 
LB close or above UB, fathomed
4943   1515   31         52.9807    58.8508    11.0797    % 
UB: 58.8507874015748
branching on 3 with b.
4944   1516   31         52.9807    58.8508    11.0797    % 
LB close or above UB, fathomed
4945   1515   25         52.9807    58.8508    11.0797    % 
LB close or above UB, fathomed
4946   1514   25         52.9807    58.8508    11.0797    % 
UB: 58.8507874015748
branching on 3 with b.
4947   1515   26         52.9807    58.8508    11.0797    % 
UB: 58.8507874015748
branching on 1 with b.
4948   1516   27         52.9807    58.8508    11.0797    % 
UB: 58.8507874015748
branching on 2 with b.
4949   1517   28         52.9807    58.8508    11.0797    % 
LB close or above UB, fathomed
4950   1516   28         52.9807    58.8508    11.0797    % 
UB: 58.8507874015748
branching on 3 with b.
4951   1517   29         52.9807    58.8508    11.0797    % 
UB: 58.8507874015748
branching on 1 with b.
4952   1518   29         52.9807    58.8508    11.0797    % 
LB close or above UB, fathomed
4953   1517   27         52.9807    58.8508    11.0797    % 
LB close or above UB, fathomed
4954   1516   26         52.9807    58.8508    11.0797    % 
LB close or above UB, fathomed
4955   1515   35         52.9807    58.8508    11.0797    % 
LB close or above UB, fathomed
4956   1514   35         52.9807    58.8508    11.0797    % 
UB: 58.8507874015748
branching on 1 with b.
4957   1515   31         52.9807    58.8508    11.0797    % 
UB: 58.8507874015748
branching on 3 with b.
4958   1516   31         52.9807    58.8508    11.0797    % 
LB close or above UB, fathomed
4959   1515   31         52.9807    58.8508    11.0797    % 
UB: 58.8507874015748
branching on 3 with b.
4960   1516   32         52.9807    58.8508    11.0797    % 
LB close or above UB, fathomed
4961   1515   32         52.9807    58.8508    11.0797    % 
UB: 58.8507874015748
branching on 1 with b.
4962   1516   33         52.9807    58.8508    11.0797    % 
UB: 58.8507874015748
branching on 2 with b.
4963   1517   34         52.9807    58.8508    11.0797    % 
UB: 58.8507874015748
branching on 3 with b.
4964   1518   34         52.9807    58.8508    11.0797    % 
LB close or above UB, fathomed
4965   1517   33         52.9807    58.8508    11.0797    % 
UB: 58.8507874015748
branching on 2 with b.
4966   1518   31         52.9807    58.8508    11.0797    % 
LB close or above UB, fathomed
4967   1517   28         52.9807    58.8508    11.0797    % 
LB close or above UB, fathomed
4968   1516   28         52.9807    58.8508    11.0797    % 
UB: 58.8507874015748
branching on 3 with b.
4969   1517   32         52.9807    58.8508    11.0797    % 
UB: 58.8507874015748
branching on 1 with b.
4970   1518   32         52.9807    58.8508    11.0797    % 
LB close or above UB, fathomed
4971   1517   18         52.9807    58.8508    11.0797    % 
LB close or above UB, fathomed
4972   1516   18         52.9807    58.8508    11.0797    % 
UB: 58.8507874015748
branching on CartesianIndex(1, 5) with c.
4973   1517   19         52.9807    58.8508    11.0797    % 
LB close or above UB, fathomed
4974   1516   19         52.9807    58.8508    11.0797    % 
UB: 58.8507874015748
branching on CartesianIndex(1, 6) with c.
4975   1517   20         52.9807    58.8508    11.0797    % 
LB close or above UB, fathomed
4976   1516   20         52.9807    58.8508    11.0797    % 
UB: 58.8507874015748
branching on 2 with b.
4977   1517   21         52.9807    58.8508    11.0797    % 
LB close or above UB, fathomed
4978   1516   21         52.9807    58.8508    11.0797    % 
UB: 58.8507874015748
branching on CartesianIndex(1, 5) with c.
4979   1517   22         52.9807    58.8508    11.0797    % 
UB: 58.8507874015748
branching on CartesianIndex(1, 6) with c.
4980   1518   23         52.9807    58.8508    11.0797    % 
LB close or above UB, fathomed
4981   1517   23         52.9807    58.8508    11.0797    % 
UB: 58.8507874015748
branching on CartesianIndex(1, 7) with c.
4982   1518   24         52.9807    58.8508    11.0797    % 
UB: 58.8507874015748
branching on 3 with b.
4983   1519   24         52.9807    58.8508    11.0797    % 
LB close or above UB, fathomed
4984   1518   22         52.9807    58.8508    11.0797    % 
LB close or above UB, fathomed
4985   1517   20         52.9807    58.8508    11.0797    % 
LB close or above UB, fathomed
4986   1516   20         52.9807    58.8508    11.0797    % 
UB: 58.8507874015748
branching on CartesianIndex(1, 4) with c.
4987   1517   15         52.9807    58.8508    11.0797    % 
LB close or above UB, fathomed
4988   1516   15         52.9807    58.8508    11.0797    % 
UB: 58.8507874015748
branching on CartesianIndex(1, 3) with a.
4989   1517   16         52.9807    58.8508    11.0797    % 
UB: 58.8507874015748
branching on CartesianIndex(2, 3) with a.
4990   1518   17         52.9807    58.8508    11.0797    % 
UB: 58.8507874015748
branching on CartesianIndex(3, 3) with a.
4991   1519   18         52.9807    58.8508    11.0797    % 
LB close or above UB, fathomed
4992   1518   18         52.9807    58.8508    11.0797    % 
UB: 58.8507874015748
branching on CartesianIndex(1, 4) with c.
4993   1519   17         52.9807    58.8508    11.0797    % 
LB close or above UB, fathomed
4994   1518   16         52.9807    58.8508    11.0797    % 
LB close or above UB, fathomed
4995   1517   25         52.9807    58.8508    11.0797    % 
LB close or above UB, fathomed
4996   1516   25         52.9807    58.8508    11.0797    % 
UB: 58.8507874015748
branching on 1 with b.
4997   1517   26         52.9807    58.8508    11.0797    % 
UB: 58.8507874015748
branching on 2 with b.
4998   1518   27         52.9807    58.8508    11.0797    % 
UB: 58.8507874015748
branching on 3 with b.
4999   1519   27         52.9807    58.8508    11.0797    % 
UB: 58.8507874015748
branching on 3 with b.
5000   1520   26         52.9807    58.8508    11.0797    % 
LB close or above UB, fathomed
5001   1519   32         52.9807    58.8508    11.0797    % 
LB close or above UB, fathomed
5002   1518   32         52.9807    58.8508    11.0797    % 
UB: 58.8507874015748
branching on 1 with b.
5003   1519   33         52.9807    58.8508    11.0797    % 
UB: 58.8507874015748
branching on 2 with b.
5004   1520   33         52.9807    58.8508    11.0797    % 
UB: 58.8507874015748
branching on 2 with b.
5005   1521   28         52.9807    58.8508    11.0797    % 
UB: 58.8507874015748
branching on 1 with b.
5006   1522   28         52.9807    58.8508    11.0797    % 
LB close or above UB, fathomed
5007   1521   28         52.9807    58.8508    11.0797    % 
UB: 58.8507874015748
branching on 1 with b.
5008   1522   28         52.9807    58.8508    11.0797    % 
LB close or above UB, fathomed
5009   1521   28         52.9807    58.8508    11.0797    % 
UB: 58.8507874015748
branching on 1 with b.
5010   1522   28         52.9807    58.8508    11.0797    % 
LB close or above UB, fathomed
5011   1521   28         52.9807    58.8508    11.0797    % 
UB: 58.8507874015748
branching on 1 with b.
5012   1522   28         52.9807    58.8508    11.0797    % 
LB close or above UB, fathomed
5013   1521   28         52.9807    58.8508    11.0797    % 
UB: 58.8507874015748
branching on 1 with b.
5014   1522   28         52.9807    58.8508    11.0797    % 
LB close or above UB, fathomed
5015   1521   25         52.9807    58.8508    11.0797    % 
UB: 58.8507874015748
branching on 1 with b.
5016   1522   25         52.9807    58.8508    11.0797    % 
LB close or above UB, fathomed
5017   1521   27         52.9807    58.8508    11.0797    % 
UB: 58.8507874015748
branching on 1 with b.
5018   1522   27         52.9807    58.8508    11.0797    % 
LB close or above UB, fathomed
5019   1521   28         52.9807    58.8508    11.0797    % 
UB: 58.8507874015748
branching on 1 with b.
5020   1522   28         52.9807    58.8508    11.0797    % 
LB close or above UB, fathomed
5021   1521   26         52.9807    58.8508    11.0797    % 
LB close or above UB, fathomed
5022   1520   26         52.9807    58.8508    11.0797    % 
UB: 58.8507874015748
branching on 2 with b.
5023   1521   26         52.9807    58.8508    11.0797    % 
UB: 58.8507874015748
branching on 1 with b.
5024   1522   27         52.9807    58.8508    11.0797    % 
LB close or above UB, fathomed
5025   1521   27         52.9807    58.8508    11.0797    % 
LB close or above UB, fathomed
5026   1520   26         52.9807    58.8508    11.0797    % 
LB close or above UB, fathomed
5027   1519   24         52.9807    58.8508    11.0797    % 
LB close or above UB, fathomed
5028   1518   24         52.9807    58.8508    11.0797    % 
UB: 58.8507874015748
branching on 2 with b.
5029   1519   25         52.9807    58.8508    11.0797    % 
LB close or above UB, fathomed
5030   1518   25         52.9807    58.8508    11.0797    % 
UB: 58.8507874015748
branching on CartesianIndex(1, 7) with c.
5031   1519   26         52.9807    58.8508    11.0797    % 
UB: 58.8507874015748
branching on 2 with b.
5032   1520   27         52.9807    58.8508    11.0797    % 
UB: 58.8507874015748
branching on 3 with b.
5033   1521   28         52.9807    58.8508    11.0797    % 
UB: 58.8507874015748
branching on 1 with b.
5034   1522   29         52.9807    58.8508    11.0797    % 
LB close or above UB, fathomed
5035   1521   29         52.9807    58.8508    11.0797    % 
LB close or above UB, fathomed
5036   1520   28         52.9807    58.8508    11.0797    % 
LB close or above UB, fathomed
5037   1519   27         52.9807    58.8508    11.0797    % 
UB: 58.8507874015748
branching on 3 with b.
5038   1520   26         52.9807    58.8508    11.0797    % 
LB close or above UB, fathomed
5039   1519   25         52.9807    58.8508    11.0797    % 
UB: 58.8507874015748
branching on 1 with b.
5040   1520   25         52.9807    58.8508    11.0797    % 
LB close or above UB, fathomed
5041   1519   27         52.9807    58.8508    11.0797    % 
UB: 58.8507874015748
branching on 3 with b.
5042   1520   28         52.9807    58.8508    11.0797    % 
UB: 58.8507874015748
branching on 1 with b.
5043   1521   29         52.9807    58.8508    11.0797    % 
LB close or above UB, fathomed
5044   1520   29         52.9807    58.8508    11.0797    % 
LB close or above UB, fathomed
5045   1519   28         52.9807    58.8508    11.0797    % 
LB close or above UB, fathomed
5046   1518   27         52.9807    58.8508    11.0797    % 
LB close or above UB, fathomed
5047   1517   27         52.9807    58.8508    11.0797    % 
LB close or above UB, fathomed
5048   1516   27         52.9807    58.8508    11.0797    % 
LB close or above UB, fathomed
5049   1515   25         52.9807    58.8508    11.0797    % 
UB: 58.8507874015748
branching on 1 with b.
5050   1516   26         52.9807    58.8508    11.0797    % 
LB close or above UB, fathomed
5051   1515   26         52.9807    58.8508    11.0797    % 
LB close or above UB, fathomed
5052   1514   25         52.9807    58.8508    11.0797    % 
LB close or above UB, fathomed
5053   1513   26         52.9807    58.8508    11.0797    % 
UB: 58.8507874015748
branching on 3 with b.
5054   1514   27         52.9807    58.8508    11.0797    % 
UB: 58.8507874015748
branching on 1 with b.
5055   1515   28         52.9807    58.8508    11.0797    % 
LB close or above UB, fathomed
5056   1514   28         52.9807    58.8508    11.0797    % 
LB close or above UB, fathomed
5057   1513   27         52.9807    58.8508    11.0797    % 
LB close or above UB, fathomed
5058   1512   26         52.9807    58.8508    11.0797    % 
UB: 58.8507874015748
branching on 3 with b.
5059   1513   27         52.9807    58.8508    11.0797    % 
UB: 58.8507874015748
branching on 3 with b.
5060   1514   28         52.9807    58.8508    11.0797    % 
UB: 58.8507874015748
branching on 1 with b.
5061   1515   29         52.9807    58.8508    11.0797    % 
LB close or above UB, fathomed
5062   1514   29         52.9807    58.8508    11.0797    % 
LB close or above UB, fathomed
5063   1513   28         52.9807    58.8508    11.0797    % 
LB close or above UB, fathomed
5064   1512   27         52.9807    58.8508    11.0797    % 
UB: 58.8507874015748
branching on 3 with b.
5065   1513   28         52.9807    58.8508    11.0797    % 
UB: 58.8507874015748
branching on 1 with b.
5066   1514   28         52.9807    58.8508    11.0797    % 
LB close or above UB, fathomed
5067   1513   27         52.9807    58.8508    11.0797    % 
UB: 58.8507874015748
branching on 3 with b.
5068   1514   27         52.9807    58.8508    11.0797    % 
UB: 58.8507874015748
branching on 3 with b.
5069   1515   28         52.9807    58.8508    11.0797    % 
UB: 58.8507874015748
branching on 1 with b.
5070   1516   28         52.9807    58.8508    11.0797    % 
LB close or above UB, fathomed
5071   1515   28         52.9807    58.8508    11.0797    % 
UB: 58.8507874015748
branching on 1 with b.
5072   1516   28         52.9807    58.8508    11.0797    % 
LB close or above UB, fathomed
5073   1515   28         52.9807    58.8508    11.0797    % 
UB: 58.8507874015748
branching on 1 with b.
5074   1516   29         52.9807    58.8508    11.0797    % 
LB close or above UB, fathomed
5075   1515   29         52.9807    58.8508    11.0797    % 
LB close or above UB, fathomed
5076   1514   28         52.9807    58.8508    11.0797    % 
LB close or above UB, fathomed
5077   1513   25         52.9807    58.8508    11.0797    % 
UB: 58.8507874015748
branching on 3 with b.
5078   1514   26         52.9807    58.8508    11.0797    % 
UB: 58.8507874015748
branching on 1 with b.
5079   1515   26         52.9807    58.8508    11.0797    % 
LB close or above UB, fathomed
5080   1514   25         52.9807    58.8508    11.0797    % 
LB close or above UB, fathomed
5081   1513   29         52.9807    58.8508    11.0797    % 
UB: 58.8507874015748
branching on 2 with b.
5082   1514   29         52.9807    58.8508    11.0797    % 
UB: 58.8507874015748
branching on 2 with b.
5083   1515   17         52.9807    58.8508    11.0797    % 
UB: 58.8507874015748
branching on 3 with b.
5084   1516   18         52.9807    58.8508    11.0797    % 
UB: 58.8507874015748
branching on 1 with b.
5085   1517   19         52.9807    58.8508    11.0797    % 
UB: 58.8507874015748
branching on 2 with b.
5086   1518   19         52.9807    58.8508    11.0797    % 
UB: 58.8507874015748
branching on 2 with b.
5087   1519   18         52.9807    58.8508    11.0797    % 
LB close or above UB, fathomed
5088   1518   17         52.9807    58.8508    11.0797    % 
LB close or above UB, fathomed
5089   1517   32         52.9807    58.8508    11.0797    % 
UB: 58.8507874015748
branching on 1 with b.
5090   1518   33         52.9807    58.8508    11.0797    % 
UB: 58.8507874015748
branching on 2 with b.
5091   1519   33         52.9807    58.8508    11.0797    % 
UB: 58.8507874015748
branching on 2 with b.
5092   1520   32         52.9807    58.8508    11.0797    % 
LB close or above UB, fathomed
5093   1519   28         52.9807    58.8508    11.0797    % 
LB close or above UB, fathomed
5094   1518   28         52.9807    58.8508    11.0797    % 
UB: 58.8507874015748
branching on 1 with b.
5095   1519   29         52.9807    58.8508    11.0797    % 
UB: 58.8507874015748
branching on 2 with b.
5096   1520   29         52.9807    58.8508    11.0797    % 
UB: 58.8507874015748
branching on 2 with b.
5097   1521   38         52.9807    58.8508    11.0797    % 
UB: 58.8507874015748
branching on 1 with b.
5098   1522   38         52.9807    58.8508    11.0797    % 
LB close or above UB, fathomed
5099   1521   33         52.9807    58.8508    11.0797    % 
UB: 58.8507874015748
branching on 3 with b.
5100   1522   34         52.9807    58.8508    11.0797    % 
LB close or above UB, fathomed
5101   1521   34         52.9807    58.8508    11.0797    % 
LB close or above UB, fathomed
5102   1520   33         52.9807    58.8508    11.0797    % 
LB close or above UB, fathomed
5103   1519   39         52.9807    58.8508    11.0797    % 
UB: 58.8507874015748
branching on 2 with b.
5104   1520   40         52.9807    58.8508    11.0797    % 
UB: 58.8507874015748
branching on 3 with b.
5105   1521   40         52.9807    58.8508    11.0797    % 
UB: 58.8507874015748
branching on 3 with b.
5106   1522   39         52.9807    58.8508    11.0797    % 
UB: 58.8507874015748
branching on 2 with b.
5107   1523   40         52.9807    58.8508    11.0797    % 
UB: 58.8507874015748
branching on 3 with b.
5108   1524   40         52.9807    58.8508    11.0797    % 
UB: 58.8507874015748
branching on 3 with b.
5109   1525   39         52.9807    58.8508    11.0797    % 
UB: 58.8507874015748
branching on 2 with b.
5110   1526   40         52.9807    58.8508    11.0797    % 
UB: 58.8507874015748
branching on 3 with b.
5111   1527   40         52.9807    58.8508    11.0797    % 
UB: 58.8507874015748
branching on 3 with b.
5112   1528   39         52.9807    58.8508    11.0797    % 
UB: 58.8507874015748
branching on 2 with b.
5113   1529   40         52.9807    58.8508    11.0797    % 
UB: 58.8507874015748
branching on 3 with b.
5114   1530   40         52.9807    58.8508    11.0797    % 
UB: 58.8507874015748
branching on 3 with b.
5115   1531   30         52.9807    58.8508    11.0797    % 
UB: 58.8507874015748
branching on 3 with b.
5116   1532   31         52.9807    58.8508    11.0797    % 
LB close or above UB, fathomed
5117   1531   31         52.9807    58.8508    11.0797    % 
UB: 58.8507874015748
branching on 1 with b.
5118   1532   30         52.9807    58.8508    11.0797    % 
LB close or above UB, fathomed
5119   1531   25         52.9807    58.8508    11.0797    % 
LB close or above UB, fathomed
5120   1530   25         52.9807    58.8508    11.0797    % 
UB: 58.8507874015748
branching on 2 with b.
5121   1531   24         52.9807    58.8508    11.0797    % 
LB close or above UB, fathomed
5122   1530   24         52.9807    58.8508    11.0797    % 
UB: 58.8507874015748
branching on 2 with b.
5123   1531   27         52.9807    58.8508    11.0797    % 
LB close or above UB, fathomed
5124   1530   27         52.9807    58.8508    11.0797    % 
LB close or above UB, fathomed
5125   1529   35         52.9807    58.8508    11.0797    % 
LB close or above UB, fathomed
5126   1528   35         52.9807    58.8508    11.0797    % 
UB: 58.8507874015748
branching on 1 with b.
5127   1529   36         52.9807    58.8508    11.0797    % 
UB: 58.8507874015748
branching on 2 with b.
5128   1530   37         52.9807    58.8508    11.0797    % 
UB: 58.8507874015748
branching on 3 with b.
5129   1531   37         52.9807    58.8508    11.0797    % 
UB: 58.8507874015748
branching on 3 with b.
5130   1532   36         52.9807    58.8508    11.0797    % 
UB: 58.8507874015748
branching on 2 with b.
5131   1533   37         52.9807    58.8508    11.0797    % 
UB: 58.8507874015748
branching on 3 with b.
5132   1534   37         52.9807    58.8508    11.0797    % 
UB: 58.8507874015748
branching on 3 with b.
5133   1535   34         52.9807    58.8508    11.0797    % 
UB: 58.8507874015748
branching on 3 with b.
5134   1536   34         52.9807    58.8508    11.0797    % 
LB close or above UB, fathomed
5135   1535   30         52.9807    58.8508    11.0797    % 
LB close or above UB, fathomed
5136   1534   30         52.9807    58.8508    11.0797    % 
UB: 58.8507874015748
branching on 3 with b.
5137   1535   35         52.9807    58.8508    11.0797    % 
UB: 58.8507874015748
branching on 1 with b.
5138   1536   36         52.9807    58.8508    11.0797    % 
UB: 58.8507874015748
branching on 2 with b.
5139   1537   36         52.9807    58.8508    11.0797    % 
UB: 58.8507874015748
branching on 2 with b.
5140   1538   37         52.9807    58.8508    11.0797    % 
UB: 58.8507874015748
branching on 3 with b.
5141   1539   37         52.9807    58.8508    11.0797    % 
UB: 58.8507874015748
branching on 3 with b.
5142   1540   35         52.9807    58.8508    11.0797    % 
LB close or above UB, fathomed
5143   1539   18         52.9807    58.8508    11.0797    % 
LB close or above UB, fathomed
5144   1538   18         52.9807    58.8508    11.0797    % 
UB: 58.8507874015748
branching on CartesianIndex(1, 5) with c.
5145   1539   19         52.9807    58.8508    11.0797    % 
UB: 58.8507874015748
branching on CartesianIndex(1, 6) with c.
5146   1540   19         52.9807    58.8508    11.0797    % 
LB close or above UB, fathomed
5147   1539   41         52.9807    58.8508    11.0797    % 
LB close or above UB, fathomed
5148   1538   41         52.9807    58.8508    11.0797    % 
UB: 58.8507874015748
branching on 1 with b.
5149   1539   35         52.9807    58.8508    11.0797    % 
UB: 58.8507874015748
branching on 3 with b.
5150   1540   35         52.9807    58.8508    11.0797    % 
UB: 58.8507874015748
branching on 3 with b.
5151   1541   35         52.9807    58.8508    11.0797    % 
UB: 58.8507874015748
branching on 3 with b.
5152   1542   35         52.9807    58.8508    11.0797    % 
UB: 58.8507874015748
branching on 3 with b.
5153   1543   24         52.9807    58.8508    11.0797    % 
LB close or above UB, fathomed
5154   1542   24         52.9807    58.8508    11.0797    % 
LB close or above UB, fathomed
5155   1541   24         52.9807    58.8508    11.0797    % 
LB close or above UB, fathomed
5156   1540   24         52.9807    58.8508    11.0797    % 
UB: 58.8507874015748
branching on 1 with b.
5157   1541   22         52.9807    58.8508    11.0797    % 
UB: 58.8507874015748
branching on 1 with b.
5158   1542   23         52.9807    58.8508    11.0797    % 
LB close or above UB, fathomed
5159   1541   23         52.9807    58.8508    11.0797    % 
UB: 58.8507874015748
branching on 2 with b.
5160   1542   22         52.9807    58.8508    11.0797    % 
LB close or above UB, fathomed
5161   1541   13         52.9807    58.8508    11.0797    % 
UB: 58.8507874015748
branching on 2 with b.
5162   1542   14         52.9807    58.8508    11.0797    % 
LB close or above UB, fathomed
5163   1541   14         52.9807    58.8508    11.0797    % 
UB: 58.8507874015748
branching on 3 with b.
5164   1542   15         52.9807    58.8508    11.0797    % 
LB close or above UB, fathomed
5165   1541   15         52.9807    58.8508    11.0797    % 
UB: 58.8507874015748
branching on CartesianIndex(2, 2) with a.
5166   1542   16         52.9807    58.8508    11.0797    % 
UB: 58.8507874015748
branching on 1 with b.
5167   1543   16         52.9807    58.8508    11.0797    % 
LB close or above UB, fathomed
5168   1542   13         52.9807    58.8508    11.0797    % 
LB close or above UB, fathomed
5169   1541   30         52.9807    58.8508    11.0797    % 
UB: 58.8507874015748
branching on 2 with b.
5170   1542   30         52.9807    58.8508    11.0797    % 
UB: 58.8507874015748
branching on 2 with b.
5171   1543   33         52.9807    58.8508    11.0797    % 
LB close or above UB, fathomed
5172   1542   33         52.9807    58.8508    11.0797    % 
UB: 58.8507874015748
branching on 3 with b.
5173   1543   23         52.9807    58.8508    11.0797    % 
LB close or above UB, fathomed
5174   1542   23         52.9807    58.8508    11.0797    % 
UB: 58.8507874015748
branching on 2 with b.
5175   1543   38         52.9807    58.8508    11.0797    % 
UB: 58.8507874015748
branching on 1 with b.
5176   1544   38         52.9807    58.8508    11.0797    % 
LB close or above UB, fathomed
5177   1543   35         52.9807    58.8508    11.0797    % 
UB: 58.8507874015748
branching on 3 with b.
5178   1544   35         52.9807    58.8508    11.0797    % 
UB: 58.8507874015748
branching on 3 with b.
5179   1545   35         52.9807    58.8508    11.0797    % 
UB: 58.8507874015748
branching on 3 with b.
5180   1546   35         52.9807    58.8508    11.0797    % 
UB: 58.8507874015748
branching on 3 with b.
5181   1547   24         52.9807    58.8508    11.0797    % 
LB close or above UB, fathomed
5182   1546   24         52.9807    58.8508    11.0797    % 
UB: 58.8507874015748
branching on 2 with b.
5183   1547   25         52.9807    58.8508    11.0797    % 
UB: 58.8507874015748
branching on 3 with b.
5184   1548   26         52.9807    58.8508    11.0797    % 
UB: 58.8507874015748
branching on 1 with b.
5185   1549   27         52.9807    58.8508    11.0797    % 
LB close or above UB, fathomed
5186   1548   27         52.9807    58.8508    11.0797    % 
LB close or above UB, fathomed
5187   1547   26         52.9807    58.8508    11.0797    % 
LB close or above UB, fathomed
5188   1546   25         52.9807    58.8508    11.0797    % 
UB: 58.8507874015748
branching on 3 with b.
5189   1547   37         52.9807    58.8508    11.0797    % 
UB: 58.8507874015748
branching on 3 with b.
5190   1548   37         52.9807    58.8508    11.0797    % 
UB: 58.8507874015748
branching on 3 with b.
5191   1549   33         52.9807    58.8508    11.0797    % 
UB: 58.8507874015748
branching on 3 with b.
5192   1550   34         52.9807    58.8508    11.0797    % 
UB: 58.8507874015748
branching on 1 with b.
5193   1551   35         52.9807    58.8508    11.0797    % 
UB: 58.8507874015748
branching on 2 with b.
5194   1552   35         52.9807    58.8508    11.0797    % 
UB: 58.8507874015748
branching on 2 with b.
5195   1553   36         52.9807    58.8508    11.0797    % 
UB: 58.8507874015748
branching on 3 with b.
5196   1554   36         52.9807    58.8508    11.0797    % 
LB close or above UB, fathomed
5197   1553   34         52.9807    58.8508    11.0797    % 
LB close or above UB, fathomed
5198   1552   33         52.9807    58.8508    11.0797    % 
LB close or above UB, fathomed
5199   1551   23         52.9807    58.8508    11.0797    % 
LB close or above UB, fathomed
5200   1550   23         52.9807    58.8508    11.0797    % 
UB: 58.8507874015748
branching on 2 with b.
5201   1551   24         52.9807    58.8508    11.0797    % 
UB: 58.8507874015748
branching on 3 with b.
5202   1552   25         52.9807    58.8508    11.0797    % 
UB: 58.8507874015748
branching on 1 with b.
5203   1553   26         52.9807    58.8508    11.0797    % 
LB close or above UB, fathomed
5204   1552   26         52.9807    58.8508    11.0797    % 
LB close or above UB, fathomed
5205   1551   25         52.9807    58.8508    11.0797    % 
LB close or above UB, fathomed
5206   1550   24         52.9807    58.8508    11.0797    % 
UB: 58.8507874015748
branching on 3 with b.
5207   1551   34         52.9807    58.8508    11.0797    % 
LB close or above UB, fathomed
5208   1550   34         52.9807    58.8508    11.0797    % 
LB close or above UB, fathomed
5209   1549   32         52.9807    58.8508    11.0797    % 
LB close or above UB, fathomed
5210   1548   32         52.9807    58.8508    11.0797    % 
LB close or above UB, fathomed
5211   1547   26         52.9807    58.8508    11.0797    % 
LB close or above UB, fathomed
5212   1546   26         52.9807    58.8508    11.0797    % 
UB: 58.8507874015748
branching on 2 with b.
5213   1547   27         52.9807    58.8508    11.0797    % 
UB: 58.8507874015748
branching on 3 with b.
5214   1548   28         52.9807    58.8508    11.0797    % 
UB: 58.8507874015748
branching on 1 with b.
5215   1549   29         52.9807    58.8508    11.0797    % 
LB close or above UB, fathomed
5216   1548   29         52.9807    58.8508    11.0797    % 
LB close or above UB, fathomed
5217   1547   28         52.9807    58.8508    11.0797    % 
LB close or above UB, fathomed
5218   1546   27         52.9807    58.8508    11.0797    % 
UB: 58.8507874015748
branching on 3 with b.
5219   1547   33         52.9807    58.8508    11.0797    % 
UB: 58.8507874015748
branching on 1 with b.
5220   1548   34         52.9807    58.8508    11.0797    % 
UB: 58.8507874015748
branching on 2 with b.
5221   1549   34         52.9807    58.8508    11.0797    % 
UB: 58.8507874015748
branching on 2 with b.
5222   1550   35         52.9807    58.8508    11.0797    % 
UB: 58.8507874015748
branching on 3 with b.
5223   1551   35         52.9807    58.8508    11.0797    % 
UB: 58.8507874015748
branching on 3 with b.
5224   1552   33         52.9807    58.8508    11.0797    % 
UB: 58.8507874015748
branching on 1 with b.
5225   1553   31         52.9807    58.8508    11.0797    % 
LB close or above UB, fathomed
5226   1552   31         52.9807    58.8508    11.0797    % 
UB: 58.8507874015748
branching on 1 with b.
5227   1553   28         52.9807    58.8508    11.0797    % 
LB close or above UB, fathomed
5228   1552   28         52.9807    58.8508    11.0797    % 
UB: 58.8507874015748
branching on 1 with b.
5229   1553   29         52.9807    58.8508    11.0797    % 
LB close or above UB, fathomed
5230   1552   29         52.9807    58.8508    11.0797    % 
UB: 58.8507874015748
branching on 2 with b.
5231   1553   26         52.9807    58.8508    11.0797    % 
UB: 58.8507874015748
branching on 3 with b.
5232   1554   26         52.9807    58.8508    11.0797    % 
LB close or above UB, fathomed
5233   1553   34         52.9807    58.8508    11.0797    % 
LB close or above UB, fathomed
5234   1552   34         52.9807    58.8508    11.0797    % 
LB close or above UB, fathomed
5235   1551   36         52.9807    58.8508    11.0797    % 
UB: 58.8507874015748
branching on 2 with b.
5236   1552   37         52.9807    58.8508    11.0797    % 
UB: 58.8507874015748
branching on 3 with b.
5237   1553   37         52.9807    58.8508    11.0797    % 
UB: 58.8507874015748
branching on 3 with b.
5238   1554   36         52.9807    58.8508    11.0797    % 
UB: 58.8507874015748
branching on 2 with b.
5239   1555   27         52.9807    58.8508    11.0797    % 
LB close or above UB, fathomed
5240   1554   27         52.9807    58.8508    11.0797    % 
LB close or above UB, fathomed
5241   1553   31         52.9807    58.8508    11.0797    % 
UB: 58.8507874015748
branching on 3 with b.
5242   1554   31         52.9807    58.8508    11.0797    % 
LB close or above UB, fathomed
5243   1553   32         52.9807    58.8508    11.0797    % 
LB close or above UB, fathomed
5244   1552   32         52.9807    58.8508    11.0797    % 
UB: 58.8507874015748
branching on 1 with b.
5245   1553   34         52.9807    58.8508    11.0797    % 
UB: 58.8507874015748
branching on 1 with b.
5246   1554   35         52.9807    58.8508    11.0797    % 
UB: 58.8507874015748
branching on 2 with b.
5247   1555   36         52.9807    58.8508    11.0797    % 
LB close or above UB, fathomed
5248   1554   36         52.9807    58.8508    11.0797    % 
UB: 58.8507874015748
branching on 3 with b.
5249   1555   35         52.9807    58.8508    11.0797    % 
UB: 58.8507874015748
branching on 2 with b.
5250   1556   34         52.9807    58.8508    11.0797    % 
UB: 58.8507874015748
branching on 1 with b.
5251   1557   22         52.9807    58.8508    11.0797    % 
LB close or above UB, fathomed
5252   1556   22         52.9807    58.8508    11.0797    % 
UB: 58.8507874015748
branching on CartesianIndex(1, 7) with c.
5253   1557   23         52.9807    58.8508    11.0797    % 
UB: 58.8507874015748
branching on 2 with b.
5254   1558   24         52.9807    58.8508    11.0797    % 
UB: 58.8507874015748
branching on 3 with b.
5255   1559   25         52.9807    58.8508    11.0797    % 
LB close or above UB, fathomed
5256   1558   25         52.9807    58.8508    11.0797    % 
UB: 58.8507874015748
branching on 1 with b.
5257   1559   24         52.9807    58.8508    11.0797    % 
UB: 58.8507874015748
branching on 3 with b.
5258   1560   25         52.9807    58.8508    11.0797    % 
LB close or above UB, fathomed
5259   1559   25         52.9807    58.8508    11.0797    % 
UB: 58.8507874015748
branching on 1 with b.
5260   1560   23         52.9807    58.8508    11.0797    % 
LB close or above UB, fathomed
5261   1559   25         52.9807    58.8508    11.0797    % 
LB close or above UB, fathomed
5262   1558   25         52.9807    58.8508    11.0797    % 
UB: 58.8507874015748
branching on CartesianIndex(1, 7) with c.
5263   1559   33         52.9807    58.8508    11.0797    % 
UB: 58.8507874015748
branching on 3 with b.
5264   1560   33         52.9807    58.8508    11.0797    % 
LB close or above UB, fathomed
5265   1559   32         52.9807    58.8508    11.0797    % 
LB close or above UB, fathomed
5266   1558   32         52.9807    58.8508    11.0797    % 
LB close or above UB, fathomed
5267   1557   39         52.9807    58.8508    11.0797    % 
UB: 58.8507874015748
branching on 2 with b.
5268   1558   40         52.9807    58.8508    11.0797    % 
UB: 58.8507874015748
branching on 3 with b.
5269   1559   40         52.9807    58.8508    11.0797    % 
UB: 58.8507874015748
branching on 3 with b.
5270   1560   39         52.9807    58.8508    11.0797    % 
UB: 58.8507874015748
branching on 2 with b.
5271   1561   38         52.9807    58.8508    11.0797    % 
UB: 58.8507874015748
branching on 1 with b.
5272   1562   38         52.9807    58.8508    11.0797    % 
LB close or above UB, fathomed
5273   1561   24         52.9807    58.8508    11.0797    % 
UB: 58.8507874015748
branching on 3 with b.
5274   1562   25         52.9807    58.8508    11.0797    % 
UB: 58.8507874015748
branching on 1 with b.
5275   1563   25         52.9807    58.8508    11.0797    % 
LB close or above UB, fathomed
5276   1562   24         52.9807    58.8508    11.0797    % 
LB close or above UB, fathomed
5277   1561   33         52.9807    58.8508    11.0797    % 
LB close or above UB, fathomed
5278   1560   33         52.9807    58.8508    11.0797    % 
UB: 58.8507874015748
branching on 2 with b.
5279   1561   34         52.9807    58.8508    11.0797    % 
UB: 58.8507874015748
branching on 3 with b.
5280   1562   35         52.9807    58.8508    11.0797    % 
LB close or above UB, fathomed
5281   1561   35         52.9807    58.8508    11.0797    % 
UB: 58.8507874015748
branching on 1 with b.
5282   1562   34         52.9807    58.8508    11.0797    % 
LB close or above UB, fathomed
5283   1561   30         52.9807    58.8508    11.0797    % 
UB: 58.8507874015748
branching on 3 with b.
5284   1562   31         52.9807    58.8508    11.0797    % 
UB: 58.8507874015748
branching on 1 with b.
5285   1563   31         52.9807    58.8508    11.0797    % 
LB close or above UB, fathomed
5286   1562   30         52.9807    58.8508    11.0797    % 
LB close or above UB, fathomed
5287   1561   30         52.9807    58.8508    11.0797    % 
UB: 58.8507874015748
branching on 3 with b.
5288   1562   31         52.9807    58.8508    11.0797    % 
UB: 58.8507874015748
branching on 1 with b.
5289   1563   31         52.9807    58.8508    11.0797    % 
LB close or above UB, fathomed
5290   1562   30         52.9807    58.8508    11.0797    % 
LB close or above UB, fathomed
5291   1561   32         52.9807    58.8508    11.0797    % 
LB close or above UB, fathomed
5292   1560   32         52.9807    58.8508    11.0797    % 
UB: 58.8507874015748
branching on 3 with b.
5293   1561   33         52.9807    58.8508    11.0797    % 
UB: 58.8507874015748
branching on 1 with b.
5294   1562   34         52.9807    58.8508    11.0797    % 
UB: 58.8507874015748
branching on 2 with b.
5295   1563   35         52.9807    58.8508    11.0797    % 
LB close or above UB, fathomed
5296   1562   35         52.9807    58.8508    11.0797    % 
UB: 58.8507874015748
branching on 3 with b.
5297   1563   34         52.9807    58.8508    11.0797    % 
UB: 58.8507874015748
branching on 2 with b.
5298   1564   35         52.9807    58.8508    11.0797    % 
LB close or above UB, fathomed
5299   1563   35         52.9807    58.8508    11.0797    % 
UB: 58.8507874015748
branching on 3 with b.
5300   1564   33         52.9807    58.8508    11.0797    % 
UB: 58.8507874015748
branching on 1 with b.
5301   1565   32         52.9807    58.8508    11.0797    % 
LB close or above UB, fathomed
5302   1564   32         52.9807    58.8508    11.0797    % 
UB: 58.8507874015748
branching on 3 with b.
5303   1565   32         52.9807    58.8508    11.0797    % 
UB: 58.8507874015748
branching on 2 with b.
5304   1566   32         52.9807    58.8508    11.0797    % 
UB: 58.8507874015748
branching on 2 with b.
5305   1567   29         52.9807    58.8508    11.0797    % 
LB close or above UB, fathomed
5306   1566   29         52.9807    58.8508    11.0797    % 
UB: 58.8507874015748
branching on 1 with b.
5307   1567   29         52.9807    58.8508    11.0797    % 
LB close or above UB, fathomed
5308   1566   29         52.9807    58.8508    11.0797    % 
UB: 58.8507874015748
branching on 1 with b.
5309   1567   30         52.9807    58.8508    11.0797    % 
UB: 58.8507874015748
branching on 2 with b.
5310   1568   30         52.9807    58.8508    11.0797    % 
UB: 58.8507874015748
branching on 2 with b.
5311   1569   39         52.9807    58.8508    11.0797    % 
UB: 58.8507874015748
branching on 2 with b.
5312   1570   40         52.9807    58.8508    11.0797    % 
LB close or above UB, fathomed
5313   1569   40         52.9807    58.8508    11.0797    % 
UB: 58.8507874015748
branching on 3 with b.
5314   1570   39         52.9807    58.8508    11.0797    % 
UB: 58.8507874015748
branching on 2 with b.
5315   1571   38         52.9807    58.8508    11.0797    % 
UB: 58.8507874015748
branching on 1 with b.
5316   1572   39         52.9807    58.8508    11.0797    % 
UB: 58.8507874015748
branching on 2 with b.
5317   1573   40         52.9807    58.8508    11.0797    % 
UB: 58.8507874015748
branching on 3 with b.
5318   1574   40         52.9807    58.8508    11.0797    % 
UB: 58.8507874015748
branching on 3 with b.
5319   1575   39         52.9807    58.8508    11.0797    % 
UB: 58.8507874015748
branching on 2 with b.
5320   1576   38         52.9807    58.8508    11.0797    % 
LB close or above UB, fathomed
5321   1575   38         52.9807    58.8508    11.0797    % 
UB: 58.8507874015748
branching on 1 with b.
5322   1576   39         52.9807    58.8508    11.0797    % 
UB: 58.8507874015748
branching on 2 with b.
5323   1577   40         52.9807    58.8508    11.0797    % 
LB close or above UB, fathomed
5324   1576   40         52.9807    58.8508    11.0797    % 
UB: 58.8507874015748
branching on 3 with b.
5325   1577   39         52.9807    58.8508    11.0797    % 
UB: 58.8507874015748
branching on 2 with b.
5326   1578   38         52.9807    58.8508    11.0797    % 
LB close or above UB, fathomed
5327   1577   37         52.9807    58.8508    11.0797    % 
UB: 58.8507874015748
branching on 3 with b.
5328   1578   37         52.9807    58.8508    11.0797    % 
UB: 58.8507874015748
branching on 3 with b.
5329   1579   24         52.9807    58.8508    11.0797    % 
LB close or above UB, fathomed
5330   1578   24         52.9807    58.8508    11.0797    % 
UB: 58.8507874015748
branching on 1 with b.
5331   1579   25         52.9807    58.8508    11.0797    % 
UB: 58.8507874015748
branching on 2 with b.
5332   1580   25         52.9807    58.8508    11.0797    % 
UB: 58.8507874015748
branching on 2 with b.
5333   1581   26         52.9807    58.8508    11.0797    % 
LB close or above UB, fathomed
5334   1580   26         52.9807    58.8508    11.0797    % 
UB: 58.8507874015748
branching on 3 with b.
5335   1581   27         52.9807    58.8508    11.0797    % 
LB close or above UB, fathomed
5336   1580   27         52.9807    58.8508    11.0797    % 
UB: 58.8507874015748
branching on 1 with b.
5337   1581   30         52.9807    58.8508    11.0797    % 
UB: 58.8507874015748
branching on 2 with b.
5338   1582   30         52.9807    58.8508    11.0797    % 
UB: 58.8507874015748
branching on 2 with b.
5339   1583   36         52.9807    58.8508    11.0797    % 
UB: 58.8507874015748
branching on 2 with b.
5340   1584   37         52.9807    58.8508    11.0797    % 
UB: 58.8507874015748
branching on 3 with b.
5341   1585   37         52.9807    58.8508    11.0797    % 
UB: 58.8507874015748
branching on 3 with b.
5342   1586   36         52.9807    58.8508    11.0797    % 
UB: 58.8507874015748
branching on 2 with b.
5343   1587   38         52.9807    58.8508    11.0797    % 
UB: 58.8507874015748
branching on 1 with b.
5344   1588   38         52.9807    58.8508    11.0797    % 
UB: 58.8507874015748
branching on 1 with b.
5345   1589   38         52.9807    58.8508    11.0797    % 
UB: 58.8507874015748
branching on 1 with b.
5346   1590   38         52.9807    58.8508    11.0797    % 
UB: 58.8507874015748
branching on 1 with b.
5347   1591   28         52.9807    58.8508    11.0797    % 
LB close or above UB, fathomed
5348   1590   28         52.9807    58.8508    11.0797    % 
LB close or above UB, fathomed
5349   1589   25         52.9807    58.8508    11.0797    % 
UB: 58.8507874015748
branching on 3 with b.
5350   1590   26         52.9807    58.8508    11.0797    % 
UB: 58.8507874015748
branching on 1 with b.
5351   1591   26         52.9807    58.8508    11.0797    % 
LB close or above UB, fathomed
5352   1590   25         52.9807    58.8508    11.0797    % 
UB: 58.8507874015748
branching on 3 with b.
5353   1591   26         52.9807    58.8508    11.0797    % 
UB: 58.8507874015748
branching on 1 with b.
5354   1592   26         52.9807    58.8508    11.0797    % 
LB close or above UB, fathomed
5355   1591   24         52.9807    58.8508    11.0797    % 
UB: 58.8507874015748
branching on 3 with b.
5356   1592   25         52.9807    58.8508    11.0797    % 
UB: 58.8507874015748
branching on 1 with b.
5357   1593   25         52.9807    58.8508    11.0797    % 
LB close or above UB, fathomed
5358   1592   24         52.9807    58.8508    11.0797    % 
UB: 58.8507874015748
branching on 3 with b.
5359   1593   25         52.9807    58.8508    11.0797    % 
UB: 58.8507874015748
branching on 1 with b.
5360   1594   25         52.9807    58.8508    11.0797    % 
LB close or above UB, fathomed
5361   1593   24         52.9807    58.8508    11.0797    % 
UB: 58.8507874015748
branching on 3 with b.
5362   1594   25         52.9807    58.8508    11.0797    % 
UB: 58.8507874015748
branching on 1 with b.
5363   1595   25         52.9807    58.8508    11.0797    % 
LB close or above UB, fathomed
5364   1594   24         52.9807    58.8508    11.0797    % 
UB: 58.8507874015748
branching on 3 with b.
5365   1595   25         52.9807    58.8508    11.0797    % 
UB: 58.8507874015748
branching on 1 with b.
5366   1596   25         52.9807    58.8508    11.0797    % 
LB close or above UB, fathomed
5367   1595   27         52.9807    58.8508    11.0797    % 
UB: 58.8507874015748
branching on 3 with b.
5368   1596   28         52.9807    58.8508    11.0797    % 
UB: 58.8507874015748
branching on 1 with b.
5369   1597   28         52.9807    58.8508    11.0797    % 
LB close or above UB, fathomed
5370   1596   27         52.9807    58.8508    11.0797    % 
LB close or above UB, fathomed
5371   1595   34         52.9807    58.8508    11.0797    % 
UB: 58.8507874015748
branching on 2 with b.
5372   1596   34         52.9807    58.8508    11.0797    % 
LB close or above UB, fathomed
5373   1595   27         52.9807    58.8508    11.0797    % 
UB: 58.8507874015748
branching on 3 with b.
5374   1596   28         52.9807    58.8508    11.0797    % 
UB: 58.8507874015748
branching on 1 with b.
5375   1597   28         52.9807    58.8508    11.0797    % 
LB close or above UB, fathomed
5376   1596   27         52.9807    58.8508    11.0797    % 
UB: 58.8507874015748
branching on 3 with b.
5377   1597   28         52.9807    58.8508    11.0797    % 
UB: 58.8507874015748
branching on 1 with b.
5378   1598   28         52.9807    58.8508    11.0797    % 
LB close or above UB, fathomed
5379   1597   27         52.9807    58.8508    11.0797    % 
UB: 58.8507874015748
branching on 3 with b.
5380   1598   28         52.9807    58.8508    11.0797    % 
UB: 58.8507874015748
branching on 1 with b.
5381   1599   28         52.9807    58.8508    11.0797    % 
LB close or above UB, fathomed
5382   1598   27         52.9807    58.8508    11.0797    % 
UB: 58.8507874015748
branching on 3 with b.
5383   1599   28         52.9807    58.8508    11.0797    % 
UB: 58.8507874015748
branching on 1 with b.
5384   1600   28         52.9807    58.8508    11.0797    % 
LB close or above UB, fathomed
5385   1599   26         52.9807    58.8508    11.0797    % 
UB: 58.8507874015748
branching on 3 with b.
5386   1600   27         52.9807    58.8508    11.0797    % 
UB: 58.8507874015748
branching on 1 with b.
5387   1601   27         52.9807    58.8508    11.0797    % 
LB close or above UB, fathomed
5388   1600   26         52.9807    58.8508    11.0797    % 
UB: 58.8507874015748
branching on 3 with b.
5389   1601   27         52.9807    58.8508    11.0797    % 
UB: 58.8507874015748
branching on 1 with b.
5390   1602   27         52.9807    58.8508    11.0797    % 
LB close or above UB, fathomed
5391   1601   25         52.9807    58.8508    11.0797    % 
UB: 58.8507874015748
branching on 3 with b.
5392   1602   26         52.9807    58.8508    11.0797    % 
UB: 58.8507874015748
branching on 1 with b.
5393   1603   26         52.9807    58.8508    11.0797    % 
LB close or above UB, fathomed
5394   1602   25         52.9807    58.8508    11.0797    % 
UB: 58.8507874015748
branching on 3 with b.
5395   1603   26         52.9807    58.8508    11.0797    % 
UB: 58.8507874015748
branching on 1 with b.
5396   1604   26         52.9807    58.8508    11.0797    % 
LB close or above UB, fathomed
5397   1603   25         52.9807    58.8508    11.0797    % 
UB: 58.8507874015748
branching on 3 with b.
5398   1604   26         52.9807    58.8508    11.0797    % 
UB: 58.8507874015748
branching on 1 with b.
5399   1605   26         52.9807    58.8508    11.0797    % 
LB close or above UB, fathomed
5400   1604   25         52.9807    58.8508    11.0797    % 
UB: 58.8507874015748
branching on 3 with b.
5401   1605   26         52.9807    58.8508    11.0797    % 
UB: 58.8507874015748
branching on 1 with b.
5402   1606   26         52.9807    58.8508    11.0797    % 
LB close or above UB, fathomed
5403   1605   30         52.9807    58.8508    11.0797    % 
LB close or above UB, fathomed
5404   1604   30         52.9807    58.8508    11.0797    % 
UB: 58.8507874015748
branching on 3 with b.
5405   1605   26         52.9807    58.8508    11.0797    % 
UB: 58.8507874015748
branching on 3 with b.
5406   1606   27         52.9807    58.8508    11.0797    % 
UB: 58.8507874015748
branching on 1 with b.
5407   1607   27         52.9807    58.8508    11.0797    % 
LB close or above UB, fathomed
5408   1606   26         52.9807    58.8508    11.0797    % 
UB: 58.8507874015748
branching on 3 with b.
5409   1607   27         52.9807    58.8508    11.0797    % 
UB: 58.8507874015748
branching on 1 with b.
5410   1608   27         52.9807    58.8508    11.0797    % 
LB close or above UB, fathomed
5411   1607   36         52.9807    58.8508    11.0797    % 
UB: 58.8507874015748
branching on 1 with b.
5412   1608   37         52.9807    58.8508    11.0797    % 
UB: 58.8507874015748
branching on 2 with b.
5413   1609   38         52.9807    58.8508    11.0797    % 
LB close or above UB, fathomed
5414   1608   38         52.9807    58.8508    11.0797    % 
UB: 58.8507874015748
branching on 3 with b.
5415   1609   37         52.9807    58.8508    11.0797    % 
UB: 58.8507874015748
branching on 2 with b.
5416   1610   36         52.9807    58.8508    11.0797    % 
UB: 58.8507874015748
branching on 1 with b.
5417   1611   36         52.9807    58.8508    11.0797    % 
UB: 58.8507874015748
branching on 1 with b.
5418   1612   36         52.9807    58.8508    11.0797    % 
UB: 58.8507874015748
branching on 1 with b.
5419   1613   37         52.9807    58.8508    11.0797    % 
UB: 58.8507874015748
branching on 2 with b.
5420   1614   38         52.9807    58.8508    11.0797    % 
UB: 58.8507874015748
branching on 3 with b.
5421   1615   38         52.9807    58.8508    11.0797    % 
UB: 58.8507874015748
branching on 3 with b.
5422   1616   37         52.9807    58.8508    11.0797    % 
UB: 58.8507874015748
branching on 2 with b.
5423   1617   36         52.9807    58.8508    11.0797    % 
UB: 58.8507874015748
branching on 1 with b.
5424   1618   36         52.9807    58.8508    11.0797    % 
UB: 58.8507874015748
branching on 1 with b.
5425   1619   37         52.9807    58.8508    11.0797    % 
UB: 58.8507874015748
branching on 2 with b.
5426   1620   38         52.9807    58.8508    11.0797    % 
UB: 58.8507874015748
branching on 3 with b.
5427   1621   38         52.9807    58.8508    11.0797    % 
UB: 58.8507874015748
branching on 3 with b.
5428   1622   37         52.9807    58.8508    11.0797    % 
UB: 58.8507874015748
branching on 2 with b.
5429   1623   38         52.9807    58.8508    11.0797    % 
UB: 58.8507874015748
branching on 3 with b.
5430   1624   38         52.9807    58.8508    11.0797    % 
UB: 58.8507874015748
branching on 3 with b.
5431   1625   25         52.9807    58.8508    11.0797    % 
UB: 58.8507874015748
branching on 3 with b.
5432   1626   26         52.9807    58.8508    11.0797    % 
UB: 58.8507874015748
branching on 1 with b.
5433   1627   26         52.9807    58.8508    11.0797    % 
LB close or above UB, fathomed
5434   1626   25         52.9807    58.8508    11.0797    % 
UB: 58.8507874015748
branching on 3 with b.
5435   1627   26         52.9807    58.8508    11.0797    % 
UB: 58.8507874015748
branching on 1 with b.
5436   1628   26         52.9807    58.8508    11.0797    % 
LB close or above UB, fathomed
5437   1627   24         52.9807    58.8508    11.0797    % 
UB: 58.8507874015748
branching on 3 with b.
5438   1628   25         52.9807    58.8508    11.0797    % 
UB: 58.8507874015748
branching on 1 with b.
5439   1629   25         52.9807    58.8508    11.0797    % 
LB close or above UB, fathomed
5440   1628   24         52.9807    58.8508    11.0797    % 
UB: 58.8507874015748
branching on 3 with b.
5441   1629   25         52.9807    58.8508    11.0797    % 
UB: 58.8507874015748
branching on 1 with b.
5442   1630   25         52.9807    58.8508    11.0797    % 
LB close or above UB, fathomed
5443   1629   24         52.9807    58.8508    11.0797    % 
UB: 58.8507874015748
branching on 3 with b.
5444   1630   25         52.9807    58.8508    11.0797    % 
UB: 58.8507874015748
branching on 1 with b.
5445   1631   25         52.9807    58.8508    11.0797    % 
LB close or above UB, fathomed
5446   1630   24         52.9807    58.8508    11.0797    % 
UB: 58.8507874015748
branching on 3 with b.
5447   1631   25         52.9807    58.8508    11.0797    % 
UB: 58.8507874015748
branching on 1 with b.
5448   1632   25         52.9807    58.8508    11.0797    % 
LB close or above UB, fathomed
5449   1631   27         52.9807    58.8508    11.0797    % 
UB: 58.8507874015748
branching on 3 with b.
5450   1632   28         52.9807    58.8508    11.0797    % 
UB: 58.8507874015748
branching on 1 with b.
5451   1633   28         52.9807    58.8508    11.0797    % 
LB close or above UB, fathomed
5452   1632   27         52.9807    58.8508    11.0797    % 
UB: 58.8507874015748
branching on 3 with b.
5453   1633   28         52.9807    58.8508    11.0797    % 
UB: 58.8507874015748
branching on 1 with b.
5454   1634   28         52.9807    58.8508    11.0797    % 
LB close or above UB, fathomed
5455   1633   26         52.9807    58.8508    11.0797    % 
UB: 58.8507874015748
branching on 1 with b.
5456   1634   27         52.9807    58.8508    11.0797    % 
LB close or above UB, fathomed
5457   1633   27         52.9807    58.8508    11.0797    % 
UB: 58.8507874015748
branching on 2 with b.
5458   1634   26         52.9807    58.8508    11.0797    % 
UB: 58.8507874015748
branching on 1 with b.
5459   1635   34         52.9807    58.8508    11.0797    % 
LB close or above UB, fathomed
5460   1634   34         52.9807    58.8508    11.0797    % 
UB: 58.8507874015748
branching on 3 with b.
5461   1635   28         52.9807    58.8508    11.0797    % 
LB close or above UB, fathomed
5462   1634   28         52.9807    58.8508    11.0797    % 
UB: 58.8507874015748
branching on 2 with b.
5463   1635   29         52.9807    58.8508    11.0797    % 
UB: 58.8507874015748
branching on 1 with b.
5464   1636   29         52.9807    58.8508    11.0797    % 
LB close or above UB, fathomed
5465   1635   28         52.9807    58.8508    11.0797    % 
LB close or above UB, fathomed
5466   1634   28         52.9807    58.8508    11.0797    % 
UB: 58.8507874015748
branching on 1 with b.
5467   1635   29         52.9807    58.8508    11.0797    % 
UB: 58.8507874015748
branching on 2 with b.
5468   1636   29         52.9807    58.8508    11.0797    % 
LB close or above UB, fathomed
5469   1635   33         52.9807    58.8508    11.0797    % 
UB: 58.8507874015748
branching on 2 with b.
5470   1636   33         52.9807    58.8508    11.0797    % 
LB close or above UB, fathomed
5471   1635   18         52.9807    58.8508    11.0797    % 
LB close or above UB, fathomed
5472   1634   18         52.9807    58.8508    11.0797    % 
LB close or above UB, fathomed
5473   1633   34         52.9807    58.8508    11.0797    % 
LB close or above UB, fathomed
5474   1632   34         52.9807    58.8508    11.0797    % 
LB close or above UB, fathomed
5475   1631   36         52.9807    58.8508    11.0797    % 
UB: 58.8507874015748
branching on 2 with b.
5476   1632   37         52.9807    58.8508    11.0797    % 
UB: 58.8507874015748
branching on 3 with b.
5477   1633   37         52.9807    58.8508    11.0797    % 
UB: 58.8507874015748
branching on 3 with b.
5478   1634   36         52.9807    58.8508    11.0797    % 
UB: 58.8507874015748
branching on 2 with b.
5479   1635   34         52.9807    58.8508    11.0797    % 
LB close or above UB, fathomed
5480   1634   34         52.9807    58.8508    11.0797    % 
LB close or above UB, fathomed
5481   1633   30         52.9807    58.8508    11.0797    % 
UB: 58.8507874015748
branching on 2 with b.
5482   1634   31         52.9807    58.8508    11.0797    % 
UB: 58.8507874015748
branching on 3 with b.
5483   1635   31         52.9807    58.8508    11.0797    % 
LB close or above UB, fathomed
5484   1634   30         52.9807    58.8508    11.0797    % 
LB close or above UB, fathomed
5485   1633   29         52.9807    58.8508    11.0797    % 
UB: 58.8507874015748
branching on 3 with b.
5486   1634   30         52.9807    58.8508    11.0797    % 
LB close or above UB, fathomed
5487   1633   30         52.9807    58.8508    11.0797    % 
UB: 58.8507874015748
branching on 1 with b.
5488   1634   31         52.9807    58.8508    11.0797    % 
UB: 58.8507874015748
branching on 2 with b.
5489   1635   32         52.9807    58.8508    11.0797    % 
UB: 58.8507874015748
branching on 3 with b.
5490   1636   32         52.9807    58.8508    11.0797    % 
LB close or above UB, fathomed
5491   1635   31         52.9807    58.8508    11.0797    % 
LB close or above UB, fathomed
5492   1634   29         52.9807    58.8508    11.0797    % 
LB close or above UB, fathomed
5493   1633   29         52.9807    58.8508    11.0797    % 
UB: 58.8507874015748
branching on 3 with b.
5494   1634   29         52.9807    58.8508    11.0797    % 
LB close or above UB, fathomed
5495   1633   20         52.9807    58.8508    11.0797    % 
UB: 58.8507874015748
branching on CartesianIndex(1, 5) with c.
5496   1634   20         52.9807    58.8508    11.0797    % 
UB: 58.8507874015748
branching on 3 with b.
5497   1635   21         52.9807    58.8508    11.0797    % 
LB close or above UB, fathomed
5498   1634   21         52.9807    58.8508    11.0797    % 
UB: 58.8507874015748
branching on CartesianIndex(1, 5) with c.
5499   1635   22         52.9807    58.8508    11.0797    % 
LB close or above UB, fathomed
5500   1634   22         52.9807    58.8508    11.0797    % 
UB: 58.8507874015748
branching on CartesianIndex(1, 6) with c.
5501   1635   30         52.9807    58.8508    11.0797    % 
UB: 58.8507874015748
branching on 2 with b.
5502   1636   30         52.9807    58.8508    11.0797    % 
UB: 58.8507874015748
branching on 2 with b.
5503   1637   31         52.9807    58.8508    11.0797    % 
LB close or above UB, fathomed
5504   1636   31         52.9807    58.8508    11.0797    % 
UB: 58.8507874015748
branching on 3 with b.
5505   1637   25         52.9807    58.8508    11.0797    % 
UB: 58.8507874015748
branching on 3 with b.
5506   1638   26         52.9807    58.8508    11.0797    % 
UB: 58.8507874015748
branching on 1 with b.
5507   1639   27         52.9807    58.8508    11.0797    % 
LB close or above UB, fathomed
5508   1638   27         52.9807    58.8508    11.0797    % 
UB: 58.8507874015748
branching on 2 with b.
5509   1639   28         52.9807    58.8508    11.0797    % 
UB: 58.8507874015748
branching on 3 with b.
5510   1640   29         52.9807    58.8508    11.0797    % 
UB: 58.8507874015748
branching on 1 with b.
5511   1641   29         52.9807    58.8508    11.0797    % 
LB close or above UB, fathomed
5512   1640   28         52.9807    58.8508    11.0797    % 
LB close or above UB, fathomed
5513   1639   26         52.9807    58.8508    11.0797    % 
LB close or above UB, fathomed
5514   1638   25         52.9807    58.8508    11.0797    % 
LB close or above UB, fathomed
5515   1637   27         52.9807    58.8508    11.0797    % 
UB: 58.8507874015748
branching on 1 with b.
5516   1638   27         52.9807    58.8508    11.0797    % 
UB: 58.8507874015748
branching on 1 with b.
5517   1639   14         52.9807    58.8508    11.0797    % 
LB close or above UB, fathomed
5518   1638   14         52.9807    58.8508    11.0797    % 
LB close or above UB, fathomed
5519   1637   25         52.9807    58.8508    11.0797    % 
UB: 58.8507874015748
branching on 1 with b.
5520   1638   26         52.9807    58.8508    11.0797    % 
UB: 58.8507874015748
branching on 2 with b.
5521   1639   26         52.9807    58.8508    11.0797    % 
LB close or above UB, fathomed
5522   1638   25         52.9807    58.8508    11.0797    % 
LB close or above UB, fathomed
5523   1637   15         52.9807    58.8508    11.0797    % 
LB close or above UB, fathomed
5524   1636   15         52.9807    58.8508    11.0797    % 
LB close or above UB, fathomed
5525   1635   23         52.9807    58.8508    11.0797    % 
LB close or above UB, fathomed
5526   1634   23         52.9807    58.8508    11.0797    % 
UB: 58.8507874015748
branching on CartesianIndex(1, 4) with c.
5527   1635   24         52.9807    58.8508    11.0797    % 
LB close or above UB, fathomed
5528   1634   24         52.9807    58.8508    11.0797    % 
UB: 58.8507874015748
branching on CartesianIndex(1, 5) with c.
5529   1635   25         52.9807    58.8508    11.0797    % 
UB: 58.8507874015748
branching on CartesianIndex(1, 6) with c.
5530   1636   26         52.9807    58.8508    11.0797    % 
LB close or above UB, fathomed
5531   1635   26         52.9807    58.8508    11.0797    % 
UB: 58.8507874015748
branching on CartesianIndex(1, 7) with c.
5532   1636   27         52.9807    58.8508    11.0797    % 
UB: 58.8507874015748
branching on 1 with b.
5533   1637   28         52.9807    58.8508    11.0797    % 
LB close or above UB, fathomed
5534   1636   28         52.9807    58.8508    11.0797    % 
UB: 58.8507874015748
branching on 2 with b.
5535   1637   29         52.9807    58.8508    11.0797    % 
UB: 58.8507874015748
branching on 3 with b.
5536   1638   30         52.9807    58.8508    11.0797    % 
LB close or above UB, fathomed
5537   1637   30         52.9807    58.8508    11.0797    % 
UB: 58.8507874015748
branching on 1 with b.
5538   1638   31         52.9807    58.8508    11.0797    % 
LB close or above UB, fathomed
5539   1637   31         52.9807    58.8508    11.0797    % 
UB: 58.8507874015748
branching on 2 with b.
5540   1638   29         52.9807    58.8508    11.0797    % 
LB close or above UB, fathomed
5541   1637   27         52.9807    58.8508    11.0797    % 
LB close or above UB, fathomed
5542   1636   25         52.9807    58.8508    11.0797    % 
LB close or above UB, fathomed
5543   1635   23         52.9807    58.8508    11.0797    % 
LB close or above UB, fathomed
5544   1634   23         52.9807    58.8508    11.0797    % 
UB: 58.8507874015748
branching on 3 with b.
5545   1635   24         52.9807    58.8508    11.0797    % 
LB close or above UB, fathomed
5546   1634   24         52.9807    58.8508    11.0797    % 
UB: 58.8507874015748
branching on 1 with b.
5547   1635   28         52.9807    58.8508    11.0797    % 
UB: 58.8507874015748
branching on 1 with b.
5548   1636   29         52.9807    58.8508    11.0797    % 
LB close or above UB, fathomed
5549   1635   29         52.9807    58.8508    11.0797    % 
LB close or above UB, fathomed
5550   1634   28         52.9807    58.8508    11.0797    % 
LB close or above UB, fathomed
5551   1633   25         52.9807    58.8508    11.0797    % 
UB: 58.8507874015748
branching on 1 with b.
5552   1634   26         52.9807    58.8508    11.0797    % 
LB close or above UB, fathomed
5553   1633   26         52.9807    58.8508    11.0797    % 
LB close or above UB, fathomed
5554   1632   25         52.9807    58.8508    11.0797    % 
LB close or above UB, fathomed
5555   1631   26         52.9807    58.8508    11.0797    % 
UB: 58.8507874015748
branching on 1 with b.
5556   1632   27         52.9807    58.8508    11.0797    % 
LB close or above UB, fathomed
5557   1631   27         52.9807    58.8508    11.0797    % 
LB close or above UB, fathomed
5558   1630   26         52.9807    58.8508    11.0797    % 
LB close or above UB, fathomed
5559   1629   25         52.9807    58.8508    11.0797    % 
LB close or above UB, fathomed
5560   1628   25         52.9807    58.8508    11.0797    % 
UB: 58.8507874015748
branching on CartesianIndex(1, 7) with c.
5561   1629   26         52.9807    58.8508    11.0797    % 
UB: 58.8507874015748
branching on 2 with b.
5562   1630   27         52.9807    58.8508    11.0797    % 
UB: 58.8507874015748
branching on 3 with b.
5563   1631   28         52.9807    58.8508    11.0797    % 
UB: 58.8507874015748
branching on 1 with b.
5564   1632   29         52.9807    58.8508    11.0797    % 
LB close or above UB, fathomed
5565   1631   29         52.9807    58.8508    11.0797    % 
LB close or above UB, fathomed
5566   1630   28         52.9807    58.8508    11.0797    % 
LB close or above UB, fathomed
5567   1629   27         52.9807    58.8508    11.0797    % 
UB: 58.8507874015748
branching on 3 with b.
5568   1630   28         52.9807    58.8508    11.0797    % 
UB: 58.8507874015748
branching on 1 with b.
5569   1631   29         52.9807    58.8508    11.0797    % 
LB close or above UB, fathomed
5570   1630   29         52.9807    58.8508    11.0797    % 
LB close or above UB, fathomed
5571   1629   28         52.9807    58.8508    11.0797    % 
LB close or above UB, fathomed
5572   1628   26         52.9807    58.8508    11.0797    % 
LB close or above UB, fathomed
5573   1627   26         52.9807    58.8508    11.0797    % 
UB: 58.8507874015748
branching on 3 with b.
5574   1628   27         52.9807    58.8508    11.0797    % 
UB: 58.8507874015748
branching on 1 with b.
5575   1629   28         52.9807    58.8508    11.0797    % 
LB close or above UB, fathomed
5576   1628   28         52.9807    58.8508    11.0797    % 
LB close or above UB, fathomed
5577   1627   27         52.9807    58.8508    11.0797    % 
LB close or above UB, fathomed
5578   1626   26         52.9807    58.8508    11.0797    % 
LB close or above UB, fathomed
5579   1625   30         52.9807    58.8508    11.0797    % 
UB: 58.8507874015748
branching on 3 with b.
5580   1626   30         52.9807    58.8508    11.0797    % 
LB close or above UB, fathomed
5581   1625   27         52.9807    58.8508    11.0797    % 
LB close or above UB, fathomed
5582   1624   27         52.9807    58.8508    11.0797    % 
LB close or above UB, fathomed
5583   1623   29         52.9807    58.8508    11.0797    % 
LB close or above UB, fathomed
5584   1622   29         52.9807    58.8508    11.0797    % 
LB close or above UB, fathomed
5585   1621   29         52.9807    58.8508    11.0797    % 
LB close or above UB, fathomed
5586   1620   29         52.9807    58.8508    11.0797    % 
LB close or above UB, fathomed
5587   1619   28         52.9807    58.8508    11.0797    % 
UB: 58.8507874015748
branching on 1 with b.
5588   1620   29         52.9807    58.8508    11.0797    % 
LB close or above UB, fathomed
5589   1619   29         52.9807    58.8508    11.0797    % 
LB close or above UB, fathomed
5590   1618   28         52.9807    58.8508    11.0797    % 
LB close or above UB, fathomed
5591   1617   29         52.9807    58.8508    11.0797    % 
LB close or above UB, fathomed
5592   1616   29         52.9807    58.8508    11.0797    % 
LB close or above UB, fathomed
5593   1615   27         52.9807    58.8508    11.0797    % 
UB: 58.8507874015748
branching on 1 with b.
5594   1616   28         52.9807    58.8508    11.0797    % 
LB close or above UB, fathomed
5595   1615   28         52.9807    58.8508    11.0797    % 
LB close or above UB, fathomed
5596   1614   27         52.9807    58.8508    11.0797    % 
LB close or above UB, fathomed
5597   1613   26         52.9807    58.8508    11.0797    % 
LB close or above UB, fathomed
5598   1612   26         52.9807    58.8508    11.0797    % 
UB: 58.8507874015748
branching on 2 with b.
5599   1613   27         52.9807    58.8508    11.0797    % 
UB: 58.8507874015748
branching on 3 with b.
5600   1614   28         52.9807    58.8508    11.0797    % 
UB: 58.8507874015748
branching on 1 with b.
5601   1615   29         52.9807    58.8508    11.0797    % 
LB close or above UB, fathomed
5602   1614   29         52.9807    58.8508    11.0797    % 
LB close or above UB, fathomed
5603   1613   28         52.9807    58.8508    11.0797    % 
LB close or above UB, fathomed
5604   1612   27         52.9807    58.8508    11.0797    % 
UB: 58.8507874015748
branching on 3 with b.
5605   1613   28         52.9807    58.8508    11.0797    % 
UB: 58.8507874015748
branching on 1 with b.
5606   1614   29         52.9807    58.8508    11.0797    % 
LB close or above UB, fathomed
5607   1613   29         52.9807    58.8508    11.0797    % 
LB close or above UB, fathomed
5608   1612   28         52.9807    58.8508    11.0797    % 
LB close or above UB, fathomed
5609   1611   28         52.9807    58.8508    11.0797    % 
UB: 58.8507874015748
branching on 1 with b.
5610   1612   29         52.9807    58.8508    11.0797    % 
LB close or above UB, fathomed
5611   1611   29         52.9807    58.8508    11.0797    % 
LB close or above UB, fathomed
5612   1610   28         52.9807    58.8508    11.0797    % 
LB close or above UB, fathomed
5613   1609   25         52.9807    58.8508    11.0797    % 
UB: 58.8507874015748
branching on 3 with b.
5614   1610   26         52.9807    58.8508    11.0797    % 
UB: 58.8507874015748
branching on 1 with b.
5615   1611   27         52.9807    58.8508    11.0797    % 
LB close or above UB, fathomed
5616   1610   27         52.9807    58.8508    11.0797    % 
LB close or above UB, fathomed
5617   1609   26         52.9807    58.8508    11.0797    % 
LB close or above UB, fathomed
5618   1608   25         52.9807    58.8508    11.0797    % 
UB: 58.8507874015748
branching on 3 with b.
5619   1609   26         52.9807    58.8508    11.0797    % 
UB: 58.8507874015748
branching on 1 with b.
5620   1610   27         52.9807    58.8508    11.0797    % 
LB close or above UB, fathomed
5621   1609   27         52.9807    58.8508    11.0797    % 
LB close or above UB, fathomed
5622   1608   26         52.9807    58.8508    11.0797    % 
LB close or above UB, fathomed
5623   1607   32         52.9807    58.8508    11.0797    % 
LB close or above UB, fathomed
5624   1606   32         52.9807    58.8508    11.0797    % 
UB: 58.8507874015748
branching on 1 with b.
5625   1607   33         52.9807    58.8508    11.0797    % 
UB: 58.8507874015748
branching on 2 with b.
5626   1608   34         52.9807    58.8508    11.0797    % 
LB close or above UB, fathomed
5627   1607   34         52.9807    58.8508    11.0797    % 
UB: 58.8507874015748
branching on 3 with b.
5628   1608   33         52.9807    58.8508    11.0797    % 
UB: 58.8507874015748
branching on 2 with b.
5629   1609   34         52.9807    58.8508    11.0797    % 
LB close or above UB, fathomed
5630   1608   34         52.9807    58.8508    11.0797    % 
UB: 58.8507874015748
branching on 3 with b.
5631   1609   25         52.9807    58.8508    11.0797    % 
UB: 58.8507874015748
branching on 1 with b.
5632   1610   26         52.9807    58.8508    11.0797    % 
LB close or above UB, fathomed
5633   1609   26         52.9807    58.8508    11.0797    % 
LB close or above UB, fathomed
5634   1608   25         52.9807    58.8508    11.0797    % 
LB close or above UB, fathomed
5635   1607   26         52.9807    58.8508    11.0797    % 
UB: 58.8507874015748
branching on 1 with b.
5636   1608   27         52.9807    58.8508    11.0797    % 
LB close or above UB, fathomed
5637   1607   27         52.9807    58.8508    11.0797    % 
LB close or above UB, fathomed
5638   1606   26         52.9807    58.8508    11.0797    % 
LB close or above UB, fathomed
5639   1605   26         52.9807    58.8508    11.0797    % 
UB: 58.8507874015748
branching on 1 with b.
5640   1606   27         52.9807    58.8508    11.0797    % 
LB close or above UB, fathomed
5641   1605   27         52.9807    58.8508    11.0797    % 
LB close or above UB, fathomed
5642   1604   26         52.9807    58.8508    11.0797    % 
LB close or above UB, fathomed
5643   1603   33         52.9807    58.8508    11.0797    % 
LB close or above UB, fathomed
5644   1602   33         52.9807    58.8508    11.0797    % 
LB close or above UB, fathomed
5645   1601   35         52.9807    58.8508    11.0797    % 
UB: 58.8507874015748
branching on 1 with b.
5646   1602   35         52.9807    58.8508    11.0797    % 
LB close or above UB, fathomed
5647   1601   34         52.9807    58.8508    11.0797    % 
LB close or above UB, fathomed
5648   1600   34         52.9807    58.8508    11.0797    % 
UB: 58.8507874015748
branching on 3 with b.
5649   1601   35         52.9807    58.8508    11.0797    % 
UB: 58.8507874015748
branching on 1 with b.
5650   1602   36         52.9807    58.8508    11.0797    % 
UB: 58.8507874015748
branching on 2 with b.
5651   1603   37         52.9807    58.8508    11.0797    % 
LB close or above UB, fathomed
5652   1602   37         52.9807    58.8508    11.0797    % 
UB: 58.8507874015748
branching on 3 with b.
5653   1603   36         52.9807    58.8508    11.0797    % 
UB: 58.8507874015748
branching on 2 with b.
5654   1604   35         52.9807    58.8508    11.0797    % 
UB: 58.8507874015748
branching on 1 with b.
5655   1605   38         52.9807    58.8508    11.0797    % 
UB: 58.8507874015748
branching on 1 with b.
5656   1606   38         52.9807    58.8508    11.0797    % 
UB: 58.8507874015748
branching on 1 with b.
5657   1607   38         52.9807    58.8508    11.0797    % 
UB: 58.8507874015748
branching on 1 with b.
5658   1608   38         52.9807    58.8508    11.0797    % 
LB close or above UB, fathomed
5659   1607   17         52.9807    58.8508    11.0797    % 
LB close or above UB, fathomed
5660   1606   17         52.9807    58.8508    11.0797    % 
UB: 58.8507874015748
branching on 1 with b.
5661   1607   18         52.9807    58.8508    11.0797    % 
LB close or above UB, fathomed
5662   1606   18         52.9807    58.8508    11.0797    % 
LB close or above UB, fathomed
5663   1605   37         52.9807    58.8508    11.0797    % 
LB close or above UB, fathomed
5664   1604   37         52.9807    58.8508    11.0797    % 
UB: 58.8507874015748
branching on 3 with b.
5665   1605   25         52.9807    58.8508    11.0797    % 
UB: 58.8507874015748
branching on 3 with b.
5666   1606   26         52.9807    58.8508    11.0797    % 
LB close or above UB, fathomed
5667   1605   26         52.9807    58.8508    11.0797    % 
LB close or above UB, fathomed
5668   1604   25         52.9807    58.8508    11.0797    % 
UB: 58.8507874015748
branching on 3 with b.
5669   1605   37         52.9807    58.8508    11.0797    % 
LB close or above UB, fathomed
5670   1604   37         52.9807    58.8508    11.0797    % 
UB: 58.8507874015748
branching on 3 with b.
5671   1605   37         52.9807    58.8508    11.0797    % 
LB close or above UB, fathomed
5672   1604   37         52.9807    58.8508    11.0797    % 
UB: 58.8507874015748
branching on 3 with b.
5673   1605   26         52.9807    58.8508    11.0797    % 
UB: 58.8507874015748
branching on 3 with b.
5674   1606   27         52.9807    58.8508    11.0797    % 
LB close or above UB, fathomed
5675   1605   27         52.9807    58.8508    11.0797    % 
LB close or above UB, fathomed
5676   1604   26         52.9807    58.8508    11.0797    % 
LB close or above UB, fathomed
5677   1603   26         52.9807    58.8508    11.0797    % 
LB close or above UB, fathomed
5678   1602   26         52.9807    58.8508    11.0797    % 
UB: 58.8507874015748
branching on 2 with b.
5679   1603   26         52.9807    58.8508    11.0797    % 
LB close or above UB, fathomed
5680   1602   26         52.9807    58.8508    11.0797    % 
UB: 58.8507874015748
branching on 2 with b.
5681   1603   24         52.9807    58.8508    11.0797    % 
UB: 58.8507874015748
branching on 1 with b.
5682   1604   25         52.9807    58.8508    11.0797    % 
LB close or above UB, fathomed
5683   1603   25         52.9807    58.8508    11.0797    % 
UB: 58.8507874015748
branching on 2 with b.
5684   1604   24         52.9807    58.8508    11.0797    % 
LB close or above UB, fathomed
5685   1603   25         52.9807    58.8508    11.0797    % 
LB close or above UB, fathomed
5686   1602   25         52.9807    58.8508    11.0797    % 
UB: 58.8507874015748
branching on 2 with b.
5687   1603   25         52.9807    58.8508    11.0797    % 
LB close or above UB, fathomed
5688   1602   25         52.9807    58.8508    11.0797    % 
UB: 58.8507874015748
branching on 2 with b.
5689   1603   22         52.9807    58.8508    11.0797    % 
UB: 58.8507874015748
branching on 1 with b.
5690   1604   23         52.9807    58.8508    11.0797    % 
LB close or above UB, fathomed
5691   1603   23         52.9807    58.8508    11.0797    % 
UB: 58.8507874015748
branching on 2 with b.
5692   1604   22         52.9807    58.8508    11.0797    % 
LB close or above UB, fathomed
5693   1603   23         52.9807    58.8508    11.0797    % 
LB close or above UB, fathomed
5694   1602   23         52.9807    58.8508    11.0797    % 
UB: 58.8507874015748
branching on 2 with b.
5695   1603   23         52.9807    58.8508    11.0797    % 
LB close or above UB, fathomed
5696   1602   23         52.9807    58.8508    11.0797    % 
UB: 58.8507874015748
branching on 2 with b.
5697   1603   23         52.9807    58.8508    11.0797    % 
LB close or above UB, fathomed
5698   1602   23         52.9807    58.8508    11.0797    % 
UB: 58.8507874015748
branching on 2 with b.
5699   1603   26         52.9807    58.8508    11.0797    % 
LB close or above UB, fathomed
5700   1602   26         52.9807    58.8508    11.0797    % 
UB: 58.8507874015748
branching on 2 with b.
5701   1603   26         52.9807    58.8508    11.0797    % 
LB close or above UB, fathomed
5702   1602   26         52.9807    58.8508    11.0797    % 
UB: 58.8507874015748
branching on 2 with b.
5703   1603   34         52.9807    58.8508    11.0797    % 
LB close or above UB, fathomed
5704   1602   34         52.9807    58.8508    11.0797    % 
UB: 58.8507874015748
branching on 3 with b.
5705   1603   22         52.9807    58.8508    11.0797    % 
UB: 58.8507874015748
branching on 1 with b.
5706   1604   23         52.9807    58.8508    11.0797    % 
LB close or above UB, fathomed
5707   1603   23         52.9807    58.8508    11.0797    % 
UB: 58.8507874015748
branching on 2 with b.
5708   1604   22         52.9807    58.8508    11.0797    % 
LB close or above UB, fathomed
5709   1603   26         52.9807    58.8508    11.0797    % 
LB close or above UB, fathomed
5710   1602   26         52.9807    58.8508    11.0797    % 
UB: 58.8507874015748
branching on 2 with b.
5711   1603   38         52.9807    58.8508    11.0797    % 
UB: 58.8507874015748
branching on 1 with b.
5712   1604   38         52.9807    58.8508    11.0797    % 
LB close or above UB, fathomed
5713   1603   35         52.9807    58.8508    11.0797    % 
UB: 58.8507874015748
branching on 3 with b.
5714   1604   35         52.9807    58.8508    11.0797    % 
UB: 58.8507874015748
branching on 3 with b.
5715   1605   35         52.9807    58.8508    11.0797    % 
UB: 58.8507874015748
branching on 3 with b.
5716   1606   35         52.9807    58.8508    11.0797    % 
UB: 58.8507874015748
branching on 3 with b.
5717   1607   24         52.9807    58.8508    11.0797    % 
LB close or above UB, fathomed
5718   1606   24         52.9807    58.8508    11.0797    % 
UB: 58.8507874015748
branching on 2 with b.
5719   1607   25         52.9807    58.8508    11.0797    % 
UB: 58.8507874015748
branching on 3 with b.
5720   1608   26         52.9807    58.8508    11.0797    % 
UB: 58.8507874015748
branching on 1 with b.
5721   1609   27         52.9807    58.8508    11.0797    % 
LB close or above UB, fathomed
5722   1608   27         52.9807    58.8508    11.0797    % 
LB close or above UB, fathomed
5723   1607   26         52.9807    58.8508    11.0797    % 
LB close or above UB, fathomed
5724   1606   25         52.9807    58.8508    11.0797    % 
UB: 58.8507874015748
branching on 3 with b.
5725   1607   26         52.9807    58.8508    11.0797    % 
UB: 58.8507874015748
branching on 1 with b.
5726   1608   27         52.9807    58.8508    11.0797    % 
LB close or above UB, fathomed
5727   1607   27         52.9807    58.8508    11.0797    % 
LB close or above UB, fathomed
5728   1606   26         52.9807    58.8508    11.0797    % 
LB close or above UB, fathomed
5729   1605   24         52.9807    58.8508    11.0797    % 
LB close or above UB, fathomed
5730   1604   24         52.9807    58.8508    11.0797    % 
UB: 58.8507874015748
branching on 2 with b.
5731   1605   25         52.9807    58.8508    11.0797    % 
UB: 58.8507874015748
branching on 3 with b.
5732   1606   26         52.9807    58.8508    11.0797    % 
UB: 58.8507874015748
branching on 1 with b.
5733   1607   27         52.9807    58.8508    11.0797    % 
LB close or above UB, fathomed
5734   1606   27         52.9807    58.8508    11.0797    % 
LB close or above UB, fathomed
5735   1605   26         52.9807    58.8508    11.0797    % 
LB close or above UB, fathomed
5736   1604   25         52.9807    58.8508    11.0797    % 
UB: 58.8507874015748
branching on 3 with b.
5737   1605   26         52.9807    58.8508    11.0797    % 
UB: 58.8507874015748
branching on 1 with b.
5738   1606   27         52.9807    58.8508    11.0797    % 
LB close or above UB, fathomed
5739   1605   27         52.9807    58.8508    11.0797    % 
LB close or above UB, fathomed
5740   1604   26         52.9807    58.8508    11.0797    % 
LB close or above UB, fathomed
5741   1603   39         52.9807    58.8508    11.0797    % 
UB: 58.8507874015748
branching on 2 with b.
5742   1604   40         52.9807    58.8508    11.0797    % 
LB close or above UB, fathomed
5743   1603   40         52.9807    58.8508    11.0797    % 
UB: 58.8507874015748
branching on 3 with b.
5744   1604   39         52.9807    58.8508    11.0797    % 
UB: 58.8507874015748
branching on 2 with b.
5745   1605   40         52.9807    58.8508    11.0797    % 
UB: 58.8507874015748
branching on 3 with b.
5746   1606   40         52.9807    58.8508    11.0797    % 
UB: 58.8507874015748
branching on 3 with b.
5747   1607   25         52.9807    58.8508    11.0797    % 
UB: 58.8507874015748
branching on 1 with b.
5748   1608   25         52.9807    58.8508    11.0797    % 
LB close or above UB, fathomed
5749   1607   32         52.9807    58.8508    11.0797    % 
UB: 58.8507874015748
branching on 2 with b.
5750   1608   33         52.9807    58.8508    11.0797    % 
UB: 58.8507874015748
branching on 3 with b.
5751   1609   33         52.9807    58.8508    11.0797    % 
LB close or above UB, fathomed
5752   1608   32         52.9807    58.8508    11.0797    % 
UB: 58.8507874015748
branching on 2 with b.
5753   1609   33         52.9807    58.8508    11.0797    % 
UB: 58.8507874015748
branching on 3 with b.
5754   1610   33         52.9807    58.8508    11.0797    % 
LB close or above UB, fathomed
5755   1609   25         52.9807    58.8508    11.0797    % 
LB close or above UB, fathomed
5756   1608   25         52.9807    58.8508    11.0797    % 
UB: 58.8507874015748
branching on 2 with b.
5757   1609   26         52.9807    58.8508    11.0797    % 
UB: 58.8507874015748
branching on 3 with b.
5758   1610   27         52.9807    58.8508    11.0797    % 
UB: 58.8507874015748
branching on 1 with b.
5759   1611   28         52.9807    58.8508    11.0797    % 
LB close or above UB, fathomed
5760   1610   28         52.9807    58.8508    11.0797    % 
LB close or above UB, fathomed
5761   1609   27         52.9807    58.8508    11.0797    % 
LB close or above UB, fathomed
5762   1608   26         52.9807    58.8508    11.0797    % 
UB: 58.8507874015748
branching on 3 with b.
5763   1609   27         52.9807    58.8508    11.0797    % 
UB: 58.8507874015748
branching on 1 with b.
5764   1610   28         52.9807    58.8508    11.0797    % 
LB close or above UB, fathomed
5765   1609   28         52.9807    58.8508    11.0797    % 
LB close or above UB, fathomed
5766   1608   27         52.9807    58.8508    11.0797    % 
LB close or above UB, fathomed
5767   1607   25         52.9807    58.8508    11.0797    % 
LB close or above UB, fathomed
5768   1606   25         52.9807    58.8508    11.0797    % 
UB: 58.8507874015748
branching on 2 with b.
5769   1607   26         52.9807    58.8508    11.0797    % 
UB: 58.8507874015748
branching on 3 with b.
5770   1608   27         52.9807    58.8508    11.0797    % 
UB: 58.8507874015748
branching on 1 with b.
5771   1609   28         52.9807    58.8508    11.0797    % 
LB close or above UB, fathomed
5772   1608   28         52.9807    58.8508    11.0797    % 
LB close or above UB, fathomed
5773   1607   27         52.9807    58.8508    11.0797    % 
LB close or above UB, fathomed
5774   1606   26         52.9807    58.8508    11.0797    % 
UB: 58.8507874015748
branching on 3 with b.
5775   1607   27         52.9807    58.8508    11.0797    % 
UB: 58.8507874015748
branching on 1 with b.
5776   1608   28         52.9807    58.8508    11.0797    % 
LB close or above UB, fathomed
5777   1607   28         52.9807    58.8508    11.0797    % 
LB close or above UB, fathomed
5778   1606   27         52.9807    58.8508    11.0797    % 
LB close or above UB, fathomed
5779   1605   27         52.9807    58.8508    11.0797    % 
LB close or above UB, fathomed
5780   1604   27         52.9807    58.8508    11.0797    % 
LB close or above UB, fathomed
5781   1603   26         52.9807    58.8508    11.0797    % 
UB: 58.8507874015748
branching on 3 with b.
5782   1604   27         52.9807    58.8508    11.0797    % 
LB close or above UB, fathomed
5783   1603   27         52.9807    58.8508    11.0797    % 
UB: 58.8507874015748
branching on 1 with b.
5784   1604   26         52.9807    58.8508    11.0797    % 
LB close or above UB, fathomed
5785   1603   26         52.9807    58.8508    11.0797    % 
LB close or above UB, fathomed
5786   1602   26         52.9807    58.8508    11.0797    % 
UB: 58.8507874015748
branching on 2 with b.
5787   1603   26         52.9807    58.8508    11.0797    % 
LB close or above UB, fathomed
5788   1602   26         52.9807    58.8508    11.0797    % 
UB: 58.8507874015748
branching on 2 with b.
5789   1603   40         52.9807    58.8508    11.0797    % 
UB: 58.8507874015748
branching on 3 with b.
5790   1604   40         52.9807    58.8508    11.0797    % 
UB: 58.8507874015748
branching on 3 with b.
5791   1605   26         52.9807    58.8508    11.0797    % 
LB close or above UB, fathomed
5792   1604   26         52.9807    58.8508    11.0797    % 
UB: 58.8507874015748
branching on 2 with b.
5793   1605   25         52.9807    58.8508    11.0797    % 
LB close or above UB, fathomed
5794   1604   25         52.9807    58.8508    11.0797    % 
UB: 58.8507874015748
branching on 2 with b.
5795   1605   26         52.9807    58.8508    11.0797    % 
LB close or above UB, fathomed
5796   1604   26         52.9807    58.8508    11.0797    % 
UB: 58.8507874015748
branching on 2 with b.
5797   1605   27         52.9807    58.8508    11.0797    % 
UB: 58.8507874015748
branching on 3 with b.
5798   1606   28         52.9807    58.8508    11.0797    % 
UB: 58.8507874015748
branching on 1 with b.
5799   1607   29         52.9807    58.8508    11.0797    % 
LB close or above UB, fathomed
5800   1606   29         52.9807    58.8508    11.0797    % 
LB close or above UB, fathomed
5801   1605   28         52.9807    58.8508    11.0797    % 
LB close or above UB, fathomed
5802   1604   27         52.9807    58.8508    11.0797    % 
UB: 58.8507874015748
branching on 3 with b.
5803   1605   28         52.9807    58.8508    11.0797    % 
UB: 58.8507874015748
branching on 1 with b.
5804   1606   29         52.9807    58.8508    11.0797    % 
LB close or above UB, fathomed
5805   1605   29         52.9807    58.8508    11.0797    % 
LB close or above UB, fathomed
5806   1604   28         52.9807    58.8508    11.0797    % 
LB close or above UB, fathomed
5807   1603   23         52.9807    58.8508    11.0797    % 
LB close or above UB, fathomed
5808   1602   23         52.9807    58.8508    11.0797    % 
UB: 58.8507874015748
branching on 2 with b.
5809   1603   25         52.9807    58.8508    11.0797    % 
LB close or above UB, fathomed
5810   1602   25         52.9807    58.8508    11.0797    % 
UB: 58.8507874015748
branching on 2 with b.
5811   1603   26         52.9807    58.8508    11.0797    % 
UB: 58.8507874015748
branching on 3 with b.
5812   1604   27         52.9807    58.8508    11.0797    % 
UB: 58.8507874015748
branching on 1 with b.
5813   1605   28         52.9807    58.8508    11.0797    % 
LB close or above UB, fathomed
5814   1604   28         52.9807    58.8508    11.0797    % 
LB close or above UB, fathomed
5815   1603   27         52.9807    58.8508    11.0797    % 
LB close or above UB, fathomed
5816   1602   26         52.9807    58.8508    11.0797    % 
UB: 58.8507874015748
branching on 3 with b.
5817   1603   27         52.9807    58.8508    11.0797    % 
UB: 58.8507874015748
branching on 1 with b.
5818   1604   28         52.9807    58.8508    11.0797    % 
LB close or above UB, fathomed
5819   1603   28         52.9807    58.8508    11.0797    % 
LB close or above UB, fathomed
5820   1602   27         52.9807    58.8508    11.0797    % 
LB close or above UB, fathomed
5821   1601   24         52.9807    58.8508    11.0797    % 
UB: 58.8507874015748
branching on 1 with b.
5822   1602   25         52.9807    58.8508    11.0797    % 
LB close or above UB, fathomed
5823   1601   25         52.9807    58.8508    11.0797    % 
UB: 58.8507874015748
branching on 2 with b.
5824   1602   26         52.9807    58.8508    11.0797    % 
UB: 58.8507874015748
branching on 3 with b.
5825   1603   27         52.9807    58.8508    11.0797    % 
UB: 58.8507874015748
branching on 1 with b.
5826   1604   28         52.9807    58.8508    11.0797    % 
LB close or above UB, fathomed
5827   1603   28         52.9807    58.8508    11.0797    % 
LB close or above UB, fathomed
5828   1602   27         52.9807    58.8508    11.0797    % 
LB close or above UB, fathomed
5829   1601   26         52.9807    58.8508    11.0797    % 
UB: 58.8507874015748
branching on 3 with b.
5830   1602   27         52.9807    58.8508    11.0797    % 
UB: 58.8507874015748
branching on 1 with b.
5831   1603   28         52.9807    58.8508    11.0797    % 
LB close or above UB, fathomed
5832   1602   28         52.9807    58.8508    11.0797    % 
LB close or above UB, fathomed
5833   1601   27         52.9807    58.8508    11.0797    % 
LB close or above UB, fathomed
5834   1600   24         52.9807    58.8508    11.0797    % 
LB close or above UB, fathomed
5835   1599   34         52.9807    58.8508    11.0797    % 
UB: 58.8507874015748
branching on 1 with b.
5836   1600   35         52.9807    58.8508    11.0797    % 
UB: 58.8507874015748
branching on 2 with b.
5837   1601   35         52.9807    58.8508    11.0797    % 
UB: 58.8507874015748
branching on 2 with b.
5838   1602   34         52.9807    58.8508    11.0797    % 
LB close or above UB, fathomed
5839   1601   24         52.9807    58.8508    11.0797    % 
UB: 58.8507874015748
branching on 1 with b.
5840   1602   25         52.9807    58.8508    11.0797    % 
LB close or above UB, fathomed
5841   1601   25         52.9807    58.8508    11.0797    % 
UB: 58.8507874015748
branching on 2 with b.
5842   1602   24         52.9807    58.8508    11.0797    % 
LB close or above UB, fathomed
5843   1601   23         52.9807    58.8508    11.0797    % 
LB close or above UB, fathomed
5844   1600   23         52.9807    58.8508    11.0797    % 
UB: 58.8507874015748
branching on 2 with b.
5845   1601   24         52.9807    58.8508    11.0797    % 
UB: 58.8507874015748
branching on 3 with b.
5846   1602   25         52.9807    58.8508    11.0797    % 
UB: 58.8507874015748
branching on 1 with b.
5847   1603   26         52.9807    58.8508    11.0797    % 
LB close or above UB, fathomed
5848   1602   26         52.9807    58.8508    11.0797    % 
LB close or above UB, fathomed
5849   1601   25         52.9807    58.8508    11.0797    % 
LB close or above UB, fathomed
5850   1600   24         52.9807    58.8508    11.0797    % 
UB: 58.8507874015748
branching on 3 with b.
5851   1601   25         52.9807    58.8508    11.0797    % 
UB: 58.8507874015748
branching on 1 with b.
5852   1602   26         52.9807    58.8508    11.0797    % 
LB close or above UB, fathomed
5853   1601   26         52.9807    58.8508    11.0797    % 
LB close or above UB, fathomed
5854   1600   25         52.9807    58.8508    11.0797    % 
LB close or above UB, fathomed
5855   1599   33         52.9807    58.8508    11.0797    % 
LB close or above UB, fathomed
5856   1598   33         52.9807    58.8508    11.0797    % 
UB: 58.8507874015748
branching on 3 with b.
5857   1599   24         52.9807    58.8508    11.0797    % 
UB: 58.8507874015748
branching on 1 with b.
5858   1600   25         52.9807    58.8508    11.0797    % 
LB close or above UB, fathomed
5859   1599   25         52.9807    58.8508    11.0797    % 
UB: 58.8507874015748
branching on 2 with b.
5860   1600   24         52.9807    58.8508    11.0797    % 
LB close or above UB, fathomed
5861   1599   28         52.9807    58.8508    11.0797    % 
LB close or above UB, fathomed
5862   1598   28         52.9807    58.8508    11.0797    % 
UB: 58.8507874015748
branching on 1 with b.
5863   1599   29         52.9807    58.8508    11.0797    % 
LB close or above UB, fathomed
5864   1598   29         52.9807    58.8508    11.0797    % 
UB: 58.8507874015748
branching on 2 with b.
5865   1599   40         52.9807    58.8508    11.0797    % 
LB close or above UB, fathomed
5866   1598   40         52.9807    58.8508    11.0797    % 
UB: 58.8507874015748
branching on 3 with b.
5867   1599   26         52.9807    58.8508    11.0797    % 
UB: 58.8507874015748
branching on 3 with b.
5868   1600   26         52.9807    58.8508    11.0797    % 
LB close or above UB, fathomed
5869   1599   25         52.9807    58.8508    11.0797    % 
UB: 58.8507874015748
branching on 1 with b.
5870   1600   26         52.9807    58.8508    11.0797    % 
LB close or above UB, fathomed
5871   1599   26         52.9807    58.8508    11.0797    % 
UB: 58.8507874015748
branching on 2 with b.
5872   1600   25         52.9807    58.8508    11.0797    % 
LB close or above UB, fathomed
5873   1599   38         52.9807    58.8508    11.0797    % 
UB: 58.8507874015748
branching on 1 with b.
5874   1600   38         52.9807    58.8508    11.0797    % 
LB close or above UB, fathomed
5875   1599   35         52.9807    58.8508    11.0797    % 
UB: 58.8507874015748
branching on 1 with b.
5876   1600   36         52.9807    58.8508    11.0797    % 
UB: 58.8507874015748
branching on 2 with b.
5877   1601   37         52.9807    58.8508    11.0797    % 
UB: 58.8507874015748
branching on 3 with b.
5878   1602   37         52.9807    58.8508    11.0797    % 
UB: 58.8507874015748
branching on 3 with b.
5879   1603   36         52.9807    58.8508    11.0797    % 
UB: 58.8507874015748
branching on 2 with b.
5880   1604   35         52.9807    58.8508    11.0797    % 
LB close or above UB, fathomed
5881   1603   26         52.9807    58.8508    11.0797    % 
LB close or above UB, fathomed
5882   1602   26         52.9807    58.8508    11.0797    % 
UB: 58.8507874015748
branching on 2 with b.
5883   1603   27         52.9807    58.8508    11.0797    % 
UB: 58.8507874015748
branching on 3 with b.
5884   1604   28         52.9807    58.8508    11.0797    % 
UB: 58.8507874015748
branching on 1 with b.
5885   1605   29         52.9807    58.8508    11.0797    % 
LB close or above UB, fathomed
5886   1604   29         52.9807    58.8508    11.0797    % 
LB close or above UB, fathomed
5887   1603   28         52.9807    58.8508    11.0797    % 
LB close or above UB, fathomed
5888   1602   27         52.9807    58.8508    11.0797    % 
UB: 58.8507874015748
branching on 3 with b.
5889   1603   28         52.9807    58.8508    11.0797    % 
UB: 58.8507874015748
branching on 1 with b.
5890   1604   29         52.9807    58.8508    11.0797    % 
LB close or above UB, fathomed
5891   1603   29         52.9807    58.8508    11.0797    % 
LB close or above UB, fathomed
5892   1602   28         52.9807    58.8508    11.0797    % 
LB close or above UB, fathomed
5893   1601   25         52.9807    58.8508    11.0797    % 
LB close or above UB, fathomed
5894   1600   25         52.9807    58.8508    11.0797    % 
UB: 58.8507874015748
branching on CartesianIndex(1, 7) with c.
5895   1601   25         52.9807    58.8508    11.0797    % 
UB: 58.8507874015748
branching on 1 with b.
5896   1602   26         52.9807    58.8508    11.0797    % 
LB close or above UB, fathomed
5897   1601   26         52.9807    58.8508    11.0797    % 
UB: 58.8507874015748
branching on 2 with b.
5898   1602   25         52.9807    58.8508    11.0797    % 
LB close or above UB, fathomed
5899   1601   35         52.9807    58.8508    11.0797    % 
UB: 58.8507874015748
branching on 1 with b.
5900   1602   36         52.9807    58.8508    11.0797    % 
UB: 58.8507874015748
branching on 2 with b.
5901   1603   36         52.9807    58.8508    11.0797    % 
UB: 58.8507874015748
branching on 2 with b.
5902   1604   35         52.9807    58.8508    11.0797    % 
LB close or above UB, fathomed
5903   1603   15         52.9807    58.8508    11.0797    % 
UB: 58.8507874015748
branching on 3 with b.
5904   1604   16         52.9807    58.8508    11.0797    % 
UB: 58.8507874015748
branching on 1 with b.
5905   1605   17         52.9807    58.8508    11.0797    % 
LB close or above UB, fathomed
5906   1604   17         52.9807    58.8508    11.0797    % 
UB: 58.8507874015748
branching on CartesianIndex(1, 6) with c.
5907   1605   18         52.9807    58.8508    11.0797    % 
LB close or above UB, fathomed
5908   1604   18         52.9807    58.8508    11.0797    % 
UB: 58.8507874015748
branching on CartesianIndex(1, 7) with c.
5909   1605   19         52.9807    58.8508    11.0797    % 
UB: 58.8507874015748
branching on 2 with b.
5910   1606   20         52.9807    58.8508    11.0797    % 
UB: 58.8507874015748
branching on 3 with b.
5911   1607   21         52.9807    58.8508    11.0797    % 
LB close or above UB, fathomed
5912   1606   21         52.9807    58.8508    11.0797    % 
UB: 58.8507874015748
branching on 1 with b.
5913   1607   20         52.9807    58.8508    11.0797    % 
LB close or above UB, fathomed
5914   1606   19         52.9807    58.8508    11.0797    % 
LB close or above UB, fathomed
5915   1605   16         52.9807    58.8508    11.0797    % 
LB close or above UB, fathomed
5916   1604   15         52.9807    58.8508    11.0797    % 
LB close or above UB, fathomed
5917   1603   21         52.9807    58.8508    11.0797    % 
UB: 58.8507874015748
branching on 1 with b.
5918   1604   22         52.9807    58.8508    11.0797    % 
UB: 58.8507874015748
branching on 2 with b.
5919   1605   23         52.9807    58.8508    11.0797    % 
UB: 58.8507874015748
branching on 3 with b.
5920   1606   24         52.9807    58.8508    11.0797    % 
UB: 58.8507874015748
branching on 1 with b.
5921   1607   25         52.9807    58.8508    11.0797    % 
UB: 58.8507874015748
branching on 2 with b.
5922   1608   25         52.9807    58.8508    11.0797    % 
LB close or above UB, fathomed
5923   1607   24         52.9807    58.8508    11.0797    % 
LB close or above UB, fathomed
5924   1606   23         52.9807    58.8508    11.0797    % 
UB: 58.8507874015748
branching on 3 with b.
5925   1607   22         52.9807    58.8508    11.0797    % 
LB close or above UB, fathomed
5926   1606   21         52.9807    58.8508    11.0797    % 
LB close or above UB, fathomed
5927   1605   25         52.9807    58.8508    11.0797    % 
UB: 58.8507874015748
branching on 2 with b.
5928   1606   25         52.9807    58.8508    11.0797    % 
LB close or above UB, fathomed
5929   1605   25         52.9807    58.8508    11.0797    % 
UB: 58.8507874015748
branching on 2 with b.
5930   1606   26         52.9807    58.8508    11.0797    % 
UB: 58.8507874015748
branching on 3 with b.
5931   1607   27         52.9807    58.8508    11.0797    % 
UB: 58.8507874015748
branching on 1 with b.
5932   1608   28         52.9807    58.8508    11.0797    % 
UB: 58.8507874015748
branching on 2 with b.
5933   1609   28         52.9807    58.8508    11.0797    % 
LB close or above UB, fathomed
5934   1608   27         52.9807    58.8508    11.0797    % 
LB close or above UB, fathomed
5935   1607   26         52.9807    58.8508    11.0797    % 
LB close or above UB, fathomed
5936   1606   25         52.9807    58.8508    11.0797    % 
LB close or above UB, fathomed
5937   1605   32         52.9807    58.8508    11.0797    % 
UB: 58.8507874015748
branching on 3 with b.
5938   1606   32         52.9807    58.8508    11.0797    % 
LB close or above UB, fathomed
5939   1605   16         52.9807    58.8508    11.0797    % 
LB close or above UB, fathomed
5940   1604   16         52.9807    58.8508    11.0797    % 
UB: 58.8507874015748
branching on CartesianIndex(1, 5) with c.
5941   1605   17         52.9807    58.8508    11.0797    % 
UB: 58.8507874015748
branching on CartesianIndex(1, 6) with c.
5942   1606   18         52.9807    58.8508    11.0797    % 
LB close or above UB, fathomed
5943   1605   18         52.9807    58.8508    11.0797    % 
UB: 58.8507874015748
branching on CartesianIndex(1, 7) with c.
5944   1606   19         52.9807    58.8508    11.0797    % 
UB: 58.8507874015748
branching on 1 with b.
5945   1607   20         52.9807    58.8508    11.0797    % 
UB: 58.8507874015748
branching on 2 with b.
5946   1608   20         52.9807    58.8508    11.0797    % 
UB: 58.8507874015748
branching on 2 with b.
5947   1609   19         52.9807    58.8508    11.0797    % 
LB close or above UB, fathomed
5948   1608   17         52.9807    58.8508    11.0797    % 
LB close or above UB, fathomed
5949   1607   28         52.9807    58.8508    11.0797    % 
UB: 58.8507874015748
branching on 3 with b.
5950   1608   29         52.9807    58.8508    11.0797    % 
LB close or above UB, fathomed
5951   1607   29         52.9807    58.8508    11.0797    % 
UB: 58.8507874015748
branching on 1 with b.
5952   1608   28         52.9807    58.8508    11.0797    % 
LB close or above UB, fathomed
5953   1607   38         52.9807    58.8508    11.0797    % 
UB: 58.8507874015748
branching on 1 with b.
5954   1608   38         52.9807    58.8508    11.0797    % 
LB close or above UB, fathomed
5955   1607   29         52.9807    58.8508    11.0797    % 
LB close or above UB, fathomed
5956   1606   29         52.9807    58.8508    11.0797    % 
LB close or above UB, fathomed
5957   1605   38         52.9807    58.8508    11.0797    % 
UB: 58.8507874015748
branching on 1 with b.
5958   1606   38         52.9807    58.8508    11.0797    % 
LB close or above UB, fathomed
5959   1605   37         52.9807    58.8508    11.0797    % 
LB close or above UB, fathomed
5960   1604   37         52.9807    58.8508    11.0797    % 
UB: 58.8507874015748
branching on 3 with b.
5961   1605   38         52.9807    58.8508    11.0797    % 
UB: 58.8507874015748
branching on 1 with b.
5962   1606   38         52.9807    58.8508    11.0797    % 
LB close or above UB, fathomed
5963   1605   23         52.9807    58.8508    11.0797    % 
UB: 58.8507874015748
branching on 2 with b.
5964   1606   24         52.9807    58.8508    11.0797    % 
LB close or above UB, fathomed
5965   1605   24         52.9807    58.8508    11.0797    % 
LB close or above UB, fathomed
5966   1604   23         52.9807    58.8508    11.0797    % 
LB close or above UB, fathomed
5967   1603   25         52.9807    58.8508    11.0797    % 
UB: 58.8507874015748
branching on 3 with b.
5968   1604   26         52.9807    58.8508    11.0797    % 
UB: 58.8507874015748
branching on 1 with b.
5969   1605   26         52.9807    58.8508    11.0797    % 
LB close or above UB, fathomed
5970   1604   25         52.9807    58.8508    11.0797    % 
UB: 58.8507874015748
branching on 3 with b.
5971   1605   26         52.9807    58.8508    11.0797    % 
UB: 58.8507874015748
branching on 1 with b.
5972   1606   26         52.9807    58.8508    11.0797    % 
LB close or above UB, fathomed
5973   1605   27         52.9807    58.8508    11.0797    % 
LB close or above UB, fathomed
5974   1604   27         52.9807    58.8508    11.0797    % 
UB: 58.8507874015748
branching on 1 with b.
5975   1605   27         52.9807    58.8508    11.0797    % 
UB: 58.8507874015748
branching on 3 with b.
5976   1606   28         52.9807    58.8508    11.0797    % 
UB: 58.8507874015748
branching on 1 with b.
5977   1607   28         52.9807    58.8508    11.0797    % 
LB close or above UB, fathomed
5978   1606   27         52.9807    58.8508    11.0797    % 
UB: 58.8507874015748
branching on 3 with b.
5979   1607   28         52.9807    58.8508    11.0797    % 
UB: 58.8507874015748
branching on 1 with b.
5980   1608   28         52.9807    58.8508    11.0797    % 
LB close or above UB, fathomed
5981   1607   33         52.9807    58.8508    11.0797    % 
LB close or above UB, fathomed
5982   1606   33         52.9807    58.8508    11.0797    % 
UB: 58.8507874015748
branching on 1 with b.
5983   1607   34         52.9807    58.8508    11.0797    % 
UB: 58.8507874015748
branching on 2 with b.
5984   1608   34         52.9807    58.8508    11.0797    % 
UB: 58.8507874015748
branching on 2 with b.
5985   1609   26         52.9807    58.8508    11.0797    % 
UB: 58.8507874015748
branching on 3 with b.
5986   1610   27         52.9807    58.8508    11.0797    % 
UB: 58.8507874015748
branching on 1 with b.
5987   1611   27         52.9807    58.8508    11.0797    % 
LB close or above UB, fathomed
5988   1610   26         52.9807    58.8508    11.0797    % 
UB: 58.8507874015748
branching on 3 with b.
5989   1611   27         52.9807    58.8508    11.0797    % 
UB: 58.8507874015748
branching on 1 with b.
5990   1612   27         52.9807    58.8508    11.0797    % 
LB close or above UB, fathomed
5991   1611   36         52.9807    58.8508    11.0797    % 
UB: 58.8507874015748
branching on 1 with b.
5992   1612   37         52.9807    58.8508    11.0797    % 
UB: 58.8507874015748
branching on 2 with b.
5993   1613   38         52.9807    58.8508    11.0797    % 
UB: 58.8507874015748
branching on 3 with b.
5994   1614   38         52.9807    58.8508    11.0797    % 
UB: 58.8507874015748
branching on 3 with b.
5995   1615   37         52.9807    58.8508    11.0797    % 
UB: 58.8507874015748
branching on 2 with b.
5996   1616   36         52.9807    58.8508    11.0797    % 
UB: 58.8507874015748
branching on 1 with b.
5997   1617   36         52.9807    58.8508    11.0797    % 
UB: 58.8507874015748
branching on 1 with b.
5998   1618   36         52.9807    58.8508    11.0797    % 
UB: 58.8507874015748
branching on 1 with b.
5999   1619   37         52.9807    58.8508    11.0797    % 
UB: 58.8507874015748
branching on 2 with b.
6000   1620   38         52.9807    58.8508    11.0797    % 
UB: 58.8507874015748
branching on 3 with b.
6001   1621   38         52.9807    58.8508    11.0797    % 
UB: 58.8507874015748
branching on 3 with b.
6002   1622   37         52.9807    58.8508    11.0797    % 
UB: 58.8507874015748
branching on 2 with b.
6003   1623   36         52.9807    58.8508    11.0797    % 
UB: 58.8507874015748
branching on 1 with b.
6004   1624   36         52.9807    58.8508    11.0797    % 
UB: 58.8507874015748
branching on 1 with b.
6005   1625   37         52.9807    58.8508    11.0797    % 
UB: 58.8507874015748
branching on 2 with b.
6006   1626   38         52.9807    58.8508    11.0797    % 
UB: 58.8507874015748
branching on 3 with b.
6007   1627   38         52.9807    58.8508    11.0797    % 
UB: 58.8507874015748
branching on 3 with b.
6008   1628   37         52.9807    58.8508    11.0797    % 
UB: 58.8507874015748
branching on 2 with b.
6009   1629   38         52.9807    58.8508    11.0797    % 
UB: 58.8507874015748
branching on 3 with b.
6010   1630   38         52.9807    58.8508    11.0797    % 
UB: 58.8507874015748
branching on 3 with b.
6011   1631   26         52.9807    58.8508    11.0797    % 
UB: 58.8507874015748
branching on 3 with b.
6012   1632   27         52.9807    58.8508    11.0797    % 
UB: 58.8507874015748
branching on 1 with b.
6013   1633   27         52.9807    58.8508    11.0797    % 
LB close or above UB, fathomed
6014   1632   26         52.9807    58.8508    11.0797    % 
UB: 58.8507874015748
branching on 3 with b.
6015   1633   27         52.9807    58.8508    11.0797    % 
UB: 58.8507874015748
branching on 1 with b.
6016   1634   27         52.9807    58.8508    11.0797    % 
LB close or above UB, fathomed
6017   1633   28         52.9807    58.8508    11.0797    % 
LB close or above UB, fathomed
6018   1632   28         52.9807    58.8508    11.0797    % 
UB: 58.8507874015748
branching on 3 with b.
6019   1633   24         52.9807    58.8508    11.0797    % 
UB: 58.8507874015748
branching on 3 with b.
6020   1634   25         52.9807    58.8508    11.0797    % 
UB: 58.8507874015748
branching on 1 with b.
6021   1635   25         52.9807    58.8508    11.0797    % 
LB close or above UB, fathomed
6022   1634   24         52.9807    58.8508    11.0797    % 
UB: 58.8507874015748
branching on 3 with b.
6023   1635   25         52.9807    58.8508    11.0797    % 
UB: 58.8507874015748
branching on 1 with b.
6024   1636   25         52.9807    58.8508    11.0797    % 
LB close or above UB, fathomed
6025   1635   27         52.9807    58.8508    11.0797    % 
UB: 58.8507874015748
branching on 3 with b.
6026   1636   28         52.9807    58.8508    11.0797    % 
UB: 58.8507874015748
branching on 1 with b.
6027   1637   28         52.9807    58.8508    11.0797    % 
LB close or above UB, fathomed
6028   1636   27         52.9807    58.8508    11.0797    % 
LB close or above UB, fathomed
6029   1635   16         52.9807    58.8508    11.0797    % 
LB close or above UB, fathomed
6030   1634   16         52.9807    58.8508    11.0797    % 
UB: 58.8507874015748
branching on CartesianIndex(1, 5) with c.
6031   1635   17         52.9807    58.8508    11.0797    % 
UB: 58.8507874015748
branching on CartesianIndex(1, 6) with c.
6032   1636   18         52.9807    58.8508    11.0797    % 
UB: 58.8507874015748
branching on CartesianIndex(1, 7) with c.
6033   1637   19         52.9807    58.8508    11.0797    % 
UB: 58.8507874015748
branching on 2 with b.
6034   1638   19         52.9807    58.8508    11.0797    % 
UB: 58.8507874015748
branching on 2 with b.
6035   1639   20         52.9807    58.8508    11.0797    % 
UB: 58.8507874015748
branching on 3 with b.
6036   1640   21         52.9807    58.8508    11.0797    % 
LB close or above UB, fathomed
6037   1639   21         52.9807    58.8508    11.0797    % 
UB: 58.8507874015748
branching on 1 with b.
6038   1640   22         52.9807    58.8508    11.0797    % 
UB: 58.8507874015748
branching on 2 with b.
6039   1641   22         52.9807    58.8508    11.0797    % 
LB close or above UB, fathomed
6040   1640   20         52.9807    58.8508    11.0797    % 
LB close or above UB, fathomed
6041   1639   18         52.9807    58.8508    11.0797    % 
LB close or above UB, fathomed
6042   1638   17         52.9807    58.8508    11.0797    % 
LB close or above UB, fathomed
6043   1637   31         52.9807    58.8508    11.0797    % 
UB: 58.8507874015748
branching on 3 with b.
6044   1638   31         52.9807    58.8508    11.0797    % 
UB: 58.8507874015748
branching on 3 with b.
6045   1639   32         52.9807    58.8508    11.0797    % 
LB close or above UB, fathomed
6046   1638   32         52.9807    58.8508    11.0797    % 
LB close or above UB, fathomed
6047   1637   16         52.9807    58.8508    11.0797    % 
LB close or above UB, fathomed
6048   1636   16         52.9807    58.8508    11.0797    % 
UB: 58.8507874015748
branching on 1 with b.
6049   1637   16         52.9807    58.8508    11.0797    % 
LB close or above UB, fathomed
6050   1636   16         52.9807    58.8508    11.0797    % 
LB close or above UB, fathomed
6051   1635   25         52.9807    58.8508    11.0797    % 
UB: 58.8507874015748
branching on 1 with b.
6052   1636   25         52.9807    58.8508    11.0797    % 
LB close or above UB, fathomed
6053   1635   28         52.9807    58.8508    11.0797    % 
LB close or above UB, fathomed
6054   1634   28         52.9807    58.8508    11.0797    % 
UB: 58.8507874015748
branching on 2 with b.
6055   1635   36         52.9807    58.8508    11.0797    % 
UB: 58.8507874015748
branching on 2 with b.
6056   1636   37         52.9807    58.8508    11.0797    % 
LB close or above UB, fathomed
6057   1635   37         52.9807    58.8508    11.0797    % 
UB: 58.8507874015748
branching on 3 with b.
6058   1636   36         52.9807    58.8508    11.0797    % 
UB: 58.8507874015748
branching on 2 with b.
6059   1637   30         52.9807    58.8508    11.0797    % 
LB close or above UB, fathomed
6060   1636   30         52.9807    58.8508    11.0797    % 
UB: 58.8507874015748
branching on 1 with b.
6061   1637   31         52.9807    58.8508    11.0797    % 
UB: 58.8507874015748
branching on 2 with b.
6062   1638   31         52.9807    58.8508    11.0797    % 
UB: 58.8507874015748
branching on 2 with b.
6063   1639   36         52.9807    58.8508    11.0797    % 
UB: 58.8507874015748
branching on 2 with b.
6064   1640   37         52.9807    58.8508    11.0797    % 
UB: 58.8507874015748
branching on 3 with b.
6065   1641   37         52.9807    58.8508    11.0797    % 
UB: 58.8507874015748
branching on 3 with b.
6066   1642   36         52.9807    58.8508    11.0797    % 
UB: 58.8507874015748
branching on 2 with b.
6067   1643   37         52.9807    58.8508    11.0797    % 
UB: 58.8507874015748
branching on 3 with b.
6068   1644   37         52.9807    58.8508    11.0797    % 
UB: 58.8507874015748
branching on 3 with b.
6069   1645   22         52.9807    58.8508    11.0797    % 
UB: 58.8507874015748
branching on CartesianIndex(1, 5) with c.
6070   1646   22         52.9807    58.8508    11.0797    % 
UB: 58.8507874015748
branching on CartesianIndex(1, 5) with c.
6071   1647   23         52.9807    58.8508    11.0797    % 
LB close or above UB, fathomed
6072   1646   23         52.9807    58.8508    11.0797    % 
UB: 58.8507874015748
branching on CartesianIndex(1, 6) with c.
6073   1647   29         52.9807    58.8508    11.0797    % 
LB close or above UB, fathomed
6074   1646   29         52.9807    58.8508    11.0797    % 
UB: 58.8507874015748
branching on 1 with b.
6075   1647   32         52.9807    58.8508    11.0797    % 
UB: 58.8507874015748
branching on 2 with b.
6076   1648   32         52.9807    58.8508    11.0797    % 
UB: 58.8507874015748
branching on 2 with b.
6077   1649   25         52.9807    58.8508    11.0797    % 
LB close or above UB, fathomed
6078   1648   25         52.9807    58.8508    11.0797    % 
UB: 58.8507874015748
branching on CartesianIndex(1, 7) with c.
6079   1649   26         52.9807    58.8508    11.0797    % 
UB: 58.8507874015748
branching on 1 with b.
6080   1650   27         52.9807    58.8508    11.0797    % 
UB: 58.8507874015748
branching on 2 with b.
6081   1651   28         52.9807    58.8508    11.0797    % 
LB close or above UB, fathomed
6082   1650   28         52.9807    58.8508    11.0797    % 
UB: 58.8507874015748
branching on 3 with b.
6083   1651   29         52.9807    58.8508    11.0797    % 
LB close or above UB, fathomed
6084   1650   29         52.9807    58.8508    11.0797    % 
UB: 58.8507874015748
branching on 1 with b.
6085   1651   30         52.9807    58.8508    11.0797    % 
UB: 58.8507874015748
branching on 2 with b.
6086   1652   31         52.9807    58.8508    11.0797    % 
LB close or above UB, fathomed
6087   1651   31         52.9807    58.8508    11.0797    % 
UB: 58.8507874015748
branching on 3 with b.
6088   1652   32         52.9807    58.8508    11.0797    % 
LB close or above UB, fathomed
6089   1651   32         52.9807    58.8508    11.0797    % 
UB: 58.8507874015748
branching on 1 with b.
6090   1652   33         52.9807    58.8508    11.0797    % 
UB: 58.8507874015748
branching on 2 with b.
6091   1653   33         52.9807    58.8508    11.0797    % 
UB: 58.8507874015748
branching on 2 with b.
6092   1654   30         52.9807    58.8508    11.0797    % 
LB close or above UB, fathomed
6093   1653   27         52.9807    58.8508    11.0797    % 
LB close or above UB, fathomed
6094   1652   26         52.9807    58.8508    11.0797    % 
LB close or above UB, fathomed
6095   1651   31         52.9807    58.8508    11.0797    % 
LB close or above UB, fathomed
6096   1650   31         52.9807    58.8508    11.0797    % 
UB: 58.8507874015748
branching on 3 with b.
6097   1651   32         52.9807    58.8508    11.0797    % 
LB close or above UB, fathomed
6098   1650   32         52.9807    58.8508    11.0797    % 
UB: 58.8507874015748
branching on 1 with b.
6099   1651   33         52.9807    58.8508    11.0797    % 
UB: 58.8507874015748
branching on 2 with b.
6100   1652   33         52.9807    58.8508    11.0797    % 
UB: 58.8507874015748
branching on 2 with b.
6101   1653   17         52.9807    58.8508    11.0797    % 
LB close or above UB, fathomed
6102   1652   17         52.9807    58.8508    11.0797    % 
UB: 58.8507874015748
branching on 3 with b.
6103   1653   18         52.9807    58.8508    11.0797    % 
LB close or above UB, fathomed
6104   1652   18         52.9807    58.8508    11.0797    % 
UB: 58.8507874015748
branching on CartesianIndex(1, 5) with c.
6105   1653   19         52.9807    58.8508    11.0797    % 
UB: 58.8507874015748
branching on CartesianIndex(1, 6) with c.
6106   1654   20         52.9807    58.8508    11.0797    % 
LB close or above UB, fathomed
6107   1653   20         52.9807    58.8508    11.0797    % 
UB: 58.8507874015748
branching on CartesianIndex(1, 7) with c.
6108   1654   19         52.9807    58.8508    11.0797    % 
UB: 58.8507874015748
branching on 1 with b.
6109   1655   31         52.9807    58.8508    11.0797    % 
UB: 58.8507874015748
branching on 1 with b.
6110   1656   31         52.9807    58.8508    11.0797    % 
LB close or above UB, fathomed
6111   1655   20         52.9807    58.8508    11.0797    % 
LB close or above UB, fathomed
6112   1654   20         52.9807    58.8508    11.0797    % 
UB: 58.8507874015748
branching on CartesianIndex(1, 4) with c.
6113   1655   21         52.9807    58.8508    11.0797    % 
UB: 58.8507874015748
branching on CartesianIndex(1, 5) with c.
6114   1656   21         52.9807    58.8508    11.0797    % 
UB: 58.8507874015748
branching on 3 with b.
6115   1657   22         52.9807    58.8508    11.0797    % 
LB close or above UB, fathomed
6116   1656   22         52.9807    58.8508    11.0797    % 
UB: 58.8507874015748
branching on CartesianIndex(1, 5) with c.
6117   1657   35         52.9807    58.8508    11.0797    % 
LB close or above UB, fathomed
6118   1656   35         52.9807    58.8508    11.0797    % 
LB close or above UB, fathomed
6119   1655   30         52.9807    58.8508    11.0797    % 
UB: 58.8507874015748
branching on 2 with b.
6120   1656   30         52.9807    58.8508    11.0797    % 
UB: 58.8507874015748
branching on 2 with b.
6121   1657   31         52.9807    58.8508    11.0797    % 
UB: 58.8507874015748
branching on 3 with b.
6122   1658   32         52.9807    58.8508    11.0797    % 
UB: 58.8507874015748
branching on 1 with b.
6123   1659   33         52.9807    58.8508    11.0797    % 
UB: 58.8507874015748
branching on 2 with b.
6124   1660   34         52.9807    58.8508    11.0797    % 
UB: 58.8507874015748
branching on 3 with b.
6125   1661   34         52.9807    58.8508    11.0797    % 
LB close or above UB, fathomed
6126   1660   33         52.9807    58.8508    11.0797    % 
UB: 58.8507874015748
branching on 2 with b.
6127   1661   32         52.9807    58.8508    11.0797    % 
UB: 58.8507874015748
branching on 1 with b.
6128   1662   31         52.9807    58.8508    11.0797    % 
LB close or above UB, fathomed
6129   1661   31         52.9807    58.8508    11.0797    % 
UB: 58.8507874015748
branching on 1 with b.
6130   1662   31         52.9807    58.8508    11.0797    % 
LB close or above UB, fathomed
6131   1661   10         52.9807    58.8508    11.0797    % 
UB: 58.8507874015748
branching on 3 with b.
6132   1662   11         52.9807    58.8508    11.0797    % 
LB close or above UB, fathomed
6133   1661   11         52.9807    58.8508    11.0797    % 
LB close or above UB, fathomed
6134   1660   10         52.9807    58.8508    11.0797    % 
UB: 58.8507874015748
branching on CartesianIndex(1, 2) with a.
6135   1661   17         52.9807    58.8508    11.0797    % 
LB close or above UB, fathomed
6136   1660   17         52.9807    58.8508    11.0797    % 
LB close or above UB, fathomed
6137   1659   21         52.9807    58.8508    11.0797    % 
UB: 58.8507874015748
branching on 1 with b.
6138   1660   22         52.9807    58.8508    11.0797    % 
LB close or above UB, fathomed
6139   1659   22         52.9807    58.8508    11.0797    % 
UB: 58.8507874015748
branching on 2 with b.
6140   1660   23         52.9807    58.8508    11.0797    % 
LB close or above UB, fathomed
6141   1659   23         52.9807    58.8508    11.0797    % 
UB: 58.8507874015748
branching on 3 with b.
6142   1660   24         52.9807    58.8508    11.0797    % 
UB: 58.8507874015748
branching on 1 with b.
6143   1661   24         52.9807    58.8508    11.0797    % 
LB close or above UB, fathomed
6144   1660   21         52.9807    58.8508    11.0797    % 
LB close or above UB, fathomed
6145   1659   16         52.9807    58.8508    11.0797    % 
LB close or above UB, fathomed
6146   1658   16         52.9807    58.8508    11.0797    % 
UB: 58.8507874015748
branching on CartesianIndex(1, 5) with c.
6147   1659   17         52.9807    58.8508    11.0797    % 
UB: 58.8507874015748
branching on CartesianIndex(1, 6) with c.
6148   1660   18         52.9807    58.8508    11.0797    % 
UB: 58.8507874015748
branching on 2 with b.
6149   1661   18         52.9807    58.8508    11.0797    % 
UB: 58.8507874015748
branching on 2 with b.
6150   1662   19         52.9807    58.8508    11.0797    % 
UB: 58.8507874015748
branching on 3 with b.
6151   1663   20         52.9807    58.8508    11.0797    % 
UB: 58.8507874015748
branching on CartesianIndex(1, 7) with c.
6152   1664   20         52.9807    58.8508    11.0797    % 
UB: 58.8507874015748
branching on CartesianIndex(1, 7) with c.
6153   1665   19         52.9807    58.8508    11.0797    % 
LB close or above UB, fathomed
6154   1664   17         52.9807    58.8508    11.0797    % 
LB close or above UB, fathomed
6155   1663   19         52.9807    58.8508    11.0797    % 
UB: 58.8507874015748
branching on 3 with b.
6156   1664   19         52.9807    58.8508    11.0797    % 
LB close or above UB, fathomed
6157   1663   20         52.9807    58.8508    11.0797    % 
UB: 58.8507874015748
branching on CartesianIndex(1, 4) with c.
6158   1664   20         52.9807    58.8508    11.0797    % 
UB: 58.8507874015748
branching on CartesianIndex(1, 4) with c.
6159   1665   20         52.9807    58.8508    11.0797    % 
LB close or above UB, fathomed
6160   1664   20         52.9807    58.8508    11.0797    % 
UB: 58.8507874015748
branching on CartesianIndex(1, 5) with c.
6161   1665   21         52.9807    58.8508    11.0797    % 
UB: 58.8507874015748
branching on CartesianIndex(1, 6) with c.
6162   1666   22         52.9807    58.8508    11.0797    % 
UB: 58.8507874015748
branching on CartesianIndex(1, 7) with c.
6163   1667   22         52.9807    58.8508    11.0797    % 
UB: 58.8507874015748
branching on CartesianIndex(1, 7) with c.
6164   1668   23         52.9807    58.8508    11.0797    % 
UB: 58.8507874015748
branching on 1 with b.
6165   1669   24         52.9807    58.8508    11.0797    % 
UB: 58.8507874015748
branching on 2 with b.
6166   1670   25         52.9807    58.8508    11.0797    % 
UB: 58.8507874015748
branching on 3 with b.
6167   1671   26         52.9807    58.8508    11.0797    % 
UB: 58.8507874015748
branching on 1 with b.
6168   1672   27         52.9807    58.8508    11.0797    % 
UB: 58.8507874015748
branching on 2 with b.
6169   1673   27         52.9807    58.8508    11.0797    % 
UB: 58.8507874015748
branching on 2 with b.
6170   1674   26         52.9807    58.8508    11.0797    % 
LB close or above UB, fathomed
6171   1673   25         52.9807    58.8508    11.0797    % 
LB close or above UB, fathomed
6172   1672   24         52.9807    58.8508    11.0797    % 
LB close or above UB, fathomed
6173   1671   23         52.9807    58.8508    11.0797    % 
LB close or above UB, fathomed
6174   1670   21         52.9807    58.8508    11.0797    % 
LB close or above UB, fathomed
6175   1669   29         52.9807    58.8508    11.0797    % 
LB close or above UB, fathomed
6176   1668   29         52.9807    58.8508    11.0797    % 
UB: 58.8507874015748
branching on 3 with b.
6177   1669   19         52.9807    58.8508    11.0797    % 
LB close or above UB, fathomed
6178   1668   19         52.9807    58.8508    11.0797    % 
UB: 58.8507874015748
branching on CartesianIndex(1, 5) with c.
6179   1669   20         52.9807    58.8508    11.0797    % 
UB: 58.8507874015748
branching on CartesianIndex(1, 6) with c.
6180   1670   21         52.9807    58.8508    11.0797    % 
LB close or above UB, fathomed
6181   1669   21         52.9807    58.8508    11.0797    % 
UB: 58.8507874015748
branching on CartesianIndex(1, 7) with c.
6182   1670   22         52.9807    58.8508    11.0797    % 
UB: 58.8507874015748
branching on 2 with b.
6183   1671   23         52.9807    58.8508    11.0797    % 
UB: 58.8507874015748
branching on 3 with b.
6184   1672   24         52.9807    58.8508    11.0797    % 
UB: 58.8507874015748
branching on 1 with b.
6185   1673   24         52.9807    58.8508    11.0797    % 
UB: 58.8507874015748
branching on 1 with b.
6186   1674   23         52.9807    58.8508    11.0797    % 
LB close or above UB, fathomed
6187   1673   22         52.9807    58.8508    11.0797    % 
LB close or above UB, fathomed
6188   1672   20         52.9807    58.8508    11.0797    % 
LB close or above UB, fathomed
6189   1671   26         52.9807    58.8508    11.0797    % 
UB: 58.8507874015748
branching on 2 with b.
6190   1672   27         52.9807    58.8508    11.0797    % 
UB: 58.8507874015748
branching on 3 with b.
6191   1673   28         52.9807    58.8508    11.0797    % 
UB: 58.8507874015748
branching on 1 with b.
6192   1674   28         52.9807    58.8508    11.0797    % 
LB close or above UB, fathomed
6193   1673   27         52.9807    58.8508    11.0797    % 
UB: 58.8507874015748
branching on 3 with b.
6194   1674   28         52.9807    58.8508    11.0797    % 
UB: 58.8507874015748
branching on 1 with b.
6195   1675   28         52.9807    58.8508    11.0797    % 
LB close or above UB, fathomed
6196   1674   26         52.9807    58.8508    11.0797    % 
LB close or above UB, fathomed
6197   1673   22         52.9807    58.8508    11.0797    % 
UB: 58.8507874015748
branching on CartesianIndex(1, 5) with c.
6198   1674   22         52.9807    58.8508    11.0797    % 
UB: 58.8507874015748
branching on CartesianIndex(1, 5) with c.
6199   1675   17         52.9807    58.8508    11.0797    % 
LB close or above UB, fathomed
6200   1674   17         52.9807    58.8508    11.0797    % 
UB: 58.8507874015748
branching on CartesianIndex(1, 5) with c.
6201   1675   18         52.9807    58.8508    11.0797    % 
UB: 58.8507874015748
branching on CartesianIndex(1, 6) with c.
6202   1676   19         52.9807    58.8508    11.0797    % 
LB close or above UB, fathomed
6203   1675   19         52.9807    58.8508    11.0797    % 
UB: 58.8507874015748
branching on CartesianIndex(1, 7) with c.
6204   1676   20         52.9807    58.8508    11.0797    % 
UB: 58.8507874015748
branching on 3 with b.
6205   1677   21         52.9807    58.8508    11.0797    % 
LB close or above UB, fathomed
6206   1676   21         52.9807    58.8508    11.0797    % 
UB: 58.8507874015748
branching on 1 with b.
6207   1677   22         52.9807    58.8508    11.0797    % 
LB close or above UB, fathomed
6208   1676   22         52.9807    58.8508    11.0797    % 
UB: 58.8507874015748
branching on 2 with b.
6209   1677   23         52.9807    58.8508    11.0797    % 
UB: 58.8507874015748
branching on 3 with b.
6210   1678   24         52.9807    58.8508    11.0797    % 
UB: 58.8507874015748
branching on 1 with b.
6211   1679   24         52.9807    58.8508    11.0797    % 
LB close or above UB, fathomed
6212   1678   23         52.9807    58.8508    11.0797    % 
UB: 58.8507874015748
branching on 3 with b.
6213   1679   20         52.9807    58.8508    11.0797    % 
LB close or above UB, fathomed
6214   1678   18         52.9807    58.8508    11.0797    % 
UB: 58.8507874015748
branching on CartesianIndex(1, 6) with c.
6215   1679   21         52.9807    58.8508    11.0797    % 
LB close or above UB, fathomed
6216   1678   21         52.9807    58.8508    11.0797    % 
UB: 58.8507874015748
branching on CartesianIndex(1, 5) with c.
6217   1679   22         52.9807    58.8508    11.0797    % 
UB: 58.8507874015748
branching on 2 with b.
6218   1680   23         52.9807    58.8508    11.0797    % 
UB: 58.8507874015748
branching on CartesianIndex(1, 6) with c.
6219   1681   24         52.9807    58.8508    11.0797    % 
LB close or above UB, fathomed
6220   1680   24         52.9807    58.8508    11.0797    % 
UB: 58.8507874015748
branching on CartesianIndex(1, 7) with c.
6221   1681   23         52.9807    58.8508    11.0797    % 
UB: 58.8507874015748
branching on CartesianIndex(1, 6) with c.
6222   1682   24         52.9807    58.8508    11.0797    % 
LB close or above UB, fathomed
6223   1681   24         52.9807    58.8508    11.0797    % 
UB: 58.8507874015748
branching on CartesianIndex(1, 7) with c.
6224   1682   22         52.9807    58.8508    11.0797    % 
UB: 58.8507874015748
branching on CartesianIndex(1, 6) with c.
6225   1683   23         52.9807    58.8508    11.0797    % 
LB close or above UB, fathomed
6226   1682   23         52.9807    58.8508    11.0797    % 
UB: 58.8507874015748
branching on CartesianIndex(1, 7) with c.
6227   1683   23         52.9807    58.8508    11.0797    % 
LB close or above UB, fathomed
6228   1682   23         52.9807    58.8508    11.0797    % 
UB: 58.8507874015748
branching on CartesianIndex(1, 6) with c.
6229   1683   24         52.9807    58.8508    11.0797    % 
LB close or above UB, fathomed
6230   1682   24         52.9807    58.8508    11.0797    % 
UB: 58.8507874015748
branching on CartesianIndex(1, 7) with c.
6231   1683   25         52.9807    58.8508    11.0797    % 
UB: 58.8507874015748
branching on 2 with b.
6232   1684   26         52.9807    58.8508    11.0797    % 
UB: 58.8507874015748
branching on 3 with b.
6233   1685   27         52.9807    58.8508    11.0797    % 
UB: 58.8507874015748
branching on 1 with b.
6234   1686   27         52.9807    58.8508    11.0797    % 
LB close or above UB, fathomed
6235   1685   26         52.9807    58.8508    11.0797    % 
LB close or above UB, fathomed
6236   1684   25         52.9807    58.8508    11.0797    % 
LB close or above UB, fathomed
6237   1683   21         52.9807    58.8508    11.0797    % 
LB close or above UB, fathomed
6238   1682   21         52.9807    58.8508    11.0797    % 
UB: 58.8507874015748
branching on CartesianIndex(1, 5) with c.
6239   1683   22         52.9807    58.8508    11.0797    % 
UB: 58.8507874015748
branching on CartesianIndex(1, 6) with c.
6240   1684   23         52.9807    58.8508    11.0797    % 
UB: 58.8507874015748
branching on 1 with b.
6241   1685   24         52.9807    58.8508    11.0797    % 
UB: 58.8507874015748
branching on CartesianIndex(1, 7) with c.
6242   1686   24         52.9807    58.8508    11.0797    % 
LB close or above UB, fathomed
6243   1685   23         52.9807    58.8508    11.0797    % 
LB close or above UB, fathomed
6244   1684   22         52.9807    58.8508    11.0797    % 
LB close or above UB, fathomed
6245   1683   18         53.2079    58.8508    10.6054    % 
LB close or above UB, fathomed
6246   1682   18         53.2079    58.8508    10.6054    % 
UB: 58.8507874015748
branching on CartesianIndex(1, 5) with c.
6247   1683   13         53.9591    58.8508    9.0656     % 
UB: 58.8507874015748
branching on CartesianIndex(1, 2) with a.
6248   1684   13         53.9591    58.8508    9.0656     % 
LB close or above UB, fathomed
6249   1683   15         53.9591    58.8508    9.0656     % 
LB close or above UB, fathomed
6250   1682   15         53.9591    58.8508    9.0656     % 
UB: 58.8507874015748
branching on CartesianIndex(1, 3) with a.
6251   1683   18         54.8826    58.8508    7.2302     % 
UB: 58.8507874015748
branching on 3 with b.
6252   1684   18         54.8826    58.8508    7.2302     % 
LB close or above UB, fathomed
6253   1683   20         54.8874    58.8508    7.2209     % 
LB close or above UB, fathomed
6254   1682   20         54.8874    58.8508    7.2209     % 
LB close or above UB, fathomed
6255   1681   16         54.8874    58.8508    7.2209     % 
LB close or above UB, fathomed
6256   1680   16         54.8874    58.8508    7.2209     % 
UB: 58.8507874015748
branching on CartesianIndex(1, 7) with c.
6257   1681   17         54.8874    58.8508    7.2209     % 
UB: 58.8507874015748
branching on 1 with b.
6258   1682   18         54.8874    58.8508    7.2209     % 
LB close or above UB, fathomed
6259   1681   18         54.8874    58.8508    7.2209     % 
UB: 58.8507874015748
branching on 3 with b.
6260   1682   19         54.8874    58.8508    7.2209     % 
LB close or above UB, fathomed
6261   1681   19         54.8874    58.8508    7.2209     % 
LB close or above UB, fathomed
6262   1680   17         54.8874    58.8508    7.2209     % 
LB close or above UB, fathomed
6263   1679   10         54.8874    58.8508    7.2209     % 
UB: 58.8507874015748
branching on CartesianIndex(1, 2) with a.
6264   1680   10         54.8874    58.8508    7.2209     % 
LB close or above UB, fathomed
6265   1679   19         54.8874    58.8508    7.2209     % 
UB: 58.8507874015748
branching on 1 with b.
6266   1680   20         54.8874    58.8508    7.2209     % 
LB close or above UB, fathomed
6267   1679   20         54.8874    58.8508    7.2209     % 
LB close or above UB, fathomed
6268   1678   19         54.8874    58.8508    7.2209     % 
LB close or above UB, fathomed
6269   1677   10         54.8874    58.8508    7.2209     % 
LB close or above UB, fathomed
6270   1676   10         54.8874    58.8508    7.2209     % 
LB close or above UB, fathomed
6271   1675   14         54.8874    58.8508    7.2209     % 
UB: 58.8507874015748
branching on CartesianIndex(1, 5) with c.
6272   1676   15         54.8874    58.8508    7.2209     % 
UB: 58.8507874015748
branching on CartesianIndex(1, 7) with c.
6273   1677   16         54.8874    58.8508    7.2209     % 
UB: 58.8507874015748
branching on 2 with b.
6274   1678   16         54.8874    58.8508    7.2209     % 
LB close or above UB, fathomed
6275   1677   15         54.8874    58.8508    7.2209     % 
LB close or above UB, fathomed
6276   1676   14         54.8874    58.8508    7.2209     % 
LB close or above UB, fathomed
6277   1675   17         54.8874    58.8508    7.2209     % 
UB: 58.8507874015748
branching on 1 with b.
6278   1676   18         54.8874    58.8508    7.2209     % 
LB close or above UB, fathomed
6279   1675   18         54.8874    58.8508    7.2209     % 
LB close or above UB, fathomed
6280   1674   17         54.8874    58.8508    7.2209     % 
LB close or above UB, fathomed
6281   1673   12         54.8874    58.8508    7.2209     % 
LB close or above UB, fathomed
6282   1672   12         54.8874    58.8508    7.2209     % 
LB close or above UB, fathomed
6283   1671   20         54.8874    58.8508    7.2209     % 
LB close or above UB, fathomed
6284   1670   20         54.8874    58.8508    7.2209     % 
UB: 58.8507874015748
branching on 3 with b.
6285   1671   9          54.8874    58.8508    7.2209     % 
UB: 58.8507874015748
branching on 1 with b.
6286   1672   10         54.8874    58.8508    7.2209     % 
LB close or above UB, fathomed
6287   1671   10         54.8874    58.8508    7.2209     % 
LB close or above UB, fathomed
6288   1670   9          54.8874    58.8508    7.2209     % 
LB close or above UB, fathomed
6289   1669   10         54.8874    58.8508    7.2209     % 
UB: 58.8507874015748
branching on 2 with b.
6290   1670   11         54.8874    58.8508    7.2209     % 
LB close or above UB, fathomed
6291   1669   11         54.8874    58.8508    7.2209     % 
LB close or above UB, fathomed
6292   1668   10         54.8874    58.8508    7.2209     % 
UB: 58.8507874015748
branching on 2 with b.
6293   1669   11         54.8874    58.8508    7.2209     % 
UB: 58.8507874015748
branching on 2 with b.
6294   1670   11         54.8874    58.8508    7.2209     % 
LB close or above UB, fathomed
6295   1669   12         54.8874    58.8508    7.2209     % 
UB: 58.8507874015748
branching on CartesianIndex(2, 2) with a.
6296   1670   13         54.8874    58.8508    7.2209     % 
UB: 58.8507874015748
branching on CartesianIndex(3, 2) with a.
6297   1671   14         54.8874    58.8508    7.2209     % 
LB close or above UB, fathomed
6298   1670   14         54.8874    58.8508    7.2209     % 
UB: 58.8507874015748
branching on CartesianIndex(1, 4) with c.
6299   1671   15         54.8874    58.8508    7.2209     % 
LB close or above UB, fathomed
6300   1670   15         54.8874    58.8508    7.2209     % 
UB: 58.8507874015748
branching on CartesianIndex(1, 5) with c.
6301   1671   16         54.8874    58.8508    7.2209     % 
UB: 58.8507874015748
branching on CartesianIndex(1, 7) with c.
6302   1672   17         54.8874    58.8508    7.2209     % 
UB: 58.8507874015748
branching on 1 with b.
6303   1673   18         54.8874    58.8508    7.2209     % 
LB close or above UB, fathomed
6304   1672   18         54.8874    58.8508    7.2209     % 
LB close or above UB, fathomed
6305   1671   17         54.8874    58.8508    7.2209     % 
LB close or above UB, fathomed
6306   1670   16         54.8874    58.8508    7.2209     % 
LB close or above UB, fathomed
6307   1669   13         54.8874    58.8508    7.2209     % 
LB close or above UB, fathomed
6308   1668   12         54.8874    58.8508    7.2209     % 
LB close or above UB, fathomed
6309   1667   25         54.9258    58.8508    7.1460     % 
UB: 58.8507874015748
branching on 2 with b.
6310   1668   25         54.9258    58.8508    7.1460     % 
LB close or above UB, fathomed
6311   1667   31         54.9285    58.8508    7.1408     % 
UB: 58.8507874015748
branching on 3 with b.
6312   1668   31         54.9285    58.8508    7.1408     % 
UB: 58.8507874015748
branching on 3 with b.
6313   1669   29         54.9373    58.8508    7.1235     % 
UB: 58.8507874015748
branching on 3 with b.
6314   1670   30         54.9373    58.8508    7.1235     % 
LB close or above UB, fathomed
6315   1669   30         54.9373    58.8508    7.1235     % 
UB: 58.8507874015748
branching on 1 with b.
6316   1670   29         54.9373    58.8508    7.1235     % 
LB close or above UB, fathomed
6317   1669   30         54.9374    58.8508    7.1234     % 
UB: 58.8507874015748
branching on 2 with b.
6318   1670   30         54.9374    58.8508    7.1234     % 
LB close or above UB, fathomed
6319   1669   31         54.9374    58.8508    7.1234     % 
LB close or above UB, fathomed
6320   1668   31         54.9374    58.8508    7.1234     % 
UB: 58.8507874015748
branching on 3 with b.
6321   1669   30         54.9374    58.8508    7.1234     % 
LB close or above UB, fathomed
6322   1668   30         54.9374    58.8508    7.1234     % 
UB: 58.8507874015748
branching on 3 with b.
6323   1669   30         54.9374    58.8508    7.1234     % 
UB: 58.8507874015748
branching on 3 with b.
6324   1670   30         54.9374    58.8508    7.1234     % 
LB close or above UB, fathomed
6325   1669   32         54.9374    58.8508    7.1234     % 
UB: 58.8507874015748
branching on 1 with b.
6326   1670   33         54.9374    58.8508    7.1234     % 
LB close or above UB, fathomed
6327   1669   33         54.9374    58.8508    7.1234     % 
UB: 58.8507874015748
branching on 2 with b.
6328   1670   32         54.9374    58.8508    7.1234     % 
LB close or above UB, fathomed
6329   1669   34         54.9374    58.8508    7.1234     % 
UB: 58.8507874015748
branching on 1 with b.
6330   1670   35         54.9374    58.8508    7.1234     % 
LB close or above UB, fathomed
6331   1669   35         54.9374    58.8508    7.1234     % 
UB: 58.8507874015748
branching on 2 with b.
6332   1670   36         54.9374    58.8508    7.1234     % 
LB close or above UB, fathomed
6333   1669   36         54.9374    58.8508    7.1234     % 
UB: 58.8507874015748
branching on 3 with b.
6334   1670   34         54.9374    58.8508    7.1234     % 
LB close or above UB, fathomed
6335   1669   32         54.9374    58.8508    7.1234     % 
LB close or above UB, fathomed
6336   1668   32         54.9374    58.8508    7.1234     % 
UB: 58.8507874015748
branching on 3 with b.
6337   1669   26         54.9374    58.8508    7.1234     % 
UB: 58.8507874015748
branching on 2 with b.
6338   1670   26         54.9374    58.8508    7.1234     % 
LB close or above UB, fathomed
6339   1669   16         54.9374    58.8508    7.1234     % 
UB: 58.8507874015748
branching on CartesianIndex(2, 3) with a.
6340   1670   17         54.9374    58.8508    7.1234     % 
UB: 58.8507874015748
branching on 3 with b.
6341   1671   18         54.9374    58.8508    7.1234     % 
UB: 58.8507874015748
branching on CartesianIndex(3, 3) with a.
6342   1672   18         54.9374    58.8508    7.1234     % 
LB close or above UB, fathomed
6343   1671   17         54.9374    58.8508    7.1234     % 
LB close or above UB, fathomed
6344   1670   16         54.9374    58.8508    7.1234     % 
UB: 58.8507874015748
branching on CartesianIndex(1, 4) with c.
6345   1671   25         54.9374    58.8508    7.1234     % 
UB: 58.8507874015748
branching on 3 with b.
6346   1672   25         54.9374    58.8508    7.1234     % 
LB close or above UB, fathomed
6347   1671   21         54.9374    58.8508    7.1234     % 
LB close or above UB, fathomed
6348   1670   21         54.9374    58.8508    7.1234     % 
UB: 58.8507874015748
branching on 3 with b.
6349   1671   22         54.9374    58.8508    7.1234     % 
LB close or above UB, fathomed
6350   1670   22         54.9374    58.8508    7.1234     % 
UB: 58.8507874015748
branching on 1 with b.
6351   1671   23         54.9374    58.8508    7.1234     % 
LB close or above UB, fathomed
6352   1670   23         54.9374    58.8508    7.1234     % 
UB: 58.8507874015748
branching on CartesianIndex(1, 5) with c.
6353   1671   24         54.9374    58.8508    7.1234     % 
UB: 58.8507874015748
branching on 2 with b.
6354   1672   25         54.9374    58.8508    7.1234     % 
UB: 58.8507874015748
branching on 3 with b.
6355   1673   26         54.9374    58.8508    7.1234     % 
LB close or above UB, fathomed
6356   1672   26         54.9374    58.8508    7.1234     % 
UB: 58.8507874015748
branching on 1 with b.
6357   1673   25         54.9374    58.8508    7.1234     % 
LB close or above UB, fathomed
6358   1672   24         54.9374    58.8508    7.1234     % 
LB close or above UB, fathomed
6359   1671   26         54.9374    58.8508    7.1234     % 
LB close or above UB, fathomed
6360   1670   26         54.9374    58.8508    7.1234     % 
LB close or above UB, fathomed
6361   1669   32         54.9374    58.8508    7.1234     % 
UB: 58.8507874015748
branching on 1 with b.
6362   1670   32         54.9374    58.8508    7.1234     % 
LB close or above UB, fathomed
6363   1669   28         54.9374    58.8508    7.1234     % 
UB: 58.8507874015748
branching on 3 with b.
6364   1670   29         54.9374    58.8508    7.1234     % 
LB close or above UB, fathomed
6365   1669   29         54.9374    58.8508    7.1234     % 
UB: 58.8507874015748
branching on 1 with b.
6366   1670   30         54.9374    58.8508    7.1234     % 
UB: 58.8507874015748
branching on 2 with b.
6367   1671   30         54.9374    58.8508    7.1234     % 
UB: 58.8507874015748
branching on 2 with b.
6368   1672   28         54.9374    58.8508    7.1234     % 
LB close or above UB, fathomed
6369   1671   30         54.9374    58.8508    7.1234     % 
UB: 58.8507874015748
branching on 3 with b.
6370   1672   30         54.9374    58.8508    7.1234     % 
LB close or above UB, fathomed
6371   1671   32         54.9374    58.8508    7.1234     % 
LB close or above UB, fathomed
6372   1670   32         54.9374    58.8508    7.1234     % 
UB: 58.8507874015748
branching on 1 with b.
6373   1671   31         54.9374    58.8508    7.1234     % 
LB close or above UB, fathomed
6374   1670   31         54.9374    58.8508    7.1234     % 
UB: 58.8507874015748
branching on 3 with b.
6375   1671   26         54.9374    58.8508    7.1234     % 
UB: 58.8507874015748
branching on 3 with b.
6376   1672   27         54.9374    58.8508    7.1234     % 
LB close or above UB, fathomed
6377   1671   27         54.9374    58.8508    7.1234     % 
LB close or above UB, fathomed
6378   1670   26         54.9374    58.8508    7.1234     % 
LB close or above UB, fathomed
6379   1669   27         54.9374    58.8508    7.1234     % 
UB: 58.8507874015748
branching on 3 with b.
6380   1670   28         54.9374    58.8508    7.1234     % 
LB close or above UB, fathomed
6381   1669   28         54.9374    58.8508    7.1234     % 
LB close or above UB, fathomed
6382   1668   27         54.9374    58.8508    7.1234     % 
LB close or above UB, fathomed
6383   1667   25         54.9374    58.8508    7.1234     % 
UB: 58.8507874015748
branching on 3 with b.
6384   1668   25         54.9374    58.8508    7.1234     % 
UB: 58.8507874015748
branching on 3 with b.
6385   1669   26         54.9374    58.8508    7.1234     % 
LB close or above UB, fathomed
6386   1668   26         54.9374    58.8508    7.1234     % 
LB close or above UB, fathomed
6387   1667   16         54.9374    58.8508    7.1234     % 
LB close or above UB, fathomed
6388   1666   16         54.9374    58.8508    7.1234     % 
UB: 58.8507874015748
branching on CartesianIndex(1, 5) with c.
6389   1667   20         54.9374    58.8508    7.1234     % 
UB: 58.8507874015748
branching on 2 with b.
6390   1668   21         54.9374    58.8508    7.1234     % 
LB close or above UB, fathomed
6391   1667   21         54.9374    58.8508    7.1234     % 
UB: 58.8507874015748
branching on 3 with b.
6392   1668   20         54.9374    58.8508    7.1234     % 
LB close or above UB, fathomed
6393   1667   30         54.9374    58.8508    7.1234     % 
LB close or above UB, fathomed
6394   1666   30         54.9374    58.8508    7.1234     % 
UB: 58.8507874015748
branching on 3 with b.
6395   1667   31         54.9374    58.8508    7.1234     % 
LB close or above UB, fathomed
6396   1666   31         54.9374    58.8508    7.1234     % 
UB: 58.8507874015748
branching on 1 with b.
6397   1667   32         54.9374    58.8508    7.1234     % 
UB: 58.8507874015748
branching on 2 with b.
6398   1668   32         54.9374    58.8508    7.1234     % 
UB: 58.8507874015748
branching on 2 with b.
6399   1669   27         54.9374    58.8508    7.1234     % 
UB: 58.8507874015748
branching on 3 with b.
6400   1670   27         54.9374    58.8508    7.1234     % 
LB close or above UB, fathomed
6401   1669   24         54.9374    58.8508    7.1234     % 
UB: 58.8507874015748
branching on 2 with b.
6402   1670   24         54.9374    58.8508    7.1234     % 
LB close or above UB, fathomed
6403   1669   27         54.9374    58.8508    7.1234     % 
UB: 58.8507874015748
branching on 3 with b.
6404   1670   28         54.9374    58.8508    7.1234     % 
UB: 58.8507874015748
branching on 1 with b.
6405   1671   29         54.9374    58.8508    7.1234     % 
UB: 58.8507874015748
branching on 2 with b.
6406   1672   29         54.9374    58.8508    7.1234     % 
LB close or above UB, fathomed
6407   1671   28         54.9374    58.8508    7.1234     % 
LB close or above UB, fathomed
6408   1670   27         54.9374    58.8508    7.1234     % 
LB close or above UB, fathomed
6409   1669   18         54.9374    58.8508    7.1234     % 
UB: 58.8507874015748
branching on 3 with b.
6410   1670   19         54.9374    58.8508    7.1234     % 
LB close or above UB, fathomed
6411   1669   19         54.9374    58.8508    7.1234     % 
UB: 58.8507874015748
branching on CartesianIndex(1, 5) with c.
6412   1670   18         54.9374    58.8508    7.1234     % 
UB: 58.8507874015748
branching on 3 with b.
6413   1671   19         54.9374    58.8508    7.1234     % 
LB close or above UB, fathomed
6414   1670   19         54.9374    58.8508    7.1234     % 
UB: 58.8507874015748
branching on CartesianIndex(1, 5) with c.
6415   1671   24         54.9374    58.8508    7.1234     % 
LB close or above UB, fathomed
6416   1670   24         54.9374    58.8508    7.1234     % 
LB close or above UB, fathomed
6417   1669   20         54.9374    58.8508    7.1234     % 
LB close or above UB, fathomed
6418   1668   20         54.9374    58.8508    7.1234     % 
UB: 58.8507874015748
branching on 1 with b.
6419   1669   21         54.9374    58.8508    7.1234     % 
LB close or above UB, fathomed
6420   1668   21         54.9374    58.8508    7.1234     % 
UB: 58.8507874015748
branching on CartesianIndex(1, 6) with c.
6421   1669   22         54.9374    58.8508    7.1234     % 
LB close or above UB, fathomed
6422   1668   22         54.9374    58.8508    7.1234     % 
UB: 58.8507874015748
branching on CartesianIndex(1, 7) with c.
6423   1669   23         54.9374    58.8508    7.1234     % 
UB: 58.8507874015748
branching on 2 with b.
6424   1670   24         54.9374    58.8508    7.1234     % 
UB: 58.8507874015748
branching on 3 with b.
6425   1671   24         54.9374    58.8508    7.1234     % 
UB: 58.8507874015748
branching on 3 with b.
6426   1672   25         54.9374    58.8508    7.1234     % 
LB close or above UB, fathomed
6427   1671   25         54.9374    58.8508    7.1234     % 
LB close or above UB, fathomed
6428   1670   23         54.9374    58.8508    7.1234     % 
LB close or above UB, fathomed
6429   1669   20         54.9374    58.8508    7.1234     % 
LB close or above UB, fathomed
6430   1668   20         54.9374    58.8508    7.1234     % 
UB: 58.8507874015748
branching on CartesianIndex(1, 6) with c.
6431   1669   21         54.9374    58.8508    7.1234     % 
LB close or above UB, fathomed
6432   1668   21         54.9374    58.8508    7.1234     % 
UB: 58.8507874015748
branching on CartesianIndex(1, 7) with c.
6433   1669   22         54.9374    58.8508    7.1234     % 
UB: 58.8507874015748
branching on 1 with b.
6434   1670   23         54.9374    58.8508    7.1234     % 
LB close or above UB, fathomed
6435   1669   23         54.9374    58.8508    7.1234     % 
UB: 58.8507874015748
branching on 2 with b.
6436   1670   24         54.9374    58.8508    7.1234     % 
UB: 58.8507874015748
branching on 3 with b.
6437   1671   24         54.9374    58.8508    7.1234     % 
LB close or above UB, fathomed
6438   1670   22         54.9374    58.8508    7.1234     % 
LB close or above UB, fathomed
6439   1669   22         54.9374    58.8508    7.1234     % 
LB close or above UB, fathomed
6440   1668   22         54.9374    58.8508    7.1234     % 
UB: 58.8507874015748
branching on 1 with b.
6441   1669   23         54.9374    58.8508    7.1234     % 
UB: 58.8507874015748
branching on 2 with b.
6442   1670   23         54.9374    58.8508    7.1234     % 
UB: 58.8507874015748
branching on 2 with b.
6443   1671   17         54.9374    58.8508    7.1234     % 
UB: 58.8507874015748
branching on CartesianIndex(1, 6) with c.
6444   1672   18         54.9374    58.8508    7.1234     % 
UB: 58.8507874015748
branching on CartesianIndex(1, 7) with c.
6445   1673   19         54.9374    58.8508    7.1234     % 
UB: 58.8507874015748
branching on 2 with b.
6446   1674   20         54.9374    58.8508    7.1234     % 
UB: 58.8507874015748
branching on 3 with b.
6447   1675   21         54.9374    58.8508    7.1234     % 
UB: 58.8507874015748
branching on 1 with b.
6448   1676   22         54.9374    58.8508    7.1234     % 
LB close or above UB, fathomed
6449   1675   22         54.9374    58.8508    7.1234     % 
LB close or above UB, fathomed
6450   1674   21         54.9374    58.8508    7.1234     % 
UB: 58.8507874015748
branching on 1 with b.
6451   1675   20         54.9374    58.8508    7.1234     % 
LB close or above UB, fathomed
6452   1674   19         54.9374    58.8508    7.1234     % 
UB: 58.8507874015748
branching on 2 with b.
6453   1675   18         54.9374    58.8508    7.1234     % 
LB close or above UB, fathomed
6454   1674   17         54.9374    58.8508    7.1234     % 
LB close or above UB, fathomed
6455   1673   22         54.9374    58.8508    7.1234     % 
LB close or above UB, fathomed
6456   1672   22         54.9374    58.8508    7.1234     % 
UB: 58.8507874015748
branching on 2 with b.
6457   1673   27         54.9374    58.8508    7.1234     % 
UB: 58.8507874015748
branching on 3 with b.
6458   1674   27         54.9374    58.8508    7.1234     % 
UB: 58.8507874015748
branching on 3 with b.
6459   1675   25         54.9374    58.8508    7.1234     % 
UB: 58.8507874015748
branching on 2 with b.
6460   1676   26         54.9374    58.8508    7.1234     % 
LB close or above UB, fathomed
6461   1675   26         54.9374    58.8508    7.1234     % 
UB: 58.8507874015748
branching on 3 with b.
6462   1676   25         54.9374    58.8508    7.1234     % 
LB close or above UB, fathomed
6463   1675   32         54.9374    58.8508    7.1234     % 
UB: 58.8507874015748
branching on 3 with b.
6464   1676   33         54.9374    58.8508    7.1234     % 
LB close or above UB, fathomed
6465   1675   33         54.9374    58.8508    7.1234     % 
LB close or above UB, fathomed
6466   1674   32         54.9374    58.8508    7.1234     % 
LB close or above UB, fathomed
6467   1673   33         54.9374    58.8508    7.1234     % 
LB close or above UB, fathomed
6468   1672   33         54.9374    58.8508    7.1234     % 
UB: 58.8507874015748
branching on 1 with b.
6469   1673   35         54.9374    58.8508    7.1234     % 
UB: 58.8507874015748
branching on 1 with b.
6470   1674   36         54.9374    58.8508    7.1234     % 
UB: 58.8507874015748
branching on 2 with b.
6471   1675   36         54.9374    58.8508    7.1234     % 
UB: 58.8507874015748
branching on 2 with b.
6472   1676   37         54.9374    58.8508    7.1234     % 
LB close or above UB, fathomed
6473   1675   37         54.9374    58.8508    7.1234     % 
UB: 58.8507874015748
branching on 3 with b.
6474   1676   35         54.9374    58.8508    7.1234     % 
LB close or above UB, fathomed
6475   1675   35         54.9374    58.8508    7.1234     % 
UB: 58.8507874015748
branching on 3 with b.
6476   1676   35         54.9374    58.8508    7.1234     % 
LB close or above UB, fathomed
6477   1675   37         54.9374    58.8508    7.1234     % 
LB close or above UB, fathomed
6478   1674   37         54.9374    58.8508    7.1234     % 
LB close or above UB, fathomed
6479   1673   31         54.9374    58.8508    7.1234     % 
LB close or above UB, fathomed
6480   1672   31         54.9374    58.8508    7.1234     % 
UB: 58.8507874015748
branching on 3 with b.
6481   1673   40         54.9374    58.8508    7.1234     % 
LB close or above UB, fathomed
6482   1672   40         54.9374    58.8508    7.1234     % 
LB close or above UB, fathomed
6483   1671   40         54.9374    58.8508    7.1234     % 
UB: 58.8507874015748
branching on 3 with b.
6484   1672   40         54.9374    58.8508    7.1234     % 
LB close or above UB, fathomed
6485   1671   40         54.9374    58.8508    7.1234     % 
LB close or above UB, fathomed
6486   1670   40         54.9374    58.8508    7.1234     % 
LB close or above UB, fathomed
6487   1669   32         54.9374    58.8508    7.1234     % 
UB: 58.8507874015748
branching on 2 with b.
6488   1670   33         54.9374    58.8508    7.1234     % 
UB: 58.8507874015748
branching on 3 with b.
6489   1671   34         54.9374    58.8508    7.1234     % 
LB close or above UB, fathomed
6490   1670   34         54.9374    58.8508    7.1234     % 
LB close or above UB, fathomed
6491   1669   33         54.9374    58.8508    7.1234     % 
LB close or above UB, fathomed
6492   1668   32         54.9374    58.8508    7.1234     % 
UB: 58.8507874015748
branching on 2 with b.
6493   1669   39         54.9374    58.8508    7.1234     % 
UB: 58.8507874015748
branching on 2 with b.
6494   1670   40         54.9374    58.8508    7.1234     % 
LB close or above UB, fathomed
6495   1669   40         54.9374    58.8508    7.1234     % 
LB close or above UB, fathomed
6496   1668   39         54.9374    58.8508    7.1234     % 
UB: 58.8507874015748
branching on 2 with b.
6497   1669   40         54.9374    58.8508    7.1234     % 
LB close or above UB, fathomed
6498   1668   40         54.9374    58.8508    7.1234     % 
LB close or above UB, fathomed
6499   1667   40         54.9374    58.8508    7.1234     % 
UB: 56.89409448818897
branching on 3 with b.
6500   1668   40         54.9374    56.8941    3.5617     % 
LB close or above UB, fathomed
6501   837    24         54.9374    56.8941    3.5617     % 
UB: 56.89409448818897
branching on 3 with b.
6502   838    25         54.9374    56.8941    3.5617     % 
LB close or above UB, fathomed
6503   837    25         54.9374    56.8941    3.5617     % 
LB close or above UB, fathomed
6504   836    24         54.9374    56.8941    3.5617     % 
LB close or above UB, fathomed
6505   835    42         54.9374    56.8941    3.5617     % 
UB: 56.89409448818897
branching on 2 with b.
6506   836    43         54.9374    56.8941    3.5617     % 
UB: 56.89409448818897
branching on 3 with b.
6507   837    44         54.9374    56.8941    3.5617     % 
LB close or above UB, fathomed
6508   836    44         54.9374    56.8941    3.5617     % 
UB: 56.89409448818897
branching on 1 with b.
6509   837    45         54.9374    56.8941    3.5617     % 
LB close or above UB, fathomed
6510   836    45         54.9374    56.8941    3.5617     % 
LB close or above UB, fathomed
6511   835    43         54.9374    56.8941    3.5617     % 
LB close or above UB, fathomed
6512   834    42         54.9374    56.8941    3.5617     % 
LB close or above UB, fathomed
6513   833    20         54.9374    56.8941    3.5617     % 
LB close or above UB, fathomed
6514   832    20         54.9374    56.8941    3.5617     % 
UB: 56.89409448818897
branching on CartesianIndex(1, 7) with c.
6515   833    21         54.9374    56.8941    3.5617     % 
UB: 56.89409448818897
branching on 1 with b.
6516   834    22         54.9374    56.8941    3.5617     % 
LB close or above UB, fathomed
6517   833    22         54.9374    56.8941    3.5617     % 
LB close or above UB, fathomed
6518   832    21         54.9374    56.8941    3.5617     % 
LB close or above UB, fathomed
6519   831    35         54.9374    56.8941    3.5617     % 
LB close or above UB, fathomed
6520   830    35         54.9374    56.8941    3.5617     % 
UB: 56.89409448818897
branching on 1 with b.
6521   831    36         54.9374    56.8941    3.5617     % 
UB: 56.89409448818897
branching on 2 with b.
6522   832    37         54.9374    56.8941    3.5617     % 
LB close or above UB, fathomed
6523   831    37         54.9374    56.8941    3.5617     % 
LB close or above UB, fathomed
6524   830    36         54.9374    56.8941    3.5617     % 
LB close or above UB, fathomed
6525   829    27         54.9374    56.8941    3.5617     % 
UB: 56.89409448818897
branching on 3 with b.
6526   830    27         54.9374    56.8941    3.5617     % 
UB: 56.89409448818897
branching on 3 with b.
6527   831    34         54.9374    56.8941    3.5617     % 
LB close or above UB, fathomed
6528   830    34         54.9374    56.8941    3.5617     % 
LB close or above UB, fathomed
6529   829    35         54.9374    56.8941    3.5617     % 
LB close or above UB, fathomed
6530   828    35         54.9374    56.8941    3.5617     % 
UB: 56.89409448818897
branching on 1 with b.
6531   829    36         54.9374    56.8941    3.5617     % 
LB close or above UB, fathomed
6532   828    36         54.9374    56.8941    3.5617     % 
UB: 56.89409448818897
branching on 2 with b.
6533   829    37         54.9374    56.8941    3.5617     % 
LB close or above UB, fathomed
6534   828    37         54.9374    56.8941    3.5617     % 
LB close or above UB, fathomed
6535   827    31         54.9374    56.8941    3.5617     % 
LB close or above UB, fathomed
6536   826    31         54.9374    56.8941    3.5617     % 
LB close or above UB, fathomed
6537   825    27         54.9374    56.8941    3.5617     % 
UB: 56.89409448818897
branching on 3 with b.
6538   826    27         54.9374    56.8941    3.5617     % 
UB: 56.89409448818897
branching on 3 with b.
6539   827    37         54.9374    56.8941    3.5617     % 
LB close or above UB, fathomed
6540   826    37         54.9374    56.8941    3.5617     % 
LB close or above UB, fathomed
6541   825    22         54.9374    56.8941    3.5617     % 
UB: 56.89409448818897
branching on 3 with b.
6542   826    23         54.9374    56.8941    3.5617     % 
LB close or above UB, fathomed
6543   825    23         54.9374    56.8941    3.5617     % 
UB: 56.89409448818897
branching on CartesianIndex(1, 6) with c.
6544   826    24         54.9374    56.8941    3.5617     % 
LB close or above UB, fathomed
6545   825    24         54.9374    56.8941    3.5617     % 
UB: 56.89409448818897
branching on CartesianIndex(1, 7) with c.
6546   826    25         54.9374    56.8941    3.5617     % 
UB: 56.89409448818897
branching on 1 with b.
6547   827    26         54.9374    56.8941    3.5617     % 
LB close or above UB, fathomed
6548   826    26         54.9374    56.8941    3.5617     % 
UB: 56.89409448818897
branching on 2 with b.
6549   827    27         54.9374    56.8941    3.5617     % 
LB close or above UB, fathomed
6550   826    27         54.9374    56.8941    3.5617     % 
UB: 56.89409448818897
branching on 3 with b.
6551   827    28         54.9374    56.8941    3.5617     % 
LB close or above UB, fathomed
6552   826    28         54.9374    56.8941    3.5617     % 
LB close or above UB, fathomed
6553   825    25         54.9374    56.8941    3.5617     % 
LB close or above UB, fathomed
6554   824    22         54.9374    56.8941    3.5617     % 
LB close or above UB, fathomed
6555   823    25         54.9374    56.8941    3.5617     % 
LB close or above UB, fathomed
6556   822    25         54.9374    56.8941    3.5617     % 
LB close or above UB, fathomed
6557   821    25         54.9374    56.8941    3.5617     % 
UB: 56.89409448818897
branching on 3 with b.
6558   822    26         54.9374    56.8941    3.5617     % 
LB close or above UB, fathomed
6559   821    26         54.9374    56.8941    3.5617     % 
UB: 56.89409448818897
branching on 1 with b.
6560   822    27         54.9374    56.8941    3.5617     % 
LB close or above UB, fathomed
6561   821    27         54.9374    56.8941    3.5617     % 
LB close or above UB, fathomed
6562   820    25         54.9374    56.8941    3.5617     % 
LB close or above UB, fathomed
6563   819    31         54.9374    56.8941    3.5617     % 
LB close or above UB, fathomed
6564   818    31         54.9374    56.8941    3.5617     % 
LB close or above UB, fathomed
6565   817    32         54.9374    56.8941    3.5617     % 
LB close or above UB, fathomed
6566   816    32         54.9374    56.8941    3.5617     % 
LB close or above UB, fathomed
6567   815    32         54.9374    56.8941    3.5617     % 
LB close or above UB, fathomed
6568   814    32         54.9374    56.8941    3.5617     % 
LB close or above UB, fathomed
6569   813    25         54.9374    56.8941    3.5617     % 
UB: 56.89409448818897
branching on 3 with b.
6570   814    26         54.9374    56.8941    3.5617     % 
UB: 56.89409448818897
branching on 1 with b.
6571   815    26         54.9374    56.8941    3.5617     % 
LB close or above UB, fathomed
6572   814    25         54.9374    56.8941    3.5617     % 
LB close or above UB, fathomed
6573   813    23         54.9374    56.8941    3.5617     % 
UB: 56.89409448818897
branching on 1 with b.
6574   814    24         54.9374    56.8941    3.5617     % 
UB: 56.89409448818897
branching on 2 with b.
6575   815    25         54.9374    56.8941    3.5617     % 
UB: 56.89409448818897
branching on 3 with b.
6576   816    26         54.9374    56.8941    3.5617     % 
UB: 56.89409448818897
branching on 1 with b.
6577   817    27         54.9374    56.8941    3.5617     % 
LB close or above UB, fathomed
6578   816    27         54.9374    56.8941    3.5617     % 
LB close or above UB, fathomed
6579   815    26         54.9374    56.8941    3.5617     % 
LB close or above UB, fathomed
6580   814    25         54.9374    56.8941    3.5617     % 
UB: 56.89409448818897
branching on 3 with b.
6581   815    24         54.9374    56.8941    3.5617     % 
LB close or above UB, fathomed
6582   814    23         54.9374    56.8941    3.5617     % 
LB close or above UB, fathomed
6583   813    24         54.9374    56.8941    3.5617     % 
UB: 56.89409448818897
branching on 2 with b.
6584   814    25         54.9374    56.8941    3.5617     % 
UB: 56.89409448818897
branching on 3 with b.
6585   815    26         54.9374    56.8941    3.5617     % 
UB: 56.89409448818897
branching on 1 with b.
6586   816    27         54.9374    56.8941    3.5617     % 
LB close or above UB, fathomed
6587   815    27         54.9374    56.8941    3.5617     % 
LB close or above UB, fathomed
6588   814    26         54.9374    56.8941    3.5617     % 
LB close or above UB, fathomed
6589   813    25         54.9374    56.8941    3.5617     % 
UB: 56.89409448818897
branching on 3 with b.
6590   814    24         54.9374    56.8941    3.5617     % 
LB close or above UB, fathomed
6591   813    23         54.9374    56.8941    3.5617     % 
UB: 56.89409448818897
branching on 1 with b.
6592   814    24         54.9374    56.8941    3.5617     % 
UB: 56.89409448818897
branching on 2 with b.
6593   815    25         54.9374    56.8941    3.5617     % 
UB: 56.89409448818897
branching on 3 with b.
6594   816    26         54.9374    56.8941    3.5617     % 
UB: 56.89409448818897
branching on 1 with b.
6595   817    27         54.9374    56.8941    3.5617     % 
LB close or above UB, fathomed
6596   816    27         54.9374    56.8941    3.5617     % 
LB close or above UB, fathomed
6597   815    26         54.9374    56.8941    3.5617     % 
LB close or above UB, fathomed
6598   814    25         54.9374    56.8941    3.5617     % 
UB: 56.89409448818897
branching on 3 with b.
6599   815    24         54.9374    56.8941    3.5617     % 
LB close or above UB, fathomed
6600   814    23         54.9374    56.8941    3.5617     % 
LB close or above UB, fathomed
6601   813    24         54.9374    56.8941    3.5617     % 
UB: 56.89409448818897
branching on 1 with b.
6602   814    25         54.9374    56.8941    3.5617     % 
UB: 56.89409448818897
branching on 2 with b.
6603   815    26         54.9374    56.8941    3.5617     % 
UB: 56.89409448818897
branching on 3 with b.
6604   816    26         54.9374    56.8941    3.5617     % 
UB: 56.89409448818897
branching on 3 with b.
6605   817    27         54.9374    56.8941    3.5617     % 
UB: 56.89409448818897
branching on 1 with b.
6606   818    27         54.9374    56.8941    3.5617     % 
LB close or above UB, fathomed
6607   817    25         54.9374    56.8941    3.5617     % 
LB close or above UB, fathomed
6608   816    24         54.9374    56.8941    3.5617     % 
LB close or above UB, fathomed
6609   815    23         54.9374    56.8941    3.5617     % 
UB: 56.89409448818897
branching on 2 with b.
6610   816    24         54.9374    56.8941    3.5617     % 
UB: 56.89409448818897
branching on 3 with b.
6611   817    25         54.9374    56.8941    3.5617     % 
UB: 56.89409448818897
branching on 1 with b.
6612   818    26         54.9374    56.8941    3.5617     % 
LB close or above UB, fathomed
6613   817    26         54.9374    56.8941    3.5617     % 
LB close or above UB, fathomed
6614   816    25         54.9374    56.8941    3.5617     % 
LB close or above UB, fathomed
6615   815    24         54.9374    56.8941    3.5617     % 
UB: 56.89409448818897
branching on 3 with b.
6616   816    23         54.9374    56.8941    3.5617     % 
LB close or above UB, fathomed
6617   815    23         54.9374    56.8941    3.5617     % 
UB: 56.89409448818897
branching on 2 with b.
6618   816    24         54.9374    56.8941    3.5617     % 
UB: 56.89409448818897
branching on 3 with b.
6619   817    25         54.9374    56.8941    3.5617     % 
UB: 56.89409448818897
branching on 1 with b.
6620   818    26         54.9374    56.8941    3.5617     % 
LB close or above UB, fathomed
6621   817    26         54.9374    56.8941    3.5617     % 
LB close or above UB, fathomed
6622   816    25         54.9374    56.8941    3.5617     % 
LB close or above UB, fathomed
6623   815    24         54.9374    56.8941    3.5617     % 
UB: 56.89409448818897
branching on 3 with b.
6624   816    23         54.9374    56.8941    3.5617     % 
LB close or above UB, fathomed
6625   815    22         54.9374    56.8941    3.5617     % 
UB: 56.89409448818897
branching on 1 with b.
6626   816    23         54.9374    56.8941    3.5617     % 
UB: 56.89409448818897
branching on 2 with b.
6627   817    24         54.9374    56.8941    3.5617     % 
UB: 56.89409448818897
branching on 3 with b.
6628   818    24         54.9374    56.8941    3.5617     % 
UB: 56.89409448818897
branching on 3 with b.
6629   819    25         54.9374    56.8941    3.5617     % 
UB: 56.89409448818897
branching on 1 with b.
6630   820    26         54.9374    56.8941    3.5617     % 
LB close or above UB, fathomed
6631   819    26         54.9374    56.8941    3.5617     % 
LB close or above UB, fathomed
6632   818    25         54.9374    56.8941    3.5617     % 
LB close or above UB, fathomed
6633   817    23         54.9374    56.8941    3.5617     % 
LB close or above UB, fathomed
6634   816    22         54.9374    56.8941    3.5617     % 
LB close or above UB, fathomed
6635   815    25         54.9374    56.8941    3.5617     % 
UB: 56.89409448818897
branching on 2 with b.
6636   816    26         54.9374    56.8941    3.5617     % 
UB: 56.89409448818897
branching on 3 with b.
6637   817    27         54.9374    56.8941    3.5617     % 
UB: 56.89409448818897
branching on 1 with b.
6638   818    28         54.9374    56.8941    3.5617     % 
LB close or above UB, fathomed
6639   817    28         54.9374    56.8941    3.5617     % 
LB close or above UB, fathomed
6640   816    27         54.9374    56.8941    3.5617     % 
LB close or above UB, fathomed
6641   815    26         54.9374    56.8941    3.5617     % 
UB: 56.89409448818897
branching on 3 with b.
6642   816    25         54.9374    56.8941    3.5617     % 
LB close or above UB, fathomed
6643   815    39         54.9374    56.8941    3.5617     % 
UB: 56.89409448818897
branching on 2 with b.
6644   816    40         54.9374    56.8941    3.5617     % 
LB close or above UB, fathomed
6645   815    40         54.9374    56.8941    3.5617     % 
LB close or above UB, fathomed
6646   814    39         54.9374    56.8941    3.5617     % 
UB: 56.89409448818897
branching on 2 with b.
6647   815    40         54.9374    56.8941    3.5617     % 
LB close or above UB, fathomed
6648   814    40         54.9374    56.8941    3.5617     % 
LB close or above UB, fathomed
6649   813    25         54.9374    56.8941    3.5617     % 
UB: 56.89409448818897
branching on 2 with b.
6650   814    25         54.9374    56.8941    3.5617     % 
LB close or above UB, fathomed
6651   813    38         54.9374    56.8941    3.5617     % 
LB close or above UB, fathomed
6652   812    38         54.9374    56.8941    3.5617     % 
LB close or above UB, fathomed
6653   811    22         54.9374    56.8941    3.5617     % 
UB: 56.89409448818897
branching on 2 with b.
6654   812    23         54.9374    56.8941    3.5617     % 
UB: 56.89409448818897
branching on 3 with b.
6655   813    24         54.9374    56.8941    3.5617     % 
UB: 56.89409448818897
branching on 1 with b.
6656   814    25         54.9374    56.8941    3.5617     % 
LB close or above UB, fathomed
6657   813    25         54.9374    56.8941    3.5617     % 
LB close or above UB, fathomed
6658   812    24         54.9374    56.8941    3.5617     % 
LB close or above UB, fathomed
6659   811    23         54.9374    56.8941    3.5617     % 
UB: 56.89409448818897
branching on 3 with b.
6660   812    22         54.9374    56.8941    3.5617     % 
LB close or above UB, fathomed
6661   811    22         54.9374    56.8941    3.5617     % 
UB: 56.89409448818897
branching on 2 with b.
6662   812    23         54.9374    56.8941    3.5617     % 
UB: 56.89409448818897
branching on 3 with b.
6663   813    24         54.9374    56.8941    3.5617     % 
UB: 56.89409448818897
branching on 1 with b.
6664   814    25         54.9374    56.8941    3.5617     % 
LB close or above UB, fathomed
6665   813    25         54.9374    56.8941    3.5617     % 
LB close or above UB, fathomed
6666   812    24         54.9374    56.8941    3.5617     % 
LB close or above UB, fathomed
6667   811    23         54.9374    56.8941    3.5617     % 
UB: 56.89409448818897
branching on 3 with b.
6668   812    22         54.9374    56.8941    3.5617     % 
LB close or above UB, fathomed
6669   811    24         54.9374    56.8941    3.5617     % 
UB: 56.89409448818897
branching on 2 with b.
6670   812    24         54.9374    56.8941    3.5617     % 
LB close or above UB, fathomed
6671   811    25         54.9374    56.8941    3.5617     % 
LB close or above UB, fathomed
6672   810    25         54.9374    56.8941    3.5617     % 
LB close or above UB, fathomed
6673   809    38         54.9374    56.8941    3.5617     % 
UB: 56.89409448818897
branching on 1 with b.
6674   809    39         54.9374    56.8941    3.5617     % 
UB: 56.89409448818897
branching on 2 with b.
6675   810    40         54.9374    56.8941    3.5617     % 
LB close or above UB, fathomed
6676   809    40         54.9374    56.8941    3.5617     % 
LB close or above UB, fathomed
6677   808    38         54.9374    56.8941    3.5617     % 
LB close or above UB, fathomed
6678   807    38         54.9374    56.8941    3.5617     % 
UB: 56.89409448818897
branching on 1 with b.
6679   807    39         54.9374    56.8941    3.5617     % 
UB: 56.89409448818897
branching on 2 with b.
6680   808    40         54.9374    56.8941    3.5617     % 
LB close or above UB, fathomed
6681   807    40         54.9374    56.8941    3.5617     % 
LB close or above UB, fathomed
6682   806    38         54.9374    56.8941    3.5617     % 
LB close or above UB, fathomed
6683   805    34         54.9374    56.8941    3.5617     % 
LB close or above UB, fathomed
6684   804    34         54.9374    56.8941    3.5617     % 
UB: 56.89409448818897
branching on 2 with b.
6685   805    41         54.9374    56.8941    3.5617     % 
LB close or above UB, fathomed
6686   804    41         54.9374    56.8941    3.5617     % 
LB close or above UB, fathomed
6687   803    38         54.9374    56.8941    3.5617     % 
LB close or above UB, fathomed
6688   802    38         54.9374    56.8941    3.5617     % 
LB close or above UB, fathomed
6689   801    38         54.9374    56.8941    3.5617     % 
LB close or above UB, fathomed
6690   800    38         54.9374    56.8941    3.5617     % 
LB close or above UB, fathomed
6691   799    24         54.9374    56.8941    3.5617     % 
UB: 56.89409448818897
branching on 1 with b.
6692   800    25         54.9374    56.8941    3.5617     % 
UB: 56.89409448818897
branching on 2 with b.
6693   801    26         54.9374    56.8941    3.5617     % 
UB: 56.89409448818897
branching on 3 with b.
6694   802    26         54.9374    56.8941    3.5617     % 
UB: 56.89409448818897
branching on 3 with b.
6695   803    27         54.9374    56.8941    3.5617     % 
UB: 56.89409448818897
branching on 1 with b.
6696   804    27         54.9374    56.8941    3.5617     % 
LB close or above UB, fathomed
6697   803    25         54.9374    56.8941    3.5617     % 
LB close or above UB, fathomed
6698   802    24         54.9374    56.8941    3.5617     % 
LB close or above UB, fathomed
6699   801    28         54.9374    56.8941    3.5617     % 
UB: 56.89409448818897
branching on 3 with b.
6700   802    29         54.9374    56.8941    3.5617     % 
LB close or above UB, fathomed
6701   801    29         54.9374    56.8941    3.5617     % 
UB: 56.89409448818897
branching on 1 with b.
6702   802    28         54.9374    56.8941    3.5617     % 
LB close or above UB, fathomed
6703   801    28         54.9374    56.8941    3.5617     % 
LB close or above UB, fathomed
6704   800    28         54.9374    56.8941    3.5617     % 
LB close or above UB, fathomed
6705   799    28         54.9374    56.8941    3.5617     % 
LB close or above UB, fathomed
6706   798    28         54.9374    56.8941    3.5617     % 
LB close or above UB, fathomed
6707   797    25         54.9374    56.8941    3.5617     % 
LB close or above UB, fathomed
6708   796    25         54.9374    56.8941    3.5617     % 
LB close or above UB, fathomed
6709   795    26         54.9374    56.8941    3.5617     % 
UB: 56.89409448818897
branching on 1 with b.
6710   796    27         54.9374    56.8941    3.5617     % 
UB: 56.89409448818897
branching on 2 with b.
6711   797    28         54.9374    56.8941    3.5617     % 
LB close or above UB, fathomed
6712   796    28         54.9374    56.8941    3.5617     % 
UB: 56.89409448818897
branching on 3 with b.
6713   797    29         54.9374    56.8941    3.5617     % 
LB close or above UB, fathomed
6714   796    29         54.9374    56.8941    3.5617     % 
LB close or above UB, fathomed
6715   795    27         54.9374    56.8941    3.5617     % 
LB close or above UB, fathomed
6716   794    26         54.9374    56.8941    3.5617     % 
LB close or above UB, fathomed
6717   793    16         54.9374    56.8941    3.5617     % 
UB: 56.89409448818897
branching on CartesianIndex(1, 4) with c.
6718   794    16         54.9374    56.8941    3.5617     % 
LB close or above UB, fathomed
6719   793    28         54.9374    56.8941    3.5617     % 
LB close or above UB, fathomed
6720   792    28         54.9374    56.8941    3.5617     % 
LB close or above UB, fathomed
6721   791    27         54.9374    56.8941    3.5617     % 
LB close or above UB, fathomed
6722   790    27         54.9374    56.8941    3.5617     % 
LB close or above UB, fathomed
6723   789    21         54.9374    56.8941    3.5617     % 
LB close or above UB, fathomed
6724   788    21         54.9374    56.8941    3.5617     % 
UB: 56.89409448818897
branching on CartesianIndex(1, 5) with c.
6725   789    25         54.9374    56.8941    3.5617     % 
UB: 56.89409448818897
branching on 1 with b.
6726   790    26         54.9374    56.8941    3.5617     % 
LB close or above UB, fathomed
6727   789    26         54.9374    56.8941    3.5617     % 
LB close or above UB, fathomed
6728   788    25         54.9374    56.8941    3.5617     % 
LB close or above UB, fathomed
6729   787    20         54.9374    56.8941    3.5617     % 
LB close or above UB, fathomed
6730   786    20         54.9374    56.8941    3.5617     % 
LB close or above UB, fathomed
6731   785    23         54.9374    56.8941    3.5617     % 
LB close or above UB, fathomed
6732   784    23         54.9374    56.8941    3.5617     % 
UB: 56.89409448818897
branching on CartesianIndex(1, 7) with c.
6733   785    24         54.9374    56.8941    3.5617     % 
UB: 56.89409448818897
branching on 1 with b.
6734   786    25         54.9374    56.8941    3.5617     % 
LB close or above UB, fathomed
6735   785    25         54.9374    56.8941    3.5617     % 
LB close or above UB, fathomed
6736   784    24         54.9374    56.8941    3.5617     % 
LB close or above UB, fathomed
6737   783    22         54.9374    56.8941    3.5617     % 
LB close or above UB, fathomed
6738   782    22         54.9374    56.8941    3.5617     % 
UB: 56.89409448818897
branching on CartesianIndex(1, 6) with c.
6739   783    23         54.9374    56.8941    3.5617     % 
LB close or above UB, fathomed
6740   782    23         54.9374    56.8941    3.5617     % 
UB: 56.89409448818897
branching on CartesianIndex(1, 7) with c.
6741   783    24         54.9374    56.8941    3.5617     % 
UB: 56.89409448818897
branching on 1 with b.
6742   784    25         54.9374    56.8941    3.5617     % 
LB close or above UB, fathomed
6743   783    25         54.9374    56.8941    3.5617     % 
UB: 56.89409448818897
branching on 2 with b.
6744   784    26         54.9374    56.8941    3.5617     % 
UB: 56.89409448818897
branching on 3 with b.
6745   785    27         54.9374    56.8941    3.5617     % 
LB close or above UB, fathomed
6746   784    27         54.9374    56.8941    3.5617     % 
LB close or above UB, fathomed
6747   783    26         54.9374    56.8941    3.5617     % 
UB: 56.89409448818897
branching on 3 with b.
6748   784    27         54.9374    56.8941    3.5617     % 
LB close or above UB, fathomed
6749   783    27         54.9374    56.8941    3.5617     % 
LB close or above UB, fathomed
6750   782    24         54.9374    56.8941    3.5617     % 
LB close or above UB, fathomed
6751   781    30         54.9374    56.8941    3.5617     % 
LB close or above UB, fathomed
6752   780    30         54.9374    56.8941    3.5617     % 
LB close or above UB, fathomed
6753   779    28         54.9374    56.8941    3.5617     % 
LB close or above UB, fathomed
6754   778    28         54.9374    56.8941    3.5617     % 
LB close or above UB, fathomed
6755   777    27         54.9374    56.8941    3.5617     % 
UB: 56.89409448818897
branching on 1 with b.
6756   778    28         54.9374    56.8941    3.5617     % 
LB close or above UB, fathomed
6757   777    28         54.9374    56.8941    3.5617     % 
LB close or above UB, fathomed
6758   776    27         54.9374    56.8941    3.5617     % 
LB close or above UB, fathomed
6759   775    35         54.9374    56.8941    3.5617     % 
LB close or above UB, fathomed
6760   774    35         54.9374    56.8941    3.5617     % 
LB close or above UB, fathomed
6761   773    25         54.9374    56.8941    3.5617     % 
UB: 56.89409448818897
branching on 3 with b.
6762   774    26         54.9374    56.8941    3.5617     % 
UB: 56.89409448818897
branching on 1 with b.
6763   775    27         54.9374    56.8941    3.5617     % 
LB close or above UB, fathomed
6764   774    27         54.9374    56.8941    3.5617     % 
LB close or above UB, fathomed
6765   773    26         54.9374    56.8941    3.5617     % 
LB close or above UB, fathomed
6766   772    25         54.9374    56.8941    3.5617     % 
UB: 56.89409448818897
branching on 3 with b.
6767   773    26         54.9374    56.8941    3.5617     % 
UB: 56.89409448818897
branching on 1 with b.
6768   774    27         54.9374    56.8941    3.5617     % 
LB close or above UB, fathomed
6769   773    27         54.9374    56.8941    3.5617     % 
LB close or above UB, fathomed
6770   772    26         54.9374    56.8941    3.5617     % 
LB close or above UB, fathomed
6771   771    24         54.9374    56.8941    3.5617     % 
UB: 56.89409448818897
branching on 1 with b.
6772   772    25         54.9374    56.8941    3.5617     % 
LB close or above UB, fathomed
6773   771    25         54.9374    56.8941    3.5617     % 
LB close or above UB, fathomed
6774   770    24         54.9374    56.8941    3.5617     % 
LB close or above UB, fathomed
6775   769    24         54.9374    56.8941    3.5617     % 
UB: 56.89409448818897
branching on 1 with b.
6776   770    25         54.9374    56.8941    3.5617     % 
LB close or above UB, fathomed
6777   769    25         54.9374    56.8941    3.5617     % 
LB close or above UB, fathomed
6778   768    24         54.9374    56.8941    3.5617     % 
LB close or above UB, fathomed
6779   767    26         54.9374    56.8941    3.5617     % 
UB: 56.89409448818897
branching on 3 with b.
6780   768    27         54.9374    56.8941    3.5617     % 
UB: 56.89409448818897
branching on 1 with b.
6781   769    28         54.9374    56.8941    3.5617     % 
LB close or above UB, fathomed
6782   768    28         54.9374    56.8941    3.5617     % 
LB close or above UB, fathomed
6783   767    27         54.9374    56.8941    3.5617     % 
LB close or above UB, fathomed
6784   766    26         54.9374    56.8941    3.5617     % 
UB: 56.89409448818897
branching on 3 with b.
6785   767    27         54.9374    56.8941    3.5617     % 
UB: 56.89409448818897
branching on 1 with b.
6786   768    28         54.9374    56.8941    3.5617     % 
LB close or above UB, fathomed
6787   767    28         54.9374    56.8941    3.5617     % 
LB close or above UB, fathomed
6788   766    27         54.9374    56.8941    3.5617     % 
LB close or above UB, fathomed
6789   765    27         54.9374    56.8941    3.5617     % 
UB: 56.89409448818897
branching on 1 with b.
6790   766    28         54.9374    56.8941    3.5617     % 
LB close or above UB, fathomed
6791   765    28         54.9374    56.8941    3.5617     % 
LB close or above UB, fathomed
6792   764    27         54.9374    56.8941    3.5617     % 
LB close or above UB, fathomed
6793   763    25         54.9374    56.8941    3.5617     % 
UB: 56.89409448818897
branching on 1 with b.
6794   764    26         54.9374    56.8941    3.5617     % 
LB close or above UB, fathomed
6795   763    26         54.9374    56.8941    3.5617     % 
LB close or above UB, fathomed
6796   762    25         54.9374    56.8941    3.5617     % 
LB close or above UB, fathomed
6797   761    25         54.9374    56.8941    3.5617     % 
UB: 56.89409448818897
branching on 1 with b.
6798   762    26         54.9374    56.8941    3.5617     % 
LB close or above UB, fathomed
6799   761    26         54.9374    56.8941    3.5617     % 
LB close or above UB, fathomed
6800   760    25         54.9374    56.8941    3.5617     % 
LB close or above UB, fathomed
6801   759    25         54.9374    56.8941    3.5617     % 
UB: 56.89409448818897
branching on 1 with b.
6802   760    26         54.9374    56.8941    3.5617     % 
LB close or above UB, fathomed
6803   759    26         54.9374    56.8941    3.5617     % 
LB close or above UB, fathomed
6804   758    25         54.9374    56.8941    3.5617     % 
LB close or above UB, fathomed
6805   757    28         54.9374    56.8941    3.5617     % 
LB close or above UB, fathomed
6806   756    28         54.9374    56.8941    3.5617     % 
LB close or above UB, fathomed
6807   755    27         54.9374    56.8941    3.5617     % 
UB: 56.89409448818897
branching on 1 with b.
6808   756    28         54.9374    56.8941    3.5617     % 
LB close or above UB, fathomed
6809   755    28         54.9374    56.8941    3.5617     % 
LB close or above UB, fathomed
6810   754    27         54.9374    56.8941    3.5617     % 
LB close or above UB, fathomed
6811   753    26         54.9374    56.8941    3.5617     % 
UB: 56.89409448818897
branching on 1 with b.
6812   754    27         54.9374    56.8941    3.5617     % 
LB close or above UB, fathomed
6813   753    27         54.9374    56.8941    3.5617     % 
LB close or above UB, fathomed
6814   752    26         54.9374    56.8941    3.5617     % 
LB close or above UB, fathomed
6815   751    26         54.9374    56.8941    3.5617     % 
UB: 56.89409448818897
branching on 1 with b.
6816   752    27         54.9374    56.8941    3.5617     % 
LB close or above UB, fathomed
6817   751    27         54.9374    56.8941    3.5617     % 
LB close or above UB, fathomed
6818   750    26         54.9374    56.8941    3.5617     % 
LB close or above UB, fathomed
6819   749    26         54.9374    56.8941    3.5617     % 
UB: 56.89409448818897
branching on 1 with b.
6820   750    27         54.9374    56.8941    3.5617     % 
LB close or above UB, fathomed
6821   749    27         54.9374    56.8941    3.5617     % 
LB close or above UB, fathomed
6822   748    26         54.9374    56.8941    3.5617     % 
LB close or above UB, fathomed
6823   747    27         54.9374    56.8941    3.5617     % 
LB close or above UB, fathomed
6824   746    27         54.9374    56.8941    3.5617     % 
LB close or above UB, fathomed
6825   745    28         54.9374    56.8941    3.5617     % 
LB close or above UB, fathomed
6826   744    28         54.9374    56.8941    3.5617     % 
LB close or above UB, fathomed
6827   743    28         54.9374    56.8941    3.5617     % 
LB close or above UB, fathomed
6828   742    28         54.9374    56.8941    3.5617     % 
LB close or above UB, fathomed
6829   741    28         54.9374    56.8941    3.5617     % 
LB close or above UB, fathomed
6830   740    28         54.9374    56.8941    3.5617     % 
LB close or above UB, fathomed
6831   739    28         54.9374    56.8941    3.5617     % 
LB close or above UB, fathomed
6832   738    28         54.9374    56.8941    3.5617     % 
LB close or above UB, fathomed
6833   737    28         54.9374    56.8941    3.5617     % 
LB close or above UB, fathomed
6834   736    28         54.9374    56.8941    3.5617     % 
LB close or above UB, fathomed
6835   735    28         54.9374    56.8941    3.5617     % 
LB close or above UB, fathomed
6836   734    28         54.9374    56.8941    3.5617     % 
LB close or above UB, fathomed
6837   733    22         54.9374    56.8941    3.5617     % 
LB close or above UB, fathomed
6838   732    22         54.9374    56.8941    3.5617     % 
LB close or above UB, fathomed
6839   731    25         54.9374    56.8941    3.5617     % 
LB close or above UB, fathomed
6840   730    25         54.9374    56.8941    3.5617     % 
LB close or above UB, fathomed
6841   729    25         54.9374    56.8941    3.5617     % 
LB close or above UB, fathomed
6842   728    25         54.9374    56.8941    3.5617     % 
LB close or above UB, fathomed
6843   727    25         54.9374    56.8941    3.5617     % 
LB close or above UB, fathomed
6844   726    25         54.9374    56.8941    3.5617     % 
LB close or above UB, fathomed
6845   725    33         54.9374    56.8941    3.5617     % 
LB close or above UB, fathomed
6846   724    33         54.9374    56.8941    3.5617     % 
LB close or above UB, fathomed
6847   723    26         54.9374    56.8941    3.5617     % 
LB close or above UB, fathomed
6848   722    26         54.9374    56.8941    3.5617     % 
LB close or above UB, fathomed
6849   721    31         54.9374    56.8941    3.5617     % 
LB close or above UB, fathomed
6850   720    31         54.9374    56.8941    3.5617     % 
LB close or above UB, fathomed
6851   719    25         54.9374    56.8941    3.5617     % 
UB: 56.89409448818897
branching on 3 with b.
6852   720    26         54.9374    56.8941    3.5617     % 
LB close or above UB, fathomed
6853   719    26         54.9374    56.8941    3.5617     % 
LB close or above UB, fathomed
6854   718    25         54.9374    56.8941    3.5617     % 
LB close or above UB, fathomed
6855   717    25         54.9374    56.8941    3.5617     % 
UB: 56.89409448818897
branching on 3 with b.
6856   718    26         54.9374    56.8941    3.5617     % 
LB close or above UB, fathomed
6857   717    26         54.9374    56.8941    3.5617     % 
LB close or above UB, fathomed
6858   716    25         54.9374    56.8941    3.5617     % 
LB close or above UB, fathomed
6859   715    19         54.9374    56.8941    3.5617     % 
LB close or above UB, fathomed
6860   714    19         54.9374    56.8941    3.5617     % 
UB: 56.89409448818897
branching on CartesianIndex(1, 7) with c.
6861   715    20         54.9374    56.8941    3.5617     % 
UB: 56.89409448818897
branching on 3 with b.
6862   716    21         54.9374    56.8941    3.5617     % 
LB close or above UB, fathomed
6863   715    21         54.9374    56.8941    3.5617     % 
UB: 56.89409448818897
branching on 1 with b.
6864   716    22         54.9374    56.8941    3.5617     % 
LB close or above UB, fathomed
6865   715    22         54.9374    56.8941    3.5617     % 
UB: 56.89409448818897
branching on 2 with b.
6866   716    23         54.9374    56.8941    3.5617     % 
UB: 56.89409448818897
branching on 3 with b.
6867   717    24         54.9374    56.8941    3.5617     % 
LB close or above UB, fathomed
6868   716    24         54.9374    56.8941    3.5617     % 
LB close or above UB, fathomed
6869   715    23         54.9374    56.8941    3.5617     % 
UB: 56.89409448818897
branching on 3 with b.
6870   716    24         54.9374    56.8941    3.5617     % 
LB close or above UB, fathomed
6871   715    24         54.9374    56.8941    3.5617     % 
LB close or above UB, fathomed
6872   714    20         54.9374    56.8941    3.5617     % 
LB close or above UB, fathomed
6873   713    24         54.9374    56.8941    3.5617     % 
LB close or above UB, fathomed
6874   712    24         54.9374    56.8941    3.5617     % 
LB close or above UB, fathomed
6875   711    28         54.9374    56.8941    3.5617     % 
LB close or above UB, fathomed
6876   710    28         54.9374    56.8941    3.5617     % 
LB close or above UB, fathomed
6877   709    23         54.9374    56.8941    3.5617     % 
UB: 56.89409448818897
branching on 1 with b.
6878   710    24         54.9374    56.8941    3.5617     % 
LB close or above UB, fathomed
6879   709    24         54.9374    56.8941    3.5617     % 
LB close or above UB, fathomed
6880   708    23         54.9374    56.8941    3.5617     % 
LB close or above UB, fathomed
6881   707    21         54.9374    56.8941    3.5617     % 
UB: 56.89409448818897
branching on 1 with b.
6882   708    22         54.9374    56.8941    3.5617     % 
LB close or above UB, fathomed
6883   707    22         54.9374    56.8941    3.5617     % 
LB close or above UB, fathomed
6884   706    21         54.9374    56.8941    3.5617     % 
LB close or above UB, fathomed
6885   705    19         54.9374    56.8941    3.5617     % 
UB: 56.89409448818897
branching on CartesianIndex(1, 7) with c.
6886   706    20         54.9374    56.8941    3.5617     % 
UB: 56.89409448818897
branching on 3 with b.
6887   707    21         54.9374    56.8941    3.5617     % 
UB: 56.89409448818897
branching on 1 with b.
6888   708    22         54.9374    56.8941    3.5617     % 
LB close or above UB, fathomed
6889   707    22         54.9374    56.8941    3.5617     % 
LB close or above UB, fathomed
6890   706    21         54.9374    56.8941    3.5617     % 
UB: 56.89409448818897
branching on 1 with b.
6891   707    22         54.9374    56.8941    3.5617     % 
LB close or above UB, fathomed
6892   706    22         54.9374    56.8941    3.5617     % 
LB close or above UB, fathomed
6893   705    20         54.9374    56.8941    3.5617     % 
LB close or above UB, fathomed
6894   704    19         54.9374    56.8941    3.5617     % 
LB close or above UB, fathomed
6895   703    11         54.9374    56.8941    3.5617     % 
UB: 56.89409448818897
branching on 3 with b.
6896   704    12         54.9374    56.8941    3.5617     % 
LB close or above UB, fathomed
6897   703    12         54.9374    56.8941    3.5617     % 
LB close or above UB, fathomed
6898   702    11         54.9374    56.8941    3.5617     % 
UB: 56.89409448818897
branching on CartesianIndex(1, 3) with a.
6899   703    12         54.9374    56.8941    3.5617     % 
LB close or above UB, fathomed
6900   702    12         54.9374    56.8941    3.5617     % 
LB close or above UB, fathomed
6901   701    33         54.9374    56.8941    3.5617     % 
UB: 56.89409448818897
branching on 2 with b.
6902   702    34         54.9374    56.8941    3.5617     % 
LB close or above UB, fathomed
6903   701    34         54.9374    56.8941    3.5617     % 
LB close or above UB, fathomed
6904   700    33         54.9374    56.8941    3.5617     % 
LB close or above UB, fathomed
6905   699    20         54.9374    56.8941    3.5617     % 
LB close or above UB, fathomed
6906   698    20         54.9374    56.8941    3.5617     % 
UB: 56.89409448818897
branching on CartesianIndex(1, 6) with c.
6907   699    21         54.9374    56.8941    3.5617     % 
LB close or above UB, fathomed
6908   698    21         54.9374    56.8941    3.5617     % 
UB: 56.89409448818897
branching on CartesianIndex(1, 7) with c.
6909   699    22         54.9374    56.8941    3.5617     % 
UB: 56.89409448818897
branching on 2 with b.
6910   700    23         54.9374    56.8941    3.5617     % 
UB: 56.89409448818897
branching on 3 with b.
6911   701    24         54.9374    56.8941    3.5617     % 
LB close or above UB, fathomed
6912   700    24         54.9374    56.8941    3.5617     % 
LB close or above UB, fathomed
6913   699    23         54.9374    56.8941    3.5617     % 
UB: 56.89409448818897
branching on 3 with b.
6914   700    24         54.9374    56.8941    3.5617     % 
LB close or above UB, fathomed
6915   699    24         54.9374    56.8941    3.5617     % 
LB close or above UB, fathomed
6916   698    22         54.9374    56.8941    3.5617     % 
LB close or above UB, fathomed
6917   697    34         54.9374    56.8941    3.5617     % 
LB close or above UB, fathomed
6918   696    34         54.9374    56.8941    3.5617     % 
LB close or above UB, fathomed
6919   695    33         54.9374    56.8941    3.5617     % 
LB close or above UB, fathomed
6920   694    33         54.9374    56.8941    3.5617     % 
LB close or above UB, fathomed
6921   693    33         54.9374    56.8941    3.5617     % 
LB close or above UB, fathomed
6922   692    33         54.9374    56.8941    3.5617     % 
LB close or above UB, fathomed
6923   691    24         54.9374    56.8941    3.5617     % 
LB close or above UB, fathomed
6924   690    24         54.9374    56.8941    3.5617     % 
UB: 56.89409448818897
branching on CartesianIndex(1, 7) with c.
6925   691    25         54.9374    56.8941    3.5617     % 
UB: 56.89409448818897
branching on 2 with b.
6926   692    26         54.9374    56.8941    3.5617     % 
UB: 56.89409448818897
branching on 3 with b.
6927   693    27         54.9374    56.8941    3.5617     % 
LB close or above UB, fathomed
6928   692    27         54.9374    56.8941    3.5617     % 
LB close or above UB, fathomed
6929   691    26         54.9374    56.8941    3.5617     % 
UB: 56.89409448818897
branching on 3 with b.
6930   692    27         54.9374    56.8941    3.5617     % 
LB close or above UB, fathomed
6931   691    27         54.9374    56.8941    3.5617     % 
LB close or above UB, fathomed
6932   690    25         54.9374    56.8941    3.5617     % 
LB close or above UB, fathomed
6933   689    38         54.9374    56.8941    3.5617     % 
LB close or above UB, fathomed
6934   688    38         54.9374    56.8941    3.5617     % 
LB close or above UB, fathomed
6935   687    29         54.9374    56.8941    3.5617     % 
LB close or above UB, fathomed
6936   686    29         54.9374    56.8941    3.5617     % 
LB close or above UB, fathomed
6937   685    17         54.9374    56.8941    3.5617     % 
LB close or above UB, fathomed
6938   684    17         54.9374    56.8941    3.5617     % 
UB: 56.89409448818897
branching on 2 with b.
6939   685    18         54.9374    56.8941    3.5617     % 
LB close or above UB, fathomed
6940   684    18         54.9374    56.8941    3.5617     % 
LB close or above UB, fathomed
6941   683    20         54.9374    56.8941    3.5617     % 
UB: 56.89409448818897
branching on 3 with b.
6942   684    21         54.9374    56.8941    3.5617     % 
UB: 56.89409448818897
branching on 1 with b.
6943   685    22         54.9374    56.8941    3.5617     % 
LB close or above UB, fathomed
6944   684    22         54.9374    56.8941    3.5617     % 
LB close or above UB, fathomed
6945   683    21         54.9374    56.8941    3.5617     % 
UB: 56.89409448818897
branching on 1 with b.
6946   684    22         54.9374    56.8941    3.5617     % 
LB close or above UB, fathomed
6947   683    22         54.9374    56.8941    3.5617     % 
LB close or above UB, fathomed
6948   682    20         54.9374    56.8941    3.5617     % 
LB close or above UB, fathomed
6949   681    39         54.9374    56.8941    3.5617     % 
LB close or above UB, fathomed
6950   680    39         54.9374    56.8941    3.5617     % 
LB close or above UB, fathomed
6951   679    39         54.9374    56.8941    3.5617     % 
LB close or above UB, fathomed
6952   678    39         54.9374    56.8941    3.5617     % 
LB close or above UB, fathomed
6953   677    39         54.9374    56.8941    3.5617     % 
LB close or above UB, fathomed
6954   676    39         54.9374    56.8941    3.5617     % 
UB: 56.89409448818897
branching on 1 with b.
6955   677    40         54.9374    56.8941    3.5617     % 
UB: 56.89409448818897
branching on 2 with b.
6956   678    41         54.9374    56.8941    3.5617     % 
UB: 56.89409448818897
branching on 3 with b.
6957   678    42         54.9374    56.8941    3.5617     % 
UB: 56.89409448818897
branching on 1 with b.
6958   679    43         54.9374    56.8941    3.5617     % 
LB close or above UB, fathomed
6959   678    43         54.9374    56.8941    3.5617     % 
LB close or above UB, fathomed
6960   677    41         54.9374    56.8941    3.5617     % 
LB close or above UB, fathomed
6961   676    40         54.9374    56.8941    3.5617     % 
LB close or above UB, fathomed
6962   675    39         54.9374    56.8941    3.5617     % 
UB: 56.89409448818897
branching on 1 with b.
6963   676    40         54.9374    56.8941    3.5617     % 
UB: 56.89409448818897
branching on 2 with b.
6964   677    41         54.9374    56.8941    3.5617     % 
UB: 56.89409448818897
branching on 3 with b.
6965   678    42         54.9374    56.8941    3.5617     % 
UB: 56.89409448818897
branching on 1 with b.
6966   679    43         54.9374    56.8941    3.5617     % 
LB close or above UB, fathomed
6967   678    43         54.9374    56.8941    3.5617     % 
LB close or above UB, fathomed
6968   677    42         54.9374    56.8941    3.5617     % 
UB: 56.89409448818897
branching on 1 with b.
6969   678    43         54.9374    56.8941    3.5617     % 
LB close or above UB, fathomed
6970   677    43         54.9374    56.8941    3.5617     % 
LB close or above UB, fathomed
6971   676    41         54.9374    56.8941    3.5617     % 
LB close or above UB, fathomed
6972   675    40         54.9374    56.8941    3.5617     % 
LB close or above UB, fathomed
6973   674    39         54.9374    56.8941    3.5617     % 
LB close or above UB, fathomed
6974   673    35         54.9374    56.8941    3.5617     % 
LB close or above UB, fathomed
6975   672    35         54.9374    56.8941    3.5617     % 
LB close or above UB, fathomed
6976   671    28         54.9374    56.8941    3.5617     % 
LB close or above UB, fathomed
6977   670    28         54.9374    56.8941    3.5617     % 
LB close or above UB, fathomed
6978   669    39         54.9374    56.8941    3.5617     % 
LB close or above UB, fathomed
6979   668    39         54.9374    56.8941    3.5617     % 
UB: 56.89409448818897
branching on 2 with b.
6980   669    40         54.9374    56.8941    3.5617     % 
LB close or above UB, fathomed
6981   668    40         54.9374    56.8941    3.5617     % 
UB: 56.89409448818897
branching on 3 with b.
6982   669    41         54.9374    56.8941    3.5617     % 
LB close or above UB, fathomed
6983   668    41         54.9374    56.8941    3.5617     % 
LB close or above UB, fathomed
6984   667    39         54.9374    56.8941    3.5617     % 
LB close or above UB, fathomed
6985   666    39         54.9374    56.8941    3.5617     % 
UB: 56.89409448818897
branching on 2 with b.
6986   667    40         54.9374    56.8941    3.5617     % 
LB close or above UB, fathomed
6987   666    40         54.9374    56.8941    3.5617     % 
UB: 56.89409448818897
branching on 3 with b.
6988   667    41         54.9374    56.8941    3.5617     % 
LB close or above UB, fathomed
6989   666    41         54.9374    56.8941    3.5617     % 
UB: 56.89409448818897
branching on 1 with b.
6990   667    42         54.9374    56.8941    3.5617     % 
LB close or above UB, fathomed
6991   666    42         54.9374    56.8941    3.5617     % 
LB close or above UB, fathomed
6992   665    39         54.9374    56.8941    3.5617     % 
UB: 56.89409448818897
branching on 2 with b.
6993   666    40         54.9374    56.8941    3.5617     % 
LB close or above UB, fathomed
6994   665    40         54.9374    56.8941    3.5617     % 
LB close or above UB, fathomed
6995   664    39         54.9374    56.8941    3.5617     % 
UB: 56.89409448818897
branching on 2 with b.
6996   665    40         54.9374    56.8941    3.5617     % 
LB close or above UB, fathomed
6997   664    40         54.9374    56.8941    3.5617     % 
LB close or above UB, fathomed
6998   663    30         54.9374    56.8941    3.5617     % 
UB: 56.89409448818897
branching on 2 with b.
6999   664    31         54.9374    56.8941    3.5617     % 
LB close or above UB, fathomed
7000   663    31         54.9374    56.8941    3.5617     % 
LB close or above UB, fathomed
7001   662    30         54.9374    56.8941    3.5617     % 
LB close or above UB, fathomed
7002   661    33         54.9374    56.8941    3.5617     % 
UB: 56.89409448818897
branching on 1 with b.
7003   662    34         54.9374    56.8941    3.5617     % 
LB close or above UB, fathomed
7004   661    34         54.9374    56.8941    3.5617     % 
LB close or above UB, fathomed
7005   660    33         54.9374    56.8941    3.5617     % 
UB: 56.89409448818897
branching on 1 with b.
7006   661    34         54.9374    56.8941    3.5617     % 
LB close or above UB, fathomed
7007   660    34         54.9374    56.8941    3.5617     % 
LB close or above UB, fathomed
7008   659    24         54.9374    56.8941    3.5617     % 
UB: 56.89409448818897
branching on 1 with b.
7009   660    25         54.9374    56.8941    3.5617     % 
LB close or above UB, fathomed
7010   659    25         54.9374    56.8941    3.5617     % 
LB close or above UB, fathomed
7011   658    24         54.9374    56.8941    3.5617     % 
LB close or above UB, fathomed
7012   657    37         54.9374    56.8941    3.5617     % 
LB close or above UB, fathomed
7013   656    37         54.9374    56.8941    3.5617     % 
LB close or above UB, fathomed
7014   655    26         54.9374    56.8941    3.5617     % 
UB: 56.89409448818897
branching on 2 with b.
7015   656    27         54.9374    56.8941    3.5617     % 
UB: 56.89409448818897
branching on 3 with b.
7016   657    28         54.9374    56.8941    3.5617     % 
LB close or above UB, fathomed
7017   656    28         54.9374    56.8941    3.5617     % 
LB close or above UB, fathomed
7018   655    27         54.9374    56.8941    3.5617     % 
UB: 56.89409448818897
branching on 3 with b.
7019   656    28         54.9374    56.8941    3.5617     % 
LB close or above UB, fathomed
7020   655    28         54.9374    56.8941    3.5617     % 
LB close or above UB, fathomed
7021   654    26         54.9374    56.8941    3.5617     % 
LB close or above UB, fathomed
7022   653    37         54.9374    56.8941    3.5617     % 
LB close or above UB, fathomed
7023   652    37         54.9374    56.8941    3.5617     % 
LB close or above UB, fathomed
7024   651    38         54.9374    56.8941    3.5617     % 
LB close or above UB, fathomed
7025   650    38         54.9374    56.8941    3.5617     % 
LB close or above UB, fathomed
7026   649    39         54.9374    56.8941    3.5617     % 
LB close or above UB, fathomed
7027   648    39         54.9374    56.8941    3.5617     % 
UB: 56.89409448818897
branching on 2 with b.
7028   649    40         54.9374    56.8941    3.5617     % 
LB close or above UB, fathomed
7029   648    40         54.9374    56.8941    3.5617     % 
LB close or above UB, fathomed
7030   647    27         54.9374    56.8941    3.5617     % 
UB: 56.89409448818897
branching on 3 with b.
7031   648    28         54.9374    56.8941    3.5617     % 
LB close or above UB, fathomed
7032   647    28         54.9374    56.8941    3.5617     % 
LB close or above UB, fathomed
7033   646    27         54.9374    56.8941    3.5617     % 
UB: 56.89409448818897
branching on 3 with b.
7034   647    28         54.9374    56.8941    3.5617     % 
LB close or above UB, fathomed
7035   646    28         54.9374    56.8941    3.5617     % 
LB close or above UB, fathomed
7036   645    26         54.9374    56.8941    3.5617     % 
UB: 56.89409448818897
branching on 3 with b.
7037   646    27         54.9374    56.8941    3.5617     % 
LB close or above UB, fathomed
7038   645    27         54.9374    56.8941    3.5617     % 
LB close or above UB, fathomed
7039   644    26         54.9374    56.8941    3.5617     % 
UB: 56.89409448818897
branching on 3 with b.
7040   645    27         54.9374    56.8941    3.5617     % 
LB close or above UB, fathomed
7041   644    27         54.9374    56.8941    3.5617     % 
LB close or above UB, fathomed
7042   643    34         54.9374    56.8941    3.5617     % 
LB close or above UB, fathomed
7043   642    34         54.9374    56.8941    3.5617     % 
LB close or above UB, fathomed
7044   641    26         54.9374    56.8941    3.5617     % 
UB: 56.89409448818897
branching on 3 with b.
7045   642    27         54.9374    56.8941    3.5617     % 
LB close or above UB, fathomed
7046   641    27         54.9374    56.8941    3.5617     % 
LB close or above UB, fathomed
7047   640    26         54.9374    56.8941    3.5617     % 
UB: 56.89409448818897
branching on 3 with b.
7048   641    27         54.9374    56.8941    3.5617     % 
LB close or above UB, fathomed
7049   640    27         54.9374    56.8941    3.5617     % 
LB close or above UB, fathomed
7050   639    36         54.9374    56.8941    3.5617     % 
LB close or above UB, fathomed
7051   638    36         54.9374    56.8941    3.5617     % 
LB close or above UB, fathomed
7052   637    24         54.9374    56.8941    3.5617     % 
LB close or above UB, fathomed
7053   636    24         54.9374    56.8941    3.5617     % 
UB: 56.89409448818897
branching on 3 with b.
7054   637    25         54.9374    56.8941    3.5617     % 
LB close or above UB, fathomed
7055   636    25         54.9374    56.8941    3.5617     % 
LB close or above UB, fathomed
7056   635    26         54.9374    56.8941    3.5617     % 
UB: 56.89409448818897
branching on 3 with b.
7057   636    27         54.9374    56.8941    3.5617     % 
LB close or above UB, fathomed
7058   635    27         54.9374    56.8941    3.5617     % 
LB close or above UB, fathomed
7059   634    26         54.9374    56.8941    3.5617     % 
UB: 56.89409448818897
branching on 3 with b.
7060   635    27         54.9374    56.8941    3.5617     % 
LB close or above UB, fathomed
7061   634    27         54.9374    56.8941    3.5617     % 
LB close or above UB, fathomed
7062   633    27         54.9374    56.8941    3.5617     % 
UB: 56.89409448818897
branching on 3 with b.
7063   634    28         54.9374    56.8941    3.5617     % 
LB close or above UB, fathomed
7064   633    28         54.9374    56.8941    3.5617     % 
LB close or above UB, fathomed
7065   632    27         54.9374    56.8941    3.5617     % 
UB: 56.89409448818897
branching on 3 with b.
7066   633    28         54.9374    56.8941    3.5617     % 
LB close or above UB, fathomed
7067   632    28         54.9374    56.8941    3.5617     % 
LB close or above UB, fathomed
7068   631    41         54.9374    56.8941    3.5617     % 
LB close or above UB, fathomed
7069   630    41         54.9374    56.8941    3.5617     % 
LB close or above UB, fathomed
7070   629    27         54.9374    56.8941    3.5617     % 
UB: 56.89409448818897
branching on 3 with b.
7071   630    28         54.9374    56.8941    3.5617     % 
LB close or above UB, fathomed
7072   629    28         54.9374    56.8941    3.5617     % 
LB close or above UB, fathomed
7073   628    27         54.9374    56.8941    3.5617     % 
UB: 56.89409448818897
branching on 3 with b.
7074   629    28         54.9374    56.8941    3.5617     % 
LB close or above UB, fathomed
7075   628    28         54.9374    56.8941    3.5617     % 
LB close or above UB, fathomed
7076   627    27         54.9374    56.8941    3.5617     % 
UB: 56.89409448818897
branching on 3 with b.
7077   628    28         54.9374    56.8941    3.5617     % 
LB close or above UB, fathomed
7078   627    28         54.9374    56.8941    3.5617     % 
LB close or above UB, fathomed
7079   626    27         54.9374    56.8941    3.5617     % 
UB: 56.89409448818897
branching on 3 with b.
7080   627    28         54.9374    56.8941    3.5617     % 
LB close or above UB, fathomed
7081   626    28         54.9374    56.8941    3.5617     % 
LB close or above UB, fathomed
7082   625    28         54.9374    56.8941    3.5617     % 
LB close or above UB, fathomed
7083   624    28         54.9374    56.8941    3.5617     % 
LB close or above UB, fathomed
7084   623    34         54.9374    56.8941    3.5617     % 
UB: 56.89409448818897
branching on 1 with b.
7085   624    35         54.9374    56.8941    3.5617     % 
UB: 56.89409448818897
branching on 2 with b.
7086   625    36         54.9374    56.8941    3.5617     % 
LB close or above UB, fathomed
7087   624    36         54.9374    56.8941    3.5617     % 
LB close or above UB, fathomed
7088   623    35         54.9374    56.8941    3.5617     % 
LB close or above UB, fathomed
7089   622    34         54.9374    56.8941    3.5617     % 
LB close or above UB, fathomed
7090   621    41         54.9374    56.8941    3.5617     % 
LB close or above UB, fathomed
7091   620    41         54.9374    56.8941    3.5617     % 
LB close or above UB, fathomed
7092   619    39         54.9374    56.8941    3.5617     % 
LB close or above UB, fathomed
7093   618    39         54.9374    56.8941    3.5617     % 
UB: 56.89409448818897
branching on 2 with b.
7094   619    40         54.9374    56.8941    3.5617     % 
LB close or above UB, fathomed
7095   618    40         54.9374    56.8941    3.5617     % 
LB close or above UB, fathomed
7096   617    27         54.9374    56.8941    3.5617     % 
LB close or above UB, fathomed
7097   616    27         54.9374    56.8941    3.5617     % 
UB: 56.89409448818897
branching on 3 with b.
7098   617    28         54.9374    56.8941    3.5617     % 
LB close or above UB, fathomed
7099   616    28         54.9374    56.8941    3.5617     % 
LB close or above UB, fathomed
7100   615    24         54.9374    56.8941    3.5617     % 
UB: 56.89409448818897
branching on 3 with b.
7101   616    25         54.9374    56.8941    3.5617     % 
LB close or above UB, fathomed
7102   615    25         54.9374    56.8941    3.5617     % 
LB close or above UB, fathomed
7103   614    24         54.9374    56.8941    3.5617     % 
UB: 56.89409448818897
branching on 3 with b.
7104   615    25         54.9374    56.8941    3.5617     % 
LB close or above UB, fathomed
7105   614    25         54.9374    56.8941    3.5617     % 
LB close or above UB, fathomed
7106   613    27         54.9374    56.8941    3.5617     % 
UB: 56.89409448818897
branching on 3 with b.
7107   614    28         54.9374    56.8941    3.5617     % 
LB close or above UB, fathomed
7108   613    28         54.9374    56.8941    3.5617     % 
LB close or above UB, fathomed
7109   612    27         54.9374    56.8941    3.5617     % 
UB: 56.89409448818897
branching on 3 with b.
7110   613    28         54.9374    56.8941    3.5617     % 
LB close or above UB, fathomed
7111   612    28         54.9374    56.8941    3.5617     % 
LB close or above UB, fathomed
7112   611    27         54.9374    56.8941    3.5617     % 
UB: 56.89409448818897
branching on 3 with b.
7113   612    28         54.9374    56.8941    3.5617     % 
LB close or above UB, fathomed
7114   611    28         54.9374    56.8941    3.5617     % 
LB close or above UB, fathomed
7115   610    27         54.9374    56.8941    3.5617     % 
UB: 56.89409448818897
branching on 3 with b.
7116   611    28         54.9374    56.8941    3.5617     % 
LB close or above UB, fathomed
7117   610    28         54.9374    56.8941    3.5617     % 
LB close or above UB, fathomed
7118   609    24         54.9374    56.8941    3.5617     % 
UB: 56.89409448818897
branching on 3 with b.
7119   610    25         54.9374    56.8941    3.5617     % 
LB close or above UB, fathomed
7120   609    25         54.9374    56.8941    3.5617     % 
LB close or above UB, fathomed
7121   608    24         54.9374    56.8941    3.5617     % 
UB: 56.89409448818897
branching on 3 with b.
7122   609    25         54.9374    56.8941    3.5617     % 
LB close or above UB, fathomed
7123   608    25         54.9374    56.8941    3.5617     % 
LB close or above UB, fathomed
7124   607    24         54.9374    56.8941    3.5617     % 
UB: 56.89409448818897
branching on 3 with b.
7125   608    25         54.9374    56.8941    3.5617     % 
LB close or above UB, fathomed
7126   607    25         54.9374    56.8941    3.5617     % 
LB close or above UB, fathomed
7127   606    24         54.9374    56.8941    3.5617     % 
UB: 56.89409448818897
branching on 3 with b.
7128   607    25         54.9374    56.8941    3.5617     % 
LB close or above UB, fathomed
7129   606    25         54.9374    56.8941    3.5617     % 
LB close or above UB, fathomed
7130   605    24         54.9374    56.8941    3.5617     % 
UB: 56.89409448818897
branching on 3 with b.
7131   606    25         54.9374    56.8941    3.5617     % 
LB close or above UB, fathomed
7132   605    25         54.9374    56.8941    3.5617     % 
LB close or above UB, fathomed
7133   604    24         54.9374    56.8941    3.5617     % 
UB: 56.89409448818897
branching on 3 with b.
7134   605    25         54.9374    56.8941    3.5617     % 
LB close or above UB, fathomed
7135   604    25         54.9374    56.8941    3.5617     % 
LB close or above UB, fathomed
7136   603    24         54.9374    56.8941    3.5617     % 
UB: 56.89409448818897
branching on 3 with b.
7137   604    25         54.9374    56.8941    3.5617     % 
LB close or above UB, fathomed
7138   603    25         54.9374    56.8941    3.5617     % 
LB close or above UB, fathomed
7139   602    24         54.9374    56.8941    3.5617     % 
UB: 56.89409448818897
branching on 3 with b.
7140   603    25         54.9374    56.8941    3.5617     % 
LB close or above UB, fathomed
7141   602    25         54.9374    56.8941    3.5617     % 
LB close or above UB, fathomed
7142   601    26         54.9374    56.8941    3.5617     % 
UB: 56.89409448818897
branching on 3 with b.
7143   602    27         54.9374    56.8941    3.5617     % 
LB close or above UB, fathomed
7144   601    27         54.9374    56.8941    3.5617     % 
LB close or above UB, fathomed
7145   600    26         54.9374    56.8941    3.5617     % 
UB: 56.89409448818897
branching on 3 with b.
7146   601    27         54.9374    56.8941    3.5617     % 
LB close or above UB, fathomed
7147   600    27         54.9374    56.8941    3.5617     % 
LB close or above UB, fathomed
7148   599    26         54.9374    56.8941    3.5617     % 
UB: 56.89409448818897
branching on 3 with b.
7149   600    27         54.9374    56.8941    3.5617     % 
LB close or above UB, fathomed
7150   599    27         54.9374    56.8941    3.5617     % 
LB close or above UB, fathomed
7151   598    26         54.9374    56.8941    3.5617     % 
UB: 56.89409448818897
branching on 3 with b.
7152   599    27         54.9374    56.8941    3.5617     % 
LB close or above UB, fathomed
7153   598    27         54.9374    56.8941    3.5617     % 
LB close or above UB, fathomed
7154   597    26         54.9374    56.8941    3.5617     % 
UB: 56.89409448818897
branching on 3 with b.
7155   598    27         54.9374    56.8941    3.5617     % 
LB close or above UB, fathomed
7156   597    27         54.9374    56.8941    3.5617     % 
LB close or above UB, fathomed
7157   596    26         54.9374    56.8941    3.5617     % 
UB: 56.89409448818897
branching on 3 with b.
7158   597    27         54.9374    56.8941    3.5617     % 
LB close or above UB, fathomed
7159   596    27         54.9374    56.8941    3.5617     % 
LB close or above UB, fathomed
7160   595    27         54.9374    56.8941    3.5617     % 
UB: 56.89409448818897
branching on 3 with b.
7161   596    28         54.9374    56.8941    3.5617     % 
LB close or above UB, fathomed
7162   595    28         54.9374    56.8941    3.5617     % 
LB close or above UB, fathomed
7163   594    27         54.9374    56.8941    3.5617     % 
UB: 56.89409448818897
branching on 3 with b.
7164   595    28         54.9374    56.8941    3.5617     % 
LB close or above UB, fathomed
7165   594    28         54.9374    56.8941    3.5617     % 
LB close or above UB, fathomed
7166   593    27         54.9374    56.8941    3.5617     % 
UB: 56.89409448818897
branching on 3 with b.
7167   594    28         54.9374    56.8941    3.5617     % 
LB close or above UB, fathomed
7168   593    28         54.9374    56.8941    3.5617     % 
LB close or above UB, fathomed
7169   592    27         54.9374    56.8941    3.5617     % 
UB: 56.89409448818897
branching on 3 with b.
7170   593    28         54.9374    56.8941    3.5617     % 
LB close or above UB, fathomed
7171   592    28         54.9374    56.8941    3.5617     % 
LB close or above UB, fathomed
7172   591    38         54.9374    56.8941    3.5617     % 
LB close or above UB, fathomed
7173   590    38         54.9374    56.8941    3.5617     % 
LB close or above UB, fathomed
7174   589    38         54.9374    56.8941    3.5617     % 
LB close or above UB, fathomed
7175   588    38         54.9374    56.8941    3.5617     % 
LB close or above UB, fathomed
7176   587    26         54.9374    56.8941    3.5617     % 
LB close or above UB, fathomed
7177   586    26         54.9374    56.8941    3.5617     % 
LB close or above UB, fathomed
7178   585    38         54.9374    56.8941    3.5617     % 
LB close or above UB, fathomed
7179   584    38         54.9374    56.8941    3.5617     % 
LB close or above UB, fathomed
7180   583    39         54.9374    56.8941    3.5617     % 
UB: 56.89409448818897
branching on 2 with b.
7181   584    40         54.9374    56.8941    3.5617     % 
LB close or above UB, fathomed
7182   583    40         54.9374    56.8941    3.5617     % 
LB close or above UB, fathomed
7183   582    39         54.9374    56.8941    3.5617     % 
UB: 56.89409448818897
branching on 2 with b.
7184   583    40         54.9374    56.8941    3.5617     % 
LB close or above UB, fathomed
7185   582    40         54.9374    56.8941    3.5617     % 
LB close or above UB, fathomed
7186   581    39         54.9374    56.8941    3.5617     % 
UB: 56.89409448818897
branching on 2 with b.
7187   582    40         54.9374    56.8941    3.5617     % 
LB close or above UB, fathomed
7188   581    40         54.9374    56.8941    3.5617     % 
LB close or above UB, fathomed
7189   580    39         54.9374    56.8941    3.5617     % 
LB close or above UB, fathomed
7190   579    37         54.9374    56.8941    3.5617     % 
LB close or above UB, fathomed
7191   578    37         54.9374    56.8941    3.5617     % 
LB close or above UB, fathomed
7192   577    38         54.9374    56.8941    3.5617     % 
LB close or above UB, fathomed
7193   576    38         54.9374    56.8941    3.5617     % 
LB close or above UB, fathomed
7194   575    31         54.9374    56.8941    3.5617     % 
LB close or above UB, fathomed
7195   574    31         54.9374    56.8941    3.5617     % 
LB close or above UB, fathomed
7196   573    28         54.9374    56.8941    3.5617     % 
LB close or above UB, fathomed
7197   572    28         54.9374    56.8941    3.5617     % 
LB close or above UB, fathomed
7198   571    32         54.9374    56.8941    3.5617     % 
UB: 56.89409448818897
branching on 1 with b.
7199   572    33         54.9374    56.8941    3.5617     % 
UB: 56.89409448818897
branching on 2 with b.
7200   573    34         54.9374    56.8941    3.5617     % 
LB close or above UB, fathomed
7201   572    34         54.9374    56.8941    3.5617     % 
LB close or above UB, fathomed
7202   571    33         54.9374    56.8941    3.5617     % 
LB close or above UB, fathomed
7203   570    32         54.9374    56.8941    3.5617     % 
LB close or above UB, fathomed
7204   569    30         54.9374    56.8941    3.5617     % 
LB close or above UB, fathomed
7205   568    30         54.9374    56.8941    3.5617     % 
LB close or above UB, fathomed
7206   567    38         54.9374    56.8941    3.5617     % 
LB close or above UB, fathomed
7207   566    38         54.9374    56.8941    3.5617     % 
LB close or above UB, fathomed
7208   565    34         54.9374    56.8941    3.5617     % 
LB close or above UB, fathomed
7209   564    34         54.9374    56.8941    3.5617     % 
UB: 56.89409448818897
branching on 3 with b.
7210   565    35         54.9374    56.8941    3.5617     % 
LB close or above UB, fathomed
7211   564    35         54.9374    56.8941    3.5617     % 
LB close or above UB, fathomed
7212   563    30         54.9374    56.8941    3.5617     % 
UB: 56.89409448818897
branching on 2 with b.
7213   564    31         54.9374    56.8941    3.5617     % 
LB close or above UB, fathomed
7214   563    31         54.9374    56.8941    3.5617     % 
UB: 56.89409448818897
branching on 3 with b.
7215   564    32         54.9374    56.8941    3.5617     % 
LB close or above UB, fathomed
7216   563    32         54.9374    56.8941    3.5617     % 
LB close or above UB, fathomed
7217   562    30         54.9374    56.8941    3.5617     % 
LB close or above UB, fathomed
7218   561    29         54.9374    56.8941    3.5617     % 
LB close or above UB, fathomed
7219   560    29         54.9374    56.8941    3.5617     % 
LB close or above UB, fathomed
7220   559    38         54.9374    56.8941    3.5617     % 
LB close or above UB, fathomed
7221   558    38         54.9374    56.8941    3.5617     % 
LB close or above UB, fathomed
7222   557    38         54.9374    56.8941    3.5617     % 
LB close or above UB, fathomed
7223   556    38         54.9374    56.8941    3.5617     % 
LB close or above UB, fathomed
7224   555    39         54.9374    56.8941    3.5617     % 
UB: 56.89409448818897
branching on 2 with b.
7225   556    40         54.9374    56.8941    3.5617     % 
LB close or above UB, fathomed
7226   555    40         54.9374    56.8941    3.5617     % 
LB close or above UB, fathomed
7227   554    39         54.9374    56.8941    3.5617     % 
LB close or above UB, fathomed
7228   553    39         54.9374    56.8941    3.5617     % 
UB: 56.89409448818897
branching on 2 with b.
7229   554    40         54.9374    56.8941    3.5617     % 
LB close or above UB, fathomed
7230   553    40         54.9374    56.8941    3.5617     % 
LB close or above UB, fathomed
7231   552    39         54.9374    56.8941    3.5617     % 
LB close or above UB, fathomed
7232   551    28         54.9374    56.8941    3.5617     % 
LB close or above UB, fathomed
7233   550    28         54.9374    56.8941    3.5617     % 
LB close or above UB, fathomed
7234   549    41         54.9374    56.8941    3.5617     % 
UB: 56.89409448818897
branching on 1 with b.
7235   550    42         54.9374    56.8941    3.5617     % 
UB: 56.89409448818897
branching on 2 with b.
7236   551    43         54.9374    56.8941    3.5617     % 
UB: 56.89409448818897
branching on 3 with b.
7237   552    44         54.9374    56.8941    3.5617     % 
UB: 56.89409448818897
branching on 1 with b.
7238   553    45         54.9374    56.8941    3.5617     % 
LB close or above UB, fathomed
7239   552    45         54.9374    56.8941    3.5617     % 
LB close or above UB, fathomed
7240   551    44         54.9374    56.8941    3.5617     % 
LB close or above UB, fathomed
7241   550    43         54.9374    56.8941    3.5617     % 
LB close or above UB, fathomed
7242   549    42         54.9374    56.8941    3.5617     % 
LB close or above UB, fathomed
7243   548    41         54.9374    56.8941    3.5617     % 
LB close or above UB, fathomed
7244   547    33         54.9374    56.8941    3.5617     % 
LB close or above UB, fathomed
7245   546    33         54.9374    56.8941    3.5617     % 
LB close or above UB, fathomed
7246   545    33         54.9374    56.8941    3.5617     % 
UB: 56.89409448818897
branching on 1 with b.
7247   546    34         54.9374    56.8941    3.5617     % 
LB close or above UB, fathomed
7248   545    34         54.9374    56.8941    3.5617     % 
LB close or above UB, fathomed
7249   544    33         54.9374    56.8941    3.5617     % 
LB close or above UB, fathomed
7250   543    34         54.9374    56.8941    3.5617     % 
UB: 56.89409448818897
branching on 2 with b.
7251   544    35         54.9374    56.8941    3.5617     % 
LB close or above UB, fathomed
7252   543    35         54.9374    56.8941    3.5617     % 
LB close or above UB, fathomed
7253   542    34         54.9374    56.8941    3.5617     % 
UB: 56.89409448818897
branching on 2 with b.
7254   543    35         54.9374    56.8941    3.5617     % 
LB close or above UB, fathomed
7255   542    35         54.9374    56.8941    3.5617     % 
LB close or above UB, fathomed
7256   541    32         54.9374    56.8941    3.5617     % 
UB: 56.89409448818897
branching on 2 with b.
7257   542    33         54.9374    56.8941    3.5617     % 
UB: 56.89409448818897
branching on 3 with b.
7258   543    34         54.9374    56.8941    3.5617     % 
LB close or above UB, fathomed
7259   542    34         54.9374    56.8941    3.5617     % 
LB close or above UB, fathomed
7260   541    33         54.9374    56.8941    3.5617     % 
LB close or above UB, fathomed
7261   540    32         54.9374    56.8941    3.5617     % 
UB: 56.89409448818897
branching on 2 with b.
7262   541    33         54.9374    56.8941    3.5617     % 
UB: 56.89409448818897
branching on 3 with b.
7263   542    34         54.9374    56.8941    3.5617     % 
LB close or above UB, fathomed
7264   541    34         54.9374    56.8941    3.5617     % 
LB close or above UB, fathomed
7265   540    33         54.9374    56.8941    3.5617     % 
LB close or above UB, fathomed
7266   539    41         54.9374    56.8941    3.5617     % 
LB close or above UB, fathomed
7267   538    41         54.9374    56.8941    3.5617     % 
UB: 56.89409448818897
branching on 1 with b.
7268   539    42         54.9374    56.8941    3.5617     % 
UB: 56.89409448818897
branching on 2 with b.
7269   540    43         54.9374    56.8941    3.5617     % 
UB: 56.89409448818897
branching on 3 with b.
7270   541    44         54.9374    56.8941    3.5617     % 
UB: 56.89409448818897
branching on 1 with b.
7271   542    45         54.9374    56.8941    3.5617     % 
LB close or above UB, fathomed
7272   541    45         54.9374    56.8941    3.5617     % 
LB close or above UB, fathomed
7273   540    44         54.9374    56.8941    3.5617     % 
UB: 56.89409448818897
branching on 1 with b.
7274   541    45         54.9374    56.8941    3.5617     % 
LB close or above UB, fathomed
7275   540    45         54.9374    56.8941    3.5617     % 
LB close or above UB, fathomed
7276   539    43         54.9374    56.8941    3.5617     % 
LB close or above UB, fathomed
7277   538    42         54.9374    56.8941    3.5617     % 
LB close or above UB, fathomed
7278   537    34         54.9374    56.8941    3.5617     % 
UB: 56.89409448818897
branching on 1 with b.
7279   538    35         54.9374    56.8941    3.5617     % 
UB: 56.89409448818897
branching on 2 with b.
7280   539    36         54.9374    56.8941    3.5617     % 
LB close or above UB, fathomed
7281   538    36         54.9374    56.8941    3.5617     % 
LB close or above UB, fathomed
7282   537    35         54.9374    56.8941    3.5617     % 
UB: 56.89409448818897
branching on 2 with b.
7283   538    36         54.9374    56.8941    3.5617     % 
LB close or above UB, fathomed
7284   537    36         54.9374    56.8941    3.5617     % 
LB close or above UB, fathomed
7285   536    34         54.9374    56.8941    3.5617     % 
LB close or above UB, fathomed
7286   535    26         54.9374    56.8941    3.5617     % 
UB: 56.89409448818897
branching on 2 with b.
7287   536    27         54.9374    56.8941    3.5617     % 
UB: 56.89409448818897
branching on 3 with b.
7288   537    28         54.9374    56.8941    3.5617     % 
LB close or above UB, fathomed
7289   536    28         54.9374    56.8941    3.5617     % 
LB close or above UB, fathomed
7290   535    27         54.9374    56.8941    3.5617     % 
UB: 56.89409448818897
branching on 3 with b.
7291   536    28         54.9374    56.8941    3.5617     % 
LB close or above UB, fathomed
7292   535    28         54.9374    56.8941    3.5617     % 
LB close or above UB, fathomed
7293   534    26         54.9374    56.8941    3.5617     % 
LB close or above UB, fathomed
7294   533    26         54.9374    56.8941    3.5617     % 
LB close or above UB, fathomed
7295   532    26         54.9374    56.8941    3.5617     % 
UB: 56.89409448818897
branching on 2 with b.
7296   533    27         54.9374    56.8941    3.5617     % 
UB: 56.89409448818897
branching on 3 with b.
7297   534    28         54.9374    56.8941    3.5617     % 
UB: 56.89409448818897
branching on 1 with b.
7298   535    29         54.9374    56.8941    3.5617     % 
LB close or above UB, fathomed
7299   534    29         54.9374    56.8941    3.5617     % 
LB close or above UB, fathomed
7300   533    28         54.9374    56.8941    3.5617     % 
LB close or above UB, fathomed
7301   532    27         54.9374    56.8941    3.5617     % 
UB: 56.89409448818897
branching on 3 with b.
7302   533    28         54.9374    56.8941    3.5617     % 
UB: 56.89409448818897
branching on 1 with b.
7303   534    29         54.9374    56.8941    3.5617     % 
LB close or above UB, fathomed
7304   533    29         54.9374    56.8941    3.5617     % 
LB close or above UB, fathomed
7305   532    28         54.9374    56.8941    3.5617     % 
LB close or above UB, fathomed
7306   531    26         54.9374    56.8941    3.5617     % 
LB close or above UB, fathomed
7307   530    26         54.9374    56.8941    3.5617     % 
UB: 56.89409448818897
branching on 2 with b.
7308   531    27         54.9374    56.8941    3.5617     % 
LB close or above UB, fathomed
7309   530    27         54.9374    56.8941    3.5617     % 
UB: 56.89409448818897
branching on 3 with b.
7310   531    28         54.9374    56.8941    3.5617     % 
UB: 56.89409448818897
branching on 1 with b.
7311   532    29         54.9374    56.8941    3.5617     % 
LB close or above UB, fathomed
7312   531    29         54.9374    56.8941    3.5617     % 
LB close or above UB, fathomed
7313   530    28         54.9374    56.8941    3.5617     % 
LB close or above UB, fathomed
7314   529    34         54.9374    56.8941    3.5617     % 
LB close or above UB, fathomed
7315   528    34         54.9374    56.8941    3.5617     % 
UB: 56.89409448818897
branching on 2 with b.
7316   529    35         54.9374    56.8941    3.5617     % 
LB close or above UB, fathomed
7317   528    35         54.9374    56.8941    3.5617     % 
LB close or above UB, fathomed
7318   527    36         54.9374    56.8941    3.5617     % 
LB close or above UB, fathomed
7319   526    36         54.9374    56.8941    3.5617     % 
LB close or above UB, fathomed
7320   525    39         54.9374    56.8941    3.5617     % 
LB close or above UB, fathomed
7321   524    39         54.9374    56.8941    3.5617     % 
LB close or above UB, fathomed
7322   523    34         54.9374    56.8941    3.5617     % 
UB: 56.89409448818897
branching on 1 with b.
7323   524    35         54.9374    56.8941    3.5617     % 
UB: 56.89409448818897
branching on 2 with b.
7324   525    36         54.9374    56.8941    3.5617     % 
LB close or above UB, fathomed
7325   524    36         54.9374    56.8941    3.5617     % 
LB close or above UB, fathomed
7326   523    35         54.9374    56.8941    3.5617     % 
UB: 56.89409448818897
branching on 2 with b.
7327   524    36         54.9374    56.8941    3.5617     % 
LB close or above UB, fathomed
7328   523    36         54.9374    56.8941    3.5617     % 
LB close or above UB, fathomed
7329   522    34         54.9374    56.8941    3.5617     % 
LB close or above UB, fathomed
7330   521    31         54.9374    56.8941    3.5617     % 
LB close or above UB, fathomed
7331   520    31         54.9374    56.8941    3.5617     % 
UB: 56.89409448818897
branching on 3 with b.
7332   521    32         54.9374    56.8941    3.5617     % 
LB close or above UB, fathomed
7333   520    32         54.9374    56.8941    3.5617     % 
LB close or above UB, fathomed
7334   519    31         54.9374    56.8941    3.5617     % 
LB close or above UB, fathomed
7335   518    31         54.9374    56.8941    3.5617     % 
UB: 56.89409448818897
branching on 3 with b.
7336   519    32         54.9374    56.8941    3.5617     % 
LB close or above UB, fathomed
7337   518    32         54.9374    56.8941    3.5617     % 
LB close or above UB, fathomed
7338   517    24         54.9374    56.8941    3.5617     % 
UB: 56.89409448818897
branching on 3 with b.
7339   518    25         54.9374    56.8941    3.5617     % 
LB close or above UB, fathomed
7340   517    25         54.9374    56.8941    3.5617     % 
LB close or above UB, fathomed
7341   516    24         54.9374    56.8941    3.5617     % 
UB: 56.89409448818897
branching on 3 with b.
7342   517    25         54.9374    56.8941    3.5617     % 
LB close or above UB, fathomed
7343   516    25         54.9374    56.8941    3.5617     % 
LB close or above UB, fathomed
7344   515    37         54.9374    56.8941    3.5617     % 
LB close or above UB, fathomed
7345   514    37         54.9374    56.8941    3.5617     % 
LB close or above UB, fathomed
7346   513    25         54.9374    56.8941    3.5617     % 
UB: 56.89409448818897
branching on 3 with b.
7347   514    26         54.9374    56.8941    3.5617     % 
LB close or above UB, fathomed
7348   513    26         54.9374    56.8941    3.5617     % 
LB close or above UB, fathomed
7349   512    25         54.9374    56.8941    3.5617     % 
UB: 56.89409448818897
branching on 3 with b.
7350   513    26         54.9374    56.8941    3.5617     % 
LB close or above UB, fathomed
7351   512    26         54.9374    56.8941    3.5617     % 
LB close or above UB, fathomed
7352   511    32         54.9374    56.8941    3.5617     % 
UB: 56.89409448818897
branching on 2 with b.
7353   512    33         54.9374    56.8941    3.5617     % 
LB close or above UB, fathomed
7354   511    33         54.9374    56.8941    3.5617     % 
LB close or above UB, fathomed
7355   510    32         54.9374    56.8941    3.5617     % 
LB close or above UB, fathomed
7356   509    41         54.9374    56.8941    3.5617     % 
LB close or above UB, fathomed
7357   508    41         54.9374    56.8941    3.5617     % 
LB close or above UB, fathomed
7358   507    41         54.9374    56.8941    3.5617     % 
LB close or above UB, fathomed
7359   506    41         54.9374    56.8941    3.5617     % 
LB close or above UB, fathomed
7360   505    39         54.9374    56.8941    3.5617     % 
LB close or above UB, fathomed
7361   504    39         54.9374    56.8941    3.5617     % 
LB close or above UB, fathomed
7362   503    34         54.9374    56.8941    3.5617     % 
LB close or above UB, fathomed
7363   502    34         54.9374    56.8941    3.5617     % 
LB close or above UB, fathomed
7364   501    20         54.9374    56.8941    3.5617     % 
LB close or above UB, fathomed
7365   500    20         54.9374    56.8941    3.5617     % 
UB: 56.89409448818897
branching on CartesianIndex(1, 7) with c.
7366   501    21         54.9374    56.8941    3.5617     % 
UB: 56.89409448818897
branching on 3 with b.
7367   502    22         54.9374    56.8941    3.5617     % 
LB close or above UB, fathomed
7368   501    22         54.9374    56.8941    3.5617     % 
UB: 56.89409448818897
branching on 1 with b.
7369   502    23         54.9374    56.8941    3.5617     % 
LB close or above UB, fathomed
7370   501    23         54.9374    56.8941    3.5617     % 
UB: 56.89409448818897
branching on 2 with b.
7371   502    24         54.9374    56.8941    3.5617     % 
UB: 56.89409448818897
branching on 3 with b.
7372   503    25         54.9374    56.8941    3.5617     % 
LB close or above UB, fathomed
7373   502    25         54.9374    56.8941    3.5617     % 
LB close or above UB, fathomed
7374   501    24         54.9374    56.8941    3.5617     % 
UB: 56.89409448818897
branching on 3 with b.
7375   502    25         54.9374    56.8941    3.5617     % 
LB close or above UB, fathomed
7376   501    25         54.9374    56.8941    3.5617     % 
LB close or above UB, fathomed
7377   500    21         54.9374    56.8941    3.5617     % 
LB close or above UB, fathomed
7378   499    34         54.9374    56.8941    3.5617     % 
LB close or above UB, fathomed
7379   498    34         54.9374    56.8941    3.5617     % 
LB close or above UB, fathomed
7380   497    31         54.9374    56.8941    3.5617     % 
LB close or above UB, fathomed
7381   496    31         54.9374    56.8941    3.5617     % 
LB close or above UB, fathomed
7382   495    33         54.9374    56.8941    3.5617     % 
LB close or above UB, fathomed
7383   494    33         54.9374    56.8941    3.5617     % 
LB close or above UB, fathomed
7384   493    34         54.9374    56.8941    3.5617     % 
UB: 56.89409448818897
branching on 1 with b.
7385   494    35         54.9374    56.8941    3.5617     % 
LB close or above UB, fathomed
7386   493    35         54.9374    56.8941    3.5617     % 
UB: 56.89409448818897
branching on 2 with b.
7387   494    36         54.9374    56.8941    3.5617     % 
LB close or above UB, fathomed
7388   493    36         54.9374    56.8941    3.5617     % 
LB close or above UB, fathomed
7389   492    34         54.9374    56.8941    3.5617     % 
LB close or above UB, fathomed
7390   491    23         54.9374    56.8941    3.5617     % 
LB close or above UB, fathomed
7391   490    23         54.9374    56.8941    3.5617     % 
UB: 56.89409448818897
branching on 2 with b.
7392   491    24         54.9374    56.8941    3.5617     % 
LB close or above UB, fathomed
7393   490    24         54.9374    56.8941    3.5617     % 
UB: 56.89409448818897
branching on 3 with b.
7394   491    25         54.9374    56.8941    3.5617     % 
UB: 56.89409448818897
branching on 1 with b.
7395   492    26         54.9374    56.8941    3.5617     % 
LB close or above UB, fathomed
7396   491    26         54.9374    56.8941    3.5617     % 
LB close or above UB, fathomed
7397   490    25         54.9374    56.8941    3.5617     % 
LB close or above UB, fathomed
7398   489    25         54.9374    56.8941    3.5617     % 
UB: 56.89409448818897
branching on 1 with b.
7399   490    26         54.9374    56.8941    3.5617     % 
LB close or above UB, fathomed
7400   489    26         54.9374    56.8941    3.5617     % 
LB close or above UB, fathomed
7401   488    25         54.9374    56.8941    3.5617     % 
LB close or above UB, fathomed
7402   487    27         54.9374    56.8941    3.5617     % 
LB close or above UB, fathomed
7403   486    27         54.9374    56.8941    3.5617     % 
UB: 56.89409448818897
branching on 1 with b.
7404   487    28         54.9374    56.8941    3.5617     % 
LB close or above UB, fathomed
7405   486    28         54.9374    56.8941    3.5617     % 
LB close or above UB, fathomed
7406   485    37         54.9374    56.8941    3.5617     % 
LB close or above UB, fathomed
7407   484    37         54.9374    56.8941    3.5617     % 
LB close or above UB, fathomed
7408   483    25         54.9374    56.8941    3.5617     % 
UB: 56.89409448818897
branching on 3 with b.
7409   484    26         54.9374    56.8941    3.5617     % 
LB close or above UB, fathomed
7410   483    26         54.9374    56.8941    3.5617     % 
LB close or above UB, fathomed
7411   482    25         54.9374    56.8941    3.5617     % 
UB: 56.89409448818897
branching on 3 with b.
7412   483    26         54.9374    56.8941    3.5617     % 
LB close or above UB, fathomed
7413   482    26         54.9374    56.8941    3.5617     % 
LB close or above UB, fathomed
7414   481    25         54.9374    56.8941    3.5617     % 
UB: 56.89409448818897
branching on 2 with b.
7415   482    26         54.9374    56.8941    3.5617     % 
LB close or above UB, fathomed
7416   481    26         54.9374    56.8941    3.5617     % 
LB close or above UB, fathomed
7417   480    25         54.9374    56.8941    3.5617     % 
LB close or above UB, fathomed
7418   479    24         54.9374    56.8941    3.5617     % 
LB close or above UB, fathomed
7419   478    24         54.9374    56.8941    3.5617     % 
LB close or above UB, fathomed
7420   477    34         54.9374    56.8941    3.5617     % 
UB: 56.89409448818897
branching on 1 with b.
7421   478    35         54.9374    56.8941    3.5617     % 
UB: 56.89409448818897
branching on 2 with b.
7422   479    36         54.9374    56.8941    3.5617     % 
LB close or above UB, fathomed
7423   478    36         54.9374    56.8941    3.5617     % 
LB close or above UB, fathomed
7424   477    35         54.9374    56.8941    3.5617     % 
UB: 56.89409448818897
branching on 2 with b.
7425   478    36         54.9374    56.8941    3.5617     % 
LB close or above UB, fathomed
7426   477    36         54.9374    56.8941    3.5617     % 
LB close or above UB, fathomed
7427   476    34         54.9374    56.8941    3.5617     % 
LB close or above UB, fathomed
7428   475    23         54.9374    56.8941    3.5617     % 
UB: 56.89409448818897
branching on CartesianIndex(1, 7) with c.
7429   476    24         54.9374    56.8941    3.5617     % 
UB: 56.89409448818897
branching on 1 with b.
7430   477    25         54.9374    56.8941    3.5617     % 
LB close or above UB, fathomed
7431   476    25         54.9374    56.8941    3.5617     % 
LB close or above UB, fathomed
7432   475    24         54.9374    56.8941    3.5617     % 
UB: 56.89409448818897
branching on 1 with b.
7433   476    25         54.9374    56.8941    3.5617     % 
LB close or above UB, fathomed
7434   475    25         54.9374    56.8941    3.5617     % 
LB close or above UB, fathomed
7435   474    23         54.9374    56.8941    3.5617     % 
LB close or above UB, fathomed
7436   473    19         54.9374    56.8941    3.5617     % 
LB close or above UB, fathomed
7437   472    19         54.9374    56.8941    3.5617     % 
UB: 56.89409448818897
branching on CartesianIndex(1, 5) with c.
7438   473    20         54.9374    56.8941    3.5617     % 
UB: 56.89409448818897
branching on 3 with b.
7439   474    21         54.9374    56.8941    3.5617     % 
UB: 56.89409448818897
branching on CartesianIndex(1, 6) with c.
7440   475    22         54.9374    56.8941    3.5617     % 
UB: 56.89409448818897
branching on CartesianIndex(1, 7) with c.
7441   476    23         54.9374    56.8941    3.5617     % 
UB: 56.89409448818897
branching on 1 with b.
7442   477    24         54.9374    56.8941    3.5617     % 
LB close or above UB, fathomed
7443   476    24         54.9374    56.8941    3.5617     % 
LB close or above UB, fathomed
7444   475    23         54.9374    56.8941    3.5617     % 
LB close or above UB, fathomed
7445   474    22         54.9374    56.8941    3.5617     % 
LB close or above UB, fathomed
7446   473    21         54.9374    56.8941    3.5617     % 
UB: 56.89409448818897
branching on CartesianIndex(1, 6) with c.
7447   474    22         54.9374    56.8941    3.5617     % 
UB: 56.89409448818897
branching on CartesianIndex(1, 7) with c.
7448   475    23         54.9374    56.8941    3.5617     % 
UB: 56.89409448818897
branching on 1 with b.
7449   476    24         54.9374    56.8941    3.5617     % 
LB close or above UB, fathomed
7450   475    24         54.9374    56.8941    3.5617     % 
LB close or above UB, fathomed
7451   474    23         54.9374    56.8941    3.5617     % 
UB: 56.89409448818897
branching on 1 with b.
7452   475    24         54.9374    56.8941    3.5617     % 
LB close or above UB, fathomed
7453   474    24         54.9374    56.8941    3.5617     % 
LB close or above UB, fathomed
7454   473    22         54.9374    56.8941    3.5617     % 
LB close or above UB, fathomed
7455   472    20         54.9374    56.8941    3.5617     % 
LB close or above UB, fathomed
7456   471    18         54.9374    56.8941    3.5617     % 
UB: 56.89409448818897
branching on CartesianIndex(1, 4) with c.
7457   472    19         54.9374    56.8941    3.5617     % 
LB close or above UB, fathomed
7458   471    19         54.9374    56.8941    3.5617     % 
UB: 56.89409448818897
branching on CartesianIndex(1, 5) with c.
7459   472    18         54.9374    56.8941    3.5617     % 
UB: 56.89409448818897
branching on CartesianIndex(1, 4) with c.
7460   473    20         54.9374    56.8941    3.5617     % 
LB close or above UB, fathomed
7461   472    20         54.9374    56.8941    3.5617     % 
UB: 56.89409448818897
branching on CartesianIndex(1, 5) with c.
7462   473    21         54.9374    56.8941    3.5617     % 
LB close or above UB, fathomed
7463   472    21         54.9374    56.8941    3.5617     % 
LB close or above UB, fathomed
7464   471    23         54.9374    56.8941    3.5617     % 
UB: 56.89409448818897
branching on 1 with b.
7465   472    24         54.9374    56.8941    3.5617     % 
UB: 56.89409448818897
branching on 2 with b.
7466   473    25         54.9374    56.8941    3.5617     % 
UB: 56.89409448818897
branching on 3 with b.
7467   474    26         54.9374    56.8941    3.5617     % 
UB: 56.89409448818897
branching on 1 with b.
7468   475    27         54.9374    56.8941    3.5617     % 
LB close or above UB, fathomed
7469   474    27         54.9374    56.8941    3.5617     % 
LB close or above UB, fathomed
7470   473    26         54.9374    56.8941    3.5617     % 
LB close or above UB, fathomed
7471   472    25         54.9374    56.8941    3.5617     % 
UB: 56.89409448818897
branching on 3 with b.
7472   473    26         54.9374    56.8941    3.5617     % 
UB: 56.89409448818897
branching on 1 with b.
7473   474    27         54.9374    56.8941    3.5617     % 
LB close or above UB, fathomed
7474   473    27         54.9374    56.8941    3.5617     % 
LB close or above UB, fathomed
7475   472    26         54.9374    56.8941    3.5617     % 
LB close or above UB, fathomed
7476   471    24         54.9374    56.8941    3.5617     % 
LB close or above UB, fathomed
7477   470    23         54.9374    56.8941    3.5617     % 
LB close or above UB, fathomed
7478   469    24         54.9374    56.8941    3.5617     % 
UB: 56.89409448818897
branching on 1 with b.
7479   470    25         54.9374    56.8941    3.5617     % 
UB: 56.89409448818897
branching on 2 with b.
7480   471    26         54.9374    56.8941    3.5617     % 
UB: 56.89409448818897
branching on 3 with b.
7481   472    27         54.9374    56.8941    3.5617     % 
UB: 56.89409448818897
branching on 1 with b.
7482   473    28         54.9374    56.8941    3.5617     % 
LB close or above UB, fathomed
7483   472    28         54.9374    56.8941    3.5617     % 
LB close or above UB, fathomed
7484   471    27         54.9374    56.8941    3.5617     % 
LB close or above UB, fathomed
7485   470    26         54.9374    56.8941    3.5617     % 
UB: 56.89409448818897
branching on 3 with b.
7486   471    27         54.9374    56.8941    3.5617     % 
UB: 56.89409448818897
branching on 1 with b.
7487   472    28         54.9374    56.8941    3.5617     % 
LB close or above UB, fathomed
7488   471    28         54.9374    56.8941    3.5617     % 
LB close or above UB, fathomed
7489   470    27         54.9374    56.8941    3.5617     % 
LB close or above UB, fathomed
7490   469    25         54.9374    56.8941    3.5617     % 
LB close or above UB, fathomed
7491   468    24         54.9374    56.8941    3.5617     % 
LB close or above UB, fathomed
7492   467    25         54.9374    56.8941    3.5617     % 
UB: 56.89409448818897
branching on 2 with b.
7493   468    26         54.9374    56.8941    3.5617     % 
UB: 56.89409448818897
branching on 3 with b.
7494   469    27         54.9374    56.8941    3.5617     % 
UB: 56.89409448818897
branching on 1 with b.
7495   470    28         54.9374    56.8941    3.5617     % 
LB close or above UB, fathomed
7496   469    28         54.9374    56.8941    3.5617     % 
LB close or above UB, fathomed
7497   468    27         54.9374    56.8941    3.5617     % 
LB close or above UB, fathomed
7498   467    26         54.9374    56.8941    3.5617     % 
UB: 56.89409448818897
branching on 3 with b.
7499   468    27         54.9374    56.8941    3.5617     % 
UB: 56.89409448818897
branching on 1 with b.
7500   469    28         54.9374    56.8941    3.5617     % 
LB close or above UB, fathomed
7501   468    28         54.9374    56.8941    3.5617     % 
LB close or above UB, fathomed
7502   467    27         54.9374    56.8941    3.5617     % 
LB close or above UB, fathomed
7503   466    25         54.9374    56.8941    3.5617     % 
LB close or above UB, fathomed
7504   465    25         54.9374    56.8941    3.5617     % 
UB: 56.89409448818897
branching on 2 with b.
7505   466    26         54.9374    56.8941    3.5617     % 
LB close or above UB, fathomed
7506   465    26         54.9374    56.8941    3.5617     % 
UB: 56.89409448818897
branching on 3 with b.
7507   466    27         54.9374    56.8941    3.5617     % 
UB: 56.89409448818897
branching on 1 with b.
7508   467    28         54.9374    56.8941    3.5617     % 
LB close or above UB, fathomed
7509   466    28         54.9374    56.8941    3.5617     % 
LB close or above UB, fathomed
7510   465    27         54.9374    56.8941    3.5617     % 
LB close or above UB, fathomed
7511   464    25         54.9374    56.8941    3.5617     % 
LB close or above UB, fathomed
7512   463    25         54.9374    56.8941    3.5617     % 
UB: 56.89409448818897
branching on 2 with b.
7513   464    26         54.9374    56.8941    3.5617     % 
UB: 56.89409448818897
branching on 3 with b.
7514   465    27         54.9374    56.8941    3.5617     % 
UB: 56.89409448818897
branching on 1 with b.
7515   466    28         54.9374    56.8941    3.5617     % 
LB close or above UB, fathomed
7516   465    28         54.9374    56.8941    3.5617     % 
LB close or above UB, fathomed
7517   464    27         54.9374    56.8941    3.5617     % 
LB close or above UB, fathomed
7518   463    26         54.9374    56.8941    3.5617     % 
UB: 56.89409448818897
branching on 3 with b.
7519   464    27         54.9374    56.8941    3.5617     % 
UB: 56.89409448818897
branching on 1 with b.
7520   465    28         54.9374    56.8941    3.5617     % 
LB close or above UB, fathomed
7521   464    28         54.9374    56.8941    3.5617     % 
LB close or above UB, fathomed
7522   463    27         54.9374    56.8941    3.5617     % 
LB close or above UB, fathomed
7523   462    25         54.9374    56.8941    3.5617     % 
LB close or above UB, fathomed
7524   461    25         54.9374    56.8941    3.5617     % 
UB: 56.89409448818897
branching on 2 with b.
7525   462    26         54.9374    56.8941    3.5617     % 
UB: 56.89409448818897
branching on 3 with b.
7526   463    27         54.9374    56.8941    3.5617     % 
UB: 56.89409448818897
branching on 1 with b.
7527   464    28         54.9374    56.8941    3.5617     % 
LB close or above UB, fathomed
7528   463    28         54.9374    56.8941    3.5617     % 
LB close or above UB, fathomed
7529   462    27         54.9374    56.8941    3.5617     % 
LB close or above UB, fathomed
7530   461    26         54.9374    56.8941    3.5617     % 
UB: 56.89409448818897
branching on 3 with b.
7531   462    27         54.9374    56.8941    3.5617     % 
UB: 56.89409448818897
branching on 1 with b.
7532   463    28         54.9374    56.8941    3.5617     % 
LB close or above UB, fathomed
7533   462    28         54.9374    56.8941    3.5617     % 
LB close or above UB, fathomed
7534   461    27         54.9374    56.8941    3.5617     % 
LB close or above UB, fathomed
7535   460    25         54.9374    56.8941    3.5617     % 
LB close or above UB, fathomed
7536   459    25         54.9374    56.8941    3.5617     % 
UB: 56.89409448818897
branching on 2 with b.
7537   460    26         54.9374    56.8941    3.5617     % 
UB: 56.89409448818897
branching on 3 with b.
7538   461    27         54.9374    56.8941    3.5617     % 
UB: 56.89409448818897
branching on 1 with b.
7539   462    28         54.9374    56.8941    3.5617     % 
LB close or above UB, fathomed
7540   461    28         54.9374    56.8941    3.5617     % 
LB close or above UB, fathomed
7541   460    27         54.9374    56.8941    3.5617     % 
LB close or above UB, fathomed
7542   459    26         54.9374    56.8941    3.5617     % 
UB: 56.89409448818897
branching on 3 with b.
7543   460    27         54.9374    56.8941    3.5617     % 
UB: 56.89409448818897
branching on 1 with b.
7544   461    28         54.9374    56.8941    3.5617     % 
LB close or above UB, fathomed
7545   460    28         54.9374    56.8941    3.5617     % 
LB close or above UB, fathomed
7546   459    27         54.9374    56.8941    3.5617     % 
LB close or above UB, fathomed
7547   458    25         54.9374    56.8941    3.5617     % 
LB close or above UB, fathomed
7548   457    25         54.9374    56.8941    3.5617     % 
UB: 56.89409448818897
branching on 2 with b.
7549   458    26         54.9374    56.8941    3.5617     % 
UB: 56.89409448818897
branching on 3 with b.
7550   459    27         54.9374    56.8941    3.5617     % 
UB: 56.89409448818897
branching on 1 with b.
7551   460    28         54.9374    56.8941    3.5617     % 
LB close or above UB, fathomed
7552   459    28         54.9374    56.8941    3.5617     % 
LB close or above UB, fathomed
7553   458    27         54.9374    56.8941    3.5617     % 
LB close or above UB, fathomed
7554   457    26         54.9374    56.8941    3.5617     % 
UB: 56.89409448818897
branching on 3 with b.
7555   458    27         54.9374    56.8941    3.5617     % 
UB: 56.89409448818897
branching on 1 with b.
7556   459    28         54.9374    56.8941    3.5617     % 
LB close or above UB, fathomed
7557   458    28         54.9374    56.8941    3.5617     % 
LB close or above UB, fathomed
7558   457    27         54.9374    56.8941    3.5617     % 
LB close or above UB, fathomed
7559   456    25         54.9374    56.8941    3.5617     % 
LB close or above UB, fathomed
7560   455    36         54.9374    56.8941    3.5617     % 
LB close or above UB, fathomed
7561   454    36         54.9374    56.8941    3.5617     % 
UB: 56.89409448818897
branching on 2 with b.
7562   455    37         54.9374    56.8941    3.5617     % 
LB close or above UB, fathomed
7563   454    37         54.9374    56.8941    3.5617     % 
LB close or above UB, fathomed
7564   453    36         54.9374    56.8941    3.5617     % 
UB: 56.89409448818897
branching on 2 with b.
7565   454    37         54.9374    56.8941    3.5617     % 
LB close or above UB, fathomed
7566   453    37         54.9374    56.8941    3.5617     % 
LB close or above UB, fathomed
7567   452    36         54.9374    56.8941    3.5617     % 
UB: 56.89409448818897
branching on 2 with b.
7568   453    37         54.9374    56.8941    3.5617     % 
LB close or above UB, fathomed
7569   452    37         54.9374    56.8941    3.5617     % 
LB close or above UB, fathomed
7570   451    20         54.9374    56.8941    3.5617     % 
LB close or above UB, fathomed
7571   450    20         54.9374    56.8941    3.5617     % 
UB: 56.89409448818897
branching on CartesianIndex(1, 5) with c.
7572   451    21         54.9374    56.8941    3.5617     % 
UB: 56.89409448818897
branching on CartesianIndex(1, 6) with c.
7573   452    22         54.9374    56.8941    3.5617     % 
UB: 56.89409448818897
branching on CartesianIndex(1, 7) with c.
7574   453    22         54.9374    56.8941    3.5617     % 
UB: 56.89409448818897
branching on CartesianIndex(1, 7) with c.
7575   454    23         54.9374    56.8941    3.5617     % 
UB: 56.89409448818897
branching on 3 with b.
7576   455    24         54.9374    56.8941    3.5617     % 
UB: 56.89409448818897
branching on 1 with b.
7577   456    25         54.9374    56.8941    3.5617     % 
LB close or above UB, fathomed
7578   455    25         54.9374    56.8941    3.5617     % 
LB close or above UB, fathomed
7579   454    24         54.9374    56.8941    3.5617     % 
LB close or above UB, fathomed
7580   453    23         54.9374    56.8941    3.5617     % 
LB close or above UB, fathomed
7581   452    21         54.9374    56.8941    3.5617     % 
LB close or above UB, fathomed
7582   451    37         54.9374    56.8941    3.5617     % 
LB close or above UB, fathomed
7583   450    37         54.9374    56.8941    3.5617     % 
LB close or above UB, fathomed
7584   449    35         54.9374    56.8941    3.5617     % 
LB close or above UB, fathomed
7585   448    35         54.9374    56.8941    3.5617     % 
UB: 56.89409448818897
branching on 1 with b.
7586   449    36         54.9374    56.8941    3.5617     % 
LB close or above UB, fathomed
7587   448    36         54.9374    56.8941    3.5617     % 
UB: 56.89409448818897
branching on 2 with b.
7588   449    37         54.9374    56.8941    3.5617     % 
LB close or above UB, fathomed
7589   448    37         54.9374    56.8941    3.5617     % 
LB close or above UB, fathomed
7590   447    22         54.9374    56.8941    3.5617     % 
UB: 56.89409448818897
branching on 2 with b.
7591   448    23         54.9374    56.8941    3.5617     % 
UB: 56.89409448818897
branching on 3 with b.
7592   449    24         54.9374    56.8941    3.5617     % 
UB: 56.89409448818897
branching on 1 with b.
7593   450    25         54.9374    56.8941    3.5617     % 
LB close or above UB, fathomed
7594   449    25         54.9374    56.8941    3.5617     % 
LB close or above UB, fathomed
7595   448    24         54.9374    56.8941    3.5617     % 
LB close or above UB, fathomed
7596   447    23         54.9374    56.8941    3.5617     % 
UB: 56.89409448818897
branching on 3 with b.
7597   448    24         54.9374    56.8941    3.5617     % 
UB: 56.89409448818897
branching on 1 with b.
7598   449    25         54.9374    56.8941    3.5617     % 
LB close or above UB, fathomed
7599   448    25         54.9374    56.8941    3.5617     % 
LB close or above UB, fathomed
7600   447    24         54.9374    56.8941    3.5617     % 
LB close or above UB, fathomed
7601   446    22         54.9374    56.8941    3.5617     % 
LB close or above UB, fathomed
7602   445    22         54.9374    56.8941    3.5617     % 
UB: 56.89409448818897
branching on 2 with b.
7603   446    23         54.9374    56.8941    3.5617     % 
UB: 56.89409448818897
branching on 3 with b.
7604   447    24         54.9374    56.8941    3.5617     % 
UB: 56.89409448818897
branching on 1 with b.
7605   448    25         54.9374    56.8941    3.5617     % 
LB close or above UB, fathomed
7606   447    25         54.9374    56.8941    3.5617     % 
LB close or above UB, fathomed
7607   446    24         54.9374    56.8941    3.5617     % 
LB close or above UB, fathomed
7608   445    23         54.9374    56.8941    3.5617     % 
UB: 56.89409448818897
branching on 3 with b.
7609   446    24         54.9374    56.8941    3.5617     % 
UB: 56.89409448818897
branching on 1 with b.
7610   447    25         54.9374    56.8941    3.5617     % 
LB close or above UB, fathomed
7611   446    25         54.9374    56.8941    3.5617     % 
LB close or above UB, fathomed
7612   445    24         54.9374    56.8941    3.5617     % 
LB close or above UB, fathomed
7613   444    22         54.9374    56.8941    3.5617     % 
LB close or above UB, fathomed
7614   443    25         54.9374    56.8941    3.5617     % 
UB: 56.89409448818897
branching on 2 with b.
7615   444    26         54.9374    56.8941    3.5617     % 
UB: 56.89409448818897
branching on 3 with b.
7616   445    27         54.9374    56.8941    3.5617     % 
UB: 56.89409448818897
branching on 1 with b.
7617   446    28         54.9374    56.8941    3.5617     % 
LB close or above UB, fathomed
7618   445    28         54.9374    56.8941    3.5617     % 
LB close or above UB, fathomed
7619   444    27         54.9374    56.8941    3.5617     % 
LB close or above UB, fathomed
7620   443    26         54.9374    56.8941    3.5617     % 
UB: 56.89409448818897
branching on 3 with b.
7621   444    27         54.9374    56.8941    3.5617     % 
UB: 56.89409448818897
branching on 1 with b.
7622   445    28         54.9374    56.8941    3.5617     % 
LB close or above UB, fathomed
7623   444    28         54.9374    56.8941    3.5617     % 
LB close or above UB, fathomed
7624   443    27         54.9374    56.8941    3.5617     % 
LB close or above UB, fathomed
7625   442    25         54.9374    56.8941    3.5617     % 
LB close or above UB, fathomed
7626   441    36         54.9374    56.8941    3.5617     % 
LB close or above UB, fathomed
7627   440    36         54.9374    56.8941    3.5617     % 
UB: 56.89409448818897
branching on 2 with b.
7628   441    37         54.9374    56.8941    3.5617     % 
LB close or above UB, fathomed
7629   440    37         54.9374    56.8941    3.5617     % 
LB close or above UB, fathomed
7630   439    28         54.9374    56.8941    3.5617     % 
LB close or above UB, fathomed
7631   438    28         54.9374    56.8941    3.5617     % 
UB: 56.89409448818897
branching on 1 with b.
7632   439    29         54.9374    56.8941    3.5617     % 
LB close or above UB, fathomed
7633   438    29         54.9374    56.8941    3.5617     % 
LB close or above UB, fathomed
7634   437    35         54.9374    56.8941    3.5617     % 
LB close or above UB, fathomed
7635   436    35         54.9374    56.8941    3.5617     % 
UB: 56.89409448818897
branching on 2 with b.
7636   437    36         54.9374    56.8941    3.5617     % 
LB close or above UB, fathomed
7637   436    36         54.9374    56.8941    3.5617     % 
LB close or above UB, fathomed
7638   435    21         54.9374    56.8941    3.5617     % 
LB close or above UB, fathomed
7639   434    21         54.9374    56.8941    3.5617     % 
UB: 56.89409448818897
branching on CartesianIndex(1, 4) with c.
7640   435    22         54.9374    56.8941    3.5617     % 
LB close or above UB, fathomed
7641   434    22         54.9374    56.8941    3.5617     % 
UB: 56.89409448818897
branching on CartesianIndex(1, 5) with c.
7642   435    23         54.9374    56.8941    3.5617     % 
LB close or above UB, fathomed
7643   434    23         54.9374    56.8941    3.5617     % 
LB close or above UB, fathomed
7644   433    38         54.9374    56.8941    3.5617     % 
LB close or above UB, fathomed
7645   432    38         54.9374    56.8941    3.5617     % 
LB close or above UB, fathomed
7646   431    37         54.9374    56.8941    3.5617     % 
LB close or above UB, fathomed
7647   430    37         54.9374    56.8941    3.5617     % 
LB close or above UB, fathomed
7648   429    32         54.9374    56.8941    3.5617     % 
LB close or above UB, fathomed
7649   428    32         54.9374    56.8941    3.5617     % 
LB close or above UB, fathomed
7650   427    36         54.9374    56.8941    3.5617     % 
LB close or above UB, fathomed
7651   426    36         54.9374    56.8941    3.5617     % 
LB close or above UB, fathomed
7652   425    36         54.9374    56.8941    3.5617     % 
LB close or above UB, fathomed
7653   424    36         54.9374    56.8941    3.5617     % 
LB close or above UB, fathomed
7654   423    35         54.9374    56.8941    3.5617     % 
LB close or above UB, fathomed
7655   422    35         54.9374    56.8941    3.5617     % 
LB close or above UB, fathomed
7656   421    21         54.9374    56.8941    3.5617     % 
UB: 56.89409448818897
branching on 1 with b.
7657   422    22         54.9374    56.8941    3.5617     % 
UB: 56.89409448818897
branching on 2 with b.
7658   423    23         54.9374    56.8941    3.5617     % 
UB: 56.89409448818897
branching on 3 with b.
7659   424    24         54.9374    56.8941    3.5617     % 
UB: 56.89409448818897
branching on 1 with b.
7660   425    25         54.9374    56.8941    3.5617     % 
LB close or above UB, fathomed
7661   424    25         54.9374    56.8941    3.5617     % 
LB close or above UB, fathomed
7662   423    24         54.9374    56.8941    3.5617     % 
LB close or above UB, fathomed
7663   422    23         54.9374    56.8941    3.5617     % 
UB: 56.89409448818897
branching on 3 with b.
7664   423    24         54.9374    56.8941    3.5617     % 
UB: 56.89409448818897
branching on 1 with b.
7665   424    25         54.9374    56.8941    3.5617     % 
LB close or above UB, fathomed
7666   423    25         54.9374    56.8941    3.5617     % 
LB close or above UB, fathomed
7667   422    24         54.9374    56.8941    3.5617     % 
LB close or above UB, fathomed
7668   421    22         54.9374    56.8941    3.5617     % 
LB close or above UB, fathomed
7669   420    21         54.9374    56.8941    3.5617     % 
LB close or above UB, fathomed
7670   419    38         54.9374    56.8941    3.5617     % 
UB: 56.89409448818897
branching on 1 with b.
7671   420    39         54.9374    56.8941    3.5617     % 
UB: 56.89409448818897
branching on 2 with b.
7672   421    40         54.9374    56.8941    3.5617     % 
LB close or above UB, fathomed
7673   420    40         54.9374    56.8941    3.5617     % 
LB close or above UB, fathomed
7674   419    39         54.9374    56.8941    3.5617     % 
LB close or above UB, fathomed
7675   418    38         54.9374    56.8941    3.5617     % 
LB close or above UB, fathomed
7676   417    38         54.9374    56.8941    3.5617     % 
UB: 56.89409448818897
branching on 1 with b.
7677   418    39         54.9374    56.8941    3.5617     % 
UB: 56.89409448818897
branching on 2 with b.
7678   419    40         54.9374    56.8941    3.5617     % 
LB close or above UB, fathomed
7679   418    40         54.9374    56.8941    3.5617     % 
LB close or above UB, fathomed
7680   417    39         54.9374    56.8941    3.5617     % 
UB: 56.89409448818897
branching on 2 with b.
7681   418    40         54.9374    56.8941    3.5617     % 
LB close or above UB, fathomed
7682   417    40         54.9374    56.8941    3.5617     % 
LB close or above UB, fathomed
7683   416    38         54.9374    56.8941    3.5617     % 
LB close or above UB, fathomed
7684   415    15         54.9374    56.8941    3.5617     % 
UB: 56.89409448818897
branching on CartesianIndex(2, 3) with a.
7685   416    16         54.9374    56.8941    3.5617     % 
LB close or above UB, fathomed
7686   415    16         54.9374    56.8941    3.5617     % 
LB close or above UB, fathomed
7687   414    15         54.9374    56.8941    3.5617     % 
LB close or above UB, fathomed
7688   413    15         54.9374    56.8941    3.5617     % 
UB: 56.89409448818897
branching on CartesianIndex(1, 3) with a.
7689   414    16         54.9374    56.8941    3.5617     % 
UB: 56.89409448818897
branching on CartesianIndex(2, 3) with a.
7690   415    17         54.9374    56.8941    3.5617     % 
UB: 56.89409448818897
branching on CartesianIndex(3, 3) with a.
7691   416    18         54.9374    56.8941    3.5617     % 
LB close or above UB, fathomed
7692   415    18         54.9374    56.8941    3.5617     % 
LB close or above UB, fathomed
7693   414    17         54.9374    56.8941    3.5617     % 
LB close or above UB, fathomed
7694   413    16         54.9374    56.8941    3.5617     % 
LB close or above UB, fathomed
7695   412    15         54.9374    56.8941    3.5617     % 
LB close or above UB, fathomed
7696   411    26         54.9374    56.8941    3.5617     % 
LB close or above UB, fathomed
7697   410    26         54.9374    56.8941    3.5617     % 
LB close or above UB, fathomed
7698   409    33         54.9374    56.8941    3.5617     % 
LB close or above UB, fathomed
7699   408    33         54.9374    56.8941    3.5617     % 
UB: 56.89409448818897
branching on 2 with b.
7700   409    34         54.9374    56.8941    3.5617     % 
LB close or above UB, fathomed
7701   408    34         54.9374    56.8941    3.5617     % 
LB close or above UB, fathomed
7702   407    34         54.9374    56.8941    3.5617     % 
LB close or above UB, fathomed
7703   406    34         54.9374    56.8941    3.5617     % 
LB close or above UB, fathomed
7704   405    34         54.9374    56.8941    3.5617     % 
UB: 56.89409448818897
branching on 1 with b.
7705   406    35         54.9374    56.8941    3.5617     % 
LB close or above UB, fathomed
7706   405    35         54.9374    56.8941    3.5617     % 
UB: 56.89409448818897
branching on 2 with b.
7707   406    36         54.9374    56.8941    3.5617     % 
LB close or above UB, fathomed
7708   405    36         54.9374    56.8941    3.5617     % 
LB close or above UB, fathomed
7709   404    34         54.9374    56.8941    3.5617     % 
LB close or above UB, fathomed
7710   403    38         54.9374    56.8941    3.5617     % 
LB close or above UB, fathomed
7711   402    38         54.9374    56.8941    3.5617     % 
LB close or above UB, fathomed
7712   401    41         54.9374    56.8941    3.5617     % 
LB close or above UB, fathomed
7713   400    41         54.9374    56.8941    3.5617     % 
LB close or above UB, fathomed
7714   399    36         54.9374    56.8941    3.5617     % 
UB: 56.89409448818897
branching on 1 with b.
7715   399    37         54.9374    56.8941    3.5617     % 
UB: 56.89409448818897
branching on 2 with b.
7716   400    38         54.9374    56.8941    3.5617     % 
LB close or above UB, fathomed
7717   399    38         54.9374    56.8941    3.5617     % 
LB close or above UB, fathomed
7718   398    36         54.9374    56.8941    3.5617     % 
LB close or above UB, fathomed
7719   397    36         54.9374    56.8941    3.5617     % 
LB close or above UB, fathomed
7720   396    36         54.9374    56.8941    3.5617     % 
UB: 56.89409448818897
branching on 1 with b.
7721   396    37         54.9374    56.8941    3.5617     % 
UB: 56.89409448818897
branching on 2 with b.
7722   397    38         54.9374    56.8941    3.5617     % 
LB close or above UB, fathomed
7723   396    38         54.9374    56.8941    3.5617     % 
LB close or above UB, fathomed
7724   395    27         54.9374    56.8941    3.5617     % 
LB close or above UB, fathomed
7725   394    27         54.9374    56.8941    3.5617     % 
LB close or above UB, fathomed
7726   393    29         54.9374    56.8941    3.5617     % 
LB close or above UB, fathomed
7727   392    29         54.9374    56.8941    3.5617     % 
LB close or above UB, fathomed
7728   391    27         54.9374    56.8941    3.5617     % 
LB close or above UB, fathomed
7729   390    27         54.9374    56.8941    3.5617     % 
LB close or above UB, fathomed
7730   389    37         54.9374    56.8941    3.5617     % 
LB close or above UB, fathomed
7731   388    37         54.9374    56.8941    3.5617     % 
LB close or above UB, fathomed
7732   387    17         54.9374    56.8941    3.5617     % 
LB close or above UB, fathomed
7733   386    17         54.9374    56.8941    3.5617     % 
LB close or above UB, fathomed
7734   385    24         54.9374    56.8941    3.5617     % 
LB close or above UB, fathomed
7735   384    24         54.9374    56.8941    3.5617     % 
UB: 56.89409448818897
branching on 1 with b.
7736   385    25         54.9374    56.8941    3.5617     % 
UB: 56.89409448818897
branching on 2 with b.
7737   386    26         54.9374    56.8941    3.5617     % 
UB: 56.89409448818897
branching on 3 with b.
7738   387    27         54.9374    56.8941    3.5617     % 
LB close or above UB, fathomed
7739   386    27         54.9374    56.8941    3.5617     % 
UB: 56.89409448818897
branching on 1 with b.
7740   387    28         54.9374    56.8941    3.5617     % 
UB: 56.89409448818897
branching on 2 with b.
7741   388    29         54.9374    56.8941    3.5617     % 
LB close or above UB, fathomed
7742   387    29         54.9374    56.8941    3.5617     % 
LB close or above UB, fathomed
7743   386    28         54.9374    56.8941    3.5617     % 
LB close or above UB, fathomed
7744   385    26         54.9374    56.8941    3.5617     % 
LB close or above UB, fathomed
7745   384    25         54.9374    56.8941    3.5617     % 
LB close or above UB, fathomed
7746   383    36         54.9374    56.8941    3.5617     % 
LB close or above UB, fathomed
7747   382    36         54.9374    56.8941    3.5617     % 
LB close or above UB, fathomed
7748   381    36         54.9374    56.8941    3.5617     % 
LB close or above UB, fathomed
7749   380    36         54.9374    56.8941    3.5617     % 
LB close or above UB, fathomed
7750   379    35         54.9374    56.8941    3.5617     % 
LB close or above UB, fathomed
7751   378    35         54.9374    56.8941    3.5617     % 
LB close or above UB, fathomed
7752   377    27         54.9374    56.8941    3.5617     % 
LB close or above UB, fathomed
7753   376    27         54.9374    56.8941    3.5617     % 
LB close or above UB, fathomed
7754   375    25         54.9374    56.8941    3.5617     % 
UB: 56.89409448818897
branching on 3 with b.
7755   376    26         54.9374    56.8941    3.5617     % 
UB: 56.89409448818897
branching on 1 with b.
7756   377    27         54.9374    56.8941    3.5617     % 
LB close or above UB, fathomed
7757   376    27         54.9374    56.8941    3.5617     % 
LB close or above UB, fathomed
7758   375    26         54.9374    56.8941    3.5617     % 
LB close or above UB, fathomed
7759   374    25         54.9374    56.8941    3.5617     % 
LB close or above UB, fathomed
7760   373    36         54.9374    56.8941    3.5617     % 
UB: 56.89409448818897
branching on 2 with b.
7761   374    37         54.9374    56.8941    3.5617     % 
LB close or above UB, fathomed
7762   373    37         54.9374    56.8941    3.5617     % 
LB close or above UB, fathomed
7763   372    36         54.9374    56.8941    3.5617     % 
UB: 56.89409448818897
branching on 2 with b.
7764   373    37         54.9374    56.8941    3.5617     % 
LB close or above UB, fathomed
7765   372    37         54.9374    56.8941    3.5617     % 
LB close or above UB, fathomed
7766   371    35         54.9374    56.8941    3.5617     % 
LB close or above UB, fathomed
7767   370    35         54.9374    56.8941    3.5617     % 
LB close or above UB, fathomed
7768   369    36         54.9374    56.8941    3.5617     % 
LB close or above UB, fathomed
7769   368    36         54.9374    56.8941    3.5617     % 
LB close or above UB, fathomed
7770   367    37         54.9374    56.8941    3.5617     % 
LB close or above UB, fathomed
7771   366    37         54.9374    56.8941    3.5617     % 
LB close or above UB, fathomed
7772   365    32         54.9374    56.8941    3.5617     % 
LB close or above UB, fathomed
7773   364    32         54.9374    56.8941    3.5617     % 
UB: 56.89409448818897
branching on 3 with b.
7774   365    33         54.9374    56.8941    3.5617     % 
LB close or above UB, fathomed
7775   364    33         54.9374    56.8941    3.5617     % 
LB close or above UB, fathomed
7776   363    27         54.9374    56.8941    3.5617     % 
UB: 56.89409448818897
branching on 1 with b.
7777   364    28         54.9374    56.8941    3.5617     % 
LB close or above UB, fathomed
7778   363    28         54.9374    56.8941    3.5617     % 
LB close or above UB, fathomed
7779   362    27         54.9374    56.8941    3.5617     % 
LB close or above UB, fathomed
7780   361    33         54.9374    56.8941    3.5617     % 
LB close or above UB, fathomed
7781   360    33         54.9374    56.8941    3.5617     % 
LB close or above UB, fathomed
7782   359    27         54.9374    56.8941    3.5617     % 
LB close or above UB, fathomed
7783   358    27         54.9374    56.8941    3.5617     % 
UB: 56.89409448818897
branching on 1 with b.
7784   359    28         54.9374    56.8941    3.5617     % 
UB: 56.89409448818897
branching on 2 with b.
7785   360    29         54.9374    56.8941    3.5617     % 
UB: 56.89409448818897
branching on 3 with b.
7786   361    30         54.9374    56.8941    3.5617     % 
LB close or above UB, fathomed
7787   360    30         54.9374    56.8941    3.5617     % 
LB close or above UB, fathomed
7788   359    29         54.9374    56.8941    3.5617     % 
LB close or above UB, fathomed
7789   358    28         54.9374    56.8941    3.5617     % 
LB close or above UB, fathomed
7790   357    36         54.9374    56.8941    3.5617     % 
UB: 56.89409448818897
branching on 1 with b.
7791   358    37         54.9374    56.8941    3.5617     % 
UB: 56.89409448818897
branching on 2 with b.
7792   359    38         54.9374    56.8941    3.5617     % 
LB close or above UB, fathomed
7793   358    38         54.9374    56.8941    3.5617     % 
LB close or above UB, fathomed
7794   357    37         54.9374    56.8941    3.5617     % 
UB: 56.89409448818897
branching on 2 with b.
7795   358    38         54.9374    56.8941    3.5617     % 
LB close or above UB, fathomed
7796   357    38         54.9374    56.8941    3.5617     % 
LB close or above UB, fathomed
7797   356    36         54.9374    56.8941    3.5617     % 
LB close or above UB, fathomed
7798   355    36         54.9374    56.8941    3.5617     % 
UB: 56.89409448818897
branching on 1 with b.
7799   356    37         54.9374    56.8941    3.5617     % 
UB: 56.89409448818897
branching on 2 with b.
7800   357    38         54.9374    56.8941    3.5617     % 
LB close or above UB, fathomed
7801   356    38         54.9374    56.8941    3.5617     % 
LB close or above UB, fathomed
7802   355    37         54.9374    56.8941    3.5617     % 
UB: 56.89409448818897
branching on 2 with b.
7803   356    38         54.9374    56.8941    3.5617     % 
LB close or above UB, fathomed
7804   355    38         54.9374    56.8941    3.5617     % 
LB close or above UB, fathomed
7805   354    36         54.9374    56.8941    3.5617     % 
LB close or above UB, fathomed
7806   353    35         54.9374    56.8941    3.5617     % 
UB: 56.89409448818897
branching on 1 with b.
7807   354    36         54.9374    56.8941    3.5617     % 
UB: 56.89409448818897
branching on 2 with b.
7808   355    37         54.9374    56.8941    3.5617     % 
LB close or above UB, fathomed
7809   354    37         54.9374    56.8941    3.5617     % 
LB close or above UB, fathomed
7810   353    36         54.9374    56.8941    3.5617     % 
UB: 56.89409448818897
branching on 2 with b.
7811   354    37         54.9374    56.8941    3.5617     % 
LB close or above UB, fathomed
7812   353    37         54.9374    56.8941    3.5617     % 
LB close or above UB, fathomed
7813   352    35         54.9374    56.8941    3.5617     % 
LB close or above UB, fathomed
7814   351    37         54.9374    56.8941    3.5617     % 
LB close or above UB, fathomed
7815   350    37         54.9374    56.8941    3.5617     % 
LB close or above UB, fathomed
7816   349    28         54.9374    56.8941    3.5617     % 
LB close or above UB, fathomed
7817   348    28         54.9374    56.8941    3.5617     % 
LB close or above UB, fathomed
7818   347    38         54.9374    56.8941    3.5617     % 
LB close or above UB, fathomed
7819   346    38         54.9374    56.8941    3.5617     % 
LB close or above UB, fathomed
7820   345    30         54.9374    56.8941    3.5617     % 
LB close or above UB, fathomed
7821   344    30         54.9374    56.8941    3.5617     % 
LB close or above UB, fathomed
7822   343    35         54.9374    56.8941    3.5617     % 
LB close or above UB, fathomed
7823   342    35         54.9374    56.8941    3.5617     % 
LB close or above UB, fathomed
7824   341    13         54.9374    56.8941    3.5617     % 
LB close or above UB, fathomed
7825   340    13         54.9374    56.8941    3.5617     % 
UB: 56.89409448818897
branching on CartesianIndex(1, 3) with a.
7826   341    14         54.9374    56.8941    3.5617     % 
UB: 56.89409448818897
branching on CartesianIndex(2, 3) with a.
7827   342    15         54.9374    56.8941    3.5617     % 
LB close or above UB, fathomed
7828   341    15         54.9374    56.8941    3.5617     % 
LB close or above UB, fathomed
7829   340    14         54.9374    56.8941    3.5617     % 
LB close or above UB, fathomed
7830   339    28         54.9374    56.8941    3.5617     % 
LB close or above UB, fathomed
7831   338    28         54.9374    56.8941    3.5617     % 
LB close or above UB, fathomed
7832   337    28         54.9374    56.8941    3.5617     % 
LB close or above UB, fathomed
7833   336    28         54.9374    56.8941    3.5617     % 
LB close or above UB, fathomed
7834   335    28         54.9374    56.8941    3.5617     % 
LB close or above UB, fathomed
7835   334    28         54.9374    56.8941    3.5617     % 
LB close or above UB, fathomed
7836   333    28         54.9374    56.8941    3.5617     % 
LB close or above UB, fathomed
7837   332    28         54.9374    56.8941    3.5617     % 
LB close or above UB, fathomed
7838   331    28         54.9374    56.8941    3.5617     % 
LB close or above UB, fathomed
7839   330    28         54.9374    56.8941    3.5617     % 
LB close or above UB, fathomed
7840   329    28         54.9374    56.8941    3.5617     % 
LB close or above UB, fathomed
7841   328    28         54.9374    56.8941    3.5617     % 
LB close or above UB, fathomed
7842   327    28         54.9374    56.8941    3.5617     % 
LB close or above UB, fathomed
7843   326    28         54.9374    56.8941    3.5617     % 
LB close or above UB, fathomed
7844   325    28         54.9374    56.8941    3.5617     % 
LB close or above UB, fathomed
7845   324    28         54.9374    56.8941    3.5617     % 
LB close or above UB, fathomed
7846   323    28         54.9374    56.8941    3.5617     % 
LB close or above UB, fathomed
7847   322    28         54.9374    56.8941    3.5617     % 
LB close or above UB, fathomed
7848   321    28         54.9374    56.8941    3.5617     % 
LB close or above UB, fathomed
7849   320    28         54.9374    56.8941    3.5617     % 
LB close or above UB, fathomed
7850   319    28         54.9374    56.8941    3.5617     % 
LB close or above UB, fathomed
7851   318    28         54.9374    56.8941    3.5617     % 
LB close or above UB, fathomed
7852   317    27         54.9374    56.8941    3.5617     % 
LB close or above UB, fathomed
7853   316    27         54.9374    56.8941    3.5617     % 
LB close or above UB, fathomed
7854   315    27         54.9374    56.8941    3.5617     % 
LB close or above UB, fathomed
7855   314    27         54.9374    56.8941    3.5617     % 
LB close or above UB, fathomed
7856   313    26         54.9374    56.8941    3.5617     % 
UB: 56.89409448818897
branching on 1 with b.
7857   314    27         54.9374    56.8941    3.5617     % 
LB close or above UB, fathomed
7858   313    27         54.9374    56.8941    3.5617     % 
LB close or above UB, fathomed
7859   312    26         54.9374    56.8941    3.5617     % 
LB close or above UB, fathomed
7860   311    27         54.9374    56.8941    3.5617     % 
LB close or above UB, fathomed
7861   310    27         54.9374    56.8941    3.5617     % 
LB close or above UB, fathomed
7862   309    35         54.9374    56.8941    3.5617     % 
LB close or above UB, fathomed
7863   308    35         54.9374    56.8941    3.5617     % 
LB close or above UB, fathomed
7864   307    36         54.9374    56.8941    3.5617     % 
LB close or above UB, fathomed
7865   306    36         54.9374    56.8941    3.5617     % 
UB: 56.89409448818897
branching on 2 with b.
7866   307    37         54.9374    56.8941    3.5617     % 
LB close or above UB, fathomed
7867   306    37         54.9374    56.8941    3.5617     % 
LB close or above UB, fathomed
7868   305    36         54.9374    56.8941    3.5617     % 
LB close or above UB, fathomed
7869   304    36         54.9374    56.8941    3.5617     % 
UB: 56.89409448818897
branching on 2 with b.
7870   305    37         54.9374    56.8941    3.5617     % 
LB close or above UB, fathomed
7871   304    37         54.9374    56.8941    3.5617     % 
LB close or above UB, fathomed
7872   303    36         54.9374    56.8941    3.5617     % 
LB close or above UB, fathomed
7873   302    36         54.9374    56.8941    3.5617     % 
UB: 56.89409448818897
branching on 2 with b.
7874   303    37         54.9374    56.8941    3.5617     % 
LB close or above UB, fathomed
7875   302    37         54.9374    56.8941    3.5617     % 
LB close or above UB, fathomed
7876   301    28         54.9374    56.8941    3.5617     % 
LB close or above UB, fathomed
7877   300    28         54.9374    56.8941    3.5617     % 
LB close or above UB, fathomed
7878   299    28         54.9374    56.8941    3.5617     % 
LB close or above UB, fathomed
7879   298    28         54.9374    56.8941    3.5617     % 
LB close or above UB, fathomed
7880   297    25         54.9374    56.8941    3.5617     % 
LB close or above UB, fathomed
7881   296    25         54.9374    56.8941    3.5617     % 
LB close or above UB, fathomed
7882   295    25         54.9374    56.8941    3.5617     % 
LB close or above UB, fathomed
7883   294    25         54.9374    56.8941    3.5617     % 
LB close or above UB, fathomed
7884   293    25         54.9374    56.8941    3.5617     % 
LB close or above UB, fathomed
7885   292    25         54.9374    56.8941    3.5617     % 
LB close or above UB, fathomed
7886   291    25         54.9374    56.8941    3.5617     % 
LB close or above UB, fathomed
7887   290    25         54.9374    56.8941    3.5617     % 
LB close or above UB, fathomed
7888   289    26         54.9374    56.8941    3.5617     % 
LB close or above UB, fathomed
7889   288    26         54.9374    56.8941    3.5617     % 
LB close or above UB, fathomed
7890   287    26         54.9374    56.8941    3.5617     % 
LB close or above UB, fathomed
7891   286    26         54.9374    56.8941    3.5617     % 
LB close or above UB, fathomed
7892   285    26         54.9374    56.8941    3.5617     % 
LB close or above UB, fathomed
7893   284    26         54.9374    56.8941    3.5617     % 
LB close or above UB, fathomed
7894   283    26         54.9374    56.8941    3.5617     % 
LB close or above UB, fathomed
7895   282    26         54.9374    56.8941    3.5617     % 
LB close or above UB, fathomed
7896   281    26         54.9374    56.8941    3.5617     % 
LB close or above UB, fathomed
7897   280    26         54.9374    56.8941    3.5617     % 
LB close or above UB, fathomed
7898   279    25         54.9374    56.8941    3.5617     % 
LB close or above UB, fathomed
7899   278    25         54.9374    56.8941    3.5617     % 
LB close or above UB, fathomed
7900   277    27         54.9374    56.8941    3.5617     % 
LB close or above UB, fathomed
7901   276    27         54.9374    56.8941    3.5617     % 
LB close or above UB, fathomed
7902   275    27         54.9374    56.8941    3.5617     % 
LB close or above UB, fathomed
7903   274    27         54.9374    56.8941    3.5617     % 
LB close or above UB, fathomed
7904   273    27         54.9374    56.8941    3.5617     % 
LB close or above UB, fathomed
7905   272    27         54.9374    56.8941    3.5617     % 
LB close or above UB, fathomed
7906   271    27         54.9374    56.8941    3.5617     % 
LB close or above UB, fathomed
7907   270    27         54.9374    56.8941    3.5617     % 
LB close or above UB, fathomed
7908   269    27         54.9374    56.8941    3.5617     % 
LB close or above UB, fathomed
7909   268    27         54.9374    56.8941    3.5617     % 
LB close or above UB, fathomed
7910   267    31         54.9374    56.8941    3.5617     % 
LB close or above UB, fathomed
7911   266    31         54.9374    56.8941    3.5617     % 
LB close or above UB, fathomed
7912   265    25         54.9374    56.8941    3.5617     % 
LB close or above UB, fathomed
7913   264    25         54.9374    56.8941    3.5617     % 
LB close or above UB, fathomed
7914   263    25         54.9374    56.8941    3.5617     % 
LB close or above UB, fathomed
7915   262    25         54.9374    56.8941    3.5617     % 
LB close or above UB, fathomed
7916   261    25         54.9374    56.8941    3.5617     % 
LB close or above UB, fathomed
7917   260    25         54.9374    56.8941    3.5617     % 
LB close or above UB, fathomed
7918   259    28         54.9374    56.8941    3.5617     % 
LB close or above UB, fathomed
7919   258    28         54.9374    56.8941    3.5617     % 
LB close or above UB, fathomed
7920   257    28         54.9374    56.8941    3.5617     % 
LB close or above UB, fathomed
7921   256    28         54.9374    56.8941    3.5617     % 
LB close or above UB, fathomed
7922   255    28         54.9374    56.8941    3.5617     % 
LB close or above UB, fathomed
7923   254    28         54.9374    56.8941    3.5617     % 
LB close or above UB, fathomed
7924   253    26         54.9374    56.8941    3.5617     % 
LB close or above UB, fathomed
7925   252    26         54.9374    56.8941    3.5617     % 
LB close or above UB, fathomed
7926   251    26         54.9374    56.8941    3.5617     % 
LB close or above UB, fathomed
7927   250    26         54.9374    56.8941    3.5617     % 
LB close or above UB, fathomed
7928   249    26         54.9374    56.8941    3.5617     % 
LB close or above UB, fathomed
7929   248    26         54.9374    56.8941    3.5617     % 
LB close or above UB, fathomed
7930   247    26         54.9374    56.8941    3.5617     % 
LB close or above UB, fathomed
7931   246    26         54.9374    56.8941    3.5617     % 
LB close or above UB, fathomed
7932   245    26         54.9374    56.8941    3.5617     % 
LB close or above UB, fathomed
7933   244    26         54.9374    56.8941    3.5617     % 
LB close or above UB, fathomed
7934   243    26         54.9374    56.8941    3.5617     % 
LB close or above UB, fathomed
7935   242    26         54.9374    56.8941    3.5617     % 
LB close or above UB, fathomed
7936   241    26         54.9374    56.8941    3.5617     % 
LB close or above UB, fathomed
7937   240    26         54.9374    56.8941    3.5617     % 
LB close or above UB, fathomed
7938   239    25         54.9374    56.8941    3.5617     % 
LB close or above UB, fathomed
7939   238    25         54.9374    56.8941    3.5617     % 
LB close or above UB, fathomed
7940   237    28         54.9374    56.8941    3.5617     % 
LB close or above UB, fathomed
7941   236    28         54.9374    56.8941    3.5617     % 
LB close or above UB, fathomed
7942   235    15         54.9374    56.8941    3.5617     % 
UB: 56.89409448818897
branching on CartesianIndex(3, 3) with a.
7943   236    16         54.9374    56.8941    3.5617     % 
UB: 56.89409448818897
branching on CartesianIndex(4, 3) with a.
7944   237    17         54.9374    56.8941    3.5617     % 
UB: 56.89409448818897
branching on CartesianIndex(1, 4) with c.
7945   238    18         54.9374    56.8941    3.5617     % 
LB close or above UB, fathomed
7946   237    18         54.9374    56.8941    3.5617     % 
UB: 56.89409448818897
branching on CartesianIndex(1, 5) with c.
7947   238    19         54.9374    56.8941    3.5617     % 
UB: 56.89409448818897
branching on CartesianIndex(1, 6) with c.
7948   239    20         54.9374    56.8941    3.5617     % 
UB: 56.89409448818897
branching on 1 with b.
7949   240    21         54.9374    56.8941    3.5617     % 
LB close or above UB, fathomed
7950   239    21         54.9374    56.8941    3.5617     % 
LB close or above UB, fathomed
7951   238    20         54.9374    56.8941    3.5617     % 
LB close or above UB, fathomed
7952   237    19         54.9374    56.8941    3.5617     % 
LB close or above UB, fathomed
7953   236    17         54.9374    56.8941    3.5617     % 
LB close or above UB, fathomed
7954   235    16         54.9374    56.8941    3.5617     % 
LB close or above UB, fathomed
7955   234    15         54.9374    56.8941    3.5617     % 
UB: 56.89409448818897
branching on CartesianIndex(1, 4) with c.
7956   235    16         54.9374    56.8941    3.5617     % 
LB close or above UB, fathomed
7957   234    16         54.9374    56.8941    3.5617     % 
UB: 56.89409448818897
branching on CartesianIndex(1, 5) with c.
7958   235    17         54.9374    56.8941    3.5617     % 
UB: 56.89409448818897
branching on CartesianIndex(1, 6) with c.
7959   236    18         54.9374    56.8941    3.5617     % 
LB close or above UB, fathomed
7960   235    18         54.9374    56.8941    3.5617     % 
UB: 56.89409448818897
branching on CartesianIndex(1, 7) with c.
7961   236    19         54.9374    56.8941    3.5617     % 
UB: 56.89409448818897
branching on 1 with b.
7962   237    20         54.9374    56.8941    3.5617     % 
LB close or above UB, fathomed
7963   236    20         54.9374    56.8941    3.5617     % 
LB close or above UB, fathomed
7964   235    19         54.9374    56.8941    3.5617     % 
LB close or above UB, fathomed
7965   234    17         54.9374    56.8941    3.5617     % 
LB close or above UB, fathomed
7966   233    29         54.9374    56.8941    3.5617     % 
LB close or above UB, fathomed
7967   232    29         54.9374    56.8941    3.5617     % 
UB: 56.89409448818897
branching on 1 with b.
7968   233    30         54.9374    56.8941    3.5617     % 
LB close or above UB, fathomed
7969   232    30         54.9374    56.8941    3.5617     % 
LB close or above UB, fathomed
7970   231    30         54.9374    56.8941    3.5617     % 
LB close or above UB, fathomed
7971   230    30         54.9374    56.8941    3.5617     % 
LB close or above UB, fathomed
7972   229    38         54.9374    56.8941    3.5617     % 
LB close or above UB, fathomed
7973   228    38         54.9374    56.8941    3.5617     % 
LB close or above UB, fathomed
7974   227    38         54.9374    56.8941    3.5617     % 
LB close or above UB, fathomed
7975   226    38         54.9374    56.8941    3.5617     % 
LB close or above UB, fathomed
7976   225    15         54.9374    56.8941    3.5617     % 
LB close or above UB, fathomed
7977   224    15         54.9374    56.8941    3.5617     % 
LB close or above UB, fathomed
7978   223    27         54.9374    56.8941    3.5617     % 
LB close or above UB, fathomed
7979   222    27         54.9374    56.8941    3.5617     % 
LB close or above UB, fathomed
7980   221    26         54.9374    56.8941    3.5617     % 
LB close or above UB, fathomed
7981   220    26         54.9374    56.8941    3.5617     % 
LB close or above UB, fathomed
7982   219    36         54.9374    56.8941    3.5617     % 
UB: 56.89409448818897
branching on 2 with b.
7983   220    37         54.9374    56.8941    3.5617     % 
LB close or above UB, fathomed
7984   219    37         54.9374    56.8941    3.5617     % 
LB close or above UB, fathomed
7985   218    36         54.9374    56.8941    3.5617     % 
LB close or above UB, fathomed
7986   217    36         54.9374    56.8941    3.5617     % 
LB close or above UB, fathomed
7987   216    36         54.9374    56.8941    3.5617     % 
LB close or above UB, fathomed
7988   215    36         54.9374    56.8941    3.5617     % 
LB close or above UB, fathomed
7989   214    36         54.9374    56.8941    3.5617     % 
LB close or above UB, fathomed
7990   213    33         54.9374    56.8941    3.5617     % 
UB: 56.89409448818897
branching on 2 with b.
7991   214    34         54.9374    56.8941    3.5617     % 
LB close or above UB, fathomed
7992   213    34         54.9374    56.8941    3.5617     % 
LB close or above UB, fathomed
7993   212    33         54.9374    56.8941    3.5617     % 
LB close or above UB, fathomed
7994   211    36         54.9374    56.8941    3.5617     % 
LB close or above UB, fathomed
7995   210    36         54.9374    56.8941    3.5617     % 
UB: 56.89409448818897
branching on 2 with b.
7996   211    37         54.9374    56.8941    3.5617     % 
LB close or above UB, fathomed
7997   210    37         54.9374    56.8941    3.5617     % 
LB close or above UB, fathomed
7998   209    36         54.9374    56.8941    3.5617     % 
LB close or above UB, fathomed
7999   208    36         54.9374    56.8941    3.5617     % 
UB: 56.89409448818897
branching on 2 with b.
8000   209    37         54.9374    56.8941    3.5617     % 
LB close or above UB, fathomed
8001   208    37         54.9374    56.8941    3.5617     % 
LB close or above UB, fathomed
8002   207    36         54.9374    56.8941    3.5617     % 
LB close or above UB, fathomed
8003   206    36         54.9374    56.8941    3.5617     % 
LB close or above UB, fathomed
8004   205    36         54.9374    56.8941    3.5617     % 
LB close or above UB, fathomed
8005   204    36         54.9374    56.8941    3.5617     % 
LB close or above UB, fathomed
8006   203    25         54.9374    56.8941    3.5617     % 
LB close or above UB, fathomed
8007   202    25         54.9374    56.8941    3.5617     % 
LB close or above UB, fathomed
8008   201    18         54.9374    56.8941    3.5617     % 
LB close or above UB, fathomed
8009   200    18         54.9374    56.8941    3.5617     % 
LB close or above UB, fathomed
8010   199    34         54.9374    56.8941    3.5617     % 
LB close or above UB, fathomed
8011   198    34         54.9374    56.8941    3.5617     % 
LB close or above UB, fathomed
8012   197    26         54.9374    56.8941    3.5617     % 
LB close or above UB, fathomed
8013   196    26         54.9374    56.8941    3.5617     % 
LB close or above UB, fathomed
8014   195    28         54.9374    56.8941    3.5617     % 
LB close or above UB, fathomed
8015   194    28         54.9374    56.8941    3.5617     % 
UB: 56.89409448818897
branching on 1 with b.
8016   195    29         54.9374    56.8941    3.5617     % 
LB close or above UB, fathomed
8017   194    29         54.9374    56.8941    3.5617     % 
LB close or above UB, fathomed
8018   193    27         54.9374    56.8941    3.5617     % 
LB close or above UB, fathomed
8019   192    27         54.9374    56.8941    3.5617     % 
LB close or above UB, fathomed
8020   191    27         54.9374    56.8941    3.5617     % 
LB close or above UB, fathomed
8021   190    27         54.9374    56.8941    3.5617     % 
LB close or above UB, fathomed
8022   189    26         54.9374    56.8941    3.5617     % 
LB close or above UB, fathomed
8023   188    26         54.9374    56.8941    3.5617     % 
LB close or above UB, fathomed
8024   187    35         54.9374    56.8941    3.5617     % 
LB close or above UB, fathomed
8025   186    35         54.9374    56.8941    3.5617     % 
UB: 56.89409448818897
branching on 2 with b.
8026   187    36         54.9374    56.8941    3.5617     % 
LB close or above UB, fathomed
8027   186    36         54.9374    56.8941    3.5617     % 
LB close or above UB, fathomed
8028   185    23         54.9374    56.8941    3.5617     % 
LB close or above UB, fathomed
8029   184    23         54.9374    56.8941    3.5617     % 
LB close or above UB, fathomed
8030   183    19         54.9374    56.8941    3.5617     % 
UB: 56.89409448818897
branching on 3 with b.
8031   184    20         54.9374    56.8941    3.5617     % 
LB close or above UB, fathomed
8032   183    20         54.9374    56.8941    3.5617     % 
UB: 56.89409448818897
branching on CartesianIndex(1, 6) with c.
8033   184    21         54.9374    56.8941    3.5617     % 
LB close or above UB, fathomed
8034   183    21         54.9374    56.8941    3.5617     % 
UB: 56.89409448818897
branching on CartesianIndex(1, 7) with c.
8035   184    22         54.9374    56.8941    3.5617     % 
UB: 56.89409448818897
branching on 1 with b.
8036   185    23         54.9374    56.8941    3.5617     % 
LB close or above UB, fathomed
8037   184    23         54.9374    56.8941    3.5617     % 
UB: 56.89409448818897
branching on 2 with b.
8038   185    24         54.9374    56.8941    3.5617     % 
UB: 56.89409448818897
branching on 3 with b.
8039   186    25         54.9374    56.8941    3.5617     % 
LB close or above UB, fathomed
8040   185    25         54.9374    56.8941    3.5617     % 
LB close or above UB, fathomed
8041   184    24         54.9374    56.8941    3.5617     % 
UB: 56.89409448818897
branching on 3 with b.
8042   185    25         54.9374    56.8941    3.5617     % 
LB close or above UB, fathomed
8043   184    25         54.9374    56.8941    3.5617     % 
LB close or above UB, fathomed
8044   183    22         54.9374    56.8941    3.5617     % 
LB close or above UB, fathomed
8045   182    19         54.9374    56.8941    3.5617     % 
UB: 56.89409448818897
branching on CartesianIndex(1, 6) with c.
8046   183    20         54.9374    56.8941    3.5617     % 
LB close or above UB, fathomed
8047   182    20         54.9374    56.8941    3.5617     % 
UB: 56.89409448818897
branching on 3 with b.
8048   183    21         54.9374    56.8941    3.5617     % 
LB close or above UB, fathomed
8049   182    21         54.9374    56.8941    3.5617     % 
UB: 56.89409448818897
branching on CartesianIndex(1, 7) with c.
8050   183    22         54.9374    56.8941    3.5617     % 
UB: 56.89409448818897
branching on 1 with b.
8051   184    23         54.9374    56.8941    3.5617     % 
LB close or above UB, fathomed
8052   183    23         54.9374    56.8941    3.5617     % 
UB: 56.89409448818897
branching on 2 with b.
8053   184    24         54.9374    56.8941    3.5617     % 
UB: 56.89409448818897
branching on 3 with b.
8054   185    25         54.9374    56.8941    3.5617     % 
LB close or above UB, fathomed
8055   184    25         54.9374    56.8941    3.5617     % 
LB close or above UB, fathomed
8056   183    24         54.9374    56.8941    3.5617     % 
UB: 56.89409448818897
branching on 3 with b.
8057   184    25         54.9374    56.8941    3.5617     % 
LB close or above UB, fathomed
8058   183    25         54.9374    56.8941    3.5617     % 
LB close or above UB, fathomed
8059   182    22         54.9374    56.8941    3.5617     % 
LB close or above UB, fathomed
8060   181    21         54.9374    56.8941    3.5617     % 
LB close or above UB, fathomed
8061   180    21         54.9374    56.8941    3.5617     % 
UB: 56.89409448818897
branching on 2 with b.
8062   181    22         54.9374    56.8941    3.5617     % 
UB: 56.89409448818897
branching on CartesianIndex(1, 6) with c.
8063   182    23         54.9374    56.8941    3.5617     % 
LB close or above UB, fathomed
8064   181    23         54.9374    56.8941    3.5617     % 
UB: 56.89409448818897
branching on CartesianIndex(1, 7) with c.
8065   182    24         54.9374    56.8941    3.5617     % 
UB: 56.89409448818897
branching on 3 with b.
8066   183    25         54.9374    56.8941    3.5617     % 
LB close or above UB, fathomed
8067   182    25         54.9374    56.8941    3.5617     % 
LB close or above UB, fathomed
8068   181    24         54.9374    56.8941    3.5617     % 
LB close or above UB, fathomed
8069   180    22         54.9374    56.8941    3.5617     % 
UB: 56.89409448818897
branching on CartesianIndex(1, 6) with c.
8070   181    23         54.9374    56.8941    3.5617     % 
LB close or above UB, fathomed
8071   180    23         54.9374    56.8941    3.5617     % 
UB: 56.89409448818897
branching on CartesianIndex(1, 7) with c.
8072   181    24         54.9374    56.8941    3.5617     % 
UB: 56.89409448818897
branching on 3 with b.
8073   182    25         54.9374    56.8941    3.5617     % 
LB close or above UB, fathomed
8074   181    25         54.9374    56.8941    3.5617     % 
LB close or above UB, fathomed
8075   180    24         54.9374    56.8941    3.5617     % 
LB close or above UB, fathomed
8076   179    29         54.9374    56.8941    3.5617     % 
LB close or above UB, fathomed
8077   178    29         54.9374    56.8941    3.5617     % 
LB close or above UB, fathomed
8078   177    26         54.9374    56.8941    3.5617     % 
LB close or above UB, fathomed
8079   176    26         54.9374    56.8941    3.5617     % 
LB close or above UB, fathomed
8080   175    28         54.9374    56.8941    3.5617     % 
LB close or above UB, fathomed
8081   174    28         54.9374    56.8941    3.5617     % 
LB close or above UB, fathomed
8082   173    36         54.9374    56.8941    3.5617     % 
UB: 56.89409448818897
branching on 2 with b.
8083   174    37         54.9374    56.8941    3.5617     % 
LB close or above UB, fathomed
8084   173    37         54.9374    56.8941    3.5617     % 
LB close or above UB, fathomed
8085   172    36         54.9374    56.8941    3.5617     % 
LB close or above UB, fathomed
8086   171    18         54.9374    56.8941    3.5617     % 
LB close or above UB, fathomed
8087   170    18         54.9374    56.8941    3.5617     % 
LB close or above UB, fathomed
8088   169    17         54.9374    56.8941    3.5617     % 
UB: 56.89409448818897
branching on CartesianIndex(1, 5) with c.
8089   170    18         54.9374    56.8941    3.5617     % 
LB close or above UB, fathomed
8090   169    18         54.9374    56.8941    3.5617     % 
UB: 56.89409448818897
branching on 3 with b.
8091   170    19         54.9374    56.8941    3.5617     % 
LB close or above UB, fathomed
8092   169    19         54.9374    56.8941    3.5617     % 
UB: 56.89409448818897
branching on CartesianIndex(1, 6) with c.
8093   170    20         54.9374    56.8941    3.5617     % 
LB close or above UB, fathomed
8094   169    20         54.9374    56.8941    3.5617     % 
UB: 56.89409448818897
branching on CartesianIndex(1, 7) with c.
8095   170    21         54.9374    56.8941    3.5617     % 
UB: 56.89409448818897
branching on 1 with b.
8096   171    22         54.9374    56.8941    3.5617     % 
LB close or above UB, fathomed
8097   170    22         54.9374    56.8941    3.5617     % 
UB: 56.89409448818897
branching on 2 with b.
8098   171    23         54.9374    56.8941    3.5617     % 
UB: 56.89409448818897
branching on 3 with b.
8099   172    24         54.9374    56.8941    3.5617     % 
LB close or above UB, fathomed
8100   171    24         54.9374    56.8941    3.5617     % 
LB close or above UB, fathomed
8101   170    23         54.9374    56.8941    3.5617     % 
LB close or above UB, fathomed
8102   169    21         54.9374    56.8941    3.5617     % 
LB close or above UB, fathomed
8103   168    17         54.9374    56.8941    3.5617     % 
UB: 56.89409448818897
branching on 3 with b.
8104   169    18         54.9374    56.8941    3.5617     % 
LB close or above UB, fathomed
8105   168    18         54.9374    56.8941    3.5617     % 
UB: 56.89409448818897
branching on CartesianIndex(1, 5) with c.
8106   169    19         54.9374    56.8941    3.5617     % 
LB close or above UB, fathomed
8107   168    19         54.9374    56.8941    3.5617     % 
UB: 56.89409448818897
branching on 1 with b.
8108   169    20         54.9374    56.8941    3.5617     % 
LB close or above UB, fathomed
8109   168    20         54.9374    56.8941    3.5617     % 
UB: 56.89409448818897
branching on 2 with b.
8110   169    21         54.9374    56.8941    3.5617     % 
UB: 56.89409448818897
branching on CartesianIndex(1, 6) with c.
8111   170    22         54.9374    56.8941    3.5617     % 
LB close or above UB, fathomed
8112   169    22         54.9374    56.8941    3.5617     % 
UB: 56.89409448818897
branching on CartesianIndex(1, 7) with c.
8113   170    23         54.9374    56.8941    3.5617     % 
UB: 56.89409448818897
branching on 3 with b.
8114   171    24         54.9374    56.8941    3.5617     % 
LB close or above UB, fathomed
8115   170    24         54.9374    56.8941    3.5617     % 
LB close or above UB, fathomed
8116   169    23         54.9374    56.8941    3.5617     % 
LB close or above UB, fathomed
8117   168    21         54.9374    56.8941    3.5617     % 
UB: 56.89409448818897
branching on CartesianIndex(1, 6) with c.
8118   169    22         54.9374    56.8941    3.5617     % 
LB close or above UB, fathomed
8119   168    22         54.9374    56.8941    3.5617     % 
UB: 56.89409448818897
branching on CartesianIndex(1, 7) with c.
8120   169    23         54.9374    56.8941    3.5617     % 
UB: 56.89409448818897
branching on 3 with b.
8121   170    24         54.9374    56.8941    3.5617     % 
LB close or above UB, fathomed
8122   169    24         54.9374    56.8941    3.5617     % 
LB close or above UB, fathomed
8123   168    23         54.9374    56.8941    3.5617     % 
LB close or above UB, fathomed
8124   167    26         54.9374    56.8941    3.5617     % 
UB: 56.89409448818897
branching on 1 with b.
8125   168    27         54.9374    56.8941    3.5617     % 
LB close or above UB, fathomed
8126   167    27         54.9374    56.8941    3.5617     % 
LB close or above UB, fathomed
8127   166    26         54.9374    56.8941    3.5617     % 
LB close or above UB, fathomed
8128   165    19         54.9374    56.8941    3.5617     % 
LB close or above UB, fathomed
8129   164    19         54.9374    56.8941    3.5617     % 
UB: 56.89409448818897
branching on CartesianIndex(1, 5) with c.
8130   165    20         54.9374    56.8941    3.5617     % 
UB: 56.89409448818897
branching on 3 with b.
8131   166    21         54.9374    56.8941    3.5617     % 
LB close or above UB, fathomed
8132   165    21         54.9374    56.8941    3.5617     % 
UB: 56.89409448818897
branching on CartesianIndex(1, 6) with c.
8133   166    22         54.9374    56.8941    3.5617     % 
LB close or above UB, fathomed
8134   165    22         54.9374    56.8941    3.5617     % 
UB: 56.89409448818897
branching on CartesianIndex(1, 7) with c.
8135   166    23         54.9374    56.8941    3.5617     % 
UB: 56.89409448818897
branching on 1 with b.
8136   167    24         54.9374    56.8941    3.5617     % 
LB close or above UB, fathomed
8137   166    24         54.9374    56.8941    3.5617     % 
LB close or above UB, fathomed
8138   165    23         54.9374    56.8941    3.5617     % 
LB close or above UB, fathomed
8139   164    20         54.9374    56.8941    3.5617     % 
LB close or above UB, fathomed
8140   163    23         54.9374    56.8941    3.5617     % 
UB: 56.89409448818897
branching on 3 with b.
8141   164    24         54.9374    56.8941    3.5617     % 
LB close or above UB, fathomed
8142   163    24         54.9374    56.8941    3.5617     % 
UB: 56.89409448818897
branching on 1 with b.
8143   164    25         54.9374    56.8941    3.5617     % 
LB close or above UB, fathomed
8144   163    25         54.9374    56.8941    3.5617     % 
UB: 56.89409448818897
branching on 2 with b.
8145   164    26         54.9374    56.8941    3.5617     % 
UB: 56.89409448818897
branching on 3 with b.
8146   165    27         54.9374    56.8941    3.5617     % 
LB close or above UB, fathomed
8147   164    27         54.9374    56.8941    3.5617     % 
LB close or above UB, fathomed
8148   163    26         54.9374    56.8941    3.5617     % 
UB: 56.89409448818897
branching on 3 with b.
8149   164    27         54.9374    56.8941    3.5617     % 
LB close or above UB, fathomed
8150   163    27         54.9374    56.8941    3.5617     % 
LB close or above UB, fathomed
8151   162    23         54.9374    56.8941    3.5617     % 
UB: 56.89409448818897
branching on 3 with b.
8152   163    24         54.9374    56.8941    3.5617     % 
LB close or above UB, fathomed
8153   162    24         54.9374    56.8941    3.5617     % 
UB: 56.89409448818897
branching on 1 with b.
8154   163    25         54.9374    56.8941    3.5617     % 
LB close or above UB, fathomed
8155   162    25         54.9374    56.8941    3.5617     % 
UB: 56.89409448818897
branching on 2 with b.
8156   163    26         54.9374    56.8941    3.5617     % 
UB: 56.89409448818897
branching on 3 with b.
8157   164    27         54.9374    56.8941    3.5617     % 
LB close or above UB, fathomed
8158   163    27         54.9374    56.8941    3.5617     % 
LB close or above UB, fathomed
8159   162    26         54.9374    56.8941    3.5617     % 
UB: 56.89409448818897
branching on 3 with b.
8160   163    27         54.9374    56.8941    3.5617     % 
LB close or above UB, fathomed
8161   162    27         54.9374    56.8941    3.5617     % 
LB close or above UB, fathomed
8162   161    23         54.9374    56.8941    3.5617     % 
UB: 56.89409448818897
branching on 3 with b.
8163   162    24         54.9374    56.8941    3.5617     % 
LB close or above UB, fathomed
8164   161    24         54.9374    56.8941    3.5617     % 
UB: 56.89409448818897
branching on 1 with b.
8165   162    25         54.9374    56.8941    3.5617     % 
LB close or above UB, fathomed
8166   161    25         54.9374    56.8941    3.5617     % 
UB: 56.89409448818897
branching on 2 with b.
8167   162    26         54.9374    56.8941    3.5617     % 
UB: 56.89409448818897
branching on 3 with b.
8168   163    27         54.9374    56.8941    3.5617     % 
LB close or above UB, fathomed
8169   162    27         54.9374    56.8941    3.5617     % 
LB close or above UB, fathomed
8170   161    26         54.9374    56.8941    3.5617     % 
UB: 56.89409448818897
branching on 3 with b.
8171   162    27         54.9374    56.8941    3.5617     % 
LB close or above UB, fathomed
8172   161    27         54.9374    56.8941    3.5617     % 
LB close or above UB, fathomed
8173   160    23         54.9374    56.8941    3.5617     % 
UB: 56.89409448818897
branching on 3 with b.
8174   161    24         54.9374    56.8941    3.5617     % 
LB close or above UB, fathomed
8175   160    24         54.9374    56.8941    3.5617     % 
UB: 56.89409448818897
branching on 1 with b.
8176   161    25         54.9374    56.8941    3.5617     % 
LB close or above UB, fathomed
8177   160    25         54.9374    56.8941    3.5617     % 
UB: 56.89409448818897
branching on 2 with b.
8178   161    26         54.9374    56.8941    3.5617     % 
UB: 56.89409448818897
branching on 3 with b.
8179   162    27         54.9374    56.8941    3.5617     % 
LB close or above UB, fathomed
8180   161    27         54.9374    56.8941    3.5617     % 
LB close or above UB, fathomed
8181   160    26         54.9374    56.8941    3.5617     % 
UB: 56.89409448818897
branching on 3 with b.
8182   161    27         54.9374    56.8941    3.5617     % 
LB close or above UB, fathomed
8183   160    27         54.9374    56.8941    3.5617     % 
LB close or above UB, fathomed
8184   159    23         54.9374    56.8941    3.5617     % 
UB: 56.89409448818897
branching on 3 with b.
8185   160    24         54.9374    56.8941    3.5617     % 
LB close or above UB, fathomed
8186   159    24         54.9374    56.8941    3.5617     % 
UB: 56.89409448818897
branching on 1 with b.
8187   160    25         54.9374    56.8941    3.5617     % 
LB close or above UB, fathomed
8188   159    25         54.9374    56.8941    3.5617     % 
UB: 56.89409448818897
branching on 2 with b.
8189   160    26         54.9374    56.8941    3.5617     % 
UB: 56.89409448818897
branching on 3 with b.
8190   161    27         54.9374    56.8941    3.5617     % 
LB close or above UB, fathomed
8191   160    27         54.9374    56.8941    3.5617     % 
LB close or above UB, fathomed
8192   159    26         54.9374    56.8941    3.5617     % 
UB: 56.89409448818897
branching on 3 with b.
8193   160    27         54.9374    56.8941    3.5617     % 
LB close or above UB, fathomed
8194   159    27         54.9374    56.8941    3.5617     % 
LB close or above UB, fathomed
8195   158    23         54.9374    56.8941    3.5617     % 
UB: 56.89409448818897
branching on 3 with b.
8196   159    24         54.9374    56.8941    3.5617     % 
LB close or above UB, fathomed
8197   158    24         54.9374    56.8941    3.5617     % 
UB: 56.89409448818897
branching on 1 with b.
8198   159    25         54.9374    56.8941    3.5617     % 
LB close or above UB, fathomed
8199   158    25         54.9374    56.8941    3.5617     % 
UB: 56.89409448818897
branching on 2 with b.
8200   159    26         54.9374    56.8941    3.5617     % 
UB: 56.89409448818897
branching on 3 with b.
8201   160    27         54.9374    56.8941    3.5617     % 
LB close or above UB, fathomed
8202   159    27         54.9374    56.8941    3.5617     % 
LB close or above UB, fathomed
8203   158    26         54.9374    56.8941    3.5617     % 
UB: 56.89409448818897
branching on 3 with b.
8204   159    27         54.9374    56.8941    3.5617     % 
LB close or above UB, fathomed
8205   158    27         54.9374    56.8941    3.5617     % 
LB close or above UB, fathomed
8206   157    20         54.9374    56.8941    3.5617     % 
UB: 56.89409448818897
branching on CartesianIndex(1, 5) with c.
8207   158    20         54.9374    56.8941    3.5617     % 
UB: 56.89409448818897
branching on CartesianIndex(1, 5) with c.
8208   159    21         54.9374    56.8941    3.5617     % 
LB close or above UB, fathomed
8209   158    21         54.9374    56.8941    3.5617     % 
UB: 56.89409448818897
branching on CartesianIndex(1, 6) with c.
8210   159    22         54.9374    56.8941    3.5617     % 
LB close or above UB, fathomed
8211   158    22         54.9374    56.8941    3.5617     % 
UB: 56.89409448818897
branching on CartesianIndex(1, 7) with c.
8212   159    23         54.9374    56.8941    3.5617     % 
UB: 56.89409448818897
branching on 1 with b.
8213   160    24         54.9374    56.8941    3.5617     % 
LB close or above UB, fathomed
8214   159    24         54.9374    56.8941    3.5617     % 
UB: 56.89409448818897
branching on 2 with b.
8215   160    25         54.9374    56.8941    3.5617     % 
UB: 56.89409448818897
branching on 3 with b.
8216   161    26         54.9374    56.8941    3.5617     % 
LB close or above UB, fathomed
8217   160    26         54.9374    56.8941    3.5617     % 
LB close or above UB, fathomed
8218   159    25         54.9374    56.8941    3.5617     % 
UB: 56.89409448818897
branching on 3 with b.
8219   160    26         54.9374    56.8941    3.5617     % 
LB close or above UB, fathomed
8220   159    26         54.9374    56.8941    3.5617     % 
LB close or above UB, fathomed
8221   158    23         54.9374    56.8941    3.5617     % 
LB close or above UB, fathomed
8222   157    17         54.9374    56.8941    3.5617     % 
LB close or above UB, fathomed
8223   156    17         54.9374    56.8941    3.5617     % 
LB close or above UB, fathomed
8224   155    26         54.9374    56.8941    3.5617     % 
UB: 56.89409448818897
branching on 1 with b.
8225   156    27         54.9374    56.8941    3.5617     % 
UB: 56.89409448818897
branching on 2 with b.
8226   157    28         54.9374    56.8941    3.5617     % 
LB close or above UB, fathomed
8227   156    28         54.9374    56.8941    3.5617     % 
UB: 56.89409448818897
branching on 3 with b.
8228   157    29         54.9374    56.8941    3.5617     % 
LB close or above UB, fathomed
8229   156    29         54.9374    56.8941    3.5617     % 
LB close or above UB, fathomed
8230   155    27         54.9374    56.8941    3.5617     % 
LB close or above UB, fathomed
8231   154    26         54.9374    56.8941    3.5617     % 
LB close or above UB, fathomed
8232   153    35         54.9374    56.8941    3.5617     % 
UB: 56.89409448818897
branching on 1 with b.
8233   154    36         54.9374    56.8941    3.5617     % 
LB close or above UB, fathomed
8234   153    36         54.9374    56.8941    3.5617     % 
UB: 56.89409448818897
branching on 2 with b.
8235   154    37         54.9374    56.8941    3.5617     % 
LB close or above UB, fathomed
8236   153    37         54.9374    56.8941    3.5617     % 
LB close or above UB, fathomed
8237   152    35         54.9374    56.8941    3.5617     % 
LB close or above UB, fathomed
8238   151    30         54.9374    56.8941    3.5617     % 
LB close or above UB, fathomed
8239   150    30         54.9374    56.8941    3.5617     % 
LB close or above UB, fathomed
8240   149    24         54.9374    56.8941    3.5617     % 
UB: 56.89409448818897
branching on 3 with b.
8241   150    25         54.9374    56.8941    3.5617     % 
LB close or above UB, fathomed
8242   149    25         54.9374    56.8941    3.5617     % 
LB close or above UB, fathomed
8243   148    24         54.9374    56.8941    3.5617     % 
LB close or above UB, fathomed
8244   147    21         54.9374    56.8941    3.5617     % 
LB close or above UB, fathomed
8245   146    21         54.9374    56.8941    3.5617     % 
LB close or above UB, fathomed
8246   145    25         54.9374    56.8941    3.5617     % 
LB close or above UB, fathomed
8247   144    25         54.9374    56.8941    3.5617     % 
UB: 56.89409448818897
branching on 1 with b.
8248   145    26         54.9374    56.8941    3.5617     % 
LB close or above UB, fathomed
8249   144    26         54.9374    56.8941    3.5617     % 
LB close or above UB, fathomed
8250   143    28         54.9374    56.8941    3.5617     % 
LB close or above UB, fathomed
8251   142    28         54.9374    56.8941    3.5617     % 
LB close or above UB, fathomed
8252   141    30         54.9374    56.8941    3.5617     % 
LB close or above UB, fathomed
8253   140    30         54.9374    56.8941    3.5617     % 
LB close or above UB, fathomed
8254   139    31         54.9374    56.8941    3.5617     % 
LB close or above UB, fathomed
8255   138    31         54.9374    56.8941    3.5617     % 
LB close or above UB, fathomed
8256   137    16         54.9374    56.8941    3.5617     % 
UB: 56.89409448818897
branching on CartesianIndex(2, 3) with a.
8257   138    17         54.9374    56.8941    3.5617     % 
LB close or above UB, fathomed
8258   137    17         54.9374    56.8941    3.5617     % 
LB close or above UB, fathomed
8259   136    16         54.9374    56.8941    3.5617     % 
LB close or above UB, fathomed
8260   135    35         54.9374    56.8941    3.5617     % 
LB close or above UB, fathomed
8261   134    35         54.9374    56.8941    3.5617     % 
LB close or above UB, fathomed
8262   133    27         54.9374    56.8941    3.5617     % 
LB close or above UB, fathomed
8263   132    27         54.9374    56.8941    3.5617     % 
LB close or above UB, fathomed
8264   131    22         54.9374    56.8941    3.5617     % 
LB close or above UB, fathomed
8265   130    22         54.9374    56.8941    3.5617     % 
UB: 56.89409448818897
branching on CartesianIndex(1, 7) with c.
8266   131    23         54.9374    56.8941    3.5617     % 
UB: 56.89409448818897
branching on 1 with b.
8267   132    24         54.9374    56.8941    3.5617     % 
LB close or above UB, fathomed
8268   131    24         54.9374    56.8941    3.5617     % 
LB close or above UB, fathomed
8269   130    23         54.9374    56.8941    3.5617     % 
LB close or above UB, fathomed
8270   129    21         54.9374    56.8941    3.5617     % 
UB: 56.89409448818897
branching on CartesianIndex(1, 6) with c.
8271   130    21         54.9374    56.8941    3.5617     % 
LB close or above UB, fathomed
8272   129    18         54.9374    56.8941    3.5617     % 
UB: 56.89409448818897
branching on CartesianIndex(4, 3) with a.
8273   130    19         54.9374    56.8941    3.5617     % 
LB close or above UB, fathomed
8274   129    19         54.9374    56.8941    3.5617     % 
LB close or above UB, fathomed
8275   128    18         54.9374    56.8941    3.5617     % 
LB close or above UB, fathomed
8276   127    14         54.9374    56.8941    3.5617     % 
LB close or above UB, fathomed
8277   126    14         54.9374    56.8941    3.5617     % 
LB close or above UB, fathomed
8278   125    11         54.9374    56.8941    3.5617     % 
LB close or above UB, fathomed
8279   124    11         54.9374    56.8941    3.5617     % 
LB close or above UB, fathomed
8280   123    10         54.9374    56.8941    3.5617     % 
LB close or above UB, fathomed
8281   122    10         54.9374    56.8941    3.5617     % 
UB: 56.89409448818897
branching on 1 with b.
8282   123    11         54.9374    56.8941    3.5617     % 
UB: 56.89409448818897
branching on 1 with b.
8283   124    11         54.9374    56.8941    3.5617     % 
LB close or above UB, fathomed
8284   123    16         54.9374    56.8941    3.5617     % 
LB close or above UB, fathomed
8285   122    16         54.9374    56.8941    3.5617     % 
LB close or above UB, fathomed
8286   121    22         54.9374    56.8941    3.5617     % 
LB close or above UB, fathomed
8287   120    22         54.9374    56.8941    3.5617     % 
UB: 56.89409448818897
branching on CartesianIndex(1, 7) with c.
8288   121    23         54.9374    56.8941    3.5617     % 
UB: 56.89409448818897
branching on 3 with b.
8289   122    24         54.9374    56.8941    3.5617     % 
LB close or above UB, fathomed
8290   121    24         54.9374    56.8941    3.5617     % 
LB close or above UB, fathomed
8291   120    23         54.9374    56.8941    3.5617     % 
LB close or above UB, fathomed
8292   119    23         54.9374    56.8941    3.5617     % 
UB: 56.89409448818897
branching on 3 with b.
8293   120    24         54.9374    56.8941    3.5617     % 
UB: 56.89409448818897
branching on 1 with b.
8294   121    25         54.9374    56.8941    3.5617     % 
LB close or above UB, fathomed
8295   120    25         54.9374    56.8941    3.5617     % 
LB close or above UB, fathomed
8296   119    24         54.9374    56.8941    3.5617     % 
UB: 56.89409448818897
branching on 1 with b.
8297   120    25         54.9374    56.8941    3.5617     % 
LB close or above UB, fathomed
8298   119    25         54.9374    56.8941    3.5617     % 
LB close or above UB, fathomed
8299   118    23         54.9374    56.8941    3.5617     % 
LB close or above UB, fathomed
8300   117    20         54.9374    56.8941    3.5617     % 
UB: 56.89409448818897
branching on CartesianIndex(1, 6) with c.
8301   118    21         54.9374    56.8941    3.5617     % 
UB: 56.89409448818897
branching on CartesianIndex(1, 7) with c.
8302   119    22         54.9374    56.8941    3.5617     % 
UB: 56.89409448818897
branching on 1 with b.
8303   120    23         54.9374    56.8941    3.5617     % 
LB close or above UB, fathomed
8304   119    23         54.9374    56.8941    3.5617     % 
LB close or above UB, fathomed
8305   118    22         54.9374    56.8941    3.5617     % 
LB close or above UB, fathomed
8306   117    21         54.9374    56.8941    3.5617     % 
UB: 56.89409448818897
branching on CartesianIndex(1, 7) with c.
8307   118    22         54.9374    56.8941    3.5617     % 
UB: 56.89409448818897
branching on 1 with b.
8308   119    23         54.9374    56.8941    3.5617     % 
LB close or above UB, fathomed
8309   118    23         54.9374    56.8941    3.5617     % 
LB close or above UB, fathomed
8310   117    22         54.9374    56.8941    3.5617     % 
LB close or above UB, fathomed
8311   116    20         54.9374    56.8941    3.5617     % 
LB close or above UB, fathomed
8312   115    21         54.9374    56.8941    3.5617     % 
UB: 56.89409448818897
branching on 1 with b.
8313   116    22         54.9374    56.8941    3.5617     % 
LB close or above UB, fathomed
8314   115    22         54.9374    56.8941    3.5617     % 
LB close or above UB, fathomed
8315   114    21         54.9374    56.8941    3.5617     % 
LB close or above UB, fathomed
8316   113    25         54.9374    56.8941    3.5617     % 
LB close or above UB, fathomed
8317   112    25         54.9374    56.8941    3.5617     % 
UB: 56.89409448818897
branching on 2 with b.
8318   113    26         54.9374    56.8941    3.5617     % 
LB close or above UB, fathomed
8319   112    26         54.9374    56.8941    3.5617     % 
LB close or above UB, fathomed
8320   111    32         54.9374    56.8941    3.5617     % 
LB close or above UB, fathomed
8321   110    32         54.9374    56.8941    3.5617     % 
LB close or above UB, fathomed
8322   109    38         54.9374    56.8941    3.5617     % 
LB close or above UB, fathomed
8323   108    38         54.9374    56.8941    3.5617     % 
LB close or above UB, fathomed
8324   107    38         54.9374    56.8941    3.5617     % 
LB close or above UB, fathomed
8325   106    38         54.9374    56.8941    3.5617     % 
LB close or above UB, fathomed
8326   105    36         54.9374    56.8941    3.5617     % 
LB close or above UB, fathomed
8327   104    36         54.9374    56.8941    3.5617     % 
LB close or above UB, fathomed
8328   103    31         54.9374    56.8941    3.5617     % 
LB close or above UB, fathomed
8329   102    31         54.9374    56.8941    3.5617     % 
LB close or above UB, fathomed
8330   101    36         54.9374    56.8941    3.5617     % 
LB close or above UB, fathomed
8331   100    36         54.9374    56.8941    3.5617     % 
UB: 56.89409448818897
branching on 1 with b.
8332   101    37         54.9374    56.8941    3.5617     % 
UB: 56.89409448818897
branching on 2 with b.
8333   102    38         54.9374    56.8941    3.5617     % 
LB close or above UB, fathomed
8334   101    38         54.9374    56.8941    3.5617     % 
LB close or above UB, fathomed
8335   100    37         54.9374    56.8941    3.5617     % 
LB close or above UB, fathomed
8336   99     36         54.9374    56.8941    3.5617     % 
LB close or above UB, fathomed
8337   98     36         54.9374    56.8941    3.5617     % 
UB: 56.89409448818897
branching on 1 with b.
8338   99     37         54.9374    56.8941    3.5617     % 
UB: 56.89409448818897
branching on 2 with b.
8339   100    38         54.9374    56.8941    3.5617     % 
LB close or above UB, fathomed
8340   99     38         54.9374    56.8941    3.5617     % 
LB close or above UB, fathomed
8341   98     37         54.9374    56.8941    3.5617     % 
UB: 56.89409448818897
branching on 2 with b.
8342   99     38         54.9374    56.8941    3.5617     % 
LB close or above UB, fathomed
8343   98     38         54.9374    56.8941    3.5617     % 
LB close or above UB, fathomed
8344   97     18         54.9374    56.8941    3.5617     % 
LB close or above UB, fathomed
8345   96     18         54.9374    56.8941    3.5617     % 
LB close or above UB, fathomed
8346   95     22         54.9374    56.8941    3.5617     % 
UB: 56.89409448818897
branching on 1 with b.
8347   96     23         54.9374    56.8941    3.5617     % 
UB: 56.89409448818897
branching on 2 with b.
8348   97     24         54.9374    56.8941    3.5617     % 
UB: 56.89409448818897
branching on 3 with b.
8349   98     24         54.9374    56.8941    3.5617     % 
UB: 56.89409448818897
branching on 3 with b.
8350   99     25         54.9374    56.8941    3.5617     % 
UB: 56.89409448818897
branching on 1 with b.
8351   100    26         54.9374    56.8941    3.5617     % 
LB close or above UB, fathomed
8352   99     26         54.9374    56.8941    3.5617     % 
LB close or above UB, fathomed
8353   98     25         54.9374    56.8941    3.5617     % 
LB close or above UB, fathomed
8354   97     23         54.9374    56.8941    3.5617     % 
LB close or above UB, fathomed
8355   96     22         54.9374    56.8941    3.5617     % 
LB close or above UB, fathomed
8356   95     30         54.9374    56.8941    3.5617     % 
LB close or above UB, fathomed
8357   94     30         54.9374    56.8941    3.5617     % 
LB close or above UB, fathomed
8358   93     26         54.9374    56.8941    3.5617     % 
UB: 56.89409448818897
branching on 1 with b.
8359   94     27         54.9374    56.8941    3.5617     % 
LB close or above UB, fathomed
8360   93     27         54.9374    56.8941    3.5617     % 
LB close or above UB, fathomed
8361   92     26         54.9374    56.8941    3.5617     % 
LB close or above UB, fathomed
8362   91     21         54.9374    56.8941    3.5617     % 
UB: 56.89409448818897
branching on 1 with b.
8363   92     22         54.9374    56.8941    3.5617     % 
UB: 56.89409448818897
branching on 2 with b.
8364   93     23         54.9374    56.8941    3.5617     % 
UB: 56.89409448818897
branching on 3 with b.
8365   94     24         54.9374    56.8941    3.5617     % 
UB: 56.89409448818897
branching on 1 with b.
8366   95     25         54.9374    56.8941    3.5617     % 
LB close or above UB, fathomed
8367   94     25         54.9374    56.8941    3.5617     % 
LB close or above UB, fathomed
8368   93     24         54.9374    56.8941    3.5617     % 
LB close or above UB, fathomed
8369   92     23         54.9374    56.8941    3.5617     % 
LB close or above UB, fathomed
8370   91     22         54.9374    56.8941    3.5617     % 
LB close or above UB, fathomed
8371   90     21         54.9374    56.8941    3.5617     % 
LB close or above UB, fathomed
8372   89     23         54.9374    56.8941    3.5617     % 
UB: 56.89409448818897
branching on 2 with b.
8373   90     24         54.9374    56.8941    3.5617     % 
UB: 56.89409448818897
branching on 3 with b.
8374   91     25         54.9374    56.8941    3.5617     % 
UB: 56.89409448818897
branching on 1 with b.
8375   92     26         54.9374    56.8941    3.5617     % 
LB close or above UB, fathomed
8376   91     26         54.9374    56.8941    3.5617     % 
LB close or above UB, fathomed
8377   90     25         54.9374    56.8941    3.5617     % 
LB close or above UB, fathomed
8378   89     24         54.9374    56.8941    3.5617     % 
UB: 56.89409448818897
branching on 3 with b.
8379   90     25         54.9374    56.8941    3.5617     % 
UB: 56.89409448818897
branching on 1 with b.
8380   91     26         54.9374    56.8941    3.5617     % 
LB close or above UB, fathomed
8381   90     26         54.9374    56.8941    3.5617     % 
LB close or above UB, fathomed
8382   89     25         54.9374    56.8941    3.5617     % 
LB close or above UB, fathomed
8383   88     23         54.9374    56.8941    3.5617     % 
LB close or above UB, fathomed
8384   87     38         54.9374    56.8941    3.5617     % 
UB: 56.89409448818897
branching on 1 with b.
8385   88     39         54.9374    56.8941    3.5617     % 
UB: 56.89409448818897
branching on 2 with b.
8386   89     40         54.9374    56.8941    3.5617     % 
LB close or above UB, fathomed
8387   88     40         54.9374    56.8941    3.5617     % 
LB close or above UB, fathomed
8388   87     39         54.9374    56.8941    3.5617     % 
LB close or above UB, fathomed
8389   86     38         54.9374    56.8941    3.5617     % 
LB close or above UB, fathomed
8390   85     38         54.9374    56.8941    3.5617     % 
UB: 56.89409448818897
branching on 1 with b.
8391   86     39         54.9374    56.8941    3.5617     % 
UB: 56.89409448818897
branching on 2 with b.
8392   87     40         54.9374    56.8941    3.5617     % 
LB close or above UB, fathomed
8393   86     40         54.9374    56.8941    3.5617     % 
LB close or above UB, fathomed
8394   85     39         54.9374    56.8941    3.5617     % 
UB: 56.89409448818897
branching on 2 with b.
8395   86     40         54.9374    56.8941    3.5617     % 
LB close or above UB, fathomed
8396   85     40         54.9374    56.8941    3.5617     % 
LB close or above UB, fathomed
8397   84     38         54.9374    56.8941    3.5617     % 
LB close or above UB, fathomed
8398   83     21         54.9374    56.8941    3.5617     % 
LB close or above UB, fathomed
8399   82     21         54.9374    56.8941    3.5617     % 
UB: 56.89409448818897
branching on 1 with b.
8400   83     22         54.9374    56.8941    3.5617     % 
LB close or above UB, fathomed
8401   82     22         54.9374    56.8941    3.5617     % 
LB close or above UB, fathomed
8402   81     36         54.9374    56.8941    3.5617     % 
UB: 56.89409448818897
branching on 1 with b.
8403   81     37         54.9374    56.8941    3.5617     % 
UB: 56.89409448818897
branching on 2 with b.
8404   82     38         54.9374    56.8941    3.5617     % 
LB close or above UB, fathomed
8405   81     38         54.9374    56.8941    3.5617     % 
LB close or above UB, fathomed
8406   80     36         54.9374    56.8941    3.5617     % 
LB close or above UB, fathomed
8407   79     36         54.9374    56.8941    3.5617     % 
LB close or above UB, fathomed
8408   78     36         54.9374    56.8941    3.5617     % 
UB: 56.89409448818897
branching on 1 with b.
8409   78     37         54.9374    56.8941    3.5617     % 
UB: 56.89409448818897
branching on 2 with b.
8410   79     38         54.9374    56.8941    3.5617     % 
LB close or above UB, fathomed
8411   78     38         54.9374    56.8941    3.5617     % 
LB close or above UB, fathomed
8412   77     32         54.9374    56.8941    3.5617     % 
LB close or above UB, fathomed
8413   76     32         54.9374    56.8941    3.5617     % 
UB: 56.89409448818897
branching on 3 with b.
8414   77     33         54.9374    56.8941    3.5617     % 
UB: 56.89409448818897
branching on 1 with b.
8415   78     34         54.9374    56.8941    3.5617     % 
LB close or above UB, fathomed
8416   77     34         54.9374    56.8941    3.5617     % 
LB close or above UB, fathomed
8417   76     33         54.9374    56.8941    3.5617     % 
LB close or above UB, fathomed
8418   75     34         54.9374    56.8941    3.5617     % 
UB: 56.89409448818897
branching on 1 with b.
8419   76     35         54.9374    56.8941    3.5617     % 
LB close or above UB, fathomed
8420   75     35         54.9374    56.8941    3.5617     % 
LB close or above UB, fathomed
8421   74     34         54.9374    56.8941    3.5617     % 
LB close or above UB, fathomed
8422   73     24         54.9374    56.8941    3.5617     % 
LB close or above UB, fathomed
8423   72     24         54.9374    56.8941    3.5617     % 
LB close or above UB, fathomed
8424   71     35         54.9374    56.8941    3.5617     % 
LB close or above UB, fathomed
8425   70     35         54.9374    56.8941    3.5617     % 
LB close or above UB, fathomed
8426   69     28         54.9374    56.8941    3.5617     % 
LB close or above UB, fathomed
8427   68     28         54.9374    56.8941    3.5617     % 
UB: 56.89409448818897
branching on 1 with b.
8428   69     29         54.9374    56.8941    3.5617     % 
LB close or above UB, fathomed
8429   68     29         54.9374    56.8941    3.5617     % 
LB close or above UB, fathomed
8430   67     17         54.9374    56.8941    3.5617     % 
LB close or above UB, fathomed
8431   66     17         54.9374    56.8941    3.5617     % 
UB: 56.89409448818897
branching on 2 with b.
8432   67     18         54.9374    56.8941    3.5617     % 
UB: 56.89409448818897
branching on CartesianIndex(1, 5) with c.
8433   68     19         54.9374    56.8941    3.5617     % 
UB: 56.89409448818897
branching on 3 with b.
8434   69     20         54.9374    56.8941    3.5617     % 
UB: 56.89409448818897
branching on 1 with b.
8435   70     21         54.9374    56.8941    3.5617     % 
LB close or above UB, fathomed
8436   69     21         54.9374    56.8941    3.5617     % 
LB close or above UB, fathomed
8437   68     20         54.9374    56.8941    3.5617     % 
UB: 56.89409448818897
branching on CartesianIndex(1, 6) with c.
8438   69     21         54.9374    56.8941    3.5617     % 
UB: 56.89409448818897
branching on CartesianIndex(1, 7) with c.
8439   70     22         54.9374    56.8941    3.5617     % 
UB: 56.89409448818897
branching on 1 with b.
8440   71     23         54.9374    56.8941    3.5617     % 
LB close or above UB, fathomed
8441   70     23         54.9374    56.8941    3.5617     % 
LB close or above UB, fathomed
8442   69     22         54.9374    56.8941    3.5617     % 
UB: 56.89409448818897
branching on 1 with b.
8443   70     23         54.9374    56.8941    3.5617     % 
LB close or above UB, fathomed
8444   69     23         54.9374    56.8941    3.5617     % 
LB close or above UB, fathomed
8445   68     21         54.9374    56.8941    3.5617     % 
LB close or above UB, fathomed
8446   67     19         54.9374    56.8941    3.5617     % 
LB close or above UB, fathomed
8447   66     18         54.9374    56.8941    3.5617     % 
LB close or above UB, fathomed
8448   65     27         54.9374    56.8941    3.5617     % 
LB close or above UB, fathomed
8449   64     27         54.9374    56.8941    3.5617     % 
LB close or above UB, fathomed
8450   63     36         54.9374    56.8941    3.5617     % 
UB: 56.89409448818897
branching on 2 with b.
8451   64     37         54.9374    56.8941    3.5617     % 
LB close or above UB, fathomed
8452   63     37         54.9374    56.8941    3.5617     % 
LB close or above UB, fathomed
8453   62     36         54.9374    56.8941    3.5617     % 
LB close or above UB, fathomed
8454   61     22         54.9374    56.8941    3.5617     % 
UB: 56.89409448818897
branching on 3 with b.
8455   62     23         54.9374    56.8941    3.5617     % 
LB close or above UB, fathomed
8456   61     23         54.9374    56.8941    3.5617     % 
UB: 56.89409448818897
branching on CartesianIndex(1, 7) with c.
8457   62     24         54.9374    56.8941    3.5617     % 
UB: 56.89409448818897
branching on 1 with b.
8458   63     25         54.9374    56.8941    3.5617     % 
LB close or above UB, fathomed
8459   62     25         54.9374    56.8941    3.5617     % 
UB: 56.89409448818897
branching on 2 with b.
8460   63     26         54.9374    56.8941    3.5617     % 
UB: 56.89409448818897
branching on 3 with b.
8461   64     27         54.9374    56.8941    3.5617     % 
LB close or above UB, fathomed
8462   63     27         54.9374    56.8941    3.5617     % 
LB close or above UB, fathomed
8463   62     26         54.9374    56.8941    3.5617     % 
UB: 56.89409448818897
branching on 3 with b.
8464   63     27         54.9374    56.8941    3.5617     % 
LB close or above UB, fathomed
8465   62     27         54.9374    56.8941    3.5617     % 
LB close or above UB, fathomed
8466   61     24         54.9374    56.8941    3.5617     % 
LB close or above UB, fathomed
8467   60     22         54.9374    56.8941    3.5617     % 
UB: 56.89409448818897
branching on CartesianIndex(1, 7) with c.
8468   61     23         54.9374    56.8941    3.5617     % 
UB: 56.89409448818897
branching on 3 with b.
8469   62     24         54.9374    56.8941    3.5617     % 
LB close or above UB, fathomed
8470   61     24         54.9374    56.8941    3.5617     % 
UB: 56.89409448818897
branching on 1 with b.
8471   62     25         54.9374    56.8941    3.5617     % 
LB close or above UB, fathomed
8472   61     25         54.9374    56.8941    3.5617     % 
UB: 56.89409448818897
branching on 2 with b.
8473   62     26         54.9374    56.8941    3.5617     % 
UB: 56.89409448818897
branching on 3 with b.
8474   63     27         54.9374    56.8941    3.5617     % 
LB close or above UB, fathomed
8475   62     27         54.9374    56.8941    3.5617     % 
LB close or above UB, fathomed
8476   61     26         54.9374    56.8941    3.5617     % 
UB: 56.89409448818897
branching on 3 with b.
8477   62     27         54.9374    56.8941    3.5617     % 
LB close or above UB, fathomed
8478   61     27         54.9374    56.8941    3.5617     % 
LB close or above UB, fathomed
8479   60     23         54.9374    56.8941    3.5617     % 
LB close or above UB, fathomed
8480   59     16         54.9374    56.8941    3.5617     % 
UB: 56.89409448818897
branching on CartesianIndex(2, 3) with a.
8481   60     17         54.9374    56.8941    3.5617     % 
LB close or above UB, fathomed
8482   59     17         54.9374    56.8941    3.5617     % 
LB close or above UB, fathomed
8483   58     16         54.9374    56.8941    3.5617     % 
LB close or above UB, fathomed
8484   57     25         54.9374    56.8941    3.5617     % 
UB: 56.89409448818897
branching on 1 with b.
8485   58     26         54.9374    56.8941    3.5617     % 
LB close or above UB, fathomed
8486   57     26         54.9374    56.8941    3.5617     % 
LB close or above UB, fathomed
8487   56     25         54.9374    56.8941    3.5617     % 
LB close or above UB, fathomed
8488   55     24         54.9374    56.8941    3.5617     % 
UB: 56.89409448818897
branching on 2 with b.
8489   56     25         54.9374    56.8941    3.5617     % 
UB: 56.89409448818897
branching on 3 with b.
8490   57     26         54.9374    56.8941    3.5617     % 
LB close or above UB, fathomed
8491   56     26         54.9374    56.8941    3.5617     % 
LB close or above UB, fathomed
8492   55     25         54.9374    56.8941    3.5617     % 
UB: 56.89409448818897
branching on 3 with b.
8493   56     26         54.9374    56.8941    3.5617     % 
LB close or above UB, fathomed
8494   55     26         54.9374    56.8941    3.5617     % 
LB close or above UB, fathomed
8495   54     24         54.9374    56.8941    3.5617     % 
LB close or above UB, fathomed
8496   53     22         54.9374    56.8941    3.5617     % 
UB: 56.89409448818897
branching on 1 with b.
8497   54     23         54.9374    56.8941    3.5617     % 
UB: 56.89409448818897
branching on 2 with b.
8498   55     24         54.9374    56.8941    3.5617     % 
UB: 56.89409448818897
branching on 3 with b.
8499   56     25         54.9374    56.8941    3.5617     % 
UB: 56.89409448818897
branching on 1 with b.
8500   57     26         54.9374    56.8941    3.5617     % 
LB close or above UB, fathomed
8501   56     26         54.9374    56.8941    3.5617     % 
LB close or above UB, fathomed
8502   55     25         54.9374    56.8941    3.5617     % 
LB close or above UB, fathomed
8503   54     24         54.9374    56.8941    3.5617     % 
LB close or above UB, fathomed
8504   53     23         54.9374    56.8941    3.5617     % 
LB close or above UB, fathomed
8505   52     22         54.9374    56.8941    3.5617     % 
LB close or above UB, fathomed
8506   51     25         54.9374    56.8941    3.5617     % 
LB close or above UB, fathomed
8507   50     25         54.9374    56.8941    3.5617     % 
UB: 56.89409448818897
branching on CartesianIndex(1, 7) with c.
8508   51     26         54.9374    56.8941    3.5617     % 
UB: 56.89409448818897
branching on 3 with b.
8509   52     27         54.9374    56.8941    3.5617     % 
LB close or above UB, fathomed
8510   51     27         54.9374    56.8941    3.5617     % 
LB close or above UB, fathomed
8511   50     26         54.9374    56.8941    3.5617     % 
LB close or above UB, fathomed
8512   49     25         54.9374    56.8941    3.5617     % 
UB: 56.89409448818897
branching on 3 with b.
8513   50     26         54.9374    56.8941    3.5617     % 
LB close or above UB, fathomed
8514   49     26         54.9374    56.8941    3.5617     % 
LB close or above UB, fathomed
8515   48     25         54.9374    56.8941    3.5617     % 
LB close or above UB, fathomed
8516   47     18         54.9374    56.8941    3.5617     % 
UB: 56.89409448818897
branching on 3 with b.
8517   48     18         54.9374    56.8941    3.5617     % 
UB: 56.89409448818897
branching on CartesianIndex(1, 4) with c.
8518   49     19         54.9374    56.8941    3.5617     % 
LB close or above UB, fathomed
8519   48     19         54.9374    56.8941    3.5617     % 
UB: 56.89409448818897
branching on CartesianIndex(1, 5) with c.
8520   49     20         54.9374    56.8941    3.5617     % 
UB: 56.89409448818897
branching on CartesianIndex(1, 6) with c.
8521   50     21         54.9374    56.8941    3.5617     % 
LB close or above UB, fathomed
8522   49     21         54.9374    56.8941    3.5617     % 
UB: 56.89409448818897
branching on 3 with b.
8523   50     22         54.9374    56.8941    3.5617     % 
LB close or above UB, fathomed
8524   49     22         54.9374    56.8941    3.5617     % 
UB: 56.89409448818897
branching on 1 with b.
8525   50     23         54.9374    56.8941    3.5617     % 
LB close or above UB, fathomed
8526   49     23         54.9374    56.8941    3.5617     % 
UB: 56.89409448818897
branching on CartesianIndex(1, 7) with c.
8527   50     24         54.9374    56.8941    3.5617     % 
UB: 56.89409448818897
branching on 2 with b.
8528   51     25         54.9374    56.8941    3.5617     % 
UB: 56.89409448818897
branching on 3 with b.
8529   52     26         54.9374    56.8941    3.5617     % 
LB close or above UB, fathomed
8530   51     26         54.9374    56.8941    3.5617     % 
LB close or above UB, fathomed
8531   50     25         54.9374    56.8941    3.5617     % 
UB: 56.89409448818897
branching on 3 with b.
8532   51     26         54.9374    56.8941    3.5617     % 
LB close or above UB, fathomed
8533   50     26         54.9374    56.8941    3.5617     % 
LB close or above UB, fathomed
8534   49     24         54.9374    56.8941    3.5617     % 
LB close or above UB, fathomed
8535   48     20         54.9374    56.8941    3.5617     % 
UB: 56.89409448818897
branching on CartesianIndex(1, 6) with c.
8536   49     21         54.9374    56.8941    3.5617     % 
LB close or above UB, fathomed
8537   48     21         54.9374    56.8941    3.5617     % 
UB: 56.89409448818897
branching on CartesianIndex(1, 7) with c.
8538   49     22         54.9374    56.8941    3.5617     % 
UB: 56.89409448818897
branching on 3 with b.
8539   50     23         54.9374    56.8941    3.5617     % 
LB close or above UB, fathomed
8540   49     23         54.9374    56.8941    3.5617     % 
UB: 56.89409448818897
branching on 1 with b.
8541   50     24         54.9374    56.8941    3.5617     % 
LB close or above UB, fathomed
8542   49     24         54.9374    56.8941    3.5617     % 
UB: 56.89409448818897
branching on 2 with b.
8543   50     25         54.9374    56.8941    3.5617     % 
UB: 56.89409448818897
branching on 3 with b.
8544   51     26         54.9374    56.8941    3.5617     % 
LB close or above UB, fathomed
8545   50     26         54.9374    56.8941    3.5617     % 
LB close or above UB, fathomed
8546   49     25         54.9374    56.8941    3.5617     % 
UB: 56.89409448818897
branching on 3 with b.
8547   50     26         54.9374    56.8941    3.5617     % 
LB close or above UB, fathomed
8548   49     26         54.9374    56.8941    3.5617     % 
LB close or above UB, fathomed
8549   48     22         54.9374    56.8941    3.5617     % 
LB close or above UB, fathomed
8550   47     24         54.9374    56.8941    3.5617     % 
UB: 56.89409448818897
branching on 1 with b.
8551   48     25         54.9374    56.8941    3.5617     % 
LB close or above UB, fathomed
8552   47     25         54.9374    56.8941    3.5617     % 
LB close or above UB, fathomed
8553   46     24         54.9374    56.8941    3.5617     % 
UB: 56.89409448818897
branching on 1 with b.
8554   47     25         54.9374    56.8941    3.5617     % 
LB close or above UB, fathomed
8555   46     25         54.9374    56.8941    3.5617     % 
LB close or above UB, fathomed
8556   45     21         54.9374    56.8941    3.5617     % 
UB: 56.89409448818897
branching on 3 with b.
8557   46     22         54.9374    56.8941    3.5617     % 
UB: 56.89409448818897
branching on 1 with b.
8558   47     23         54.9374    56.8941    3.5617     % 
LB close or above UB, fathomed
8559   46     23         54.9374    56.8941    3.5617     % 
LB close or above UB, fathomed
8560   45     22         54.9374    56.8941    3.5617     % 
UB: 56.89409448818897
branching on 1 with b.
8561   46     23         54.9374    56.8941    3.5617     % 
LB close or above UB, fathomed
8562   45     23         54.9374    56.8941    3.5617     % 
LB close or above UB, fathomed
8563   44     21         54.9374    56.8941    3.5617     % 
LB close or above UB, fathomed
8564   43     18         54.9374    56.8941    3.5617     % 
UB: 56.89409448818897
branching on CartesianIndex(3, 3) with a.
8565   44     18         54.9374    56.8941    3.5617     % 
UB: 56.89409448818897
branching on CartesianIndex(3, 3) with a.
8566   45     19         54.9374    56.8941    3.5617     % 
UB: 56.89409448818897
branching on CartesianIndex(4, 3) with a.
8567   46     20         54.9374    56.8941    3.5617     % 
UB: 56.89409448818897
branching on CartesianIndex(1, 4) with c.
8568   47     20         54.9374    56.8941    3.5617     % 
UB: 56.89409448818897
branching on CartesianIndex(1, 4) with c.
8569   48     19         54.9374    56.8941    3.5617     % 
UB: 56.89409448818897
branching on CartesianIndex(1, 4) with c.
8570   49     21         54.9374    56.8941    3.5617     % 
LB close or above UB, fathomed
8571   48     21         54.9374    56.8941    3.5617     % 
UB: 56.89409448818897
branching on CartesianIndex(1, 6) with c.
8572   49     17         54.9374    56.8941    3.5617     % 
LB close or above UB, fathomed
8573   48     17         54.9374    56.8941    3.5617     % 
UB: 56.89409448818897
branching on CartesianIndex(1, 5) with c.
8574   49     18         54.9374    56.8941    3.5617     % 
UB: 56.89409448818897
branching on CartesianIndex(1, 6) with c.
8575   50     19         54.9374    56.8941    3.5617     % 
UB: 56.89409448818897
branching on 2 with b.
8576   51     20         54.9374    56.8941    3.5617     % 
UB: 56.89409448818897
branching on CartesianIndex(1, 7) with c.
8577   52     21         54.9374    56.8941    3.5617     % 
UB: 56.89409448818897
branching on 3 with b.
8578   53     22         54.9374    56.8941    3.5617     % 
UB: 56.89409448818897
branching on 1 with b.
8579   54     23         54.9374    56.8941    3.5617     % 
LB close or above UB, fathomed
8580   53     23         54.9374    56.8941    3.5617     % 
LB close or above UB, fathomed
8581   52     22         54.9374    56.8941    3.5617     % 
UB: 56.89409448818897
branching on 1 with b.
8582   53     23         54.9374    56.8941    3.5617     % 
LB close or above UB, fathomed
8583   52     23         54.9374    56.8941    3.5617     % 
LB close or above UB, fathomed
8584   51     21         54.9374    56.8941    3.5617     % 
LB close or above UB, fathomed
8585   50     20         54.9374    56.8941    3.5617     % 
LB close or above UB, fathomed
8586   49     19         54.9374    56.8941    3.5617     % 
UB: 56.89409448818897
branching on CartesianIndex(1, 7) with c.
8587   50     20         54.9374    56.8941    3.5617     % 
UB: 56.89409448818897
branching on 2 with b.
8588   51     21         54.9374    56.8941    3.5617     % 
UB: 56.89409448818897
branching on 3 with b.
8589   52     22         54.9374    56.8941    3.5617     % 
UB: 56.89409448818897
branching on 1 with b.
8590   53     23         54.9374    56.8941    3.5617     % 
LB close or above UB, fathomed
8591   52     23         54.9374    56.8941    3.5617     % 
LB close or above UB, fathomed
8592   51     22         54.9374    56.8941    3.5617     % 
UB: 56.89409448818897
branching on 1 with b.
8593   52     23         54.9374    56.8941    3.5617     % 
LB close or above UB, fathomed
8594   51     23         54.9374    56.8941    3.5617     % 
LB close or above UB, fathomed
8595   50     21         54.9374    56.8941    3.5617     % 
LB close or above UB, fathomed
8596   49     20         54.9374    56.8941    3.5617     % 
LB close or above UB, fathomed
8597   48     18         54.9374    56.8941    3.5617     % 
LB close or above UB, fathomed
8598   47     23         54.9374    56.8941    3.5617     % 
LB close or above UB, fathomed
8599   46     23         54.9374    56.8941    3.5617     % 
UB: 56.89409448818897
branching on CartesianIndex(1, 6) with c.
8600   47     24         54.9374    56.8941    3.5617     % 
LB close or above UB, fathomed
8601   46     24         54.9374    56.8941    3.5617     % 
UB: 56.89409448818897
branching on CartesianIndex(1, 7) with c.
8602   47     25         54.9374    56.8941    3.5617     % 
UB: 56.89409448818897
branching on 2 with b.
8603   48     26         54.9374    56.8941    3.5617     % 
UB: 56.89409448818897
branching on 3 with b.
8604   49     27         54.9374    56.8941    3.5617     % 
LB close or above UB, fathomed
8605   48     27         54.9374    56.8941    3.5617     % 
LB close or above UB, fathomed
8606   47     26         54.9374    56.8941    3.5617     % 
UB: 56.89409448818897
branching on 3 with b.
8607   48     27         54.9374    56.8941    3.5617     % 
LB close or above UB, fathomed
8608   47     27         54.9374    56.8941    3.5617     % 
LB close or above UB, fathomed
8609   46     25         54.9374    56.8941    3.5617     % 
LB close or above UB, fathomed
8610   45     21         54.9374    56.8941    3.5617     % 
LB close or above UB, fathomed
8611   44     21         54.9374    56.8941    3.5617     % 
UB: 56.89409448818897
branching on CartesianIndex(1, 5) with c.
8612   45     22         54.9374    56.8941    3.5617     % 
UB: 56.89409448818897
branching on CartesianIndex(1, 6) with c.
8613   46     23         54.9374    56.8941    3.5617     % 
UB: 56.89409448818897
branching on CartesianIndex(1, 7) with c.
8614   47     24         54.9374    56.8941    3.5617     % 
UB: 56.89409448818897
branching on 1 with b.
8615   48     25         54.9374    56.8941    3.5617     % 
LB close or above UB, fathomed
8616   47     25         54.9374    56.8941    3.5617     % 
LB close or above UB, fathomed
8617   46     24         54.9374    56.8941    3.5617     % 
LB close or above UB, fathomed
8618   45     23         54.9374    56.8941    3.5617     % 
LB close or above UB, fathomed
8619   44     22         54.9374    56.8941    3.5617     % 
LB close or above UB, fathomed
8620   43     25         54.9374    56.8941    3.5617     % 
LB close or above UB, fathomed
8621   42     25         54.9374    56.8941    3.5617     % 
LB close or above UB, fathomed
8622   41     22         54.9374    56.8941    3.5617     % 
UB: 56.89409448818897
branching on 3 with b.
8623   42     23         54.9374    56.8941    3.5617     % 
UB: 56.89409448818897
branching on 1 with b.
8624   43     24         54.9374    56.8941    3.5617     % 
LB close or above UB, fathomed
8625   42     24         54.9374    56.8941    3.5617     % 
LB close or above UB, fathomed
8626   41     23         54.9374    56.8941    3.5617     % 
UB: 56.89409448818897
branching on 1 with b.
8627   42     24         54.9374    56.8941    3.5617     % 
LB close or above UB, fathomed
8628   41     24         54.9374    56.8941    3.5617     % 
LB close or above UB, fathomed
8629   40     22         54.9374    56.8941    3.5617     % 
LB close or above UB, fathomed
8630   39     21         54.9374    56.8941    3.5617     % 
LB close or above UB, fathomed
8631   38     21         54.9374    56.8941    3.5617     % 
UB: 56.89409448818897
branching on CartesianIndex(1, 5) with c.
8632   39     22         54.9374    56.8941    3.5617     % 
UB: 56.89409448818897
branching on CartesianIndex(1, 6) with c.
8633   40     23         54.9374    56.8941    3.5617     % 
UB: 56.89409448818897
branching on CartesianIndex(1, 7) with c.
8634   41     24         54.9374    56.8941    3.5617     % 
UB: 56.89409448818897
branching on 1 with b.
8635   42     25         54.9374    56.8941    3.5617     % 
LB close or above UB, fathomed
8636   41     25         54.9374    56.8941    3.5617     % 
LB close or above UB, fathomed
8637   40     24         54.9374    56.8941    3.5617     % 
LB close or above UB, fathomed
8638   39     23         54.9374    56.8941    3.5617     % 
LB close or above UB, fathomed
8639   38     22         54.9374    56.8941    3.5617     % 
LB close or above UB, fathomed
8640   37     19         54.9374    56.8941    3.5617     % 
LB close or above UB, fathomed
8641   36     19         54.9374    56.8941    3.5617     % 
UB: 56.89409448818897
branching on 1 with b.
8642   37     20         54.9374    56.8941    3.5617     % 
LB close or above UB, fathomed
8643   36     20         54.9374    56.8941    3.5617     % 
UB: 56.89409448818897
branching on CartesianIndex(1, 4) with c.
8644   37     20         54.9374    56.8941    3.5617     % 
LB close or above UB, fathomed
8645   36     20         54.9374    56.8941    3.5617     % 
UB: 56.89409448818897
branching on 3 with b.
8646   37     21         54.9374    56.8941    3.5617     % 
UB: 56.89409448818897
branching on CartesianIndex(1, 5) with c.
8647   38     22         54.9374    56.8941    3.5617     % 
UB: 56.89409448818897
branching on CartesianIndex(1, 6) with c.
8648   39     23         54.9374    56.8941    3.5617     % 
UB: 56.89409448818897
branching on 1 with b.
8649   40     24         54.9374    56.8941    3.5617     % 
LB close or above UB, fathomed
8650   39     24         54.9374    56.8941    3.5617     % 
LB close or above UB, fathomed
8651   38     23         54.9374    56.8941    3.5617     % 
LB close or above UB, fathomed
8652   37     22         54.9374    56.8941    3.5617     % 
LB close or above UB, fathomed
8653   36     21         54.9374    56.8941    3.5617     % 
UB: 56.89409448818897
branching on CartesianIndex(1, 5) with c.
8654   37     22         54.9374    56.8941    3.5617     % 
UB: 56.89409448818897
branching on CartesianIndex(1, 6) with c.
8655   38     23         54.9374    56.8941    3.5617     % 
UB: 56.89409448818897
branching on CartesianIndex(1, 7) with c.
8656   39     24         54.9374    56.8941    3.5617     % 
UB: 56.89409448818897
branching on 1 with b.
8657   40     25         54.9374    56.8941    3.5617     % 
LB close or above UB, fathomed
8658   39     25         54.9374    56.8941    3.5617     % 
LB close or above UB, fathomed
8659   38     24         54.9374    56.8941    3.5617     % 
UB: 56.89409448818897
branching on 1 with b.
8660   39     25         54.9374    56.8941    3.5617     % 
LB close or above UB, fathomed
8661   38     25         54.9374    56.8941    3.5617     % 
LB close or above UB, fathomed
8662   37     23         54.9374    56.8941    3.5617     % 
LB close or above UB, fathomed
8663   36     22         54.9374    56.8941    3.5617     % 
LB close or above UB, fathomed
8664   35     18         54.9374    56.8941    3.5617     % 
LB close or above UB, fathomed
8665   34     18         54.9374    56.8941    3.5617     % 
UB: 56.89409448818897
branching on CartesianIndex(1, 5) with c.
8666   35     19         54.9374    56.8941    3.5617     % 
UB: 56.89409448818897
branching on CartesianIndex(1, 6) with c.
8667   36     20         54.9374    56.8941    3.5617     % 
LB close or above UB, fathomed
8668   35     20         54.9374    56.8941    3.5617     % 
UB: 56.89409448818897
branching on 1 with b.
8669   36     21         54.9374    56.8941    3.5617     % 
LB close or above UB, fathomed
8670   35     21         54.9374    56.8941    3.5617     % 
UB: 56.89409448818897
branching on CartesianIndex(1, 7) with c.
8671   36     22         54.9374    56.8941    3.5617     % 
UB: 56.89409448818897
branching on 2 with b.
8672   37     23         54.9374    56.8941    3.5617     % 
UB: 56.89409448818897
branching on 3 with b.
8673   38     24         54.9374    56.8941    3.5617     % 
LB close or above UB, fathomed
8674   37     24         54.9374    56.8941    3.5617     % 
LB close or above UB, fathomed
8675   36     23         54.9374    56.8941    3.5617     % 
UB: 56.89409448818897
branching on 3 with b.
8676   37     24         54.9374    56.8941    3.5617     % 
LB close or above UB, fathomed
8677   36     24         54.9374    56.8941    3.5617     % 
LB close or above UB, fathomed
8678   35     22         54.9374    56.8941    3.5617     % 
LB close or above UB, fathomed
8679   34     19         54.9374    56.8941    3.5617     % 
UB: 56.89409448818897
branching on CartesianIndex(1, 6) with c.
8680   35     20         54.9374    56.8941    3.5617     % 
LB close or above UB, fathomed
8681   34     20         54.9374    56.8941    3.5617     % 
UB: 56.89409448818897
branching on CartesianIndex(1, 7) with c.
8682   35     21         54.9374    56.8941    3.5617     % 
UB: 56.89409448818897
branching on 1 with b.
8683   36     22         54.9374    56.8941    3.5617     % 
LB close or above UB, fathomed
8684   35     22         54.9374    56.8941    3.5617     % 
UB: 56.89409448818897
branching on 2 with b.
8685   36     23         54.9374    56.8941    3.5617     % 
UB: 56.89409448818897
branching on 3 with b.
8686   37     24         54.9374    56.8941    3.5617     % 
LB close or above UB, fathomed
8687   36     24         54.9374    56.8941    3.5617     % 
LB close or above UB, fathomed
8688   35     23         54.9374    56.8941    3.5617     % 
UB: 56.89409448818897
branching on 3 with b.
8689   36     24         54.9374    56.8941    3.5617     % 
LB close or above UB, fathomed
8690   35     24         54.9374    56.8941    3.5617     % 
LB close or above UB, fathomed
8691   34     21         54.9374    56.8941    3.5617     % 
LB close or above UB, fathomed
8692   33     20         54.9374    56.8941    3.5617     % 
LB close or above UB, fathomed
8693   32     20         54.9374    56.8941    3.5617     % 
UB: 56.89409448818897
branching on CartesianIndex(1, 5) with c.
8694   33     21         54.9374    56.8941    3.5617     % 
UB: 56.89409448818897
branching on CartesianIndex(1, 6) with c.
8695   34     22         54.9374    56.8941    3.5617     % 
LB close or above UB, fathomed
8696   33     22         54.9374    56.8941    3.5617     % 
UB: 56.89409448818897
branching on CartesianIndex(1, 7) with c.
8697   34     23         54.9374    56.8941    3.5617     % 
UB: 56.89409448818897
branching on 1 with b.
8698   35     24         54.9374    56.8941    3.5617     % 
LB close or above UB, fathomed
8699   34     24         54.9374    56.8941    3.5617     % 
UB: 56.89409448818897
branching on 2 with b.
8700   35     25         54.9374    56.8941    3.5617     % 
UB: 56.89409448818897
branching on 3 with b.
8701   36     26         54.9374    56.8941    3.5617     % 
LB close or above UB, fathomed
8702   35     26         54.9374    56.8941    3.5617     % 
LB close or above UB, fathomed
8703   34     25         54.9374    56.8941    3.5617     % 
UB: 56.89409448818897
branching on 3 with b.
8704   35     26         54.9374    56.8941    3.5617     % 
LB close or above UB, fathomed
8705   34     26         54.9374    56.8941    3.5617     % 
LB close or above UB, fathomed
8706   33     23         54.9374    56.8941    3.5617     % 
LB close or above UB, fathomed
8707   32     21         54.9374    56.8941    3.5617     % 
UB: 56.89409448818897
branching on CartesianIndex(1, 6) with c.
8708   33     22         54.9374    56.8941    3.5617     % 
LB close or above UB, fathomed
8709   32     22         54.9374    56.8941    3.5617     % 
UB: 56.89409448818897
branching on CartesianIndex(1, 7) with c.
8710   33     23         54.9374    56.8941    3.5617     % 
UB: 56.89409448818897
branching on 1 with b.
8711   34     24         54.9374    56.8941    3.5617     % 
LB close or above UB, fathomed
8712   33     24         54.9374    56.8941    3.5617     % 
UB: 56.89409448818897
branching on 2 with b.
8713   34     25         54.9374    56.8941    3.5617     % 
UB: 56.89409448818897
branching on 3 with b.
8714   35     26         54.9374    56.8941    3.5617     % 
LB close or above UB, fathomed
8715   34     26         54.9374    56.8941    3.5617     % 
LB close or above UB, fathomed
8716   33     25         54.9374    56.8941    3.5617     % 
UB: 56.89409448818897
branching on 3 with b.
8717   34     26         54.9374    56.8941    3.5617     % 
LB close or above UB, fathomed
8718   33     26         54.9374    56.8941    3.5617     % 
LB close or above UB, fathomed
8719   32     23         54.9374    56.8941    3.5617     % 
LB close or above UB, fathomed
8720   31     22         54.9374    56.8941    3.5617     % 
LB close or above UB, fathomed
8721   30     22         54.9374    56.8941    3.5617     % 
UB: 56.89409448818897
branching on CartesianIndex(1, 7) with c.
8722   31     23         54.9374    56.8941    3.5617     % 
UB: 56.89409448818897
branching on 1 with b.
8723   32     24         54.9374    56.8941    3.5617     % 
LB close or above UB, fathomed
8724   31     24         54.9374    56.8941    3.5617     % 
UB: 56.89409448818897
branching on 2 with b.
8725   32     25         54.9374    56.8941    3.5617     % 
UB: 56.89409448818897
branching on 3 with b.
8726   33     26         54.9374    56.8941    3.5617     % 
LB close or above UB, fathomed
8727   32     26         54.9374    56.8941    3.5617     % 
LB close or above UB, fathomed
8728   31     25         54.9374    56.8941    3.5617     % 
LB close or above UB, fathomed
8729   30     23         54.9374    56.8941    3.5617     % 
LB close or above UB, fathomed
8730   29     23         54.9374    56.8941    3.5617     % 
LB close or above UB, fathomed
8731   28     23         54.9374    56.8941    3.5617     % 
UB: 56.89409448818897
branching on CartesianIndex(1, 6) with c.
8732   29     19         54.9374    56.8941    3.5617     % 
LB close or above UB, fathomed
8733   28     19         54.9374    56.8941    3.5617     % 
UB: 56.89409448818897
branching on 2 with b.
8734   29     20         54.9374    56.8941    3.5617     % 
UB: 56.89409448818897
branching on CartesianIndex(1, 5) with c.
8735   30     21         54.9374    56.8941    3.5617     % 
UB: 56.89409448818897
branching on CartesianIndex(1, 6) with c.
8736   31     22         54.9374    56.8941    3.5617     % 
LB close or above UB, fathomed
8737   30     22         54.9374    56.8941    3.5617     % 
UB: 56.89409448818897
branching on CartesianIndex(1, 7) with c.
8738   31     23         54.9374    56.8941    3.5617     % 
UB: 56.89409448818897
branching on 3 with b.
8739   32     24         54.9374    56.8941    3.5617     % 
LB close or above UB, fathomed
8740   31     24         54.9374    56.8941    3.5617     % 
UB: 56.89409448818897
branching on 1 with b.
8741   32     25         54.9374    56.8941    3.5617     % 
LB close or above UB, fathomed
8742   31     25         54.9374    56.8941    3.5617     % 
LB close or above UB, fathomed
8743   30     23         54.9374    56.8941    3.5617     % 
LB close or above UB, fathomed
8744   29     21         54.9374    56.8941    3.5617     % 
LB close or above UB, fathomed
8745   28     20         54.9374    56.8941    3.5617     % 
LB close or above UB, fathomed
8746   27     19         54.9374    56.8941    3.5617     % 
LB close or above UB, fathomed
8747   26     19         54.9374    56.8941    3.5617     % 
UB: 56.89409448818897
branching on CartesianIndex(1, 5) with c.
8748   27     20         54.9374    56.8941    3.5617     % 
UB: 56.89409448818897
branching on CartesianIndex(1, 6) with c.
8749   28     21         54.9374    56.8941    3.5617     % 
UB: 56.89409448818897
branching on CartesianIndex(1, 7) with c.
8750   29     22         54.9374    56.8941    3.5617     % 
UB: 56.89409448818897
branching on 1 with b.
8751   30     23         54.9374    56.8941    3.5617     % 
LB close or above UB, fathomed
8752   29     23         54.9374    56.8941    3.5617     % 
LB close or above UB, fathomed
8753   28     22         54.9374    56.8941    3.5617     % 
LB close or above UB, fathomed
8754   27     21         54.9374    56.8941    3.5617     % 
LB close or above UB, fathomed
8755   26     20         54.9374    56.8941    3.5617     % 
LB close or above UB, fathomed
8756   25     25         54.9374    56.8941    3.5617     % 
UB: 56.89409448818897
branching on 2 with b.
8757   26     26         54.9374    56.8941    3.5617     % 
UB: 56.89409448818897
branching on 3 with b.
8758   27     27         54.9374    56.8941    3.5617     % 
UB: 56.89409448818897
branching on 1 with b.
8759   28     28         54.9374    56.8941    3.5617     % 
LB close or above UB, fathomed
8760   27     28         54.9374    56.8941    3.5617     % 
LB close or above UB, fathomed
8761   26     27         54.9374    56.8941    3.5617     % 
LB close or above UB, fathomed
8762   25     26         54.9374    56.8941    3.5617     % 
LB close or above UB, fathomed
8763   24     25         54.9374    56.8941    3.5617     % 
LB close or above UB, fathomed
8764   23     24         54.9374    56.8941    3.5617     % 
LB close or above UB, fathomed
8765   22     24         54.9374    56.8941    3.5617     % 
UB: 56.89409448818897
branching on CartesianIndex(1, 7) with c.
8766   23     25         54.9374    56.8941    3.5617     % 
UB: 56.89409448818897
branching on 2 with b.
8767   24     26         54.9374    56.8941    3.5617     % 
UB: 56.89409448818897
branching on 3 with b.
8768   25     27         54.9374    56.8941    3.5617     % 
LB close or above UB, fathomed
8769   24     27         54.9374    56.8941    3.5617     % 
LB close or above UB, fathomed
8770   23     26         54.9374    56.8941    3.5617     % 
LB close or above UB, fathomed
8771   22     25         54.9374    56.8941    3.5617     % 
LB close or above UB, fathomed
8772   21     21         54.9374    56.8941    3.5617     % 
LB close or above UB, fathomed
8773   20     21         54.9374    56.8941    3.5617     % 
UB: 56.89409448818897
branching on CartesianIndex(1, 5) with c.
8774   21     22         54.9374    56.8941    3.5617     % 
UB: 56.89409448818897
branching on CartesianIndex(1, 6) with c.
8775   22     23         54.9374    56.8941    3.5617     % 
UB: 56.89409448818897
branching on CartesianIndex(1, 7) with c.
8776   23     24         54.9374    56.8941    3.5617     % 
UB: 56.89409448818897
branching on 1 with b.
8777   24     25         54.9374    56.8941    3.5617     % 
LB close or above UB, fathomed
8778   23     25         54.9374    56.8941    3.5617     % 
LB close or above UB, fathomed
8779   22     24         54.9374    56.8941    3.5617     % 
LB close or above UB, fathomed
8780   21     23         54.9374    56.8941    3.5617     % 
LB close or above UB, fathomed
8781   20     22         54.9374    56.8941    3.5617     % 
LB close or above UB, fathomed
8782   19     20         54.9374    56.8941    3.5617     % 
LB close or above UB, fathomed
8783   18     20         54.9374    56.8941    3.5617     % 
UB: 56.89409448818897
branching on CartesianIndex(1, 5) with c.
8784   19     21         54.9374    56.8941    3.5617     % 
UB: 56.89409448818897
branching on CartesianIndex(1, 6) with c.
8785   20     22         54.9374    56.8941    3.5617     % 
UB: 56.89409448818897
branching on CartesianIndex(1, 7) with c.
8786   21     23         54.9374    56.8941    3.5617     % 
UB: 56.89409448818897
branching on 1 with b.
8787   22     24         54.9374    56.8941    3.5617     % 
LB close or above UB, fathomed
8788   21     24         54.9374    56.8941    3.5617     % 
LB close or above UB, fathomed
8789   20     23         54.9374    56.8941    3.5617     % 
LB close or above UB, fathomed
8790   19     22         54.9374    56.8941    3.5617     % 
LB close or above UB, fathomed
8791   18     21         54.9374    56.8941    3.5617     % 
LB close or above UB, fathomed
8792   17     21         54.9374    56.8941    3.5617     % 
LB close or above UB, fathomed
8793   16     21         54.9374    56.8941    3.5617     % 
UB: 56.89409448818897
branching on CartesianIndex(1, 5) with c.
8794   17     22         54.9374    56.8941    3.5617     % 
UB: 56.89409448818897
branching on CartesianIndex(1, 6) with c.
8795   18     23         54.9374    56.8941    3.5617     % 
LB close or above UB, fathomed
8796   17     23         54.9374    56.8941    3.5617     % 
UB: 56.89409448818897
branching on CartesianIndex(1, 7) with c.
8797   18     24         54.9374    56.8941    3.5617     % 
UB: 56.89409448818897
branching on 2 with b.
8798   19     25         54.9374    56.8941    3.5617     % 
UB: 56.89409448818897
branching on 3 with b.
8799   20     26         54.9374    56.8941    3.5617     % 
LB close or above UB, fathomed
8800   19     26         54.9374    56.8941    3.5617     % 
LB close or above UB, fathomed
8801   18     25         54.9374    56.8941    3.5617     % 
UB: 56.89409448818897
branching on 3 with b.
8802   19     26         54.9374    56.8941    3.5617     % 
LB close or above UB, fathomed
8803   18     26         54.9374    56.8941    3.5617     % 
LB close or above UB, fathomed
8804   17     24         54.9374    56.8941    3.5617     % 
LB close or above UB, fathomed
8805   16     22         54.9374    56.8941    3.5617     % 
UB: 56.89409448818897
branching on CartesianIndex(1, 6) with c.
8806   17     23         54.9374    56.8941    3.5617     % 
LB close or above UB, fathomed
8807   16     23         54.9374    56.8941    3.5617     % 
UB: 56.89409448818897
branching on CartesianIndex(1, 7) with c.
8808   17     24         54.9374    56.8941    3.5617     % 
UB: 56.89409448818897
branching on 2 with b.
8809   18     25         54.9374    56.8941    3.5617     % 
UB: 56.89409448818897
branching on 3 with b.
8810   19     26         54.9374    56.8941    3.5617     % 
LB close or above UB, fathomed
8811   18     26         54.9374    56.8941    3.5617     % 
LB close or above UB, fathomed
8812   17     25         54.9374    56.8941    3.5617     % 
UB: 56.89409448818897
branching on 3 with b.
8813   18     26         54.9374    56.8941    3.5617     % 
LB close or above UB, fathomed
8814   17     26         54.9374    56.8941    3.5617     % 
LB close or above UB, fathomed
8815   16     24         54.9374    56.8941    3.5617     % 
LB close or above UB, fathomed
8816   15     16         54.9374    56.8941    3.5617     % 
LB close or above UB, fathomed
8817   14     16         54.9374    56.8941    3.5617     % 
UB: 56.89409448818897
branching on CartesianIndex(1, 5) with c.
8818   15     17         54.9374    56.8941    3.5617     % 
UB: 56.89409448818897
branching on 2 with b.
8819   16     18         54.9374    56.8941    3.5617     % 
UB: 56.89409448818897
branching on CartesianIndex(1, 6) with c.
8820   17     19         54.9374    56.8941    3.5617     % 
UB: 56.89409448818897
branching on CartesianIndex(1, 7) with c.
8821   18     20         54.9374    56.8941    3.5617     % 
UB: 56.89409448818897
branching on 3 with b.
8822   19     21         54.9374    56.8941    3.5617     % 
UB: 56.89409448818897
branching on 1 with b.
8823   20     22         54.9374    56.8941    3.5617     % 
LB close or above UB, fathomed
8824   19     22         54.9374    56.8941    3.5617     % 
LB close or above UB, fathomed
8825   18     21         54.9374    56.8941    3.5617     % 
UB: 56.89409448818897
branching on 1 with b.
8826   19     22         54.9374    56.8941    3.5617     % 
LB close or above UB, fathomed
8827   18     22         54.9374    56.8941    3.5617     % 
LB close or above UB, fathomed
8828   17     20         54.9374    56.8941    3.5617     % 
LB close or above UB, fathomed
8829   16     19         54.9374    56.8941    3.5617     % 
UB: 56.89409448818897
branching on 3 with b.
8830   17     20         54.9374    56.8941    3.5617     % 
UB: 56.89409448818897
branching on CartesianIndex(1, 7) with c.
8831   18     21         54.9374    56.8941    3.5617     % 
UB: 56.89409448818897
branching on 1 with b.
8832   19     22         54.9374    56.8941    3.5617     % 
LB close or above UB, fathomed
8833   18     22         54.9374    56.8941    3.5617     % 
LB close or above UB, fathomed
8834   17     21         54.9374    56.8941    3.5617     % 
LB close or above UB, fathomed
8835   16     20         54.9374    56.8941    3.5617     % 
UB: 56.89409448818897
branching on 1 with b.
8836   17     21         54.9374    56.8941    3.5617     % 
LB close or above UB, fathomed
8837   16     21         54.9374    56.8941    3.5617     % 
LB close or above UB, fathomed
8838   15     18         54.9374    56.8941    3.5617     % 
LB close or above UB, fathomed
8839   14     17         54.9374    56.8941    3.5617     % 
LB close or above UB, fathomed
8840   13     20         54.9374    56.8941    3.5617     % 
LB close or above UB, fathomed
8841   12     20         54.9374    56.8941    3.5617     % 
UB: 56.89409448818897
branching on CartesianIndex(1, 5) with c.
8842   13     21         54.9374    56.8941    3.5617     % 
UB: 56.89409448818897
branching on CartesianIndex(1, 6) with c.
8843   14     22         54.9374    56.8941    3.5617     % 
UB: 56.89409448818897
branching on CartesianIndex(1, 7) with c.
8844   15     23         54.9374    56.8941    3.5617     % 
UB: 56.89409448818897
branching on 1 with b.
8845   16     24         54.9374    56.8941    3.5617     % 
LB close or above UB, fathomed
8846   15     24         54.9374    56.8941    3.5617     % 
LB close or above UB, fathomed
8847   14     23         54.9374    56.8941    3.5617     % 
LB close or above UB, fathomed
8848   13     22         54.9374    56.8941    3.5617     % 
UB: 56.89409448818897
branching on CartesianIndex(1, 7) with c.
8849   14     23         54.9374    56.8941    3.5617     % 
UB: 56.89409448818897
branching on 1 with b.
8850   15     24         54.9374    56.8941    3.5617     % 
LB close or above UB, fathomed
8851   14     24         54.9374    56.8941    3.5617     % 
LB close or above UB, fathomed
8852   13     23         54.9374    56.8941    3.5617     % 
LB close or above UB, fathomed
8853   12     21         54.9374    56.8941    3.5617     % 
LB close or above UB, fathomed
8854   11     19         54.9374    56.8941    3.5617     % 
UB: 56.89409448818897
branching on CartesianIndex(4, 3) with a.
8855   12     19         54.9374    56.8941    3.5617     % 
UB: 56.89409448818897
branching on CartesianIndex(1, 4) with c.
8856   13     20         54.9374    56.8941    3.5617     % 
LB close or above UB, fathomed
8857   12     20         54.9374    56.8941    3.5617     % 
UB: 56.89409448818897
branching on CartesianIndex(1, 5) with c.
8858   13     21         54.9374    56.8941    3.5617     % 
UB: 56.89409448818897
branching on CartesianIndex(1, 6) with c.
8859   14     22         54.9374    56.8941    3.5617     % 
UB: 56.89409448818897
branching on CartesianIndex(1, 7) with c.
8860   15     23         54.9374    56.8941    3.5617     % 
UB: 56.89409448818897
branching on 1 with b.
8861   16     24         54.9374    56.8941    3.5617     % 
LB close or above UB, fathomed
8862   15     24         54.9374    56.8941    3.5617     % 
LB close or above UB, fathomed
8863   14     23         54.9374    56.8941    3.5617     % 
LB close or above UB, fathomed
8864   13     22         54.9374    56.8941    3.5617     % 
UB: 56.89409448818897
branching on CartesianIndex(1, 7) with c.
8865   14     23         54.9374    56.8941    3.5617     % 
UB: 56.89409448818897
branching on 1 with b.
8866   15     24         54.9374    56.8941    3.5617     % 
LB close or above UB, fathomed
8867   14     24         54.9374    56.8941    3.5617     % 
LB close or above UB, fathomed
8868   13     23         54.9374    56.8941    3.5617     % 
LB close or above UB, fathomed
8869   12     21         54.9374    56.8941    3.5617     % 
LB close or above UB, fathomed
8870   11     23         54.9374    56.8941    3.5617     % 
LB close or above UB, fathomed
8871   10     23         54.9374    56.8941    3.5617     % 
UB: 56.89409448818897
branching on CartesianIndex(1, 5) with c.
8872   11     24         54.9374    56.8941    3.5617     % 
UB: 56.89409448818897
branching on CartesianIndex(1, 6) with c.
8873   12     25         54.9374    56.8941    3.5617     % 
LB close or above UB, fathomed
8874   11     25         54.9374    56.8941    3.5617     % 
UB: 56.89409448818897
branching on CartesianIndex(1, 7) with c.
8875   12     26         54.9374    56.8941    3.5617     % 
UB: 56.89409448818897
branching on 3 with b.
8876   13     27         54.9374    56.8941    3.5617     % 
LB close or above UB, fathomed
8877   12     27         54.9374    56.8941    3.5617     % 
LB close or above UB, fathomed
8878   11     26         54.9374    56.8941    3.5617     % 
LB close or above UB, fathomed
8879   10     24         54.9374    56.8941    3.5617     % 
UB: 56.89409448818897
branching on CartesianIndex(1, 6) with c.
8880   11     25         54.9374    56.8941    3.5617     % 
LB close or above UB, fathomed
8881   10     25         54.9374    56.8941    3.5617     % 
UB: 56.89409448818897
branching on CartesianIndex(1, 7) with c.
8882   11     26         54.9374    56.8941    3.5617     % 
UB: 56.89409448818897
branching on 3 with b.
8883   12     27         54.9374    56.8941    3.5617     % 
LB close or above UB, fathomed
8884   11     27         54.9374    56.8941    3.5617     % 
LB close or above UB, fathomed
8885   10     26         54.9374    56.8941    3.5617     % 
LB close or above UB, fathomed
8886   9      20         54.9374    56.8941    3.5617     % 
UB: 56.89409448818897
branching on CartesianIndex(1, 4) with c.
8887   10     21         54.9374    56.8941    3.5617     % 
LB close or above UB, fathomed
8888   9      21         54.9374    56.8941    3.5617     % 
UB: 56.89409448818897
branching on CartesianIndex(1, 5) with c.
8889   10     22         54.9374    56.8941    3.5617     % 
UB: 56.89409448818897
branching on CartesianIndex(1, 6) with c.
8890   11     23         54.9374    56.8941    3.5617     % 
UB: 56.89409448818897
branching on CartesianIndex(1, 7) with c.
8891   12     24         54.9374    56.8941    3.5617     % 
UB: 56.89409448818897
branching on 1 with b.
8892   13     25         54.9374    56.8941    3.5617     % 
LB close or above UB, fathomed
8893   12     25         54.9374    56.8941    3.5617     % 
LB close or above UB, fathomed
8894   11     24         54.9374    56.8941    3.5617     % 
LB close or above UB, fathomed
8895   10     23         54.9374    56.8941    3.5617     % 
UB: 56.89409448818897
branching on CartesianIndex(1, 7) with c.
8896   11     24         54.9374    56.8941    3.5617     % 
UB: 56.89409448818897
branching on 1 with b.
8897   12     25         54.9374    56.8941    3.5617     % 
LB close or above UB, fathomed
8898   11     25         54.9374    56.8941    3.5617     % 
LB close or above UB, fathomed
8899   10     24         54.9374    56.8941    3.5617     % 
LB close or above UB, fathomed
8900   9      22         54.9374    56.8941    3.5617     % 
LB close or above UB, fathomed
8901   8      20         54.9374    56.8941    3.5617     % 
UB: 56.89409448818897
branching on CartesianIndex(1, 4) with c.
8902   9      21         54.9374    56.8941    3.5617     % 
LB close or above UB, fathomed
8903   8      21         54.9374    56.8941    3.5617     % 
UB: 56.89409448818897
branching on CartesianIndex(1, 5) with c.
8904   9      22         54.9374    56.8941    3.5617     % 
UB: 56.89409448818897
branching on CartesianIndex(1, 6) with c.
8905   10     23         54.9374    56.8941    3.5617     % 
UB: 56.89409448818897
branching on CartesianIndex(1, 7) with c.
8906   11     24         54.9374    56.8941    3.5617     % 
UB: 56.89409448818897
branching on 1 with b.
8907   12     25         54.9374    56.8941    3.5617     % 
LB close or above UB, fathomed
8908   11     25         54.9374    56.8941    3.5617     % 
LB close or above UB, fathomed
8909   10     24         54.9374    56.8941    3.5617     % 
LB close or above UB, fathomed
8910   9      23         54.9374    56.8941    3.5617     % 
UB: 56.89409448818897
branching on CartesianIndex(1, 7) with c.
8911   10     24         54.9374    56.8941    3.5617     % 
UB: 56.89409448818897
branching on 1 with b.
8912   11     25         54.9374    56.8941    3.5617     % 
LB close or above UB, fathomed
8913   10     25         54.9374    56.8941    3.5617     % 
LB close or above UB, fathomed
8914   9      24         54.9374    56.8941    3.5617     % 
LB close or above UB, fathomed
8915   8      22         54.9374    56.8941    3.5617     % 
LB close or above UB, fathomed
8916   7      14         55.0352    56.8941    3.3776     % 
LB close or above UB, fathomed
8917   6      14         55.0352    56.8941    3.3776     % 
LB close or above UB, fathomed
8918   5      12         55.0606    56.8941    3.3299     % 
LB close or above UB, fathomed
8919   4      12         55.0606    56.8941    3.3299     % 
LB close or above UB, fathomed
8920   3      14         55.3287    56.8941    2.8292     % 
UB: 56.89409448818897
branching on 2 with b.
8921   4      15         55.3287    56.8941    2.8292     % 
LB close or above UB, fathomed
8922   3      15         55.3287    56.8941    2.8292     % 
LB close or above UB, fathomed
8923   2      14         55.3287    56.8941    2.8292     % 
LB close or above UB, fathomed
8924   1      14         55.9157    56.8941    1.7497     % 
LB close or above UB, fathomed
8925   0      14         55.9157    56.8941    1.7497     % 
LB close or above UB, fathomed
all node solved
solved nodes:  8926
8926                                                  5.6873e+01     5.6894e+01     0.0367  % 
5×3 Matrix{Float64}:
 0.0  0.0  0.0
 0.0  0.0  1.0
 1.0  0.0  0.0
 0.0  1.0  0.0
 0.0  0.0  0.0
3-element Vector{Float64}:
 0.41020548051721406
 0.1659625775229996
 0.3488884548855378
2×7 Matrix{Float64}:
 0.0  0.0  0.0  1.0  1.0  1.0  0.0
 0.0  0.0  0.0  0.0  0.0  0.0  1.0
3-element Vector{Float64}:
 1.0
 1.0
 1.0
5×3 Matrix{Float64}:
 0.0  0.0  0.0
 0.0  0.0  0.0
 0.0  0.0  1.0
 0.0  1.0  0.0
 1.0  0.0  0.0
3-element Vector{Float64}:
 0.40263033732214565
 0.2683534491371655
 0.5890441669326792
2×7 Matrix{Float64}:
 0.0  0.0  0.0  1.0  0.0  1.0  0.0
 0.0  0.0  0.0  0.0  1.0  0.0  1.0
3-element Vector{Float64}:
 1.0
 1.0
 1.0
comparison (CRT and Glb)on prediction: Dict{Bool, Int64}(0 => 15, 1 => 108)
Dataname	 time	 objv	 lb	 gap	 train_w	 train_g	 test_w	 test_g
/work_bgfs/n/navarrodelacruz/odt/optimal_decision_tree/augmented_datasets/body/body_147.body	 262.74	 56.89409448818897	 56.873	 0.0004	 89.84	 92.246	 91.87	 92.683
