Running 6 processes.
Start training /work_bgfs/n/navarrodelacruz/odt/optimal_decision_tree/augmented_datasets/body/body_602.body with seed 1.
Any[]
(5, 497)
(5, 249)
(5, 124)
(5, 124)
dimension: 5, class: 2
cart cost: 70.31470588235291
size of X: (5, 373)
ngroups: 12
UB: 50.824509803921565
Iter	left	lev	LB	UB	gap	
0      0      1          4.0170     50.8245    1165.2307  % 
UB: 50.824509803921565
branching on 1 with d.
1      1      2          4.0170     50.8245    1165.2307  % 
LB close or above UB, fathomed
2      0      2          4.0170     50.8245    1165.2307  % 
UB: 50.824509803921565
branching on 2 with d.
3      1      3          4.0170     50.8245    1165.2307  % 
UB: 50.824509803921565
branching on 3 with d.
4      2      3          4.0170     50.8245    1165.2307  % 
UB: 50.824509803921565
branching on 3 with d.
5      3      4          4.0170     50.8245    1165.2307  % 
UB: 50.824509803921565
branching on CartesianIndex(1, 1) with a.
6      4      4          4.0170     50.8245    1165.2307  % 
UB: 50.824509803921565
branching on CartesianIndex(1, 1) with a.
7      5      5          4.0385     50.8245    1158.5036  % 
UB: 50.824509803921565
branching on CartesianIndex(2, 1) with a.
8      6      6          4.0385     50.8245    1158.5036  % 
UB: 50.824509803921565
branching on CartesianIndex(3, 1) with a.
9      7      7          4.0385     50.8245    1158.5036  % 
UB: 50.824509803921565
branching on 1 with b.
10     8      7          4.0385     50.8245    1158.5036  % 
UB: 50.824509803921565
branching on CartesianIndex(1, 2) with a.
11     9      6          4.0385     50.8245    1158.5036  % 
UB: 50.824509803921565
branching on 1 with b.
12     10     5          4.0385     50.8245    1158.5036  % 
UB: 50.824509803921565
branching on CartesianIndex(1, 2) with a.
13     11     8          4.0385     50.8245    1158.4962  % 
UB: 50.824509803921565
branching on CartesianIndex(4, 1) with a.
14     12     9          4.0385     50.8245    1158.4962  % 
UB: 50.824509803921565
branching on CartesianIndex(1, 2) with a.
15     13     9          4.0385     50.8245    1158.4962  % 
UB: 50.824509803921565
branching on CartesianIndex(1, 2) with a.
16     14     8          4.0385     50.8245    1158.4962  % 
UB: 50.824509803921565
branching on CartesianIndex(4, 1) with a.
17     15     10         5.9875     50.8245    748.8392   % 
UB: 50.824509803921565
branching on 1 with b.
18     16     11         5.9875     50.8245    748.8392   % 
LB close or above UB, fathomed
19     15     11         5.9875     50.8245    748.8392   % 
UB: 50.824509803921565
branching on CartesianIndex(2, 2) with a.
20     16     12         5.9875     50.8245    748.8392   % 
UB: 50.824509803921565
branching on 2 with b.
21     17     13         5.9875     50.8245    748.8392   % 
UB: 50.824509803921565
branching on 3 with b.
22     18     14         5.9875     50.8245    748.8392   % 
UB: 50.824509803921565
branching on CartesianIndex(3, 2) with a.
23     19     14         5.9875     50.8245    748.8392   % 
UB: 50.824509803921565
branching on CartesianIndex(3, 2) with a.
24     20     13         5.9875     50.8245    748.8392   % 
LB close or above UB, fathomed
25     19     12         5.9875     50.8245    748.8392   % 
UB: 50.824509803921565
branching on CartesianIndex(1, 3) with a.
26     20     10         5.9875     50.8245    748.8392   % 
UB: 50.824509803921565
branching on 1 with b.
27     21     15         5.9971     50.8245    747.4906   % 
UB: 50.824509803921565
branching on CartesianIndex(4, 2) with a.
28     22     15         5.9971     50.8245    747.4906   % 
UB: 50.824509803921565
branching on CartesianIndex(1, 3) with a.
29     23     16         7.9461     50.8245    539.6175   % 
LB close or above UB, fathomed
30     22     16         7.9461     50.8245    539.6175   % 
UB: 50.824509803921565
branching on CartesianIndex(1, 3) with a.
31     23     17         7.9461     50.8245    539.6175   % 
UB: 50.824509803921565
branching on CartesianIndex(2, 3) with a.
32     24     18         7.9461     50.8245    539.6175   % 
UB: 50.824509803921565
branching on CartesianIndex(3, 3) with a.
33     25     18         7.9461     50.8245    539.6175   % 
UB: 50.824509803921565
branching on CartesianIndex(1, 4) with c.
34     26     17         7.9461     50.8245    539.6175   % 
UB: 48.87549019607843
branching on CartesianIndex(1, 4) with c.
35     27     19         9.8951     48.8755    393.9364   % 
UB: 48.87549019607843
branching on CartesianIndex(4, 3) with a.
36     28     19         9.8951     48.8755    393.9364   % 
UB: 48.87549019607843
branching on CartesianIndex(1, 4) with c.
37     29     15         11.8346    48.8755    312.9885   % 
UB: 48.87549019607843
branching on CartesianIndex(4, 2) with a.
38     30     15         11.8346    48.8755    312.9885   % 
UB: 48.87549019607843
branching on 1 with b.
39     31     20         11.8441    48.8755    312.6562   % 
LB close or above UB, fathomed
40     30     20         11.8441    48.8755    312.6562   % 
UB: 48.87549019607843
branching on CartesianIndex(1, 5) with c.
41     31     21         11.8441    48.8755    312.6562   % 
UB: 48.87549019607843
branching on CartesianIndex(1, 6) with c.
42     32     22         11.8441    48.8755    312.6562   % 
LB close or above UB, fathomed
43     31     22         11.8441    48.8755    312.6562   % 
UB: 48.87549019607843
branching on 1 with b.
44     32     23         11.8441    48.8755    312.6562   % 
UB: 48.87549019607843
branching on CartesianIndex(1, 7) with c.
45     33     23         11.8441    48.8755    312.6562   % 
UB: 48.87549019607843
branching on CartesianIndex(1, 7) with c.
46     34     21         11.8441    48.8755    312.6562   % 
LB close or above UB, fathomed
47     33     16         15.7327    48.8755    210.6622   % 
LB close or above UB, fathomed
48     32     16         15.7327    48.8755    210.6622   % 
UB: 48.87549019607843
branching on CartesianIndex(1, 3) with a.
49     33     11         15.7422    48.8755    210.4752   % 
UB: 48.87549019607843
branching on CartesianIndex(1, 3) with a.
50     34     11         15.7422    48.8755    210.4752   % 
UB: 48.87549019607843
branching on 2 with b.
51     35     12         15.7422    48.8755    210.4752   % 
UB: 48.87549019607843
branching on CartesianIndex(1, 3) with a.
52     36     13         15.7422    48.8755    210.4752   % 
UB: 48.87549019607843
branching on 3 with b.
53     37     13         15.7422    48.8755    210.4752   % 
UB: 48.87549019607843
branching on 3 with b.
54     38     12         15.7422    48.8755    210.4752   % 
LB close or above UB, fathomed
55     37     24         15.7422    48.8755    210.4752   % 
UB: 48.87549019607843
branching on 2 with b.
56     38     25         15.7422    48.8755    210.4752   % 
UB: 48.87549019607843
branching on 3 with b.
57     39     25         15.7422    48.8755    210.4752   % 
UB: 48.87549019607843
branching on 3 with b.
58     40     24         15.7422    48.8755    210.4752   % 
LB close or above UB, fathomed
59     39     26         15.7422    48.8755    210.4752   % 
UB: 48.87549019607843
branching on 1 with b.
60     40     27         15.7422    48.8755    210.4752   % 
UB: 48.87549019607843
branching on 2 with b.
61     41     28         15.7422    48.8755    210.4752   % 
UB: 46.92647058823529
branching on 3 with b.
62     42     29         15.7422    46.9265    198.0943   % 
UB: 46.92647058823529
branching on 1 with b.
63     41     29         15.7422    46.9265    198.0943   % 
UB: 46.92647058823529
branching on 1 with b.
64     42     28         15.7422    46.9265    198.0943   % 
LB close or above UB, fathomed
65     41     27         15.7422    46.9265    198.0943   % 
UB: 46.92647058823529
branching on 2 with b.
66     42     26         15.7422    46.9265    198.0943   % 
LB close or above UB, fathomed
67     41     17         17.6817    46.9265    165.3957   % 
UB: 46.92647058823529
branching on CartesianIndex(2, 3) with a.
68     42     17         17.6817    46.9265    165.3957   % 
UB: 46.92647058823529
branching on CartesianIndex(1, 4) with c.
69     43     14         17.6912    46.9265    165.2535   % 
UB: 46.92647058823529
branching on CartesianIndex(2, 3) with a.
70     44     14         17.6912    46.9265    165.2535   % 
UB: 46.92647058823529
branching on CartesianIndex(2, 3) with a.
71     45     16         17.6912    46.9265    165.2535   % 
UB: 46.92647058823529
branching on CartesianIndex(2, 3) with a.
72     46     17         17.6912    46.9265    165.2535   % 
UB: 46.92647058823529
branching on CartesianIndex(3, 3) with a.
73     47     17         17.6912    46.9265    165.2535   % 
UB: 46.92647058823529
branching on CartesianIndex(1, 4) with c.
74     48     16         17.6912    46.9265    165.2535   % 
UB: 46.92647058823529
branching on CartesianIndex(1, 4) with c.
75     49     30         17.6912    46.9265    165.2535   % 
UB: 46.92647058823529
branching on 2 with b.
76     50     30         17.6912    46.9265    165.2535   % 
UB: 44.977450980392156
branching on 2 with b.
77     51     8          19.6402    44.9775    129.0074   % 
UB: 44.977450980392156
branching on CartesianIndex(2, 2) with a.
78     52     9          19.6402    44.9775    129.0074   % 
UB: 44.977450980392156
branching on CartesianIndex(3, 2) with a.
79     53     9          19.6402    44.9775    129.0074   % 
UB: 44.977450980392156
branching on 1 with b.
80     54     8          19.6402    44.9775    129.0074   % 
UB: 44.977450980392156
branching on 1 with b.
81     55     31         19.6402    44.9775    129.0071   % 
UB: 44.977450980392156
branching on 3 with b.
82     56     32         19.6402    44.9775    129.0071   % 
UB: 44.977450980392156
branching on 1 with b.
83     57     32         19.6402    44.9775    129.0071   % 
UB: 44.977450980392156
branching on 1 with b.
84     58     31         19.6402    44.9775    129.0071   % 
LB close or above UB, fathomed
85     57     15         19.6402    44.9775    129.0071   % 
UB: 44.977450980392156
branching on CartesianIndex(3, 3) with a.
86     58     16         19.6402    44.9775    129.0071   % 
LB close or above UB, fathomed
87     57     16         19.6402    44.9775    129.0071   % 
UB: 44.977450980392156
branching on CartesianIndex(1, 4) with c.
88     58     15         19.6402    44.9775    129.0071   % 
UB: 44.977450980392156
branching on 1 with b.
89     59     24         19.6402    44.9775    129.0071   % 
UB: 44.977450980392156
branching on 2 with b.
90     60     25         19.6402    44.9775    129.0071   % 
UB: 44.977450980392156
branching on 3 with b.
91     61     25         19.6402    44.9775    129.0071   % 
UB: 44.977450980392156
branching on 3 with b.
92     62     24         19.6402    44.9775    129.0071   % 
LB close or above UB, fathomed
93     61     18         19.6402    44.9775    129.0071   % 
UB: 44.977450980392156
branching on CartesianIndex(3, 3) with a.
94     62     18         19.6402    44.9775    129.0071   % 
UB: 44.977450980392156
branching on CartesianIndex(1, 4) with c.
95     63     18         21.5797    44.9775    108.4245   % 
LB close or above UB, fathomed
96     62     18         21.5797    44.9775    108.4245   % 
UB: 44.977450980392156
branching on CartesianIndex(1, 5) with c.
97     63     17         21.5892    44.9775    108.3330   % 
LB close or above UB, fathomed
98     62     17         21.5892    44.9775    108.3330   % 
UB: 44.977450980392156
branching on 1 with b.
99     63     18         21.5892    44.9775    108.3330   % 
UB: 44.977450980392156
branching on CartesianIndex(1, 5) with c.
100    64     18         21.5892    44.9775    108.3330   % 
UB: 44.977450980392156
branching on CartesianIndex(1, 5) with c.
101    65     18         21.5892    44.9775    108.3330   % 
UB: 44.977450980392156
branching on CartesianIndex(4, 3) with a.
102    66     18         21.5892    44.9775    108.3330   % 
UB: 44.977450980392156
branching on CartesianIndex(1, 4) with c.
103    67     19         21.5892    44.9775    108.3330   % 
LB close or above UB, fathomed
104    66     19         21.5892    44.9775    108.3330   % 
UB: 44.977450980392156
branching on CartesianIndex(1, 5) with c.
105    67     14         21.5892    44.9775    108.3330   % 
UB: 44.977450980392156
branching on CartesianIndex(1, 4) with c.
106    68     14         21.5892    44.9775    108.3330   % 
UB: 44.977450980392156
branching on CartesianIndex(1, 4) with c.
107    69     18         21.5892    44.9775    108.3330   % 
LB close or above UB, fathomed
108    68     18         21.5892    44.9775    108.3330   % 
UB: 44.977450980392156
branching on CartesianIndex(1, 5) with c.
109    69     19         21.5892    44.9775    108.3330   % 
UB: 44.977450980392156
branching on CartesianIndex(1, 6) with c.
110    70     20         21.5892    44.9775    108.3330   % 
LB close or above UB, fathomed
111    69     20         21.5892    44.9775    108.3330   % 
UB: 44.977450980392156
branching on CartesianIndex(1, 7) with c.
112    70     21         21.5892    44.9775    108.3330   % 
UB: 44.977450980392156
branching on 1 with b.
113    71     22         21.5892    44.9775    108.3330   % 
LB close or above UB, fathomed
114    70     22         21.5892    44.9775    108.3330   % 
UB: 44.977450980392156
branching on 2 with b.
115    71     21         21.5892    44.9775    108.3330   % 
LB close or above UB, fathomed
116    70     19         21.5892    44.9775    108.3330   % 
LB close or above UB, fathomed
117    69     19         23.5288    44.9775    91.1595    % 
UB: 44.977450980392156
branching on CartesianIndex(1, 6) with c.
118    70     20         23.5288    44.9775    91.1595    % 
LB close or above UB, fathomed
119    69     20         23.5288    44.9775    91.1595    % 
UB: 44.977450980392156
branching on CartesianIndex(1, 7) with c.
120    70     21         23.5288    44.9775    91.1595    % 
UB: 44.977450980392156
branching on 1 with b.
121    71     22         23.5288    44.9775    91.1595    % 
UB: 44.977450980392156
branching on 2 with b.
122    72     22         23.5288    44.9775    91.1595    % 
UB: 44.977450980392156
branching on 2 with b.
123    73     21         23.5288    44.9775    91.1595    % 
LB close or above UB, fathomed
124    72     19         23.5288    44.9775    91.1595    % 
LB close or above UB, fathomed
125    71     16         23.5382    44.9775    91.0829    % 
UB: 44.977450980392156
branching on 2 with b.
126    72     16         23.5382    44.9775    91.0829    % 
UB: 44.977450980392156
branching on CartesianIndex(1, 3) with a.
127    73     23         23.5382    44.9775    91.0825    % 
UB: 44.977450980392156
branching on 3 with b.
128    74     23         23.5382    44.9775    91.0825    % 
UB: 44.977450980392156
branching on 3 with b.
129    75     24         23.5382    44.9775    91.0825    % 
UB: 44.977450980392156
branching on 1 with b.
130    76     25         23.5382    44.9775    91.0825    % 
UB: 44.977450980392156
branching on 2 with b.
131    77     25         23.5382    44.9775    91.0825    % 
UB: 44.977450980392156
branching on 2 with b.
132    78     24         23.5382    44.9775    91.0825    % 
LB close or above UB, fathomed
133    77     20         23.5382    44.9775    91.0825    % 
UB: 44.977450980392156
branching on CartesianIndex(1, 6) with c.
134    78     21         23.5382    44.9775    91.0825    % 
LB close or above UB, fathomed
135    77     21         23.5382    44.9775    91.0825    % 
UB: 44.977450980392156
branching on CartesianIndex(1, 7) with c.
136    78     22         23.5382    44.9775    91.0825    % 
UB: 44.977450980392156
branching on 1 with b.
137    79     23         23.5382    44.9775    91.0825    % 
UB: 44.977450980392156
branching on 2 with b.
138    80     23         23.5382    44.9775    91.0825    % 
UB: 44.977450980392156
branching on 2 with b.
139    81     22         23.5382    44.9775    91.0825    % 
LB close or above UB, fathomed
140    80     20         23.5382    44.9775    91.0825    % 
LB close or above UB, fathomed
141    79     19         23.5382    44.9775    91.0825    % 
UB: 44.977450980392156
branching on CartesianIndex(4, 3) with a.
142    80     19         23.5382    44.9775    91.0825    % 
UB: 44.977450980392156
branching on CartesianIndex(1, 4) with c.
143    81     26         23.5382    44.9775    91.0825    % 
UB: 44.977450980392156
branching on 1 with b.
144    82     27         23.5382    44.9775    91.0825    % 
LB close or above UB, fathomed
145    81     27         23.5382    44.9775    91.0825    % 
UB: 44.977450980392156
branching on 2 with b.
146    82     28         23.5382    44.9775    91.0825    % 
UB: 44.977450980392156
branching on 3 with b.
147    83     29         23.5382    44.9775    91.0825    % 
UB: 44.977450980392156
branching on 1 with b.
148    84     30         23.5382    44.9775    91.0825    % 
UB: 44.977450980392156
branching on 2 with b.
149    85     30         23.5382    44.9775    91.0825    % 
UB: 44.977450980392156
branching on 2 with b.
150    86     31         23.5382    44.9775    91.0825    % 
UB: 44.977450980392156
branching on 3 with b.
151    87     32         23.5382    44.9775    91.0825    % 
UB: 44.977450980392156
branching on 1 with b.
152    88     32         23.5382    44.9775    91.0825    % 
UB: 44.977450980392156
branching on 1 with b.
153    89     31         23.5382    44.9775    91.0825    % 
LB close or above UB, fathomed
154    88     29         23.5382    44.9775    91.0825    % 
LB close or above UB, fathomed
155    87     28         23.5382    44.9775    91.0825    % 
LB close or above UB, fathomed
156    86     26         23.5382    44.9775    91.0825    % 
LB close or above UB, fathomed
157    85     15         23.5382    44.9775    91.0825    % 
UB: 44.977450980392156
branching on CartesianIndex(3, 3) with a.
158    86     15         23.5382    44.9775    91.0825    % 
UB: 44.977450980392156
branching on 1 with b.
159    87     19         23.5382    44.9775    91.0825    % 
LB close or above UB, fathomed
160    86     19         23.5382    44.9775    91.0825    % 
UB: 44.977450980392156
branching on CartesianIndex(1, 5) with c.
161    87     20         23.5382    44.9775    91.0825    % 
UB: 44.977450980392156
branching on CartesianIndex(1, 6) with c.
162    88     21         23.5382    44.9775    91.0825    % 
LB close or above UB, fathomed
163    87     21         23.5382    44.9775    91.0825    % 
UB: 44.977450980392156
branching on CartesianIndex(1, 7) with c.
164    88     20         23.5382    44.9775    91.0825    % 
LB close or above UB, fathomed
165    87     10         23.5382    44.9775    91.0825    % 
UB: 44.977450980392156
branching on CartesianIndex(2, 2) with a.
166    88     11         23.5382    44.9775    91.0825    % 
UB: 44.977450980392156
branching on 1 with b.
167    89     11         23.5382    44.9775    91.0825    % 
UB: 44.977450980392156
branching on CartesianIndex(1, 3) with a.
168    90     10         23.5382    44.9775    91.0825    % 
UB: 44.977450980392156
branching on 1 with b.
169    91     31         23.5382    44.9775    91.0825    % 
UB: 44.977450980392156
branching on 3 with b.
170    92     32         23.5382    44.9775    91.0825    % 
UB: 44.977450980392156
branching on 1 with b.
171    93     32         23.5382    44.9775    91.0825    % 
UB: 44.977450980392156
branching on 1 with b.
172    94     31         23.5382    44.9775    91.0825    % 
LB close or above UB, fathomed
173    93     20         24.5127    44.9775    83.4860    % 
LB close or above UB, fathomed
174    92     20         24.5127    44.9775    83.4860    % 
UB: 44.977450980392156
branching on CartesianIndex(1, 5) with c.
175    93     16         25.4873    44.9775    76.4704    % 
UB: 44.977450980392156
branching on CartesianIndex(4, 3) with a.
176    94     16         25.4873    44.9775    76.4704    % 
UB: 44.977450980392156
branching on 1 with b.
177    95     22         25.4873    44.9775    76.4704    % 
UB: 44.977450980392156
branching on 1 with b.
178    96     23         25.4873    44.9775    76.4704    % 
LB close or above UB, fathomed
179    95     23         25.4873    44.9775    76.4704    % 
UB: 44.977450980392156
branching on 2 with b.
180    96     22         25.4873    44.9775    76.4704    % 
LB close or above UB, fathomed
181    95     19         25.4873    44.9775    76.4704    % 
UB: 44.977450980392156
branching on CartesianIndex(1, 6) with c.
182    96     20         25.4873    44.9775    76.4704    % 
LB close or above UB, fathomed
183    95     20         25.4873    44.9775    76.4704    % 
UB: 44.977450980392156
branching on 2 with b.
184    96     21         25.4873    44.9775    76.4704    % 
UB: 44.977450980392156
branching on CartesianIndex(1, 7) with c.
185    97     21         25.4873    44.9775    76.4704    % 
UB: 44.977450980392156
branching on 3 with b.
186    98     19         25.4873    44.9775    76.4704    % 
LB close or above UB, fathomed
187    97     33         25.4873    44.9775    76.4704    % 
UB: 44.977450980392156
branching on 2 with b.
188    98     33         25.4873    44.9775    76.4704    % 
UB: 44.977450980392156
branching on 2 with b.
189    99     7          25.4873    44.9775    76.4704    % 
UB: 44.977450980392156
branching on CartesianIndex(1, 2) with a.
190    100    7          25.4873    44.9775    76.4704    % 
UB: 44.977450980392156
branching on CartesianIndex(1, 2) with a.
191    101    26         25.4873    44.9775    76.4704    % 
UB: 44.977450980392156
branching on 3 with b.
192    102    27         25.4873    44.9775    76.4704    % 
UB: 44.977450980392156
branching on 1 with b.
193    103    28         25.4873    44.9775    76.4704    % 
UB: 44.977450980392156
branching on 2 with b.
194    104    28         25.4873    44.9775    76.4704    % 
UB: 44.977450980392156
branching on 2 with b.
195    105    27         25.4873    44.9775    76.4704    % 
LB close or above UB, fathomed
196    104    26         25.4873    44.9775    76.4704    % 
LB close or above UB, fathomed
197    103    26         25.4873    44.9775    76.4704    % 
UB: 44.977450980392156
branching on 1 with b.
198    104    27         25.4873    44.9775    76.4704    % 
UB: 44.977450980392156
branching on 2 with b.
199    105    27         25.4873    44.9775    76.4704    % 
UB: 44.977450980392156
branching on 2 with b.
200    106    26         25.4873    44.9775    76.4704    % 
LB close or above UB, fathomed
201    105    17         27.4362    44.9775    63.9345    % 
LB close or above UB, fathomed
202    104    17         27.4362    44.9775    63.9345    % 
UB: 44.977450980392156
branching on 3 with b.
203    105    18         27.4362    44.9775    63.9345    % 
LB close or above UB, fathomed
204    104    18         27.4362    44.9775    63.9345    % 
UB: 44.977450980392156
branching on CartesianIndex(1, 3) with a.
205    105    19         27.4362    44.9775    63.9345    % 
UB: 44.977450980392156
branching on CartesianIndex(2, 3) with a.
206    106    19         27.4362    44.9775    63.9345    % 
UB: 44.977450980392156
branching on CartesianIndex(1, 4) with c.
207    107    10         27.4363    44.9775    63.9344    % 
UB: 44.977450980392156
branching on 1 with b.
208    108    10         27.4363    44.9775    63.9344    % 
UB: 44.977450980392156
branching on CartesianIndex(1, 3) with a.
209    109    34         27.4363    44.9775    63.9343    % 
UB: 44.977450980392156
branching on 3 with b.
210    110    34         27.4363    44.9775    63.9343    % 
UB: 44.977450980392156
branching on 3 with b.
211    111    8          27.4363    44.9775    63.9343    % 
UB: 44.977450980392156
branching on CartesianIndex(2, 2) with a.
212    112    9          27.4363    44.9775    63.9343    % 
UB: 44.977450980392156
branching on 1 with b.
213    113    10         27.4363    44.9775    63.9343    % 
LB close or above UB, fathomed
214    112    10         27.4363    44.9775    63.9343    % 
UB: 44.977450980392156
branching on CartesianIndex(3, 2) with a.
215    113    11         27.4363    44.9775    63.9343    % 
UB: 44.977450980392156
branching on 2 with b.
216    114    12         27.4363    44.9775    63.9343    % 
UB: 44.977450980392156
branching on 3 with b.
217    115    13         27.4363    44.9775    63.9343    % 
UB: 44.977450980392156
branching on CartesianIndex(4, 2) with a.
218    116    13         27.4363    44.9775    63.9343    % 
LB close or above UB, fathomed
219    115    12         27.4363    44.9775    63.9343    % 
UB: 44.977450980392156
branching on CartesianIndex(4, 2) with a.
220    116    11         27.4363    44.9775    63.9343    % 
UB: 44.977450980392156
branching on 2 with b.
221    117    9          27.4363    44.9775    63.9343    % 
UB: 44.977450980392156
branching on CartesianIndex(1, 3) with a.
222    118    8          27.4363    44.9775    63.9343    % 
UB: 44.977450980392156
branching on 1 with b.
223    119    22         27.4363    44.9775    63.9343    % 
UB: 44.977450980392156
branching on 1 with b.
224    120    23         27.4363    44.9775    63.9343    % 
LB close or above UB, fathomed
225    119    23         27.4363    44.9775    63.9343    % 
UB: 44.977450980392156
branching on CartesianIndex(1, 7) with c.
226    120    22         27.4363    44.9775    63.9343    % 
LB close or above UB, fathomed
227    119    24         27.4363    44.9775    63.9343    % 
UB: 44.977450980392156
branching on 3 with b.
228    120    24         27.4363    44.9775    63.9343    % 
UB: 44.977450980392156
branching on 3 with b.
229    121    25         27.4363    44.9775    63.9343    % 
UB: 44.977450980392156
branching on 1 with b.
230    122    26         27.4363    44.9775    63.9343    % 
UB: 44.977450980392156
branching on 2 with b.
231    123    26         27.4363    44.9775    63.9343    % 
UB: 44.977450980392156
branching on 2 with b.
232    124    25         27.4363    44.9775    63.9343    % 
LB close or above UB, fathomed
233    123    21         27.4363    44.9775    63.9343    % 
UB: 44.977450980392156
branching on CartesianIndex(1, 6) with c.
234    124    21         27.4363    44.9775    63.9343    % 
LB close or above UB, fathomed
235    123    12         27.4363    44.9775    63.9343    % 
LB close or above UB, fathomed
236    122    12         27.4363    44.9775    63.9343    % 
UB: 44.977450980392156
branching on 2 with b.
237    123    13         27.4363    44.9775    63.9343    % 
UB: 44.977450980392156
branching on CartesianIndex(3, 2) with a.
238    124    14         27.4363    44.9775    63.9343    % 
UB: 44.977450980392156
branching on CartesianIndex(4, 2) with a.
239    125    14         27.4363    44.9775    63.9343    % 
UB: 44.977450980392156
branching on CartesianIndex(1, 3) with a.
240    126    15         27.4363    44.9775    63.9343    % 
UB: 44.977450980392156
branching on 3 with b.
241    127    16         27.4363    44.9775    63.9343    % 
UB: 44.977450980392156
branching on 1 with b.
242    128    16         27.4363    44.9775    63.9343    % 
UB: 44.977450980392156
branching on 1 with b.
243    129    15         27.4363    44.9775    63.9343    % 
LB close or above UB, fathomed
244    128    13         27.4363    44.9775    63.9343    % 
UB: 44.977450980392156
branching on CartesianIndex(3, 2) with a.
245    129    33         27.4363    44.9775    63.9343    % 
UB: 44.977450980392156
branching on 2 with b.
246    130    33         27.4363    44.9775    63.9343    % 
UB: 44.97745098039215
branching on 2 with b.
247    131    20         27.4363    44.9775    63.9343    % 
LB close or above UB, fathomed
248    130    20         27.4363    44.9775    63.9343    % 
UB: 44.97745098039215
branching on 1 with b.
249    131    22         27.4363    44.9775    63.9343    % 
LB close or above UB, fathomed
250    130    22         27.4363    44.9775    63.9343    % 
UB: 44.97745098039215
branching on CartesianIndex(1, 7) with c.
251    131    23         27.4363    44.9775    63.9343    % 
UB: 44.97745098039215
branching on 1 with b.
252    132    24         27.4363    44.9775    63.9343    % 
UB: 44.97745098039215
branching on 2 with b.
253    133    24         27.4363    44.9775    63.9343    % 
UB: 44.97745098039215
branching on 2 with b.
254    134    23         27.4363    44.9775    63.9343    % 
LB close or above UB, fathomed
255    133    24         27.4363    44.9775    63.9343    % 
UB: 44.97745098039215
branching on 2 with b.
256    134    25         27.4363    44.9775    63.9343    % 
UB: 44.97745098039215
branching on 3 with b.
257    135    26         27.4363    44.9775    63.9343    % 
UB: 44.97745098039215
branching on 1 with b.
258    136    27         27.4363    44.9775    63.9343    % 
UB: 44.97745098039215
branching on 2 with b.
259    137    27         27.4363    44.9775    63.9343    % 
UB: 44.97745098039215
branching on 2 with b.
260    138    26         27.4363    44.9775    63.9343    % 
LB close or above UB, fathomed
261    137    25         27.4363    44.9775    63.9343    % 
LB close or above UB, fathomed
262    136    24         27.4363    44.9775    63.9343    % 
LB close or above UB, fathomed
263    135    28         27.4363    44.9775    63.9343    % 
LB close or above UB, fathomed
264    134    28         27.4363    44.9775    63.9343    % 
UB: 44.97745098039215
branching on 3 with b.
265    135    29         27.4363    44.9775    63.9343    % 
UB: 44.97745098039215
branching on 1 with b.
266    136    30         27.4363    44.9775    63.9343    % 
UB: 44.97745098039215
branching on 2 with b.
267    137    31         27.4363    44.9775    63.9343    % 
LB close or above UB, fathomed
268    136    31         27.4363    44.9775    63.9343    % 
UB: 44.97745098039215
branching on 3 with b.
269    137    32         27.4363    44.9775    63.9343    % 
UB: 44.97745098039215
branching on 1 with b.
270    138    32         27.4363    44.9775    63.9343    % 
LB close or above UB, fathomed
271    137    30         27.4363    44.9775    63.9343    % 
UB: 44.97745098039215
branching on 2 with b.
272    138    29         27.4363    44.9775    63.9343    % 
LB close or above UB, fathomed
273    137    26         27.4363    44.9775    63.9343    % 
UB: 44.97745098039215
branching on 1 with b.
274    138    27         27.4363    44.9775    63.9343    % 
UB: 44.97745098039215
branching on 2 with b.
275    139    28         27.4363    44.9775    63.9343    % 
LB close or above UB, fathomed
276    138    28         27.4363    44.9775    63.9343    % 
UB: 44.97745098039215
branching on 3 with b.
277    139    29         27.4363    44.9775    63.9343    % 
UB: 44.97745098039215
branching on 1 with b.
278    140    29         27.4363    44.9775    63.9343    % 
LB close or above UB, fathomed
279    139    27         27.4363    44.9775    63.9343    % 
LB close or above UB, fathomed
280    138    26         27.4363    44.9775    63.9343    % 
LB close or above UB, fathomed
281    137    21         29.3853    44.9775    53.0611    % 
LB close or above UB, fathomed
282    136    21         29.3853    44.9775    53.0611    % 
UB: 44.97745098039215
branching on CartesianIndex(1, 4) with c.
283    137    22         29.3853    44.9775    53.0611    % 
LB close or above UB, fathomed
284    136    22         29.3853    44.9775    53.0611    % 
UB: 44.97745098039215
branching on 2 with b.
285    137    23         29.3853    44.9775    53.0611    % 
LB close or above UB, fathomed
286    136    23         29.3853    44.9775    53.0611    % 
UB: 44.97745098039215
branching on CartesianIndex(1, 5) with c.
287    137    34         29.3853    44.9775    53.0611    % 
UB: 44.97745098039215
branching on 3 with b.
288    138    34         29.3853    44.9775    53.0611    % 
UB: 44.97745098039215
branching on 3 with b.
289    139    12         29.3853    44.9775    53.0611    % 
UB: 44.97745098039215
branching on CartesianIndex(1, 3) with a.
290    140    12         29.3853    44.9775    53.0611    % 
UB: 44.97745098039215
branching on CartesianIndex(1, 3) with a.
291    141    35         29.3853    44.9775    53.0611    % 
UB: 44.97745098039215
branching on 1 with b.
292    142    35         29.3853    44.9775    53.0611    % 
UB: 44.97745098039215
branching on 1 with b.
293    143    11         29.3853    44.9775    53.0611    % 
LB close or above UB, fathomed
294    142    11         29.3853    44.9775    53.0611    % 
UB: 44.97745098039215
branching on CartesianIndex(1, 3) with a.
295    143    12         29.3853    44.9775    53.0611    % 
UB: 44.97745098039215
branching on CartesianIndex(2, 3) with a.
296    144    13         29.3853    44.9775    53.0611    % 
UB: 44.97745098039215
branching on CartesianIndex(3, 3) with a.
297    145    13         29.3853    44.9775    53.0611    % 
UB: 44.97745098039215
branching on CartesianIndex(1, 4) with c.
298    146    12         29.3853    44.9775    53.0611    % 
LB close or above UB, fathomed
299    145    33         29.3853    44.9775    53.0611    % 
UB: 44.97745098039215
branching on 2 with b.
300    146    33         29.3853    44.9775    53.0611    % 
UB: 44.97745098039215
branching on 2 with b.
301    147    12         29.3853    44.9775    53.0611    % 
UB: 44.97745098039215
branching on 1 with b.
302    148    13         29.3853    44.9775    53.0611    % 
LB close or above UB, fathomed
303    147    13         29.3853    44.9775    53.0611    % 
UB: 44.97745098039215
branching on CartesianIndex(2, 3) with a.
304    148    14         29.3853    44.9775    53.0611    % 
UB: 44.97745098039215
branching on 2 with b.
305    149    14         29.3853    44.9775    53.0611    % 
UB: 44.97745098039215
branching on CartesianIndex(1, 4) with c.
306    150    15         29.3853    44.9775    53.0611    % 
UB: 44.97745098039215
branching on CartesianIndex(1, 5) with c.
307    151    15         29.3853    44.9775    53.0611    % 
UB: 44.97745098039215
branching on 2 with b.
308    152    16         29.3853    44.9775    53.0611    % 
UB: 44.97745098039215
branching on 3 with b.
309    153    16         29.3853    44.9775    53.0611    % 
UB: 44.97745098039215
branching on CartesianIndex(1, 5) with c.
310    154    12         29.3853    44.9775    53.0611    % 
LB close or above UB, fathomed
311    153    33         29.3853    44.9775    53.0611    % 
UB: 44.97745098039215
branching on 2 with b.
312    154    33         29.3853    44.9775    53.0611    % 
UB: 44.97745098039215
branching on 2 with b.
313    155    31         29.3853    44.9775    53.0611    % 
UB: 44.97745098039215
branching on 3 with b.
314    156    32         29.3853    44.9775    53.0611    % 
UB: 44.97745098039215
branching on 1 with b.
315    157    32         29.3853    44.9775    53.0611    % 
LB close or above UB, fathomed
316    156    31         29.3853    44.9775    53.0611    % 
LB close or above UB, fathomed
317    155    15         29.3853    44.9775    53.0611    % 
LB close or above UB, fathomed
318    154    15         29.3853    44.9775    53.0611    % 
UB: 44.97745098039215
branching on CartesianIndex(1, 5) with c.
319    155    16         29.3853    44.9775    53.0611    % 
UB: 44.97745098039215
branching on 1 with b.
320    156    17         29.3853    44.9775    53.0611    % 
UB: 44.97745098039215
branching on CartesianIndex(1, 6) with c.
321    157    17         29.3853    44.9775    53.0611    % 
UB: 44.97745098039215
branching on 2 with b.
322    158    16         29.3853    44.9775    53.0611    % 
LB close or above UB, fathomed
323    157    19         29.3853    44.9775    53.0611    % 
UB: 44.97745098039215
branching on CartesianIndex(1, 6) with c.
324    158    20         29.3853    44.9775    53.0611    % 
LB close or above UB, fathomed
325    157    20         29.3853    44.9775    53.0611    % 
UB: 44.97745098039215
branching on CartesianIndex(1, 7) with c.
326    158    21         29.3853    44.9775    53.0611    % 
UB: 44.97745098039215
branching on 2 with b.
327    159    22         29.3853    44.9775    53.0611    % 
LB close or above UB, fathomed
328    158    22         29.3853    44.9775    53.0611    % 
UB: 44.97745098039215
branching on 3 with b.
329    159    23         29.3853    44.9775    53.0611    % 
UB: 44.97745098039215
branching on 1 with b.
330    160    24         29.3853    44.9775    53.0611    % 
UB: 44.97745098039215
branching on 2 with b.
331    161    25         29.3853    44.9775    53.0611    % 
UB: 44.97745098039215
branching on 3 with b.
332    162    25         29.3853    44.9775    53.0611    % 
LB close or above UB, fathomed
333    161    24         29.3853    44.9775    53.0611    % 
UB: 44.97745098039215
branching on 2 with b.
334    162    23         29.3853    44.9775    53.0611    % 
LB close or above UB, fathomed
335    161    21         29.3853    44.9775    53.0611    % 
LB close or above UB, fathomed
336    160    19         29.3853    44.9775    53.0611    % 
LB close or above UB, fathomed
337    159    6          29.3853    44.9775    53.0611    % 
UB: 44.97745098039215
branching on CartesianIndex(2, 2) with a.
338    160    6          29.3853    44.9775    53.0611    % 
UB: 44.97745098039215
branching on 1 with b.
339    161    24         29.3853    44.9775    53.0611    % 
UB: 44.97745098039215
branching on CartesianIndex(1, 6) with c.
340    162    25         29.3853    44.9775    53.0611    % 
LB close or above UB, fathomed
341    161    25         29.3853    44.9775    53.0611    % 
UB: 44.97745098039215
branching on CartesianIndex(1, 7) with c.
342    162    26         29.3853    44.9775    53.0611    % 
UB: 44.97745098039215
branching on 3 with b.
343    163    27         29.3853    44.9775    53.0611    % 
UB: 44.97745098039215
branching on 1 with b.
344    164    28         29.3853    44.9775    53.0611    % 
UB: 44.97745098039215
branching on 2 with b.
345    165    28         29.3853    44.9775    53.0611    % 
UB: 44.97745098039215
branching on 2 with b.
346    166    27         29.3853    44.9775    53.0611    % 
LB close or above UB, fathomed
347    165    26         29.3853    44.9775    53.0611    % 
LB close or above UB, fathomed
348    164    24         29.3853    44.9775    53.0611    % 
LB close or above UB, fathomed
349    163    30         29.3853    44.9775    53.0611    % 
UB: 44.97745098039215
branching on 2 with b.
350    164    30         29.3853    44.9775    53.0611    % 
UB: 44.97745098039215
branching on 2 with b.
351    165    29         29.3853    44.9775    53.0611    % 
UB: 44.97745098039215
branching on 3 with b.
352    166    30         29.3853    44.9775    53.0611    % 
UB: 44.97745098039215
branching on 1 with b.
353    167    30         29.3853    44.9775    53.0611    % 
UB: 44.97745098039215
branching on 1 with b.
354    168    29         29.3853    44.9775    53.0611    % 
LB close or above UB, fathomed
355    167    33         29.3853    44.9775    53.0611    % 
UB: 44.97745098039215
branching on 2 with b.
356    168    33         29.3853    44.9775    53.0611    % 
UB: 44.97745098039215
branching on 2 with b.
357    169    26         29.3853    44.9775    53.0611    % 
UB: 44.97745098039215
branching on 1 with b.
358    170    26         29.3853    44.9775    53.0611    % 
LB close or above UB, fathomed
359    169    28         29.3853    44.9775    53.0611    % 
UB: 44.97745098039215
branching on 3 with b.
360    170    29         29.3853    44.9775    53.0611    % 
UB: 44.97745098039215
branching on 1 with b.
361    171    29         29.3853    44.9775    53.0611    % 
UB: 44.97745098039215
branching on 1 with b.
362    172    28         29.3853    44.9775    53.0611    % 
LB close or above UB, fathomed
363    171    34         29.3853    44.9775    53.0611    % 
UB: 44.97745098039215
branching on 3 with b.
364    172    34         29.3853    44.9775    53.0611    % 
UB: 44.97745098039215
branching on 3 with b.
365    173    22         29.3853    44.9775    53.0611    % 
UB: 44.97745098039215
branching on 3 with b.
366    174    23         29.3853    44.9775    53.0611    % 
UB: 44.97745098039215
branching on 1 with b.
367    175    24         29.3853    44.9775    53.0611    % 
UB: 44.97745098039215
branching on 2 with b.
368    176    24         29.3853    44.9775    53.0611    % 
UB: 44.97745098039215
branching on 2 with b.
369    177    23         29.3853    44.9775    53.0611    % 
LB close or above UB, fathomed
370    176    22         29.3853    44.9775    53.0611    % 
LB close or above UB, fathomed
371    175    24         29.3853    44.9775    53.0611    % 
LB close or above UB, fathomed
372    174    24         29.3853    44.9775    53.0611    % 
UB: 44.97745098039215
branching on 3 with b.
373    175    25         29.3853    44.9775    53.0611    % 
UB: 44.97745098039215
branching on 1 with b.
374    176    26         29.3853    44.9775    53.0611    % 
UB: 44.97745098039215
branching on 2 with b.
375    177    27         29.3853    44.9775    53.0611    % 
UB: 44.97745098039215
branching on 3 with b.
376    178    27         29.3853    44.9775    53.0611    % 
UB: 44.97745098039215
branching on 3 with b.
377    179    26         29.3853    44.9775    53.0611    % 
UB: 44.97745098039215
branching on 2 with b.
378    180    25         29.3853    44.9775    53.0611    % 
LB close or above UB, fathomed
379    179    23         29.3853    44.9775    53.0611    % 
UB: 44.97745098039215
branching on 3 with b.
380    180    23         29.3853    44.9775    53.0611    % 
UB: 44.97745098039215
branching on 3 with b.
381    181    24         29.3853    44.9775    53.0611    % 
LB close or above UB, fathomed
382    180    24         29.3853    44.9775    53.0611    % 
UB: 44.97745098039215
branching on 1 with b.
383    181    25         29.3853    44.9775    53.0611    % 
UB: 44.97745098039215
branching on 2 with b.
384    182    25         29.3853    44.9775    53.0611    % 
UB: 44.97745098039215
branching on 2 with b.
385    183    28         29.3853    44.9775    53.0611    % 
UB: 44.97745098039215
branching on 3 with b.
386    184    29         29.3853    44.9775    53.0611    % 
UB: 44.97745098039215
branching on 1 with b.
387    185    29         29.3853    44.9775    53.0611    % 
UB: 44.97745098039215
branching on 1 with b.
388    186    28         29.3853    44.9775    53.0611    % 
LB close or above UB, fathomed
389    185    7          31.3343    44.9775    43.5406    % 
UB: 44.97745098039215
branching on CartesianIndex(3, 2) with a.
390    186    8          31.3343    44.9775    43.5406    % 
UB: 44.97745098039215
branching on CartesianIndex(4, 2) with a.
391    187    8          31.3343    44.9775    43.5406    % 
UB: 44.97745098039215
branching on CartesianIndex(1, 3) with a.
392    188    7          31.3343    44.9775    43.5406    % 
LB close or above UB, fathomed
393    187    14         31.3343    44.9775    43.5406    % 
UB: 44.97745098039215
branching on CartesianIndex(4, 3) with a.
394    188    14         31.3343    44.9775    43.5406    % 
UB: 44.97745098039215
branching on CartesianIndex(1, 4) with c.
395    189    35         31.3343    44.9775    43.5406    % 
UB: 44.97745098039215
branching on 1 with b.
396    190    36         31.3343    44.9775    43.5406    % 
UB: 44.97745098039215
branching on 2 with b.
397    191    36         31.3343    44.9775    43.5406    % 
UB: 44.97745098039215
branching on 2 with b.
398    192    37         31.3343    44.9775    43.5406    % 
UB: 44.97745098039215
branching on 3 with b.
399    193    37         31.3343    44.9775    43.5406    % 
UB: 41.07941176470588
branching on 3 with b.
400    194    35         31.3343    41.0794    31.1004    % 
UB: 41.07941176470588
branching on 1 with b.
401    157    15         31.3343    41.0794    31.1004    % 
LB close or above UB, fathomed
402    156    15         31.3343    41.0794    31.1004    % 
UB: 41.07941176470588
branching on CartesianIndex(1, 3) with a.
403    157    14         31.3343    41.0794    31.1004    % 
UB: 41.07941176470588
branching on CartesianIndex(1, 3) with a.
404    158    14         31.3343    41.0794    31.1004    % 
UB: 41.07941176470588
branching on CartesianIndex(1, 3) with a.
405    159    10         31.3343    41.0794    31.1004    % 
UB: 41.07941176470588
branching on CartesianIndex(4, 2) with a.
406    160    10         31.3343    41.0794    31.1004    % 
UB: 41.07941176470588
branching on 1 with b.
407    161    30         31.3343    41.0794    31.1004    % 
LB close or above UB, fathomed
408    160    30         31.3343    41.0794    31.1004    % 
UB: 41.07941176470588
branching on 2 with b.
409    161    31         31.3343    41.0794    31.1004    % 
LB close or above UB, fathomed
410    160    31         31.3343    41.0794    31.1004    % 
UB: 41.07941176470588
branching on 3 with b.
411    161    32         31.3343    41.0794    31.1004    % 
UB: 41.07941176470588
branching on 1 with b.
412    162    32         31.3343    41.0794    31.1004    % 
LB close or above UB, fathomed
413    161    34         31.3343    41.0794    31.1004    % 
UB: 41.07941176470588
branching on 3 with b.
414    162    34         31.3343    41.0794    31.1004    % 
LB close or above UB, fathomed
415    161    34         31.3343    41.0794    31.1004    % 
UB: 41.07941176470588
branching on 3 with b.
416    162    34         31.3343    41.0794    31.1004    % 
LB close or above UB, fathomed
417    161    26         31.3343    41.0794    31.1004    % 
UB: 41.07941176470588
branching on 3 with b.
418    162    27         31.3343    41.0794    31.1004    % 
LB close or above UB, fathomed
419    161    27         31.3343    41.0794    31.1004    % 
UB: 41.07941176470588
branching on 1 with b.
420    162    28         31.3343    41.0794    31.1004    % 
UB: 41.07941176470588
branching on 2 with b.
421    163    28         31.3343    41.0794    31.1004    % 
UB: 41.07941176470588
branching on 2 with b.
422    164    26         31.3343    41.0794    31.1004    % 
LB close or above UB, fathomed
423    163    25         31.3343    41.0794    31.1004    % 
LB close or above UB, fathomed
424    162    25         31.3343    41.0794    31.1004    % 
UB: 41.07941176470588
branching on 3 with b.
425    163    26         31.3343    41.0794    31.1004    % 
UB: 41.07941176470588
branching on 1 with b.
426    164    27         31.3343    41.0794    31.1004    % 
UB: 41.07941176470588
branching on 2 with b.
427    165    27         31.3343    41.0794    31.1004    % 
UB: 41.07941176470588
branching on 2 with b.
428    166    26         31.3343    41.0794    31.1004    % 
LB close or above UB, fathomed
429    165    35         31.3343    41.0794    31.1004    % 
UB: 41.07941176470588
branching on 1 with b.
430    166    35         31.3343    41.0794    31.1004    % 
UB: 41.07941176470588
branching on 1 with b.
431    167    27         31.3343    41.0794    31.1004    % 
UB: 41.07941176470588
branching on 2 with b.
432    168    28         31.3343    41.0794    31.1004    % 
UB: 41.07941176470588
branching on 3 with b.
433    169    29         31.3343    41.0794    31.1004    % 
UB: 41.07941176470588
branching on 1 with b.
434    170    29         31.3343    41.0794    31.1004    % 
LB close or above UB, fathomed
435    169    28         31.3343    41.0794    31.1004    % 
LB close or above UB, fathomed
436    168    27         31.3343    41.0794    31.1004    % 
UB: 41.07941176470588
branching on 2 with b.
437    169    34         31.3343    41.0794    31.1004    % 
UB: 41.07941176470588
branching on 3 with b.
438    170    34         31.3343    41.0794    31.1004    % 
LB close or above UB, fathomed
439    169    31         31.3343    41.0794    31.1004    % 
UB: 41.07941176470588
branching on 2 with b.
440    170    31         31.3343    41.0794    31.1004    % 
UB: 41.07941176470588
branching on 2 with b.
441    171    34         31.3343    41.0794    31.1004    % 
UB: 41.07941176470588
branching on 3 with b.
442    172    34         31.3343    41.0794    31.1004    % 
LB close or above UB, fathomed
443    171    31         31.3343    41.0794    31.1004    % 
LB close or above UB, fathomed
444    170    31         31.3343    41.0794    31.1004    % 
UB: 41.07941176470588
branching on 3 with b.
445    171    32         31.3343    41.0794    31.1004    % 
UB: 41.07941176470588
branching on 1 with b.
446    172    32         31.3343    41.0794    31.1004    % 
LB close or above UB, fathomed
447    171    13         31.3343    41.0794    31.1004    % 
UB: 41.07941176470588
branching on 3 with b.
448    172    13         31.3343    41.0794    31.1004    % 
UB: 41.07941176470588
branching on CartesianIndex(1, 3) with a.
449    173    29         31.3343    41.0794    31.1004    % 
UB: 41.07941176470588
branching on 3 with b.
450    174    30         31.3343    41.0794    31.1004    % 
UB: 41.07941176470588
branching on 1 with b.
451    175    30         31.3343    41.0794    31.1004    % 
LB close or above UB, fathomed
452    174    29         31.3343    41.0794    31.1004    % 
LB close or above UB, fathomed
453    173    8          31.3343    41.0794    31.1004    % 
UB: 41.07941176470588
branching on CartesianIndex(2, 2) with a.
454    174    9          31.3343    41.0794    31.1004    % 
UB: 41.07941176470588
branching on CartesianIndex(3, 2) with a.
455    175    9          31.3343    41.0794    31.1004    % 
LB close or above UB, fathomed
456    174    8          31.3343    41.0794    31.1004    % 
LB close or above UB, fathomed
457    173    20         31.3343    41.0794    31.1004    % 
LB close or above UB, fathomed
458    172    20         31.3343    41.0794    31.1004    % 
UB: 41.07941176470588
branching on CartesianIndex(1, 4) with c.
459    173    21         31.3343    41.0794    31.1004    % 
LB close or above UB, fathomed
460    172    21         31.3343    41.0794    31.1004    % 
UB: 41.07941176470588
branching on CartesianIndex(1, 5) with c.
461    173    22         31.3343    41.0794    31.1004    % 
UB: 41.07941176470588
branching on CartesianIndex(1, 6) with c.
462    174    23         31.3343    41.0794    31.1004    % 
LB close or above UB, fathomed
463    173    23         31.3343    41.0794    31.1004    % 
UB: 41.07941176470588
branching on CartesianIndex(1, 7) with c.
464    174    24         31.3343    41.0794    31.1004    % 
UB: 41.07941176470588
branching on 1 with b.
465    175    25         31.3343    41.0794    31.1004    % 
UB: 41.07941176470588
branching on 2 with b.
466    176    25         31.3343    41.0794    31.1004    % 
UB: 41.07941176470588
branching on 2 with b.
467    177    24         31.3343    41.0794    31.1004    % 
LB close or above UB, fathomed
468    176    22         31.3343    41.0794    31.1004    % 
LB close or above UB, fathomed
469    175    13         31.3343    41.0794    31.1004    % 
UB: 41.07941176470588
branching on CartesianIndex(2, 3) with a.
470    176    14         31.3343    41.0794    31.1004    % 
UB: 41.07941176470588
branching on 2 with b.
471    177    15         31.3343    41.0794    31.1004    % 
UB: 41.07941176470588
branching on 3 with b.
472    178    15         31.3343    41.0794    31.1004    % 
LB close or above UB, fathomed
473    177    14         31.3343    41.0794    31.1004    % 
LB close or above UB, fathomed
474    176    13         31.3343    41.0794    31.1004    % 
LB close or above UB, fathomed
475    175    24         31.3343    41.0794    31.1004    % 
LB close or above UB, fathomed
476    174    24         31.3343    41.0794    31.1004    % 
UB: 41.07941176470588
branching on 3 with b.
477    175    25         31.3343    41.0794    31.1004    % 
UB: 41.07941176470588
branching on 1 with b.
478    176    26         31.3343    41.0794    31.1004    % 
LB close or above UB, fathomed
479    175    26         31.3343    41.0794    31.1004    % 
UB: 41.07941176470588
branching on 2 with b.
480    176    27         31.3343    41.0794    31.1004    % 
UB: 41.07941176470588
branching on 3 with b.
481    177    27         31.3343    41.0794    31.1004    % 
LB close or above UB, fathomed
482    176    25         31.3343    41.0794    31.1004    % 
LB close or above UB, fathomed
483    175    26         31.3343    41.0794    31.1004    % 
LB close or above UB, fathomed
484    174    26         31.3343    41.0794    31.1004    % 
UB: 41.07941176470588
branching on 3 with b.
485    175    27         31.3343    41.0794    31.1004    % 
LB close or above UB, fathomed
486    174    27         31.3343    41.0794    31.1004    % 
UB: 41.07941176470588
branching on 1 with b.
487    175    28         31.3343    41.0794    31.1004    % 
UB: 41.07941176470588
branching on 2 with b.
488    176    28         31.3343    41.0794    31.1004    % 
LB close or above UB, fathomed
489    175    17         31.3343    41.0794    31.1004    % 
UB: 41.07941176470588
branching on 2 with b.
490    176    17         31.3343    41.0794    31.1004    % 
UB: 41.07941176470588
branching on CartesianIndex(1, 4) with c.
491    177    25         31.3343    41.0794    31.1004    % 
LB close or above UB, fathomed
492    176    25         31.3343    41.0794    31.1004    % 
UB: 41.07941176470588
branching on 3 with b.
493    177    26         31.3343    41.0794    31.1004    % 
LB close or above UB, fathomed
494    176    26         31.3343    41.0794    31.1004    % 
UB: 41.07941176470588
branching on 1 with b.
495    177    27         31.3343    41.0794    31.1004    % 
UB: 41.07941176470588
branching on 2 with b.
496    178    28         31.3343    41.0794    31.1004    % 
UB: 41.07941176470588
branching on 3 with b.
497    179    29         31.3343    41.0794    31.1004    % 
LB close or above UB, fathomed
498    178    29         31.3343    41.0794    31.1004    % 
UB: 41.07941176470588
branching on 1 with b.
499    179    30         31.3343    41.0794    31.1004    % 
UB: 41.07941176470588
branching on 2 with b.
500    180    30         31.3343    41.0794    31.1004    % 
UB: 41.07941176470588
branching on 2 with b.
501    181    28         31.3343    41.0794    31.1004    % 
LB close or above UB, fathomed
502    180    27         31.3343    41.0794    31.1004    % 
LB close or above UB, fathomed
503    179    20         33.2833    41.0794    23.4236    % 
UB: 41.07941176470588
branching on CartesianIndex(3, 3) with a.
504    180    20         33.2833    41.0794    23.4236    % 
LB close or above UB, fathomed
505    179    17         33.2833    41.0794    23.4234    % 
LB close or above UB, fathomed
506    178    17         33.2833    41.0794    23.4234    % 
UB: 41.07941176470588
branching on CartesianIndex(1, 4) with c.
507    179    28         33.2833    41.0794    23.4234    % 
UB: 41.07941176470588
branching on 3 with b.
508    180    28         33.2833    41.0794    23.4234    % 
LB close or above UB, fathomed
509    179    10         33.2833    41.0794    23.4234    % 
LB close or above UB, fathomed
510    178    10         33.2833    41.0794    23.4234    % 
UB: 41.07941176470588
branching on CartesianIndex(1, 3) with a.
511    179    31         33.2833    41.0794    23.4234    % 
LB close or above UB, fathomed
512    178    31         33.2833    41.0794    23.4234    % 
UB: 41.07941176470588
branching on 2 with b.
513    179    32         33.2833    41.0794    23.4234    % 
UB: 41.07941176470588
branching on 3 with b.
514    180    32         33.2833    41.0794    23.4234    % 
LB close or above UB, fathomed
515    179    35         33.2833    41.0794    23.4234    % 
UB: 41.07941176470588
branching on 1 with b.
516    180    36         33.2833    41.0794    23.4234    % 
UB: 41.07941176470588
branching on 2 with b.
517    181    37         33.2833    41.0794    23.4234    % 
UB: 41.07941176470588
branching on 3 with b.
518    182    37         33.2833    41.0794    23.4234    % 
UB: 41.07941176470588
branching on 3 with b.
519    183    36         33.2833    41.0794    23.4234    % 
UB: 41.07941176470588
branching on 2 with b.
520    184    35         33.2833    41.0794    23.4234    % 
UB: 41.07941176470588
branching on 1 with b.
521    185    32         33.2833    41.0794    23.4234    % 
UB: 41.07941176470588
branching on 3 with b.
522    186    32         33.2833    41.0794    23.4234    % 
LB close or above UB, fathomed
523    185    35         33.2833    41.0794    23.4234    % 
UB: 41.07941176470588
branching on 1 with b.
524    186    35         33.2833    41.0794    23.4234    % 
UB: 41.07941176470588
branching on 1 with b.
525    187    29         33.2833    41.0794    23.4234    % 
UB: 41.07941176470588
branching on 3 with b.
526    188    30         33.2833    41.0794    23.4234    % 
LB close or above UB, fathomed
527    187    30         33.2833    41.0794    23.4234    % 
UB: 41.07941176470588
branching on 1 with b.
528    188    29         33.2833    41.0794    23.4234    % 
LB close or above UB, fathomed
529    187    35         33.2833    41.0794    23.4234    % 
UB: 41.07941176470588
branching on 1 with b.
530    188    35         33.2833    41.0794    23.4234    % 
LB close or above UB, fathomed
531    187    35         33.2833    41.0794    23.4234    % 
UB: 41.07941176470588
branching on 1 with b.
532    188    35         33.2833    41.0794    23.4234    % 
LB close or above UB, fathomed
533    187    15         33.2833    41.0794    23.4234    % 
UB: 41.07941176470588
branching on CartesianIndex(2, 3) with a.
534    188    16         33.2833    41.0794    23.4234    % 
UB: 41.07941176470588
branching on CartesianIndex(3, 3) with a.
535    189    17         33.2833    41.0794    23.4234    % 
LB close or above UB, fathomed
536    188    17         33.2833    41.0794    23.4234    % 
LB close or above UB, fathomed
537    187    16         33.2833    41.0794    23.4234    % 
LB close or above UB, fathomed
538    186    15         33.2833    41.0794    23.4234    % 
LB close or above UB, fathomed
539    185    38         33.2833    41.0794    23.4234    % 
UB: 41.07941176470588
branching on 1 with b.
540    186    38         33.2833    41.0794    23.4234    % 
UB: 41.07941176470588
branching on 1 with b.
541    187    37         33.2833    41.0794    23.4234    % 
UB: 41.07941176470588
branching on 3 with b.
542    188    37         33.2833    41.0794    23.4234    % 
UB: 41.07941176470588
branching on 3 with b.
543    189    9          33.2833    41.0794    23.4234    % 
UB: 41.07941176470588
branching on 1 with b.
544    190    9          33.2833    41.0794    23.4234    % 
LB close or above UB, fathomed
545    189    9          33.2833    41.0794    23.4234    % 
LB close or above UB, fathomed
546    188    9          33.2833    41.0794    23.4234    % 
UB: 41.07941176470588
branching on CartesianIndex(1, 3) with a.
547    189    10         33.2833    41.0794    23.4234    % 
UB: 41.07941176470588
branching on 1 with b.
548    190    10         33.2833    41.0794    23.4234    % 
LB close or above UB, fathomed
549    189    28         33.2833    41.0794    23.4234    % 
UB: 41.07941176470588
branching on 1 with b.
550    190    28         33.2833    41.0794    23.4234    % 
LB close or above UB, fathomed
551    189    28         33.2833    41.0794    23.4234    % 
UB: 41.07941176470588
branching on 1 with b.
552    190    28         33.2833    41.0794    23.4234    % 
LB close or above UB, fathomed
553    189    34         33.2833    41.0794    23.4234    % 
UB: 41.07941176470588
branching on 3 with b.
554    190    34         33.2833    41.0794    23.4234    % 
LB close or above UB, fathomed
555    189    17         33.2833    41.0794    23.4234    % 
UB: 41.07941176470588
branching on 3 with b.
556    190    18         33.2833    41.0794    23.4234    % 
UB: 41.07941176470588
branching on 1 with b.
557    191    18         33.2833    41.0794    23.4234    % 
LB close or above UB, fathomed
558    190    17         33.2833    41.0794    23.4234    % 
LB close or above UB, fathomed
559    189    34         33.2833    41.0794    23.4234    % 
UB: 41.07941176470588
branching on 3 with b.
560    190    34         33.2833    41.0794    23.4234    % 
LB close or above UB, fathomed
561    189    14         33.2833    41.0794    23.4234    % 
LB close or above UB, fathomed
562    188    14         33.2833    41.0794    23.4234    % 
UB: 41.07941176470588
branching on 2 with b.
563    189    13         33.2833    41.0794    23.4234    % 
UB: 41.07941176470588
branching on CartesianIndex(2, 3) with a.
564    190    14         33.2833    41.0794    23.4234    % 
UB: 41.07941176470588
branching on 3 with b.
565    191    15         33.2833    41.0794    23.4234    % 
UB: 41.07941176470588
branching on 1 with b.
566    192    16         33.2833    41.0794    23.4234    % 
UB: 41.07941176470588
branching on 2 with b.
567    193    16         33.2833    41.0794    23.4234    % 
UB: 41.07941176470588
branching on CartesianIndex(3, 3) with a.
568    194    15         33.2833    41.0794    23.4234    % 
LB close or above UB, fathomed
569    193    14         33.2833    41.0794    23.4234    % 
LB close or above UB, fathomed
570    192    13         33.2833    41.0794    23.4234    % 
LB close or above UB, fathomed
571    191    33         33.2833    41.0794    23.4234    % 
UB: 41.07941176470588
branching on 2 with b.
572    192    34         33.2833    41.0794    23.4234    % 
LB close or above UB, fathomed
573    191    34         33.2833    41.0794    23.4234    % 
UB: 41.07941176470588
branching on 3 with b.
574    192    33         33.2833    41.0794    23.4234    % 
UB: 41.07941176470588
branching on 2 with b.
575    193    25         33.2833    41.0794    23.4234    % 
UB: 41.07941176470588
branching on 3 with b.
576    194    25         33.2833    41.0794    23.4234    % 
UB: 41.07941176470588
branching on 3 with b.
577    195    34         33.2833    41.0794    23.4234    % 
UB: 41.07941176470588
branching on 3 with b.
578    196    34         33.2833    41.0794    23.4234    % 
LB close or above UB, fathomed
579    195    10         33.2833    41.0794    23.4234    % 
UB: 41.07941176470588
branching on CartesianIndex(2, 3) with a.
580    196    10         33.2833    41.0794    23.4234    % 
LB close or above UB, fathomed
581    195    15         33.2833    41.0794    23.4234    % 
LB close or above UB, fathomed
582    194    15         33.2833    41.0794    23.4234    % 
UB: 41.07941176470588
branching on CartesianIndex(1, 5) with c.
583    195    16         33.2833    41.0794    23.4234    % 
UB: 41.07941176470588
branching on CartesianIndex(1, 6) with c.
584    196    17         33.2833    41.0794    23.4234    % 
LB close or above UB, fathomed
585    195    17         33.2833    41.0794    23.4234    % 
UB: 41.07941176470588
branching on CartesianIndex(1, 7) with c.
586    196    18         33.2833    41.0794    23.4234    % 
UB: 41.07941176470588
branching on 1 with b.
587    197    19         33.2833    41.0794    23.4234    % 
LB close or above UB, fathomed
588    196    19         33.2833    41.0794    23.4234    % 
UB: 41.07941176470588
branching on 2 with b.
589    197    18         33.2833    41.0794    23.4234    % 
LB close or above UB, fathomed
590    196    16         33.2833    41.0794    23.4234    % 
LB close or above UB, fathomed
591    195    19         33.2833    41.0794    23.4234    % 
LB close or above UB, fathomed
592    194    19         33.2833    41.0794    23.4234    % 
UB: 41.07941176470588
branching on 1 with b.
593    195    17         33.2833    41.0794    23.4234    % 
LB close or above UB, fathomed
594    194    17         33.2833    41.0794    23.4234    % 
UB: 41.07941176470588
branching on CartesianIndex(1, 5) with c.
595    195    18         33.2833    41.0794    23.4234    % 
UB: 41.07941176470588
branching on CartesianIndex(1, 6) with c.
596    196    19         33.2833    41.0794    23.4234    % 
LB close or above UB, fathomed
597    195    19         33.2833    41.0794    23.4234    % 
UB: 41.07941176470588
branching on CartesianIndex(1, 7) with c.
598    196    20         33.2833    41.0794    23.4234    % 
UB: 41.07941176470588
branching on 1 with b.
599    197    21         33.2833    41.0794    23.4234    % 
LB close or above UB, fathomed
600    196    21         33.2833    41.0794    23.4234    % 
UB: 41.07941176470588
branching on 2 with b.
601    197    22         33.2833    41.0794    23.4234    % 
LB close or above UB, fathomed
602    196    22         33.2833    41.0794    23.4234    % 
UB: 41.07941176470588
branching on 3 with b.
603    197    23         33.2833    41.0794    23.4234    % 
UB: 41.07941176470588
branching on 1 with b.
604    198    24         33.2833    41.0794    23.4234    % 
UB: 41.07941176470588
branching on 2 with b.
605    199    24         33.2833    41.0794    23.4234    % 
LB close or above UB, fathomed
606    198    23         33.2833    41.0794    23.4234    % 
LB close or above UB, fathomed
607    197    20         33.2833    41.0794    23.4234    % 
LB close or above UB, fathomed
608    196    18         33.2833    41.0794    23.4234    % 
LB close or above UB, fathomed
609    195    19         33.2833    41.0794    23.4234    % 
UB: 41.07941176470588
branching on CartesianIndex(1, 6) with c.
610    196    19         33.2833    41.0794    23.4234    % 
LB close or above UB, fathomed
611    195    31         33.2833    41.0794    23.4234    % 
UB: 41.07941176470588
branching on 2 with b.
612    196    31         33.2833    41.0794    23.4234    % 
UB: 41.07941176470588
branching on 2 with b.
613    197    32         33.2833    41.0794    23.4234    % 
UB: 41.07941176470588
branching on 3 with b.
614    198    32         33.2833    41.0794    23.4234    % 
LB close or above UB, fathomed
615    197    29         33.2833    41.0794    23.4234    % 
UB: 41.07941176470588
branching on 1 with b.
616    198    29         33.2833    41.0794    23.4234    % 
LB close or above UB, fathomed
617    197    31         33.2833    41.0794    23.4234    % 
UB: 41.07941176470588
branching on 3 with b.
618    198    32         33.2833    41.0794    23.4234    % 
LB close or above UB, fathomed
619    197    32         33.2833    41.0794    23.4234    % 
UB: 41.07941176470588
branching on 1 with b.
620    198    33         33.2833    41.0794    23.4234    % 
UB: 41.07941176470588
branching on 2 with b.
621    199    33         33.2833    41.0794    23.4234    % 
UB: 41.07941176470588
branching on 2 with b.
622    200    31         33.2833    41.0794    23.4234    % 
LB close or above UB, fathomed
623    199    29         33.2833    41.0794    23.4234    % 
UB: 41.07941176470588
branching on 3 with b.
624    200    30         33.2833    41.0794    23.4234    % 
LB close or above UB, fathomed
625    199    30         33.2833    41.0794    23.4234    % 
UB: 41.07941176470588
branching on 1 with b.
626    200    31         33.2833    41.0794    23.4234    % 
UB: 41.07941176470588
branching on 2 with b.
627    201    31         33.2833    41.0794    23.4234    % 
UB: 41.07941176470588
branching on 2 with b.
628    202    29         33.2833    41.0794    23.4234    % 
LB close or above UB, fathomed
629    201    28         33.2833    41.0794    23.4234    % 
UB: 41.07941176470588
branching on 1 with b.
630    202    29         33.2833    41.0794    23.4234    % 
UB: 41.07941176470588
branching on 2 with b.
631    203    29         33.2833    41.0794    23.4234    % 
UB: 41.07941176470588
branching on 2 with b.
632    204    28         33.2833    41.0794    23.4234    % 
LB close or above UB, fathomed
633    203    14         33.2833    41.0794    23.4234    % 
UB: 41.07941176470588
branching on CartesianIndex(2, 3) with a.
634    204    15         33.2833    41.0794    23.4234    % 
UB: 41.07941176470588
branching on 3 with b.
635    205    16         33.2833    41.0794    23.4234    % 
UB: 41.07941176470588
branching on CartesianIndex(3, 3) with a.
636    206    17         33.2833    41.0794    23.4234    % 
LB close or above UB, fathomed
637    205    17         33.2833    41.0794    23.4234    % 
LB close or above UB, fathomed
638    204    16         33.2833    41.0794    23.4234    % 
LB close or above UB, fathomed
639    203    15         33.2833    41.0794    23.4234    % 
LB close or above UB, fathomed
640    202    14         33.2833    41.0794    23.4234    % 
LB close or above UB, fathomed
641    201    28         33.2833    41.0794    23.4234    % 
UB: 41.07941176470588
branching on 3 with b.
642    202    28         33.2833    41.0794    23.4234    % 
LB close or above UB, fathomed
643    201    13         33.2833    41.0794    23.4234    % 
UB: 41.07941176470588
branching on 3 with b.
644    202    14         33.2833    41.0794    23.4234    % 
UB: 41.07941176470588
branching on CartesianIndex(2, 3) with a.
645    203    15         33.2833    41.0794    23.4234    % 
UB: 41.07941176470588
branching on 1 with b.
646    204    16         33.2833    41.0794    23.4234    % 
UB: 41.07941176470588
branching on 2 with b.
647    205    16         33.2833    41.0794    23.4234    % 
UB: 41.07941176470588
branching on CartesianIndex(3, 3) with a.
648    206    15         33.2833    41.0794    23.4234    % 
LB close or above UB, fathomed
649    205    14         33.2833    41.0794    23.4234    % 
LB close or above UB, fathomed
650    204    13         33.2833    41.0794    23.4234    % 
LB close or above UB, fathomed
651    203    20         33.2833    41.0794    23.4234    % 
LB close or above UB, fathomed
652    202    20         33.2833    41.0794    23.4234    % 
UB: 41.07941176470588
branching on CartesianIndex(1, 7) with c.
653    203    21         33.2833    41.0794    23.4234    % 
UB: 41.07941176470588
branching on 2 with b.
654    204    22         33.2833    41.0794    23.4234    % 
UB: 41.07941176470588
branching on 3 with b.
655    205    23         33.2833    41.0794    23.4234    % 
LB close or above UB, fathomed
656    204    23         33.2833    41.0794    23.4234    % 
UB: 41.07941176470588
branching on 1 with b.
657    205    24         33.2833    41.0794    23.4234    % 
UB: 41.07941176470588
branching on 2 with b.
658    206    24         33.2833    41.0794    23.4234    % 
LB close or above UB, fathomed
659    205    22         33.2833    41.0794    23.4234    % 
LB close or above UB, fathomed
660    204    21         33.2833    41.0794    23.4234    % 
LB close or above UB, fathomed
661    203    18         33.2833    41.0794    23.4234    % 
LB close or above UB, fathomed
662    202    18         33.2833    41.0794    23.4234    % 
UB: 41.07941176470588
branching on CartesianIndex(2, 3) with a.
663    203    19         33.2833    41.0794    23.4234    % 
LB close or above UB, fathomed
664    202    19         33.2833    41.0794    23.4234    % 
LB close or above UB, fathomed
665    201    30         33.2833    41.0794    23.4234    % 
UB: 41.07941176470588
branching on 2 with b.
666    202    31         33.2833    41.0794    23.4234    % 
UB: 41.07941176470588
branching on 3 with b.
667    203    32         33.2833    41.0794    23.4234    % 
UB: 41.07941176470588
branching on 1 with b.
668    204    32         33.2833    41.0794    23.4234    % 
UB: 41.07941176470588
branching on 1 with b.
669    205    31         33.2833    41.0794    23.4234    % 
LB close or above UB, fathomed
670    204    30         33.2833    41.0794    23.4234    % 
LB close or above UB, fathomed
671    203    27         33.2833    41.0794    23.4234    % 
UB: 41.07941176470588
branching on 3 with b.
672    204    28         33.2833    41.0794    23.4234    % 
UB: 41.07941176470588
branching on 1 with b.
673    205    29         33.2833    41.0794    23.4234    % 
UB: 41.07941176470588
branching on 2 with b.
674    206    29         33.2833    41.0794    23.4234    % 
UB: 41.07941176470588
branching on 2 with b.
675    207    28         33.2833    41.0794    23.4234    % 
LB close or above UB, fathomed
676    206    27         33.2833    41.0794    23.4234    % 
LB close or above UB, fathomed
677    205    5          35.1824    41.0794    16.7614    % 
UB: 41.07941176470588
branching on CartesianIndex(2, 1) with a.
678    206    6          35.1824    41.0794    16.7614    % 
UB: 41.07941176470588
branching on 1 with b.
679    207    7          35.1824    41.0794    16.7614    % 
LB close or above UB, fathomed
680    206    7          35.1824    41.0794    16.7614    % 
UB: 41.07941176470588
branching on CartesianIndex(3, 1) with a.
681    207    6          35.1824    41.0794    16.7614    % 
LB close or above UB, fathomed
682    206    5          35.1824    41.0794    16.7614    % 
LB close or above UB, fathomed
683    205    18         35.2324    41.0794    16.5957    % 
LB close or above UB, fathomed
684    204    18         35.2324    41.0794    16.5957    % 
UB: 41.07941176470588
branching on CartesianIndex(1, 5) with c.
685    205    19         35.2324    41.0794    16.5957    % 
UB: 41.07941176470588
branching on CartesianIndex(1, 6) with c.
686    206    20         35.2324    41.0794    16.5957    % 
LB close or above UB, fathomed
687    205    20         35.2324    41.0794    16.5957    % 
UB: 41.07941176470588
branching on CartesianIndex(1, 7) with c.
688    206    21         35.2324    41.0794    16.5957    % 
UB: 41.07941176470588
branching on 1 with b.
689    207    22         35.2324    41.0794    16.5957    % 
LB close or above UB, fathomed
690    206    22         35.2324    41.0794    16.5957    % 
LB close or above UB, fathomed
691    205    21         35.2324    41.0794    16.5957    % 
LB close or above UB, fathomed
692    204    19         35.2324    41.0794    16.5957    % 
LB close or above UB, fathomed
693    203    32         35.2324    41.0794    16.5957    % 
UB: 41.07941176470588
branching on 3 with b.
694    204    32         35.2324    41.0794    16.5957    % 
LB close or above UB, fathomed
695    203    34         35.2324    41.0794    16.5957    % 
UB: 41.07941176470588
branching on 3 with b.
696    204    34         35.2324    41.0794    16.5957    % 
LB close or above UB, fathomed
697    203    11         35.2324    41.0794    16.5957    % 
UB: 41.07941176470588
branching on 1 with b.
698    204    11         35.2324    41.0794    16.5957    % 
LB close or above UB, fathomed
699    203    15         35.2324    41.0794    16.5957    % 
LB close or above UB, fathomed
700    202    15         35.2324    41.0794    16.5957    % 
UB: 41.07941176470588
branching on CartesianIndex(1, 5) with c.
701    203    16         35.2324    41.0794    16.5957    % 
UB: 41.07941176470588
branching on CartesianIndex(1, 6) with c.
702    204    17         35.2324    41.0794    16.5957    % 
LB close or above UB, fathomed
703    203    17         35.2324    41.0794    16.5957    % 
UB: 41.07941176470588
branching on 3 with b.
704    204    18         35.2324    41.0794    16.5957    % 
UB: 41.07941176470588
branching on CartesianIndex(1, 7) with c.
705    205    19         35.2324    41.0794    16.5957    % 
UB: 41.07941176470588
branching on 1 with b.
706    206    20         35.2324    41.0794    16.5957    % 
LB close or above UB, fathomed
707    205    20         35.2324    41.0794    16.5957    % 
UB: 41.07941176470588
branching on 2 with b.
708    206    21         35.2324    41.0794    16.5957    % 
UB: 41.07941176470588
branching on 3 with b.
709    207    22         35.2324    41.0794    16.5957    % 
LB close or above UB, fathomed
710    206    22         35.2324    41.0794    16.5957    % 
UB: 41.07941176470588
branching on 1 with b.
711    207    23         35.2324    41.0794    16.5957    % 
UB: 41.07941176470588
branching on 2 with b.
712    208    23         35.2324    41.0794    16.5957    % 
LB close or above UB, fathomed
713    207    21         35.2324    41.0794    16.5957    % 
LB close or above UB, fathomed
714    206    19         35.2324    41.0794    16.5957    % 
LB close or above UB, fathomed
715    205    18         35.2324    41.0794    16.5957    % 
LB close or above UB, fathomed
716    204    16         35.2324    41.0794    16.5957    % 
LB close or above UB, fathomed
717    203    11         35.2324    41.0794    16.5957    % 
UB: 41.07941176470588
branching on 1 with b.
718    204    12         35.2324    41.0794    16.5957    % 
LB close or above UB, fathomed
719    203    12         35.2324    41.0794    16.5957    % 
UB: 41.07941176470588
branching on CartesianIndex(2, 3) with a.
720    204    13         35.2324    41.0794    16.5957    % 
UB: 41.07941176470588
branching on 2 with b.
721    205    13         35.2324    41.0794    16.5957    % 
UB: 41.07941176470588
branching on CartesianIndex(1, 4) with c.
722    206    11         35.2324    41.0794    16.5957    % 
LB close or above UB, fathomed
723    205    39         35.2324    41.0794    16.5957    % 
UB: 41.07941176470588
branching on 2 with b.
724    206    40         35.2324    41.0794    16.5957    % 
UB: 41.07941176470588
branching on 3 with b.
725    207    40         35.2324    41.0794    16.5957    % 
LB close or above UB, fathomed
726    206    39         35.2324    41.0794    16.5957    % 
UB: 41.07941176470588
branching on 2 with b.
727    207    39         35.2324    41.0794    16.5957    % 
UB: 41.07941176470588
branching on 2 with b.
728    208    40         35.2324    41.0794    16.5957    % 
UB: 41.07941176470588
branching on 3 with b.
729    209    40         35.2324    41.0794    16.5957    % 
LB close or above UB, fathomed
730    208    39         35.2324    41.0794    16.5957    % 
UB: 41.07941176470588
branching on 2 with b.
731    209    33         35.2324    41.0794    16.5957    % 
UB: 41.07941176470588
branching on 1 with b.
732    210    33         35.2324    41.0794    16.5957    % 
UB: 41.07941176470588
branching on 1 with b.
733    211    28         35.2324    41.0794    16.5957    % 
LB close or above UB, fathomed
734    210    28         35.2324    41.0794    16.5957    % 
UB: 41.07941176470588
branching on 3 with b.
735    211    29         35.2324    41.0794    16.5957    % 
LB close or above UB, fathomed
736    210    29         35.2324    41.0794    16.5957    % 
LB close or above UB, fathomed
737    209    11         35.2324    41.0794    16.5957    % 
LB close or above UB, fathomed
738    208    11         35.2324    41.0794    16.5957    % 
UB: 41.07941176470588
branching on CartesianIndex(1, 3) with a.
739    209    12         35.2324    41.0794    16.5957    % 
UB: 41.07941176470588
branching on 1 with b.
740    210    13         35.2324    41.0794    16.5957    % 
UB: 41.07941176470588
branching on CartesianIndex(2, 3) with a.
741    211    14         35.2324    41.0794    16.5957    % 
LB close or above UB, fathomed
742    210    14         35.2324    41.0794    16.5957    % 
UB: 41.07941176470588
branching on CartesianIndex(1, 4) with c.
743    211    13         35.2324    41.0794    16.5957    % 
LB close or above UB, fathomed
744    210    12         35.2324    41.0794    16.5957    % 
LB close or above UB, fathomed
745    209    16         35.2324    41.0794    16.5957    % 
UB: 41.07941176470588
branching on 3 with b.
746    210    16         35.2324    41.0794    16.5957    % 
LB close or above UB, fathomed
747    209    36         35.2324    41.0794    16.5957    % 
UB: 41.07941176470588
branching on 2 with b.
748    210    37         35.2324    41.0794    16.5957    % 
LB close or above UB, fathomed
749    209    37         35.2324    41.0794    16.5957    % 
UB: 41.07941176470588
branching on 3 with b.
750    210    36         35.2324    41.0794    16.5957    % 
UB: 41.07941176470588
branching on 2 with b.
751    211    37         35.2324    41.0794    16.5957    % 
LB close or above UB, fathomed
752    210    37         35.2324    41.0794    16.5957    % 
UB: 41.07941176470588
branching on 3 with b.
753    211    33         35.2324    41.0794    16.5957    % 
UB: 41.07941176470588
branching on 2 with b.
754    212    33         35.2324    41.0794    16.5957    % 
UB: 41.07941176470588
branching on 2 with b.
755    213    33         35.2324    41.0794    16.5957    % 
UB: 41.07941176470588
branching on 1 with b.
756    214    33         35.2324    41.0794    16.5957    % 
UB: 41.07941176470588
branching on 1 with b.
757    215    32         35.2324    41.0794    16.5957    % 
UB: 41.07941176470588
branching on 3 with b.
758    216    32         35.2324    41.0794    16.5957    % 
LB close or above UB, fathomed
759    215    25         35.2324    41.0794    16.5957    % 
LB close or above UB, fathomed
760    214    25         35.2324    41.0794    16.5957    % 
UB: 41.07941176470588
branching on 3 with b.
761    215    20         35.2324    41.0794    16.5957    % 
LB close or above UB, fathomed
762    214    20         35.2324    41.0794    16.5957    % 
UB: 41.07941176470588
branching on 2 with b.
763    215    21         35.2324    41.0794    16.5957    % 
LB close or above UB, fathomed
764    214    21         35.2324    41.0794    16.5957    % 
UB: 41.07941176470588
branching on CartesianIndex(1, 5) with c.
765    215    22         35.2324    41.0794    16.5957    % 
UB: 41.07941176470588
branching on CartesianIndex(1, 6) with c.
766    216    23         35.2324    41.0794    16.5957    % 
LB close or above UB, fathomed
767    215    23         35.2324    41.0794    16.5957    % 
UB: 41.07941176470588
branching on CartesianIndex(1, 7) with c.
768    216    22         35.2324    41.0794    16.5957    % 
LB close or above UB, fathomed
769    215    20         35.2324    41.0794    16.5957    % 
LB close or above UB, fathomed
770    214    20         35.2324    41.0794    16.5957    % 
UB: 41.07941176470588
branching on 3 with b.
771    215    21         35.2324    41.0794    16.5957    % 
UB: 41.07941176470588
branching on 1 with b.
772    216    22         35.2324    41.0794    16.5957    % 
UB: 41.07941176470588
branching on 2 with b.
773    217    22         35.2324    41.0794    16.5957    % 
LB close or above UB, fathomed
774    216    21         35.2324    41.0794    16.5957    % 
LB close or above UB, fathomed
775    215    35         35.2324    41.0794    16.5957    % 
UB: 41.07941176470588
branching on 1 with b.
776    216    36         35.2324    41.0794    16.5957    % 
UB: 41.07941176470588
branching on 2 with b.
777    217    36         35.2324    41.0794    16.5957    % 
UB: 41.07941176470588
branching on 2 with b.
778    218    35         35.2324    41.0794    16.5957    % 
LB close or above UB, fathomed
779    217    35         35.2324    41.0794    16.5957    % 
LB close or above UB, fathomed
780    216    35         35.2324    41.0794    16.5957    % 
LB close or above UB, fathomed
781    215    29         35.2324    41.0794    16.5957    % 
UB: 41.07941176470588
branching on 2 with b.
782    216    30         35.2324    41.0794    16.5957    % 
LB close or above UB, fathomed
783    215    30         35.2324    41.0794    16.5957    % 
UB: 41.07941176470588
branching on 3 with b.
784    216    29         35.2324    41.0794    16.5957    % 
LB close or above UB, fathomed
785    215    29         35.2324    41.0794    16.5957    % 
UB: 41.07941176470588
branching on 2 with b.
786    216    30         35.2324    41.0794    16.5957    % 
UB: 41.07941176470588
branching on 3 with b.
787    217    31         35.2324    41.0794    16.5957    % 
LB close or above UB, fathomed
788    216    31         35.2324    41.0794    16.5957    % 
LB close or above UB, fathomed
789    215    30         35.2324    41.0794    16.5957    % 
LB close or above UB, fathomed
790    214    29         35.2324    41.0794    16.5957    % 
UB: 41.07941176470588
branching on 2 with b.
791    215    10         35.2324    41.0794    16.5957    % 
UB: 41.07941176470588
branching on CartesianIndex(2, 3) with a.
792    216    11         35.2324    41.0794    16.5957    % 
LB close or above UB, fathomed
793    215    11         35.2324    41.0794    16.5957    % 
LB close or above UB, fathomed
794    214    10         35.2324    41.0794    16.5957    % 
LB close or above UB, fathomed
795    213    38         35.2324    41.0794    16.5957    % 
UB: 41.07941176470588
branching on 1 with b.
796    214    38         35.2324    41.0794    16.5957    % 
UB: 41.07941176470588
branching on 1 with b.
797    215    33         35.2324    41.0794    16.5957    % 
UB: 41.07941176470588
branching on 1 with b.
798    216    33         35.2324    41.0794    16.5957    % 
UB: 41.07941176470588
branching on 1 with b.
799    217    36         35.2324    41.0794    16.5957    % 
UB: 41.07941176470588
branching on 2 with b.
800    218    36         35.2324    41.0794    16.5957    % 
UB: 41.07941176470588
branching on 2 with b.
801    219    37         35.2324    41.0794    16.5957    % 
LB close or above UB, fathomed
802    218    37         35.2324    41.0794    16.5957    % 
UB: 41.07941176470588
branching on 3 with b.
803    219    38         35.2324    41.0794    16.5957    % 
UB: 41.07941176470588
branching on 1 with b.
804    220    38         35.2324    41.0794    16.5957    % 
UB: 41.07941176470588
branching on 1 with b.
805    221    29         35.2324    41.0794    16.5957    % 
UB: 41.07941176470588
branching on 3 with b.
806    222    30         35.2324    41.0794    16.5957    % 
LB close or above UB, fathomed
807    221    30         35.2324    41.0794    16.5957    % 
UB: 41.07941176470588
branching on 1 with b.
808    222    31         35.2324    41.0794    16.5957    % 
UB: 41.07941176470588
branching on 2 with b.
809    223    32         35.2324    41.0794    16.5957    % 
UB: 41.07941176470588
branching on 3 with b.
810    224    32         35.2324    41.0794    16.5957    % 
LB close or above UB, fathomed
811    223    31         35.2324    41.0794    16.5957    % 
UB: 41.07941176470588
branching on 2 with b.
812    224    29         35.2324    41.0794    16.5957    % 
LB close or above UB, fathomed
813    223    31         35.2324    41.0794    16.5957    % 
UB: 41.07941176470588
branching on 3 with b.
814    224    32         35.2324    41.0794    16.5957    % 
UB: 41.07941176470588
branching on 1 with b.
815    225    33         35.2324    41.0794    16.5957    % 
UB: 41.07941176470588
branching on 2 with b.
816    226    33         35.2324    41.0794    16.5957    % 
UB: 41.07941176470588
branching on 2 with b.
817    227    32         35.2324    41.0794    16.5957    % 
LB close or above UB, fathomed
818    226    31         35.2324    41.0794    16.5957    % 
LB close or above UB, fathomed
819    225    11         35.2324    41.0794    16.5957    % 
UB: 41.07941176470588
branching on CartesianIndex(1, 3) with a.
820    226    12         35.2324    41.0794    16.5957    % 
UB: 41.07941176470588
branching on 1 with b.
821    227    13         35.2324    41.0794    16.5957    % 
LB close or above UB, fathomed
822    226    13         35.2324    41.0794    16.5957    % 
UB: 41.07941176470588
branching on CartesianIndex(2, 3) with a.
823    227    14         35.2324    41.0794    16.5957    % 
LB close or above UB, fathomed
824    226    14         35.2324    41.0794    16.5957    % 
LB close or above UB, fathomed
825    225    12         35.2324    41.0794    16.5957    % 
LB close or above UB, fathomed
826    224    11         35.2324    41.0794    16.5957    % 
LB close or above UB, fathomed
827    223    36         35.2324    41.0794    16.5957    % 
UB: 41.07941176470588
branching on 2 with b.
828    224    36         35.2324    41.0794    16.5957    % 
UB: 41.07941176470588
branching on 2 with b.
829    225    37         35.2324    41.0794    16.5957    % 
LB close or above UB, fathomed
830    224    37         35.2324    41.0794    16.5957    % 
UB: 41.07941176470588
branching on 3 with b.
831    225    30         35.2324    41.0794    16.5957    % 
UB: 41.07941176470588
branching on 2 with b.
832    226    30         35.2324    41.0794    16.5957    % 
LB close or above UB, fathomed
833    225    30         35.2324    41.0794    16.5957    % 
UB: 41.07941176470588
branching on 2 with b.
834    226    30         35.2324    41.0794    16.5957    % 
UB: 41.07941176470588
branching on 2 with b.
835    227    33         35.2324    41.0794    16.5957    % 
UB: 41.07941176470588
branching on 2 with b.
836    228    34         35.2324    41.0794    16.5957    % 
UB: 41.07941176470588
branching on 3 with b.
837    229    35         35.2324    41.0794    16.5957    % 
LB close or above UB, fathomed
838    228    35         35.2324    41.0794    16.5957    % 
LB close or above UB, fathomed
839    227    34         35.2324    41.0794    16.5957    % 
LB close or above UB, fathomed
840    226    33         35.2324    41.0794    16.5957    % 
UB: 41.07941176470588
branching on 2 with b.
841    227    34         35.2324    41.0794    16.5957    % 
UB: 41.07941176470588
branching on 3 with b.
842    228    34         35.2324    41.0794    16.5957    % 
LB close or above UB, fathomed
843    227    17         35.2324    41.0794    16.5957    % 
LB close or above UB, fathomed
844    226    17         35.2324    41.0794    16.5957    % 
LB close or above UB, fathomed
845    225    17         35.2324    41.0794    16.5957    % 
UB: 41.07941176470588
branching on CartesianIndex(1, 4) with c.
846    226    17         35.2324    41.0794    16.5957    % 
LB close or above UB, fathomed
847    225    33         35.2324    41.0794    16.5957    % 
LB close or above UB, fathomed
848    224    33         35.2324    41.0794    16.5957    % 
UB: 41.07941176470588
branching on 2 with b.
849    225    26         35.2324    41.0794    16.5957    % 
UB: 41.07941176470588
branching on 3 with b.
850    226    27         35.2324    41.0794    16.5957    % 
UB: 41.07941176470588
branching on 1 with b.
851    227    28         35.2324    41.0794    16.5957    % 
UB: 41.07941176470588
branching on 2 with b.
852    228    28         35.2324    41.0794    16.5957    % 
LB close or above UB, fathomed
853    227    27         35.2324    41.0794    16.5957    % 
LB close or above UB, fathomed
854    226    26         35.2324    41.0794    16.5957    % 
LB close or above UB, fathomed
855    225    16         35.2324    41.0794    16.5957    % 
LB close or above UB, fathomed
856    224    16         35.2324    41.0794    16.5957    % 
UB: 41.07941176470588
branching on CartesianIndex(1, 4) with c.
857    225    18         35.2324    41.0794    16.5957    % 
LB close or above UB, fathomed
858    224    18         35.2324    41.0794    16.5957    % 
UB: 41.07941176470588
branching on CartesianIndex(1, 5) with c.
859    225    19         35.2324    41.0794    16.5957    % 
UB: 41.07941176470588
branching on CartesianIndex(1, 6) with c.
860    226    20         35.2324    41.0794    16.5957    % 
LB close or above UB, fathomed
861    225    20         35.2324    41.0794    16.5957    % 
UB: 41.07941176470588
branching on CartesianIndex(1, 7) with c.
862    226    19         35.2324    41.0794    16.5957    % 
LB close or above UB, fathomed
863    225    4          37.0774    41.0794    10.7938    % 
LB close or above UB, fathomed
864    224    4          37.0774    41.0794    10.7938    % 
UB: 41.07941176470588
branching on CartesianIndex(1, 1) with a.
865    225    5          37.0774    41.0794    10.7938    % 
UB: 41.07941176470588
branching on CartesianIndex(2, 1) with a.
866    226    6          37.0774    41.0794    10.7938    % 
UB: 41.07941176470588
branching on CartesianIndex(3, 1) with a.
867    227    6          37.0774    41.0794    10.7938    % 
UB: 41.07941176470588
branching on 1 with b.
868    228    5          37.0774    41.0794    10.7938    % 
LB close or above UB, fathomed
869    227    7          37.0815    41.0794    10.7814    % 
LB close or above UB, fathomed
870    226    7          37.0815    41.0794    10.7814    % 
LB close or above UB, fathomed
871    225    23         37.1719    41.0794    10.5120    % 
LB close or above UB, fathomed
872    224    23         37.1719    41.0794    10.5120    % 
UB: 41.07941176470588
branching on 3 with b.
873    225    34         37.1814    41.0794    10.4838    % 
UB: 41.07941176470588
branching on 2 with b.
874    226    34         37.1814    41.0794    10.4838    % 
UB: 41.07941176470588
branching on 2 with b.
875    227    35         37.1814    41.0794    10.4838    % 
LB close or above UB, fathomed
876    226    35         37.1814    41.0794    10.4838    % 
LB close or above UB, fathomed
877    225    34         37.1814    41.0794    10.4838    % 
LB close or above UB, fathomed
878    224    34         37.1814    41.0794    10.4838    % 
LB close or above UB, fathomed
879    223    17         37.1814    41.0794    10.4838    % 
LB close or above UB, fathomed
880    222    17         37.1814    41.0794    10.4838    % 
LB close or above UB, fathomed
881    221    34         37.1814    41.0794    10.4838    % 
UB: 41.07941176470588
branching on 3 with b.
882    222    34         37.1814    41.0794    10.4838    % 
LB close or above UB, fathomed
883    221    26         37.1814    41.0794    10.4838    % 
LB close or above UB, fathomed
884    220    26         37.1814    41.0794    10.4838    % 
UB: 41.07941176470588
branching on 1 with b.
885    221    27         37.1814    41.0794    10.4838    % 
LB close or above UB, fathomed
886    220    27         37.1814    41.0794    10.4838    % 
UB: 41.07941176470588
branching on 2 with b.
887    221    34         37.1814    41.0794    10.4838    % 
LB close or above UB, fathomed
888    220    34         37.1814    41.0794    10.4838    % 
UB: 41.07941176470588
branching on 3 with b.
889    221    38         37.1814    41.0794    10.4838    % 
UB: 41.07941176470588
branching on 1 with b.
890    222    38         37.1814    41.0794    10.4838    % 
UB: 41.07941176470588
branching on 1 with b.
891    223    11         37.1814    41.0794    10.4838    % 
LB close or above UB, fathomed
892    222    11         37.1814    41.0794    10.4838    % 
UB: 41.07941176470588
branching on 2 with b.
893    223    12         37.1814    41.0794    10.4838    % 
UB: 41.07941176470588
branching on 3 with b.
894    224    13         37.1814    41.0794    10.4838    % 
UB: 41.07941176470588
branching on CartesianIndex(1, 3) with a.
895    225    13         37.1814    41.0794    10.4838    % 
LB close or above UB, fathomed
896    224    12         37.1814    41.0794    10.4838    % 
LB close or above UB, fathomed
897    223    28         37.1814    41.0794    10.4838    % 
UB: 41.07941176470588
branching on 3 with b.
898    224    29         37.1814    41.0794    10.4838    % 
LB close or above UB, fathomed
899    223    29         37.1814    41.0794    10.4838    % 
UB: 41.07941176470588
branching on 1 with b.
900    224    30         37.1814    41.0794    10.4838    % 
LB close or above UB, fathomed
901    223    30         37.1814    41.0794    10.4838    % 
UB: 41.07941176470588
branching on 2 with b.
902    224    31         37.1814    41.0794    10.4838    % 
UB: 41.07941176470588
branching on 3 with b.
903    225    32         37.1814    41.0794    10.4838    % 
LB close or above UB, fathomed
904    224    32         37.1814    41.0794    10.4838    % 
UB: 41.07941176470588
branching on 1 with b.
905    225    33         37.1814    41.0794    10.4838    % 
UB: 41.07941176470588
branching on 2 with b.
906    226    33         37.1814    41.0794    10.4838    % 
UB: 41.07941176470588
branching on 2 with b.
907    227    31         37.1814    41.0794    10.4838    % 
LB close or above UB, fathomed
908    226    28         37.1814    41.0794    10.4838    % 
LB close or above UB, fathomed
909    225    21         37.1814    41.0794    10.4838    % 
UB: 41.07941176470588
branching on 1 with b.
910    226    22         37.1814    41.0794    10.4838    % 
LB close or above UB, fathomed
911    225    22         37.1814    41.0794    10.4838    % 
LB close or above UB, fathomed
912    224    21         37.1814    41.0794    10.4838    % 
LB close or above UB, fathomed
913    223    34         37.1814    41.0794    10.4838    % 
UB: 41.07941176470588
branching on 3 with b.
914    224    34         37.1814    41.0794    10.4838    % 
LB close or above UB, fathomed
915    223    31         37.1814    41.0794    10.4838    % 
LB close or above UB, fathomed
916    222    31         37.1814    41.0794    10.4838    % 
LB close or above UB, fathomed
917    221    38         37.1814    41.0794    10.4838    % 
UB: 41.07941176470588
branching on 1 with b.
918    222    39         37.1814    41.0794    10.4838    % 
UB: 41.07941176470588
branching on 2 with b.
919    223    40         37.1814    41.0794    10.4838    % 
UB: 41.07941176470588
branching on 3 with b.
920    224    40         37.1814    41.0794    10.4838    % 
LB close or above UB, fathomed
921    223    39         37.1814    41.0794    10.4838    % 
LB close or above UB, fathomed
922    222    38         37.1814    41.0794    10.4838    % 
LB close or above UB, fathomed
923    221    37         37.1814    41.0794    10.4838    % 
LB close or above UB, fathomed
924    220    37         37.1814    41.0794    10.4838    % 
UB: 41.07941176470588
branching on 3 with b.
925    221    33         37.1814    41.0794    10.4838    % 
UB: 41.07941176470588
branching on 1 with b.
926    222    33         37.1814    41.0794    10.4838    % 
UB: 41.07941176470588
branching on 1 with b.
927    223    39         37.1814    41.0794    10.4838    % 
UB: 41.07941176470588
branching on 2 with b.
928    224    40         37.1814    41.0794    10.4838    % 
UB: 41.07941176470588
branching on 3 with b.
929    225    40         37.1814    41.0794    10.4838    % 
LB close or above UB, fathomed
930    224    39         37.1814    41.0794    10.4838    % 
UB: 41.07941176470588
branching on 2 with b.
931    225    39         37.1814    41.0794    10.4838    % 
UB: 41.07941176470588
branching on 2 with b.
932    226    40         37.1814    41.0794    10.4838    % 
UB: 41.07941176470588
branching on 3 with b.
933    227    40         37.1814    41.0794    10.4838    % 
LB close or above UB, fathomed
934    226    39         37.1814    41.0794    10.4838    % 
UB: 41.07941176470588
branching on 2 with b.
935    227    38         37.1814    41.0794    10.4838    % 
UB: 41.07941176470588
branching on 1 with b.
936    228    38         37.1814    41.0794    10.4838    % 
UB: 41.07941176470588
branching on 1 with b.
937    229    37         37.1814    41.0794    10.4838    % 
LB close or above UB, fathomed
938    228    37         37.1814    41.0794    10.4838    % 
UB: 41.07941176470588
branching on 3 with b.
939    229    37         37.1814    41.0794    10.4838    % 
LB close or above UB, fathomed
940    228    37         37.1814    41.0794    10.4838    % 
UB: 41.07941176470588
branching on 3 with b.
941    229    34         37.1814    41.0794    10.4838    % 
UB: 41.07941176470588
branching on 2 with b.
942    230    34         37.1814    41.0794    10.4838    % 
UB: 41.07941176470588
branching on 2 with b.
943    231    39         37.1814    41.0794    10.4838    % 
LB close or above UB, fathomed
944    230    39         37.1814    41.0794    10.4838    % 
UB: 41.07941176470588
branching on 2 with b.
945    231    40         37.1814    41.0794    10.4838    % 
UB: 41.07941176470588
branching on 3 with b.
946    232    40         37.1814    41.0794    10.4838    % 
LB close or above UB, fathomed
947    231    39         37.1814    41.0794    10.4838    % 
LB close or above UB, fathomed
948    230    39         37.1814    41.0794    10.4838    % 
UB: 41.07941176470588
branching on 2 with b.
949    231    40         37.1814    41.0794    10.4838    % 
UB: 41.07941176470588
branching on 3 with b.
950    232    40         37.1814    41.0794    10.4838    % 
LB close or above UB, fathomed
951    231    30         37.1814    41.0794    10.4838    % 
UB: 41.07941176470588
branching on 3 with b.
952    232    31         37.1814    41.0794    10.4838    % 
LB close or above UB, fathomed
953    231    31         37.1814    41.0794    10.4838    % 
LB close or above UB, fathomed
954    230    30         37.1814    41.0794    10.4838    % 
LB close or above UB, fathomed
955    229    31         37.1814    41.0794    10.4838    % 
LB close or above UB, fathomed
956    228    31         37.1814    41.0794    10.4838    % 
LB close or above UB, fathomed
957    227    37         37.1814    41.0794    10.4838    % 
LB close or above UB, fathomed
958    226    37         37.1814    41.0794    10.4838    % 
UB: 41.07941176470588
branching on 3 with b.
959    227    37         37.1814    41.0794    10.4838    % 
LB close or above UB, fathomed
960    226    37         37.1814    41.0794    10.4838    % 
UB: 41.07941176470588
branching on 3 with b.
961    227    24         37.1814    41.0794    10.4838    % 
UB: 41.07941176470588
branching on 3 with b.
962    228    24         37.1814    41.0794    10.4838    % 
LB close or above UB, fathomed
963    227    34         37.1814    41.0794    10.4838    % 
UB: 41.07941176470588
branching on 2 with b.
964    228    34         37.1814    41.0794    10.4838    % 
UB: 41.07941176470588
branching on 2 with b.
965    229    35         37.1814    41.0794    10.4838    % 
LB close or above UB, fathomed
966    228    35         37.1814    41.0794    10.4838    % 
UB: 41.07941176470588
branching on 3 with b.
967    229    34         37.1814    41.0794    10.4838    % 
UB: 41.07941176470588
branching on 2 with b.
968    230    35         37.1814    41.0794    10.4838    % 
LB close or above UB, fathomed
969    229    35         37.1814    41.0794    10.4838    % 
UB: 41.07941176470588
branching on 3 with b.
970    230    34         37.1814    41.0794    10.4838    % 
UB: 41.07941176470588
branching on 2 with b.
971    231    35         37.1814    41.0794    10.4838    % 
LB close or above UB, fathomed
972    230    35         37.1814    41.0794    10.4838    % 
UB: 41.07941176470588
branching on 3 with b.
973    231    34         37.1814    41.0794    10.4838    % 
LB close or above UB, fathomed
974    230    34         37.1814    41.0794    10.4838    % 
LB close or above UB, fathomed
975    229    38         37.1814    41.0794    10.4838    % 
UB: 41.07941176470588
branching on 1 with b.
976    230    39         37.1814    41.0794    10.4838    % 
UB: 41.07941176470588
branching on 2 with b.
977    231    40         37.1814    41.0794    10.4838    % 
UB: 41.07941176470588
branching on 3 with b.
978    232    40         37.1814    41.0794    10.4838    % 
LB close or above UB, fathomed
979    231    39         37.1814    41.0794    10.4838    % 
LB close or above UB, fathomed
980    230    38         37.1814    41.0794    10.4838    % 
LB close or above UB, fathomed
981    229    38         37.1814    41.0794    10.4838    % 
UB: 41.07941176470588
branching on 1 with b.
982    230    39         37.1814    41.0794    10.4838    % 
UB: 41.07941176470588
branching on 2 with b.
983    231    39         37.1814    41.0794    10.4838    % 
UB: 41.07941176470588
branching on 2 with b.
984    232    40         37.1814    41.0794    10.4838    % 
UB: 41.07941176470588
branching on 3 with b.
985    233    40         37.1814    41.0794    10.4838    % 
LB close or above UB, fathomed
986    232    38         37.1814    41.0794    10.4838    % 
LB close or above UB, fathomed
987    231    34         37.1814    41.0794    10.4838    % 
UB: 41.07941176470588
branching on 2 with b.
988    232    34         37.1814    41.0794    10.4838    % 
UB: 41.07941176470588
branching on 2 with b.
989    233    35         37.1814    41.0794    10.4838    % 
LB close or above UB, fathomed
990    232    35         37.1814    41.0794    10.4838    % 
UB: 41.07941176470588
branching on 3 with b.
991    233    34         37.1814    41.0794    10.4838    % 
UB: 41.07941176470588
branching on 2 with b.
992    234    34         37.1814    41.0794    10.4838    % 
UB: 41.07941176470588
branching on 2 with b.
993    235    35         37.1814    41.0794    10.4838    % 
LB close or above UB, fathomed
994    234    35         37.1814    41.0794    10.4838    % 
UB: 41.07941176470588
branching on 3 with b.
995    235    41         37.1814    41.0794    10.4838    % 
LB close or above UB, fathomed
996    234    41         37.1814    41.0794    10.4838    % 
UB: 41.07941176470588
branching on 1 with b.
997    235    42         37.1814    41.0794    10.4838    % 
UB: 41.07941176470588
branching on 2 with b.
998    236    43         37.1814    41.0794    10.4838    % 
UB: 41.07941176470588
branching on 3 with b.
999    237    44         37.1814    41.0794    10.4838    % 
UB: 41.07941176470588
branching on 1 with b.
1000   238    44         37.1814    41.0794    10.4838    % 
UB: 41.07941176470588
branching on 1 with b.
1001   239    43         37.1814    41.0794    10.4838    % 
LB close or above UB, fathomed
1002   238    42         37.1814    41.0794    10.4838    % 
UB: 41.07941176470588
branching on 2 with b.
1003   239    41         37.1814    41.0794    10.4838    % 
UB: 41.07941176470588
branching on 1 with b.
1004   240    42         37.1814    41.0794    10.4838    % 
UB: 41.07941176470588
branching on 2 with b.
1005   241    43         37.1814    41.0794    10.4838    % 
UB: 41.07941176470588
branching on 3 with b.
1006   241    44         37.1814    41.0794    10.4838    % 
UB: 41.07941176470588
branching on 1 with b.
1007   242    45         37.1814    41.0794    10.4838    % 
UB: 41.07941176470588
branching on 2 with b.
1008   242    46         37.1814    41.0794    10.4838    % 
UB: 41.07941176470588
branching on 3 with b.
1009   242    47         37.1814    41.0794    10.4838    % 
UB: 41.07941176470588
branching on 1 with b.
1010   242    48         37.1814    41.0794    10.4838    % 
UB: 41.07941176470588
branching on 2 with b.
1011   243    49         37.1814    41.0794    10.4838    % 
LB close or above UB, fathomed
1012   242    49         37.1814    41.0794    10.4838    % 
UB: 41.07941176470588
branching on 3 with b.
1013   243    45         37.1814    41.0794    10.4838    % 
UB: 41.07941176470588
branching on 2 with b.
1014   243    46         37.1814    41.0794    10.4838    % 
UB: 41.07941176470588
branching on 3 with b.
1015   243    47         37.1814    41.0794    10.4838    % 
UB: 41.07941176470588
branching on 1 with b.
1016   243    48         37.1814    41.0794    10.4838    % 
UB: 41.07941176470588
branching on 2 with b.
1017   244    49         37.1814    41.0794    10.4838    % 
LB close or above UB, fathomed
1018   243    49         37.1814    41.0794    10.4838    % 
UB: 39.13039215686274
branching on 3 with b.
1019   244    43         37.1814    39.1304    5.2419     % 
LB close or above UB, fathomed
1020   65     42         37.1814    39.1304    5.2419     % 
LB close or above UB, fathomed
1021   64     41         37.1814    39.1304    5.2419     % 
UB: 39.13039215686274
branching on 1 with b.
1022   65     42         37.1814    39.1304    5.2419     % 
UB: 39.13039215686274
branching on 2 with b.
1023   66     43         37.1814    39.1304    5.2419     % 
UB: 39.13039215686274
branching on 3 with b.
1024   67     44         37.1814    39.1304    5.2419     % 
UB: 39.13039215686274
branching on 1 with b.
1025   68     45         37.1814    39.1304    5.2419     % 
UB: 39.13039215686274
branching on 2 with b.
1026   68     46         37.1814    39.1304    5.2419     % 
UB: 39.13039215686274
branching on 3 with b.
1027   69     47         37.1814    39.1304    5.2419     % 
UB: 39.13039215686274
branching on 1 with b.
1028   69     48         37.1814    39.1304    5.2419     % 
UB: 39.13039215686274
branching on 2 with b.
1029   70     49         37.1814    39.1304    5.2419     % 
LB close or above UB, fathomed
1030   69     49         37.1814    39.1304    5.2419     % 
LB close or above UB, fathomed
1031   68     47         37.1814    39.1304    5.2419     % 
UB: 39.13039215686274
branching on 1 with b.
1032   68     48         37.1814    39.1304    5.2419     % 
UB: 39.13039215686274
branching on 2 with b.
1033   69     49         37.1814    39.1304    5.2419     % 
LB close or above UB, fathomed
1034   68     49         37.1814    39.1304    5.2419     % 
LB close or above UB, fathomed
1035   67     45         37.1814    39.1304    5.2419     % 
UB: 39.13039215686274
branching on 2 with b.
1036   67     46         37.1814    39.1304    5.2419     % 
UB: 39.13039215686274
branching on 3 with b.
1037   68     47         37.1814    39.1304    5.2419     % 
UB: 39.13039215686274
branching on 1 with b.
1038   68     48         37.1814    39.1304    5.2419     % 
UB: 39.13039215686274
branching on 2 with b.
1039   69     49         37.1814    39.1304    5.2419     % 
LB close or above UB, fathomed
1040   68     49         37.1814    39.1304    5.2419     % 
LB close or above UB, fathomed
1041   67     47         37.1814    39.1304    5.2419     % 
UB: 39.13039215686274
branching on 1 with b.
1042   67     48         37.1814    39.1304    5.2419     % 
UB: 39.13039215686274
branching on 2 with b.
1043   68     49         37.1814    39.1304    5.2419     % 
LB close or above UB, fathomed
1044   67     49         37.1814    39.1304    5.2419     % 
LB close or above UB, fathomed
1045   66     44         37.1814    39.1304    5.2419     % 
UB: 39.13039215686274
branching on 1 with b.
1046   67     45         37.1814    39.1304    5.2419     % 
UB: 39.13039215686274
branching on 2 with b.
1047   67     46         37.1814    39.1304    5.2419     % 
UB: 39.13039215686274
branching on 3 with b.
1048   67     47         37.1814    39.1304    5.2419     % 
UB: 39.13039215686274
branching on 1 with b.
1049   67     48         37.1814    39.1304    5.2419     % 
UB: 39.13039215686274
branching on 2 with b.
1050   68     49         37.1814    39.1304    5.2419     % 
LB close or above UB, fathomed
1051   67     49         37.1814    39.1304    5.2419     % 
LB close or above UB, fathomed
1052   66     45         37.1814    39.1304    5.2419     % 
UB: 39.13039215686274
branching on 2 with b.
1053   66     46         37.1814    39.1304    5.2419     % 
UB: 39.13039215686274
branching on 3 with b.
1054   66     47         37.1814    39.1304    5.2419     % 
UB: 39.13039215686274
branching on 1 with b.
1055   66     48         37.1814    39.1304    5.2419     % 
UB: 39.13039215686274
branching on 2 with b.
1056   67     49         37.1814    39.1304    5.2419     % 
LB close or above UB, fathomed
1057   66     49         37.1814    39.1304    5.2419     % 
LB close or above UB, fathomed
1058   65     43         37.1814    39.1304    5.2419     % 
LB close or above UB, fathomed
1059   64     42         37.1814    39.1304    5.2419     % 
LB close or above UB, fathomed
1060   63     12         37.1814    39.1304    5.2419     % 
LB close or above UB, fathomed
1061   62     12         37.1814    39.1304    5.2419     % 
UB: 39.13039215686274
branching on CartesianIndex(3, 3) with a.
1062   63     13         37.1814    39.1304    5.2419     % 
LB close or above UB, fathomed
1063   62     13         37.1814    39.1304    5.2419     % 
LB close or above UB, fathomed
1064   61     35         37.1814    39.1304    5.2419     % 
LB close or above UB, fathomed
1065   60     35         37.1814    39.1304    5.2419     % 
UB: 39.13039215686274
branching on 1 with b.
1066   61     36         37.1814    39.1304    5.2419     % 
UB: 39.13039215686274
branching on 2 with b.
1067   62     37         37.1814    39.1304    5.2419     % 
LB close or above UB, fathomed
1068   61     37         37.1814    39.1304    5.2419     % 
LB close or above UB, fathomed
1069   60     36         37.1814    39.1304    5.2419     % 
UB: 39.13039215686274
branching on 2 with b.
1070   61     37         37.1814    39.1304    5.2419     % 
LB close or above UB, fathomed
1071   60     37         37.1814    39.1304    5.2419     % 
LB close or above UB, fathomed
1072   59     29         37.1814    39.1304    5.2419     % 
LB close or above UB, fathomed
1073   58     29         37.1814    39.1304    5.2419     % 
LB close or above UB, fathomed
1074   57     32         37.1814    39.1304    5.2419     % 
UB: 39.13039215686274
branching on 3 with b.
1075   58     33         37.1814    39.1304    5.2419     % 
LB close or above UB, fathomed
1076   57     33         37.1814    39.1304    5.2419     % 
LB close or above UB, fathomed
1077   56     32         37.1814    39.1304    5.2419     % 
LB close or above UB, fathomed
1078   55     35         37.1814    39.1304    5.2419     % 
UB: 39.13039215686274
branching on 1 with b.
1079   56     36         37.1814    39.1304    5.2419     % 
UB: 39.13039215686274
branching on 2 with b.
1080   57     37         37.1814    39.1304    5.2419     % 
LB close or above UB, fathomed
1081   56     37         37.1814    39.1304    5.2419     % 
LB close or above UB, fathomed
1082   55     36         37.1814    39.1304    5.2419     % 
LB close or above UB, fathomed
1083   54     35         37.1814    39.1304    5.2419     % 
UB: 39.13039215686274
branching on 1 with b.
1084   55     36         37.1814    39.1304    5.2419     % 
UB: 39.13039215686274
branching on 2 with b.
1085   56     37         37.1814    39.1304    5.2419     % 
LB close or above UB, fathomed
1086   55     37         37.1814    39.1304    5.2419     % 
LB close or above UB, fathomed
1087   54     36         37.1814    39.1304    5.2419     % 
LB close or above UB, fathomed
1088   53     31         37.1814    39.1304    5.2419     % 
UB: 39.13039215686274
branching on 3 with b.
1089   54     31         37.1814    39.1304    5.2419     % 
LB close or above UB, fathomed
1090   53     16         37.1814    39.1304    5.2419     % 
LB close or above UB, fathomed
1091   52     16         37.1814    39.1304    5.2419     % 
LB close or above UB, fathomed
1092   51     30         37.1814    39.1304    5.2419     % 
LB close or above UB, fathomed
1093   50     30         37.1814    39.1304    5.2419     % 
LB close or above UB, fathomed
1094   49     36         37.1814    39.1304    5.2419     % 
LB close or above UB, fathomed
1095   48     36         37.1814    39.1304    5.2419     % 
LB close or above UB, fathomed
1096   47     33         37.1814    39.1304    5.2419     % 
LB close or above UB, fathomed
1097   46     33         37.1814    39.1304    5.2419     % 
LB close or above UB, fathomed
1098   45     15         37.1814    39.1304    5.2419     % 
UB: 39.13039215686274
branching on CartesianIndex(2, 3) with a.
1099   46     16         37.1814    39.1304    5.2419     % 
UB: 39.13039215686274
branching on CartesianIndex(3, 3) with a.
1100   47     17         37.1814    39.1304    5.2419     % 
LB close or above UB, fathomed
1101   46     17         37.1814    39.1304    5.2419     % 
LB close or above UB, fathomed
1102   45     16         37.1814    39.1304    5.2419     % 
LB close or above UB, fathomed
1103   44     15         37.1814    39.1304    5.2419     % 
LB close or above UB, fathomed
1104   43     15         37.1814    39.1304    5.2419     % 
LB close or above UB, fathomed
1105   42     15         37.1814    39.1304    5.2419     % 
LB close or above UB, fathomed
1106   41     15         37.1814    39.1304    5.2419     % 
LB close or above UB, fathomed
1107   40     15         37.1814    39.1304    5.2419     % 
LB close or above UB, fathomed
1108   39     36         37.1814    39.1304    5.2419     % 
UB: 39.13039215686274
branching on 2 with b.
1109   40     37         37.1814    39.1304    5.2419     % 
LB close or above UB, fathomed
1110   39     37         37.1814    39.1304    5.2419     % 
LB close or above UB, fathomed
1111   38     36         37.1814    39.1304    5.2419     % 
UB: 39.13039215686274
branching on 2 with b.
1112   39     37         37.1814    39.1304    5.2419     % 
LB close or above UB, fathomed
1113   38     37         37.1814    39.1304    5.2419     % 
LB close or above UB, fathomed
1114   37     17         37.1814    39.1304    5.2419     % 
LB close or above UB, fathomed
1115   36     17         37.1814    39.1304    5.2419     % 
UB: 39.13039215686274
branching on CartesianIndex(2, 3) with a.
1116   37     9          37.1814    39.1304    5.2419     % 
UB: 39.13039215686274
branching on 1 with b.
1117   38     10         37.1814    39.1304    5.2419     % 
LB close or above UB, fathomed
1118   37     10         37.1814    39.1304    5.2419     % 
UB: 39.13039215686274
branching on 2 with b.
1119   38     11         37.1814    39.1304    5.2419     % 
UB: 39.13039215686274
branching on 3 with b.
1120   39     12         37.1814    39.1304    5.2419     % 
LB close or above UB, fathomed
1121   38     12         37.1814    39.1304    5.2419     % 
LB close or above UB, fathomed
1122   37     11         37.1814    39.1304    5.2419     % 
LB close or above UB, fathomed
1123   36     9          37.1814    39.1304    5.2419     % 
LB close or above UB, fathomed
1124   35     32         37.1814    39.1304    5.2419     % 
LB close or above UB, fathomed
1125   34     32         37.1814    39.1304    5.2419     % 
UB: 39.13039215686274
branching on 1 with b.
1126   35     33         37.1814    39.1304    5.2419     % 
LB close or above UB, fathomed
1127   34     33         37.1814    39.1304    5.2419     % 
LB close or above UB, fathomed
1128   33     25         37.1814    39.1304    5.2419     % 
LB close or above UB, fathomed
1129   32     25         37.1814    39.1304    5.2419     % 
UB: 39.13039215686274
branching on 1 with b.
1130   33     26         37.1814    39.1304    5.2419     % 
LB close or above UB, fathomed
1131   32     26         37.1814    39.1304    5.2419     % 
LB close or above UB, fathomed
1132   31     17         37.1814    39.1304    5.2419     % 
LB close or above UB, fathomed
1133   30     17         37.1814    39.1304    5.2419     % 
UB: 39.13039215686274
branching on CartesianIndex(1, 5) with c.
1134   31     18         37.1814    39.1304    5.2419     % 
UB: 39.13039215686274
branching on 2 with b.
1135   32     19         37.1814    39.1304    5.2419     % 
LB close or above UB, fathomed
1136   31     19         37.1814    39.1304    5.2419     % 
UB: 39.13039215686274
branching on CartesianIndex(1, 6) with c.
1137   32     20         37.1814    39.1304    5.2419     % 
LB close or above UB, fathomed
1138   31     20         37.1814    39.1304    5.2419     % 
LB close or above UB, fathomed
1139   30     18         37.1814    39.1304    5.2419     % 
LB close or above UB, fathomed
1140   29     29         37.1814    39.1304    5.2419     % 
UB: 39.13039215686274
branching on 3 with b.
1141   30     30         37.1814    39.1304    5.2419     % 
LB close or above UB, fathomed
1142   29     30         37.1814    39.1304    5.2419     % 
LB close or above UB, fathomed
1143   28     29         37.1814    39.1304    5.2419     % 
LB close or above UB, fathomed
1144   27     18         37.1814    39.1304    5.2419     % 
LB close or above UB, fathomed
1145   26     18         37.1814    39.1304    5.2419     % 
UB: 39.13039215686274
branching on 2 with b.
1146   27     19         37.1814    39.1304    5.2419     % 
LB close or above UB, fathomed
1147   26     19         37.1814    39.1304    5.2419     % 
LB close or above UB, fathomed
1148   25     31         37.1814    39.1304    5.2419     % 
UB: 39.13039215686274
branching on 3 with b.
1149   26     32         37.1814    39.1304    5.2419     % 
UB: 39.13039215686274
branching on 1 with b.
1150   27     33         37.1814    39.1304    5.2419     % 
LB close or above UB, fathomed
1151   26     33         37.1814    39.1304    5.2419     % 
LB close or above UB, fathomed
1152   25     32         37.1814    39.1304    5.2419     % 
LB close or above UB, fathomed
1153   24     31         37.1814    39.1304    5.2419     % 
LB close or above UB, fathomed
1154   23     23         37.1814    39.1304    5.2419     % 
UB: 39.13039215686274
branching on 3 with b.
1155   24     24         37.1814    39.1304    5.2419     % 
UB: 39.13039215686274
branching on 1 with b.
1156   25     25         37.1814    39.1304    5.2419     % 
LB close or above UB, fathomed
1157   24     25         37.1814    39.1304    5.2419     % 
LB close or above UB, fathomed
1158   23     24         37.1814    39.1304    5.2419     % 
LB close or above UB, fathomed
1159   22     23         37.1814    39.1304    5.2419     % 
LB close or above UB, fathomed
1160   21     33         37.1814    39.1304    5.2419     % 
LB close or above UB, fathomed
1161   20     33         37.1814    39.1304    5.2419     % 
LB close or above UB, fathomed
1162   19     30         37.1814    39.1304    5.2419     % 
LB close or above UB, fathomed
1163   18     30         37.1814    39.1304    5.2419     % 
LB close or above UB, fathomed
1164   17     30         37.1814    39.1304    5.2419     % 
LB close or above UB, fathomed
1165   16     30         37.1814    39.1304    5.2419     % 
LB close or above UB, fathomed
1166   15     35         37.1814    39.1304    5.2419     % 
LB close or above UB, fathomed
1167   14     35         37.1814    39.1304    5.2419     % 
LB close or above UB, fathomed
1168   13     33         37.1814    39.1304    5.2419     % 
LB close or above UB, fathomed
1169   12     33         37.1814    39.1304    5.2419     % 
LB close or above UB, fathomed
1170   11     28         37.1814    39.1304    5.2419     % 
LB close or above UB, fathomed
1171   10     28         37.1814    39.1304    5.2419     % 
UB: 39.13039215686274
branching on 3 with b.
1172   11     29         37.1814    39.1304    5.2419     % 
LB close or above UB, fathomed
1173   10     29         37.1814    39.1304    5.2419     % 
LB close or above UB, fathomed
1174   9      27         37.1814    39.1304    5.2419     % 
LB close or above UB, fathomed
1175   8      27         37.1814    39.1304    5.2419     % 
UB: 39.13039215686274
branching on 3 with b.
1176   9      28         37.1814    39.1304    5.2419     % 
LB close or above UB, fathomed
1177   8      28         37.1814    39.1304    5.2419     % 
LB close or above UB, fathomed
1178   7      24         37.1814    39.1304    5.2419     % 
UB: 39.13039215686274
branching on 1 with b.
1179   8      25         37.1814    39.1304    5.2419     % 
LB close or above UB, fathomed
1180   7      25         37.1814    39.1304    5.2419     % 
LB close or above UB, fathomed
1181   6      24         37.1814    39.1304    5.2419     % 
LB close or above UB, fathomed
1182   5      14         37.1814    39.1304    5.2419     % 
LB close or above UB, fathomed
1183   4      14         37.1814    39.1304    5.2419     % 
LB close or above UB, fathomed
1184   3      18         37.3735    39.1304    4.7009     % 
LB close or above UB, fathomed
1185   2      18         37.3735    39.1304    4.7009     % 
LB close or above UB, fathomed
1186   1      14         38.1559    39.1304    2.5540     % 
LB close or above UB, fathomed
1187   0      14         38.1559    39.1304    2.5540     % 
LB close or above UB, fathomed
all node solved
solved nodes:  1188
1188                                                  3.9130e+01     3.9130e+01     0.0000  % 
5×3 Matrix{Float64}:
 0.0  0.0  0.0
 0.0  0.0  1.0
 1.0  0.0  0.0
 0.0  1.0  0.0
 0.0  0.0  0.0
3-element Vector{Float64}:
 0.40544327275726216
 0.19075972207751588
 0.3510874874678784
2×7 Matrix{Float64}:
 0.0  0.0  0.0  1.0  1.0  1.0  0.0
 0.0  0.0  0.0  0.0  0.0  0.0  1.0
3-element Vector{Float64}:
 1.0
 1.0
 1.0
5×3 Matrix{Float64}:
 0.0  0.0  0.0
 0.0  0.0  0.0
 0.0  0.0  1.0
 0.0  1.0  0.0
 1.0  0.0  0.0
3-element Vector{Float64}:
 0.39990344266937977
 0.2692194799868054
 0.585420566435141
2×7 Matrix{Float64}:
 0.0  0.0  0.0  1.0  0.0  1.0  0.0
 0.0  0.0  0.0  0.0  1.0  0.0  1.0
3-element Vector{Float64}:
 1.0
 1.0
 1.0
comparison (CRT and Glb)on prediction: Dict{Bool, Int64}(0 => 19, 1 => 105)
Dataname	 time	 objv	 lb	 gap	 train_w	 train_g	 test_w	 test_g
/work_bgfs/n/navarrodelacruz/odt/optimal_decision_tree/augmented_datasets/body/body_602.body	 112.36	 39.13039215686274	 39.13	 0.0	 90.349	 94.638	 90.323	 87.903
