Running 6 processes.
Start training /work_bgfs/n/navarrodelacruz/odt/optimal_decision_tree/augmented_datasets/body/body_343.body with seed 1.
Any[]
(5, 497)
(5, 249)
(5, 125)
(5, 123)
dimension: 5, class: 2
cart cost: 66.67755905511812
size of X: (5, 374)
ngroups: 12
UB: 66.67755905511812
Iter	left	lev	LB	UB	gap	
0      0      1          5.9883     66.6776    1013.4726  % 
UB: 66.67755905511811
branching on 1 with d.
1      1      2          5.9883     66.6776    1013.4726  % 
LB close or above UB, fathomed
2      0      2          5.9883     66.6776    1013.4726  % 
UB: 66.67755905511811
branching on 2 with d.
3      1      3          5.9883     66.6776    1013.4726  % 
UB: 66.67755905511811
branching on 3 with d.
4      2      3          5.9883     66.6776    1013.4726  % 
UB: 66.67755905511811
branching on 3 with d.
5      3      4          5.9937     66.6776    1012.4685  % 
UB: 66.67755905511811
branching on CartesianIndex(1, 1) with a.
6      4      4          5.9937     66.6776    1012.4685  % 
UB: 66.67755905511811
branching on CartesianIndex(1, 1) with a.
7      5      5          6.0058     66.6776    1010.2150  % 
UB: 66.67755905511811
branching on CartesianIndex(2, 1) with a.
8      6      6          6.0058     66.6776    1010.2150  % 
UB: 66.67755905511811
branching on CartesianIndex(3, 1) with a.
9      7      6          6.0058     66.6776    1010.2150  % 
UB: 66.67755905511811
branching on 1 with b.
10     8      5          6.0058     66.6776    1010.2150  % 
UB: 66.67755905511811
branching on CartesianIndex(1, 2) with a.
11     9      7          6.0156     66.6776    1008.4083  % 
UB: 66.67755905511811
branching on 1 with b.
12     10     7          6.0156     66.6776    1008.4083  % 
UB: 66.67755905511811
branching on CartesianIndex(1, 2) with a.
13     11     8          6.0156     66.6776    1008.4057  % 
UB: 66.67755905511811
branching on CartesianIndex(4, 1) with a.
14     12     9          6.0156     66.6776    1008.4057  % 
UB: 66.67755905511811
branching on CartesianIndex(1, 2) with a.
15     13     9          6.0156     66.6776    1008.4057  % 
UB: 66.67755905511811
branching on CartesianIndex(1, 2) with a.
16     14     8          6.0156     66.6776    1008.4057  % 
UB: 62.76417322834645
branching on CartesianIndex(4, 1) with a.
17     15     10         7.9767     62.7642    686.8407   % 
UB: 62.76417322834645
branching on 1 with b.
18     16     10         7.9767     62.7642    686.8407   % 
UB: 62.76417322834645
branching on 1 with b.
19     17     11         9.9335     62.7642    531.8457   % 
UB: 62.76417322834645
branching on CartesianIndex(2, 2) with a.
20     18     11         9.9335     62.7642    531.8457   % 
UB: 62.76417322834645
branching on 2 with b.
21     19     12         9.9335     62.7642    531.8457   % 
UB: 62.76417322834645
branching on 3 with b.
22     20     13         9.9335     62.7642    531.8457   % 
UB: 62.76417322834645
branching on CartesianIndex(2, 2) with a.
23     21     13         9.9335     62.7642    531.8457   % 
UB: 62.76417322834645
branching on CartesianIndex(2, 2) with a.
24     22     12         9.9335     62.7642    531.8457   % 
UB: 62.76417322834645
branching on CartesianIndex(2, 2) with a.
25     23     14         11.8902    62.7642    427.8666   % 
UB: 62.76417322834645
branching on CartesianIndex(3, 2) with a.
26     24     15         11.8902    62.7642    427.8666   % 
UB: 62.76417322834645
branching on 1 with b.
27     25     15         11.8902    62.7642    427.8666   % 
UB: 58.850787401574806
branching on CartesianIndex(1, 3) with a.
28     26     14         11.8902    58.8508    394.9538   % 
UB: 58.850787401574806
branching on CartesianIndex(1, 3) with a.
29     25     8          13.8468    58.8508    325.0125   % 
UB: 58.850787401574806
branching on 1 with b.
30     26     8          13.8468    58.8508    325.0125   % 
UB: 58.850787401574806
branching on 1 with b.
31     27     16         13.8469    58.8508    325.0121   % 
UB: 58.850787401574806
branching on CartesianIndex(4, 2) with a.
32     28     16         13.8469    58.8508    325.0121   % 
UB: 58.850787401574806
branching on CartesianIndex(4, 2) with a.
33     29     17         13.8469    58.8508    325.0121   % 
LB close or above UB, fathomed
34     28     17         13.8469    58.8508    325.0121   % 
UB: 58.850787401574806
branching on CartesianIndex(1, 3) with a.
35     29     14         13.8469    58.8508    325.0121   % 
UB: 58.850787401574806
branching on CartesianIndex(3, 2) with a.
36     30     15         13.8469    58.8508    325.0121   % 
UB: 58.850787401574806
branching on CartesianIndex(4, 2) with a.
37     31     15         13.8469    58.8508    325.0121   % 
UB: 58.850787401574806
branching on CartesianIndex(1, 3) with a.
38     32     14         13.8469    58.8508    325.0121   % 
UB: 58.850787401574806
branching on 1 with b.
39     33     7          15.7938    58.8508    272.6206   % 
UB: 58.850787401574806
branching on CartesianIndex(1, 2) with a.
40     34     7          15.7938    58.8508    272.6206   % 
UB: 58.850787401574806
branching on 1 with b.
41     35     11         15.8035    58.8508    272.3908   % 
LB close or above UB, fathomed
42     34     11         15.8035    58.8508    272.3908   % 
UB: 58.850787401574806
branching on CartesianIndex(1, 3) with a.
43     35     12         15.8035    58.8508    272.3908   % 
UB: 58.850787401574806
branching on 2 with b.
44     36     12         15.8035    58.8508    272.3908   % 
UB: 58.850787401574806
branching on CartesianIndex(1, 4) with c.
45     37     9          15.8035    58.8508    272.3902   % 
UB: 58.850787401574806
branching on CartesianIndex(2, 2) with a.
46     38     9          15.8035    58.8508    272.3902   % 
UB: 58.850787401574806
branching on 1 with b.
47     39     9          15.8035    58.8508    272.3898   % 
UB: 58.850787401574806
branching on 1 with b.
48     40     9          15.8035    58.8508    272.3898   % 
UB: 58.850787401574806
branching on 1 with b.
49     41     13         17.7602    58.8508    231.3634   % 
UB: 58.850787401574806
branching on CartesianIndex(2, 3) with a.
50     42     14         17.7602    58.8508    231.3634   % 
UB: 58.850787401574806
branching on 3 with b.
51     43     14         17.7602    58.8508    231.3634   % 
UB: 58.850787401574806
branching on CartesianIndex(1, 4) with c.
52     44     13         17.7602    58.8508    231.3634   % 
LB close or above UB, fathomed
53     43     10         17.7602    58.8508    231.3629   % 
UB: 58.850787401574806
branching on 1 with b.
54     44     10         17.7602    58.8508    231.3629   % 
UB: 58.850787401574806
branching on CartesianIndex(1, 3) with a.
55     45     18         17.7602    58.8508    231.3626   % 
UB: 58.850787401574806
branching on 2 with b.
56     46     19         17.7602    58.8508    231.3626   % 
UB: 58.850787401574806
branching on CartesianIndex(2, 3) with a.
57     47     19         17.7602    58.8508    231.3626   % 
UB: 58.850787401574806
branching on 3 with b.
58     48     18         17.7602    58.8508    231.3626   % 
UB: 56.89409448818897
branching on 2 with b.
59     49     16         17.7602    56.8941    220.3454   % 
UB: 56.89409448818897
branching on 1 with b.
60     50     16         17.7602    56.8941    220.3454   % 
UB: 56.89409448818897
branching on CartesianIndex(1, 3) with a.
61     51     10         19.7169    56.8941    188.5545   % 
UB: 56.89409448818897
branching on 2 with b.
62     52     11         19.7169    56.8941    188.5545   % 
UB: 56.89409448818897
branching on CartesianIndex(1, 2) with a.
63     53     12         19.7169    56.8941    188.5545   % 
UB: 56.89409448818897
branching on 3 with b.
64     54     13         19.7169    56.8941    188.5545   % 
UB: 56.89409448818897
branching on 1 with b.
65     55     13         19.7169    56.8941    188.5545   % 
UB: 56.89409448818897
branching on 1 with b.
66     56     12         19.7169    56.8941    188.5545   % 
UB: 56.89409448818897
branching on CartesianIndex(1, 3) with a.
67     57     11         19.7169    56.8941    188.5545   % 
LB close or above UB, fathomed
68     56     10         19.7169    56.8941    188.5545   % 
UB: 56.89409448818897
branching on CartesianIndex(1, 2) with a.
69     57     16         19.7169    56.8941    188.5545   % 
UB: 56.89409448818897
branching on CartesianIndex(2, 3) with a.
70     58     16         19.7169    56.8941    188.5545   % 
UB: 56.89409448818897
branching on CartesianIndex(1, 4) with c.
71     59     17         19.7169    56.8941    188.5545   % 
UB: 56.89409448818897
branching on CartesianIndex(2, 3) with a.
72     60     17         19.7169    56.8941    188.5545   % 
UB: 56.89409448818897
branching on CartesianIndex(1, 4) with c.
73     61     8          21.6638    56.8941    162.6225   % 
UB: 56.89409448818897
branching on CartesianIndex(2, 2) with a.
74     62     9          21.6638    56.8941    162.6225   % 
UB: 56.89409448818897
branching on CartesianIndex(3, 2) with a.
75     63     9          21.6638    56.8941    162.6225   % 
UB: 56.89409448818897
branching on 1 with b.
76     64     8          21.6638    56.8941    162.6225   % 
UB: 56.89409448818897
branching on CartesianIndex(1, 3) with a.
77     65     10         21.6692    56.8941    162.5573   % 
UB: 56.89409448818897
branching on CartesianIndex(2, 2) with a.
78     66     11         21.6692    56.8941    162.5573   % 
UB: 56.89409448818897
branching on CartesianIndex(3, 2) with a.
79     67     11         21.6692    56.8941    162.5573   % 
UB: 56.89409448818897
branching on 1 with b.
80     68     10         21.6692    56.8941    162.5573   % 
UB: 56.89409448818897
branching on 1 with b.
81     69     15         21.6736    56.8941    162.5043   % 
UB: 56.89409448818897
branching on CartesianIndex(3, 3) with a.
82     70     15         21.6736    56.8941    162.5043   % 
UB: 56.89409448818897
branching on CartesianIndex(3, 3) with a.
83     71     16         21.6736    56.8941    162.5043   % 
LB close or above UB, fathomed
84     70     16         21.6736    56.8941    162.5043   % 
UB: 56.89409448818897
branching on CartesianIndex(1, 4) with c.
85     71     11         21.6736    56.8941    162.5040   % 
UB: 56.89409448818897
branching on CartesianIndex(2, 3) with a.
86     72     12         21.6736    56.8941    162.5040   % 
UB: 56.89409448818897
branching on CartesianIndex(3, 3) with a.
87     73     12         21.6736    56.8941    162.5040   % 
UB: 56.89409448818897
branching on CartesianIndex(1, 4) with c.
88     74     11         21.6736    56.8941    162.5040   % 
UB: 56.89409448818897
branching on 1 with b.
89     75     6          21.6736    56.8941    162.5039   % 
UB: 56.89409448818897
branching on 1 with b.
90     76     7          21.6736    56.8941    162.5039   % 
UB: 56.89409448818897
branching on CartesianIndex(2, 2) with a.
91     77     8          21.6736    56.8941    162.5039   % 
UB: 56.89409448818897
branching on 1 with b.
92     78     8          21.6736    56.8941    162.5039   % 
UB: 56.89409448818897
branching on 1 with b.
93     79     7          21.6736    56.8941    162.5039   % 
UB: 56.89409448818897
branching on CartesianIndex(2, 2) with a.
94     80     6          21.6736    56.8941    162.5039   % 
UB: 56.89409448818897
branching on CartesianIndex(1, 3) with a.
95     81     10         23.6206    56.8941    140.8666   % 
UB: 56.89409448818897
branching on 1 with b.
96     82     10         23.6206    56.8941    140.8666   % 
UB: 56.89409448818897
branching on CartesianIndex(1, 3) with a.
97     83     17         23.6303    56.8941    140.7678   % 
LB close or above UB, fathomed
98     82     17         23.6303    56.8941    140.7678   % 
UB: 56.89409448818897
branching on 1 with b.
99     83     18         23.6303    56.8941    140.7678   % 
UB: 56.89409448818897
branching on CartesianIndex(1, 5) with c.
100    84     18         23.6303    56.8941    140.7678   % 
UB: 56.89409448818897
branching on CartesianIndex(1, 5) with c.
101    85     14         23.6303    56.8941    140.7674   % 
UB: 56.89409448818897
branching on CartesianIndex(2, 2) with a.
102    86     14         23.6303    56.8941    140.7674   % 
UB: 56.89409448818897
branching on CartesianIndex(2, 2) with a.
103    87     14         23.6303    56.8941    140.7674   % 
UB: 56.89409448818897
branching on CartesianIndex(2, 2) with a.
104    88     15         23.6303    56.8941    140.7674   % 
UB: 56.89409448818897
branching on CartesianIndex(3, 2) with a.
105    89     16         23.6303    56.8941    140.7674   % 
UB: 54.93740157480315
branching on CartesianIndex(4, 2) with a.
106    90     17         23.6303    54.9374    132.4870   % 
LB close or above UB, fathomed
107    85     17         23.6303    54.9374    132.4870   % 
UB: 54.93740157480315
branching on CartesianIndex(1, 3) with a.
108    86     18         23.6303    54.9374    132.4870   % 
UB: 54.93740157480315
branching on CartesianIndex(2, 3) with a.
109    87     19         23.6303    54.9374    132.4870   % 
UB: 54.93740157480315
branching on CartesianIndex(3, 3) with a.
110    88     19         23.6303    54.9374    132.4870   % 
UB: 54.93740157480315
branching on 2 with b.
111    89     18         23.6303    54.9374    132.4870   % 
UB: 54.93740157480315
branching on CartesianIndex(1, 4) with c.
112    90     16         23.6303    54.9374    132.4870   % 
UB: 54.93740157480315
branching on 2 with b.
113    91     15         23.6303    54.9374    132.4870   % 
LB close or above UB, fathomed
114    90     14         23.6303    54.9374    132.4870   % 
UB: 54.93740157480315
branching on CartesianIndex(2, 2) with a.
115    91     20         23.6303    54.9374    132.4870   % 
UB: 54.93740157480315
branching on 1 with b.
116    92     21         23.6303    54.9374    132.4870   % 
UB: 54.93740157480315
branching on CartesianIndex(2, 3) with a.
117    93     21         23.6303    54.9374    132.4870   % 
UB: 54.93740157480315
branching on CartesianIndex(2, 3) with a.
118    94     22         23.6303    54.9374    132.4870   % 
UB: 54.93740157480315
branching on CartesianIndex(3, 3) with a.
119    95     22         23.6303    54.9374    132.4870   % 
UB: 54.93740157480315
branching on CartesianIndex(1, 4) with c.
120    96     20         23.6303    54.9374    132.4870   % 
LB close or above UB, fathomed
121    95     18         23.6303    54.9374    132.4870   % 
UB: 54.93740157480315
branching on 1 with b.
122    96     18         23.6303    54.9374    132.4870   % 
UB: 54.93740157480315
branching on 1 with b.
123    97     15         24.1195    54.9374    127.7718   % 
UB: 54.93740157480315
branching on 2 with b.
124    98     15         24.1195    54.9374    127.7718   % 
LB close or above UB, fathomed
125    97     11         25.5773    54.9374    114.7899   % 
LB close or above UB, fathomed
126    96     11         25.5773    54.9374    114.7899   % 
UB: 54.93740157480315
branching on CartesianIndex(4, 2) with a.
127    97     12         25.5773    54.9374    114.7899   % 
UB: 54.93740157480315
branching on CartesianIndex(1, 3) with a.
128    98     13         25.5773    54.9374    114.7899   % 
UB: 54.93740157480315
branching on 2 with b.
129    99     13         25.5773    54.9374    114.7899   % 
LB close or above UB, fathomed
130    98     12         25.5773    54.9374    114.7899   % 
UB: 54.93740157480315
branching on 2 with b.
131    99     12         25.5826    54.9374    114.7452   % 
UB: 54.93740157480315
branching on 1 with b.
132    100    12         25.5826    54.9374    114.7452   % 
UB: 54.93740157480315
branching on CartesianIndex(1, 3) with a.
133    101    20         25.5870    54.9374    114.7082   % 
UB: 54.93740157480315
branching on CartesianIndex(4, 3) with a.
134    102    20         25.5870    54.9374    114.7082   % 
UB: 54.93740157480315
branching on CartesianIndex(1, 4) with c.
135    103    21         25.5870    54.9374    114.7082   % 
LB close or above UB, fathomed
136    102    21         25.5870    54.9374    114.7082   % 
UB: 54.93740157480315
branching on 2 with b.
137    103    22         25.5870    54.9374    114.7082   % 
UB: 54.93740157480315
branching on CartesianIndex(1, 5) with c.
138    104    22         25.5870    54.9374    114.7082   % 
UB: 54.93740157480315
branching on 3 with b.
139    105    11         25.5870    54.9374    114.7082   % 
UB: 54.93740157480315
branching on CartesianIndex(2, 3) with a.
140    106    11         25.5870    54.9374    114.7082   % 
UB: 54.93740157480315
branching on CartesianIndex(1, 4) with c.
141    107    9          25.5870    54.9374    114.7082   % 
UB: 54.93740157480315
branching on CartesianIndex(3, 2) with a.
142    108    9          25.5870    54.9374    114.7082   % 
UB: 54.93740157480315
branching on CartesianIndex(3, 2) with a.
143    109    10         25.5870    54.9374    114.7082   % 
UB: 54.93740157480315
branching on 2 with b.
144    110    10         25.5870    54.9374    114.7082   % 
UB: 54.93740157480315
branching on CartesianIndex(1, 3) with a.
145    111    10         25.5870    54.9374    114.7082   % 
LB close or above UB, fathomed
146    110    10         25.5870    54.9374    114.7082   % 
UB: 54.93740157480315
branching on 2 with b.
147    111    17         25.5870    54.9374    114.7082   % 
UB: 54.93740157480315
branching on CartesianIndex(3, 3) with a.
148    112    17         25.5870    54.9374    114.7082   % 
UB: 54.93740157480315
branching on CartesianIndex(1, 4) with c.
149    113    20         25.5870    54.9374    114.7082   % 
UB: 54.93740157480315
branching on 3 with b.
150    114    20         25.5870    54.9374    114.7082   % 
UB: 54.93740157480315
branching on CartesianIndex(1, 4) with c.
151    115    19         27.5437    54.9374    99.4557    % 
UB: 54.93740157480315
branching on 2 with b.
152    116    20         27.5437    54.9374    99.4557    % 
UB: 54.93740157480315
branching on CartesianIndex(1, 6) with c.
153    117    20         27.5437    54.9374    99.4557    % 
UB: 54.93740157480315
branching on 3 with b.
154    118    21         27.5437    54.9374    99.4557    % 
UB: 54.93740157480315
branching on CartesianIndex(1, 6) with c.
155    119    22         27.5437    54.9374    99.4557    % 
LB close or above UB, fathomed
156    118    22         27.5437    54.9374    99.4557    % 
UB: 54.93740157480315
branching on 1 with b.
157    119    23         27.5437    54.9374    99.4557    % 
UB: 54.93740157480315
branching on CartesianIndex(1, 7) with c.
158    120    23         27.5437    54.9374    99.4557    % 
UB: 54.93740157480315
branching on CartesianIndex(1, 7) with c.
159    121    21         27.5437    54.9374    99.4557    % 
LB close or above UB, fathomed
160    120    19         27.5437    54.9374    99.4557    % 
LB close or above UB, fathomed
161    119    23         27.5437    54.9374    99.4554    % 
LB close or above UB, fathomed
162    118    23         27.5437    54.9374    99.4554    % 
UB: 54.93740157480315
branching on CartesianIndex(1, 4) with c.
163    119    24         27.5437    54.9374    99.4554    % 
LB close or above UB, fathomed
164    118    24         27.5437    54.9374    99.4554    % 
UB: 54.93740157480315
branching on CartesianIndex(1, 5) with c.
165    119    25         27.5437    54.9374    99.4554    % 
UB: 54.93740157480315
branching on CartesianIndex(1, 6) with c.
166    120    26         27.5437    54.9374    99.4554    % 
LB close or above UB, fathomed
167    119    26         27.5437    54.9374    99.4554    % 
UB: 54.93740157480315
branching on CartesianIndex(1, 7) with c.
168    120    27         27.5437    54.9374    99.4554    % 
UB: 54.93740157480315
branching on 2 with b.
169    121    28         27.5437    54.9374    99.4554    % 
UB: 54.93740157480315
branching on 3 with b.
170    122    29         27.5437    54.9374    99.4554    % 
UB: 52.98070866141732
branching on 1 with b.
171    123    30         27.5437    52.9807    92.3515    % 
UB: 52.98070866141732
branching on 2 with b.
172    124    30         27.5437    52.9807    92.3515    % 
UB: 52.98070866141732
branching on 2 with b.
173    125    29         27.5437    52.9807    92.3515    % 
LB close or above UB, fathomed
174    124    28         27.5437    52.9807    92.3515    % 
LB close or above UB, fathomed
175    123    27         27.5437    52.9807    92.3515    % 
LB close or above UB, fathomed
176    122    25         27.5437    52.9807    92.3515    % 
LB close or above UB, fathomed
177    121    11         27.5437    52.9807    92.3515    % 
UB: 52.98070866141732
branching on 2 with b.
178    122    11         27.5437    52.9807    92.3515    % 
UB: 52.98070866141732
branching on CartesianIndex(3, 2) with a.
179    123    12         27.5437    52.9807    92.3515    % 
UB: 52.98070866141732
branching on CartesianIndex(4, 2) with a.
180    124    12         27.5437    52.9807    92.3515    % 
UB: 52.98070866141732
branching on 2 with b.
181    125    11         27.5437    52.9807    92.3515    % 
UB: 52.98070866141732
branching on 3 with b.
182    126    12         27.5437    52.9807    92.3515    % 
UB: 52.98070866141732
branching on 1 with b.
183    127    13         27.5437    52.9807    92.3515    % 
UB: 52.98070866141732
branching on 2 with b.
184    128    13         27.5437    52.9807    92.3515    % 
UB: 52.98070866141732
branching on CartesianIndex(1, 3) with a.
185    129    12         27.5437    52.9807    92.3515    % 
LB close or above UB, fathomed
186    128    11         27.5437    52.9807    92.3515    % 
UB: 52.98070866141732
branching on CartesianIndex(1, 3) with a.
187    129    12         27.5437    52.9807    92.3515    % 
UB: 52.98070866141732
branching on 1 with b.
188    130    13         27.5437    52.9807    92.3515    % 
LB close or above UB, fathomed
189    129    13         27.5437    52.9807    92.3515    % 
UB: 52.98070866141732
branching on CartesianIndex(3, 3) with a.
190    130    14         27.5437    52.9807    92.3515    % 
UB: 52.98070866141732
branching on CartesianIndex(4, 3) with a.
191    131    15         27.5437    52.9807    92.3515    % 
LB close or above UB, fathomed
192    130    15         27.5437    52.9807    92.3515    % 
UB: 52.98070866141732
branching on CartesianIndex(1, 4) with c.
193    131    14         27.5437    52.9807    92.3515    % 
UB: 52.98070866141732
branching on CartesianIndex(1, 4) with c.
194    132    12         27.5437    52.9807    92.3515    % 
LB close or above UB, fathomed
195    131    13         27.5437    52.9807    92.3515    % 
UB: 52.98070866141732
branching on CartesianIndex(1, 3) with a.
196    132    13         27.5437    52.9807    92.3515    % 
UB: 52.98070866141732
branching on 3 with b.
197    133    14         27.5437    52.9807    92.3515    % 
UB: 52.98070866141732
branching on CartesianIndex(1, 3) with a.
198    134    14         27.5437    52.9807    92.3515    % 
LB close or above UB, fathomed
199    133    13         27.5437    52.9807    92.3515    % 
LB close or above UB, fathomed
200    132    13         27.5437    52.9807    92.3515    % 
UB: 52.98070866141732
branching on 2 with b.
201    133    14         27.5437    52.9807    92.3515    % 
UB: 52.98070866141732
branching on 3 with b.
202    134    15         27.5437    52.9807    92.3515    % 
UB: 52.98070866141732
branching on 1 with b.
203    135    15         27.5437    52.9807    92.3515    % 
UB: 52.98070866141732
branching on CartesianIndex(1, 5) with c.
204    136    14         27.5437    52.9807    92.3515    % 
LB close or above UB, fathomed
205    135    8          27.5437    52.9807    92.3515    % 
UB: 52.98070866141732
branching on CartesianIndex(1, 2) with a.
206    136    9          27.5437    52.9807    92.3515    % 
UB: 52.98070866141732
branching on CartesianIndex(2, 2) with a.
207    137    10         27.5437    52.9807    92.3515    % 
UB: 52.98070866141732
branching on 2 with b.
208    138    10         27.5437    52.9807    92.3515    % 
LB close or above UB, fathomed
209    137    9          27.5437    52.9807    92.3515    % 
LB close or above UB, fathomed
210    136    8          27.5437    52.9807    92.3515    % 
LB close or above UB, fathomed
211    135    13         27.5437    52.9807    92.3515    % 
UB: 52.98070866141732
branching on CartesianIndex(1, 3) with a.
212    136    13         27.5437    52.9807    92.3515    % 
UB: 52.98070866141732
branching on 2 with b.
213    137    14         27.5437    52.9807    92.3515    % 
UB: 52.98070866141732
branching on CartesianIndex(1, 3) with a.
214    138    14         27.5437    52.9807    92.3515    % 
UB: 52.98070866141732
branching on CartesianIndex(1, 3) with a.
215    139    21         27.5437    52.9807    92.3515    % 
UB: 52.98070866141732
branching on CartesianIndex(3, 3) with a.
216    140    22         27.5437    52.9807    92.3515    % 
LB close or above UB, fathomed
217    139    22         27.5437    52.9807    92.3515    % 
UB: 52.98070866141732
branching on CartesianIndex(1, 4) with c.
218    140    23         27.5437    52.9807    92.3515    % 
LB close or above UB, fathomed
219    139    23         27.5437    52.9807    92.3515    % 
UB: 52.98070866141732
branching on CartesianIndex(1, 5) with c.
220    140    24         27.5437    52.9807    92.3515    % 
UB: 52.98070866141732
branching on CartesianIndex(1, 6) with c.
221    141    25         27.5437    52.9807    92.3515    % 
LB close or above UB, fathomed
222    140    25         27.5437    52.9807    92.3515    % 
UB: 52.98070866141732
branching on 1 with b.
223    141    26         27.5437    52.9807    92.3515    % 
UB: 52.98070866141732
branching on 2 with b.
224    142    26         27.5437    52.9807    92.3515    % 
UB: 52.98070866141732
branching on CartesianIndex(1, 7) with c.
225    143    24         27.5437    52.9807    92.3515    % 
LB close or above UB, fathomed
226    142    21         27.5437    52.9807    92.3515    % 
LB close or above UB, fathomed
227    141    19         27.5437    52.9807    92.3515    % 
UB: 52.98070866141732
branching on CartesianIndex(3, 3) with a.
228    142    19         27.5437    52.9807    92.3515    % 
UB: 52.98070866141732
branching on CartesianIndex(3, 3) with a.
229    143    16         27.5437    52.9807    92.3515    % 
UB: 52.98070866141732
branching on CartesianIndex(3, 2) with a.
230    144    16         27.5437    52.9807    92.3515    % 
UB: 52.98070866141732
branching on CartesianIndex(3, 2) with a.
231    145    16         28.2963    52.9807    87.2356    % 
UB: 52.98070866141732
branching on CartesianIndex(4, 3) with a.
232    146    16         28.2963    52.9807    87.2356    % 
UB: 52.98070866141732
branching on CartesianIndex(1, 4) with c.
233    147    4          29.4007    52.9807    80.2020    % 
LB close or above UB, fathomed
234    146    4          29.4007    52.9807    80.2020    % 
UB: 52.98070866141732
branching on CartesianIndex(1, 1) with a.
235    147    5          29.4120    52.9807    80.1331    % 
UB: 52.98070866141732
branching on CartesianIndex(2, 1) with a.
236    148    6          29.4120    52.9807    80.1331    % 
UB: 52.98070866141732
branching on 1 with b.
237    149    6          29.4120    52.9807    80.1331    % 
UB: 52.98070866141732
branching on CartesianIndex(1, 3) with a.
238    150    5          29.4120    52.9807    80.1331    % 
UB: 52.98070866141732
branching on CartesianIndex(1, 3) with a.
239    151    7          29.4358    52.9807    79.9872    % 
UB: 52.98070866141732
branching on CartesianIndex(3, 1) with a.
240    152    8          29.4358    52.9807    79.9872    % 
UB: 52.98070866141732
branching on 1 with b.
241    153    8          29.4358    52.9807    79.9872    % 
UB: 52.98070866141732
branching on 1 with b.
242    154    7          29.4358    52.9807    79.9872    % 
LB close or above UB, fathomed
243    153    9          29.5003    52.9807    79.5936    % 
UB: 52.98070866141732
branching on 1 with b.
244    154    10         29.5003    52.9807    79.5936    % 
LB close or above UB, fathomed
245    153    10         29.5003    52.9807    79.5936    % 
UB: 52.98070866141732
branching on 2 with b.
246    154    11         29.5003    52.9807    79.5936    % 
UB: 52.98070866141732
branching on CartesianIndex(2, 3) with a.
247    155    11         29.5003    52.9807    79.5936    % 
UB: 52.98070866141732
branching on CartesianIndex(2, 3) with a.
248    156    9          29.5003    52.9807    79.5936    % 
LB close or above UB, fathomed
249    155    24         29.5004    52.9807    79.5935    % 
UB: 52.98070866141732
branching on 2 with b.
250    156    24         29.5004    52.9807    79.5935    % 
LB close or above UB, fathomed
251    155    25         29.5004    52.9807    79.5935    % 
UB: 52.98070866141732
branching on 3 with b.
252    156    25         29.5004    52.9807    79.5935    % 
LB close or above UB, fathomed
253    155    26         29.5004    52.9807    79.5935    % 
UB: 52.98070866141732
branching on 1 with b.
254    156    27         29.5004    52.9807    79.5935    % 
UB: 52.98070866141732
branching on 2 with b.
255    157    27         29.5004    52.9807    79.5935    % 
UB: 52.98070866141732
branching on 2 with b.
256    158    26         29.5004    52.9807    79.5935    % 
LB close or above UB, fathomed
257    157    12         29.5004    52.9807    79.5932    % 
UB: 52.98070866141732
branching on CartesianIndex(3, 3) with a.
258    158    13         29.5004    52.9807    79.5932    % 
UB: 52.98070866141732
branching on 3 with b.
259    159    13         29.5004    52.9807    79.5932    % 
UB: 52.98070866141732
branching on 3 with b.
260    160    12         29.5004    52.9807    79.5932    % 
LB close or above UB, fathomed
261    159    15         29.5004    52.9807    79.5932    % 
UB: 52.98070866141732
branching on CartesianIndex(2, 3) with a.
262    160    16         29.5004    52.9807    79.5932    % 
UB: 52.98070866141732
branching on 3 with b.
263    161    16         29.5004    52.9807    79.5932    % 
UB: 52.98070866141732
branching on CartesianIndex(1, 4) with c.
264    162    15         29.5004    52.9807    79.5932    % 
LB close or above UB, fathomed
265    161    15         29.5004    52.9807    79.5932    % 
UB: 52.98070866141732
branching on CartesianIndex(2, 3) with a.
266    162    16         29.5004    52.9807    79.5932    % 
UB: 52.98070866141732
branching on CartesianIndex(3, 3) with a.
267    163    17         29.5004    52.9807    79.5932    % 
UB: 52.98070866141732
branching on CartesianIndex(4, 3) with a.
268    164    17         29.5004    52.9807    79.5932    % 
UB: 52.98070866141732
branching on CartesianIndex(1, 4) with c.
269    165    16         29.5004    52.9807    79.5932    % 
LB close or above UB, fathomed
270    164    15         29.5004    52.9807    79.5932    % 
LB close or above UB, fathomed
271    163    14         29.5004    52.9807    79.5932    % 
UB: 52.98070866141732
branching on 3 with b.
272    164    15         29.5004    52.9807    79.5932    % 
UB: 52.98070866141732
branching on CartesianIndex(2, 3) with a.
273    165    16         29.5004    52.9807    79.5932    % 
UB: 52.98070866141732
branching on 1 with b.
274    166    17         29.5004    52.9807    79.5932    % 
UB: 52.98070866141732
branching on CartesianIndex(3, 3) with a.
275    167    17         29.5004    52.9807    79.5932    % 
UB: 52.98070866141732
branching on CartesianIndex(3, 3) with a.
276    168    16         29.5004    52.9807    79.5932    % 
LB close or above UB, fathomed
277    167    15         29.5004    52.9807    79.5932    % 
LB close or above UB, fathomed
278    166    14         29.5004    52.9807    79.5932    % 
UB: 52.98070866141732
branching on 3 with b.
279    167    15         29.5004    52.9807    79.5932    % 
UB: 52.98070866141732
branching on CartesianIndex(1, 5) with c.
280    168    15         29.5004    52.9807    79.5932    % 
UB: 52.98070866141732
branching on CartesianIndex(1, 5) with c.
281    169    14         29.5004    52.9807    79.5932    % 
UB: 52.98070866141732
branching on CartesianIndex(2, 3) with a.
282    170    14         29.5004    52.9807    79.5932    % 
UB: 52.98070866141732
branching on CartesianIndex(1, 4) with c.
283    171    13         29.5004    52.9807    79.5932    % 
UB: 52.98070866141732
branching on CartesianIndex(1, 3) with a.
284    172    14         29.5004    52.9807    79.5932    % 
UB: 52.98070866141732
branching on 3 with b.
285    173    15         29.5004    52.9807    79.5932    % 
UB: 52.98070866141732
branching on CartesianIndex(2, 3) with a.
286    174    15         29.5004    52.9807    79.5932    % 
UB: 52.98070866141732
branching on CartesianIndex(2, 3) with a.
287    175    14         29.5004    52.9807    79.5932    % 
LB close or above UB, fathomed
288    174    13         29.5004    52.9807    79.5932    % 
UB: 52.98070866141732
branching on CartesianIndex(1, 3) with a.
289    175    13         29.5004    52.9807    79.5932    % 
UB: 52.98070866141732
branching on CartesianIndex(4, 2) with a.
290    176    13         29.5004    52.9807    79.5932    % 
UB: 52.98070866141732
branching on CartesianIndex(4, 2) with a.
291    177    13         29.5004    52.9807    79.5932    % 
UB: 52.98070866141732
branching on CartesianIndex(1, 5) with c.
292    178    13         29.5004    52.9807    79.5932    % 
UB: 52.98070866141732
branching on 1 with b.
293    179    18         29.5004    52.9807    79.5932    % 
LB close or above UB, fathomed
294    178    18         29.5004    52.9807    79.5932    % 
UB: 52.98070866141732
branching on CartesianIndex(1, 5) with c.
295    179    19         29.5004    52.9807    79.5932    % 
UB: 52.98070866141732
branching on CartesianIndex(1, 6) with c.
296    180    20         29.5004    52.9807    79.5932    % 
LB close or above UB, fathomed
297    179    20         29.5004    52.9807    79.5932    % 
UB: 52.98070866141732
branching on CartesianIndex(1, 7) with c.
298    180    21         29.5004    52.9807    79.5932    % 
UB: 52.98070866141732
branching on 1 with b.
299    181    22         29.5004    52.9807    79.5932    % 
LB close or above UB, fathomed
300    180    22         29.5004    52.9807    79.5932    % 
UB: 52.98070866141732
branching on 2 with b.
301    181    21         29.5004    52.9807    79.5932    % 
LB close or above UB, fathomed
302    180    19         29.5004    52.9807    79.5932    % 
LB close or above UB, fathomed
303    179    10         29.5004    52.9807    79.5932    % 
UB: 52.98070866141732
branching on CartesianIndex(2, 2) with a.
304    180    11         29.5004    52.9807    79.5932    % 
UB: 52.98070866141732
branching on 2 with b.
305    181    11         29.5004    52.9807    79.5932    % 
UB: 52.98070866141732
branching on CartesianIndex(1, 3) with a.
306    182    10         29.5004    52.9807    79.5932    % 
LB close or above UB, fathomed
307    181    9          29.5004    52.9807    79.5932    % 
UB: 52.98070866141732
branching on 1 with b.
308    182    9          29.5004    52.9807    79.5932    % 
LB close or above UB, fathomed
309    181    20         29.5004    52.9807    79.5932    % 
UB: 52.98070866141732
branching on CartesianIndex(4, 3) with a.
310    182    20         29.5004    52.9807    79.5932    % 
UB: 52.98070866141732
branching on CartesianIndex(1, 4) with c.
311    183    11         29.5004    52.9807    79.5932    % 
UB: 52.98070866141732
branching on CartesianIndex(3, 2) with a.
312    184    11         29.5004    52.9807    79.5932    % 
UB: 52.98070866141732
branching on 3 with b.
313    185    31         29.5004    52.9807    79.5932    % 
UB: 52.98070866141732
branching on 3 with b.
314    186    32         29.5004    52.9807    79.5932    % 
UB: 52.98070866141732
branching on 1 with b.
315    187    32         29.5004    52.9807    79.5932    % 
UB: 52.98070866141732
branching on 1 with b.
316    188    31         29.5004    52.9807    79.5932    % 
LB close or above UB, fathomed
317    187    23         29.5004    52.9807    79.5932    % 
UB: 52.98070866141732
branching on CartesianIndex(1, 5) with c.
318    188    24         29.5004    52.9807    79.5932    % 
UB: 52.98070866141732
branching on CartesianIndex(1, 6) with c.
319    189    25         29.5004    52.9807    79.5932    % 
LB close or above UB, fathomed
320    188    25         29.5004    52.9807    79.5932    % 
UB: 52.98070866141732
branching on CartesianIndex(1, 7) with c.
321    189    26         29.5004    52.9807    79.5932    % 
UB: 52.98070866141732
branching on 1 with b.
322    190    27         29.5004    52.9807    79.5932    % 
UB: 52.98070866141732
branching on 2 with b.
323    191    28         29.5004    52.9807    79.5932    % 
UB: 52.98070866141732
branching on 3 with b.
324    192    29         29.5004    52.9807    79.5932    % 
UB: 52.98070866141732
branching on 1 with b.
325    193    29         29.5004    52.9807    79.5932    % 
UB: 52.98070866141732
branching on 1 with b.
326    194    28         29.5004    52.9807    79.5932    % 
LB close or above UB, fathomed
327    193    27         29.5004    52.9807    79.5932    % 
UB: 52.98070866141732
branching on 2 with b.
328    194    26         29.5004    52.9807    79.5932    % 
LB close or above UB, fathomed
329    193    24         29.5004    52.9807    79.5932    % 
LB close or above UB, fathomed
330    192    23         29.5004    52.9807    79.5932    % 
LB close or above UB, fathomed
331    191    19         29.5004    52.9807    79.5932    % 
LB close or above UB, fathomed
332    190    19         29.5004    52.9807    79.5932    % 
UB: 52.98070866141732
branching on CartesianIndex(1, 5) with c.
333    191    20         29.5004    52.9807    79.5932    % 
UB: 52.98070866141732
branching on CartesianIndex(1, 6) with c.
334    192    21         29.5004    52.9807    79.5932    % 
LB close or above UB, fathomed
335    191    21         29.5004    52.9807    79.5932    % 
UB: 52.98070866141732
branching on CartesianIndex(1, 7) with c.
336    192    22         29.5004    52.9807    79.5932    % 
UB: 52.98070866141732
branching on 2 with b.
337    193    23         29.5004    52.9807    79.5932    % 
UB: 52.98070866141732
branching on 3 with b.
338    194    23         29.5004    52.9807    79.5932    % 
UB: 52.98070866141732
branching on 3 with b.
339    195    22         29.5004    52.9807    79.5932    % 
LB close or above UB, fathomed
340    194    20         29.5004    52.9807    79.5932    % 
LB close or above UB, fathomed
341    193    12         29.5004    52.9807    79.5932    % 
UB: 52.98070866141732
branching on 2 with b.
342    194    12         29.5004    52.9807    79.5932    % 
UB: 52.98070866141732
branching on 2 with b.
343    195    16         29.5004    52.9807    79.5932    % 
UB: 52.98070866141732
branching on CartesianIndex(2, 3) with a.
344    196    16         29.5004    52.9807    79.5932    % 
UB: 52.98070866141732
branching on CartesianIndex(1, 4) with c.
345    197    15         29.5004    52.9807    79.5932    % 
UB: 52.98070866141732
branching on 3 with b.
346    198    15         29.5004    52.9807    79.5932    % 
LB close or above UB, fathomed
347    197    16         29.6618    52.9807    78.6159    % 
UB: 52.98070866141732
branching on CartesianIndex(2, 3) with a.
348    198    16         29.6618    52.9807    78.6159    % 
LB close or above UB, fathomed
349    197    14         29.9971    52.9807    76.6194    % 
UB: 52.98070866141732
branching on 2 with b.
350    198    14         29.9971    52.9807    76.6194    % 
LB close or above UB, fathomed
351    197    9          31.4071    52.9807    68.6903    % 
LB close or above UB, fathomed
352    196    9          31.4071    52.9807    68.6903    % 
UB: 52.98070866141732
branching on CartesianIndex(1, 3) with a.
353    197    14         31.4474    52.9807    68.4743    % 
UB: 52.98070866141732
branching on CartesianIndex(2, 3) with a.
354    198    15         31.4474    52.9807    68.4743    % 
UB: 52.98070866141732
branching on 3 with b.
355    199    16         31.4474    52.9807    68.4743    % 
UB: 52.98070866141732
branching on CartesianIndex(3, 3) with a.
356    200    17         31.4474    52.9807    68.4743    % 
UB: 52.98070866141732
branching on CartesianIndex(4, 3) with a.
357    201    17         31.4474    52.9807    68.4743    % 
UB: 52.98070866141732
branching on CartesianIndex(1, 4) with c.
358    202    16         31.4474    52.9807    68.4743    % 
LB close or above UB, fathomed
359    201    15         31.4474    52.9807    68.4743    % 
LB close or above UB, fathomed
360    200    14         31.4474    52.9807    68.4743    % 
UB: 52.98070866141732
branching on CartesianIndex(2, 3) with a.
361    201    13         31.4527    52.9807    68.4458    % 
UB: 52.98070866141732
branching on 1 with b.
362    202    14         31.4527    52.9807    68.4458    % 
UB: 52.98070866141732
branching on CartesianIndex(2, 3) with a.
363    203    14         31.4527    52.9807    68.4458    % 
UB: 52.98070866141732
branching on 2 with b.
364    204    13         31.4527    52.9807    68.4458    % 
LB close or above UB, fathomed
365    203    12         31.4570    52.9807    68.4225    % 
UB: 52.98070866141732
branching on 3 with b.
366    204    13         31.4570    52.9807    68.4225    % 
UB: 52.98070866141732
branching on CartesianIndex(3, 3) with a.
367    205    14         31.4570    52.9807    68.4225    % 
UB: 52.98070866141732
branching on 1 with b.
368    206    14         31.4570    52.9807    68.4225    % 
UB: 52.98070866141732
branching on 1 with b.
369    207    13         31.4570    52.9807    68.4225    % 
LB close or above UB, fathomed
370    206    12         31.4570    52.9807    68.4225    % 
LB close or above UB, fathomed
371    205    28         31.4570    52.9807    68.4224    % 
UB: 52.98070866141732
branching on 3 with b.
372    206    28         31.4570    52.9807    68.4224    % 
UB: 52.98070866141732
branching on 3 with b.
373    207    23         31.4571    52.9807    68.4222    % 
UB: 52.98070866141732
branching on 3 with b.
374    208    23         31.4571    52.9807    68.4222    % 
UB: 52.98070866141732
branching on 3 with b.
375    209    14         31.4571    52.9807    68.4222    % 
UB: 52.98070866141732
branching on 2 with b.
376    210    14         31.4571    52.9807    68.4222    % 
UB: 52.98070866141732
branching on 2 with b.
377    211    16         31.4571    52.9807    68.4222    % 
LB close or above UB, fathomed
378    210    16         31.4571    52.9807    68.4222    % 
UB: 52.98070866141732
branching on CartesianIndex(1, 5) with c.
379    211    18         31.4571    52.9807    68.4222    % 
LB close or above UB, fathomed
380    210    18         31.4571    52.9807    68.4222    % 
UB: 52.98070866141732
branching on CartesianIndex(1, 4) with c.
381    211    19         31.4571    52.9807    68.4222    % 
LB close or above UB, fathomed
382    210    19         31.4571    52.9807    68.4222    % 
UB: 52.98070866141732
branching on CartesianIndex(1, 5) with c.
383    211    20         31.4571    52.9807    68.4222    % 
UB: 52.98070866141732
branching on CartesianIndex(1, 6) with c.
384    212    21         31.4571    52.9807    68.4222    % 
LB close or above UB, fathomed
385    211    21         31.4571    52.9807    68.4222    % 
UB: 52.98070866141732
branching on CartesianIndex(1, 7) with c.
386    212    22         31.4571    52.9807    68.4222    % 
UB: 52.98070866141732
branching on 1 with b.
387    213    22         31.4571    52.9807    68.4222    % 
LB close or above UB, fathomed
388    212    20         31.4571    52.9807    68.4222    % 
LB close or above UB, fathomed
389    211    23         31.4571    52.9807    68.4222    % 
LB close or above UB, fathomed
390    210    23         31.4571    52.9807    68.4222    % 
UB: 52.98070866141732
branching on 2 with b.
391    211    24         31.4571    52.9807    68.4222    % 
LB close or above UB, fathomed
392    210    24         31.4571    52.9807    68.4222    % 
UB: 52.98070866141732
branching on 3 with b.
393    211    25         31.4571    52.9807    68.4222    % 
UB: 52.98070866141732
branching on 1 with b.
394    212    26         31.4571    52.9807    68.4222    % 
UB: 52.98070866141732
branching on 2 with b.
395    213    26         31.4571    52.9807    68.4222    % 
UB: 52.98070866141732
branching on 2 with b.
396    214    27         31.4571    52.9807    68.4222    % 
UB: 52.98070866141732
branching on 3 with b.
397    215    28         31.4571    52.9807    68.4222    % 
UB: 52.98070866141732
branching on 1 with b.
398    216    29         31.4571    52.9807    68.4222    % 
UB: 52.98070866141732
branching on 2 with b.
399    217    29         31.4571    52.9807    68.4222    % 
UB: 52.98070866141732
branching on 2 with b.
400    218    28         31.4571    52.9807    68.4222    % 
LB close or above UB, fathomed
401    217    27         31.4571    52.9807    68.4222    % 
UB: 52.98070866141732
branching on 3 with b.
402    218    25         31.4571    52.9807    68.4222    % 
LB close or above UB, fathomed
403    217    17         31.4571    52.9807    68.4222    % 
UB: 52.98070866141732
branching on CartesianIndex(3, 3) with a.
404    218    17         31.4571    52.9807    68.4222    % 
UB: 52.98070866141732
branching on CartesianIndex(1, 4) with c.
405    219    30         31.4571    52.9807    68.4222    % 
UB: 52.98070866141732
branching on 2 with b.
406    220    31         31.4571    52.9807    68.4222    % 
UB: 51.02401574803149
branching on 3 with b.
407    221    32         31.4571    51.0240    62.2020    % 
UB: 51.02401574803149
branching on 1 with b.
408    210    32         31.4571    51.0240    62.2020    % 
UB: 51.02401574803149
branching on 1 with b.
409    211    31         31.4571    51.0240    62.2020    % 
LB close or above UB, fathomed
410    210    30         31.4571    51.0240    62.2020    % 
UB: 51.02401574803149
branching on 2 with b.
411    211    10         31.4571    51.0240    62.2020    % 
LB close or above UB, fathomed
412    210    10         31.4571    51.0240    62.2020    % 
UB: 51.02401574803149
branching on CartesianIndex(1, 3) with a.
413    211    11         31.4571    51.0240    62.2020    % 
UB: 51.02401574803149
branching on 2 with b.
414    212    12         31.4571    51.0240    62.2020    % 
UB: 51.02401574803149
branching on 3 with b.
415    213    13         31.4571    51.0240    62.2020    % 
UB: 51.02401574803149
branching on CartesianIndex(2, 3) with a.
416    214    13         31.4571    51.0240    62.2020    % 
LB close or above UB, fathomed
417    213    12         31.4571    51.0240    62.2020    % 
UB: 51.02401574803149
branching on 3 with b.
418    214    13         31.4571    51.0240    62.2020    % 
UB: 51.02401574803149
branching on CartesianIndex(2, 3) with a.
419    215    13         31.4571    51.0240    62.2020    % 
LB close or above UB, fathomed
420    214    11         31.4571    51.0240    62.2020    % 
LB close or above UB, fathomed
421    213    14         31.4571    51.0240    62.2020    % 
LB close or above UB, fathomed
422    212    14         31.4571    51.0240    62.2020    % 
UB: 51.02401574803149
branching on 2 with b.
423    213    15         31.4571    51.0240    62.2020    % 
UB: 51.02401574803149
branching on CartesianIndex(1, 5) with c.
424    214    15         31.4571    51.0240    62.2020    % 
UB: 51.02401574803149
branching on CartesianIndex(1, 5) with c.
425    215    16         31.4571    51.0240    62.2020    % 
UB: 51.02401574803149
branching on 3 with b.
426    216    17         31.4571    51.0240    62.2020    % 
UB: 51.02401574803149
branching on CartesianIndex(1, 6) with c.
427    217    18         31.4571    51.0240    62.2020    % 
LB close or above UB, fathomed
428    216    18         31.4571    51.0240    62.2020    % 
UB: 51.02401574803149
branching on 1 with b.
429    217    19         31.4571    51.0240    62.2020    % 
UB: 51.02401574803149
branching on CartesianIndex(1, 7) with c.
430    218    19         31.4571    51.0240    62.2020    % 
UB: 51.02401574803149
branching on CartesianIndex(1, 7) with c.
431    219    17         31.4571    51.0240    62.2020    % 
LB close or above UB, fathomed
432    218    16         31.4571    51.0240    62.2020    % 
UB: 51.02401574803149
branching on 3 with b.
433    219    15         31.4571    51.0240    62.2020    % 
UB: 51.02401574803149
branching on 2 with b.
434    220    16         31.4571    51.0240    62.2020    % 
UB: 51.02401574803149
branching on CartesianIndex(3, 3) with a.
435    221    16         31.4571    51.0240    62.2020    % 
UB: 51.02401574803149
branching on CartesianIndex(3, 3) with a.
436    222    15         31.4571    51.0240    62.2020    % 
LB close or above UB, fathomed
437    221    18         31.4571    51.0240    62.2020    % 
UB: 51.02401574803149
branching on CartesianIndex(4, 3) with a.
438    222    18         31.4571    51.0240    62.2020    % 
UB: 51.02401574803149
branching on CartesianIndex(1, 4) with c.
439    223    17         31.4571    51.0240    62.2020    % 
UB: 51.02401574803149
branching on 3 with b.
440    224    17         31.4571    51.0240    62.2020    % 
UB: 51.02401574803149
branching on 3 with b.
441    225    16         31.4571    51.0240    62.2020    % 
UB: 51.02401574803149
branching on 2 with b.
442    226    16         31.4571    51.0240    62.2020    % 
UB: 51.02401574803149
branching on CartesianIndex(1, 5) with c.
443    227    12         31.4571    51.0240    62.2020    % 
UB: 51.02401574803149
branching on CartesianIndex(2, 3) with a.
444    228    12         31.4571    51.0240    62.2020    % 
LB close or above UB, fathomed
445    227    14         31.4571    51.0240    62.2020    % 
UB: 51.02401574803149
branching on CartesianIndex(1, 3) with a.
446    228    14         31.4571    51.0240    62.2020    % 
UB: 51.02401574803149
branching on 3 with b.
447    229    15         31.4571    51.0240    62.2020    % 
LB close or above UB, fathomed
448    228    15         31.4571    51.0240    62.2020    % 
UB: 51.02401574803149
branching on CartesianIndex(1, 3) with a.
449    229    11         31.4571    51.0240    62.2020    % 
UB: 51.02401574803149
branching on CartesianIndex(4, 2) with a.
450    230    11         31.4571    51.0240    62.2020    % 
UB: 51.02401574803149
branching on CartesianIndex(4, 2) with a.
451    231    19         31.4571    51.0240    62.2020    % 
UB: 51.02401574803149
branching on CartesianIndex(1, 4) with c.
452    232    19         31.4571    51.0240    62.2020    % 
UB: 51.02401574803149
branching on CartesianIndex(1, 4) with c.
453    233    7          33.3399    51.0240    53.0418    % 
UB: 51.02401574803149
branching on CartesianIndex(2, 3) with a.
454    234    7          33.3399    51.0240    53.0418    % 
LB close or above UB, fathomed
455    233    8          33.3438    51.0240    53.0240    % 
UB: 51.02401574803149
branching on 1 with b.
456    234    9          33.3438    51.0240    53.0240    % 
UB: 51.02401574803149
branching on CartesianIndex(3, 3) with a.
457    235    10         33.3438    51.0240    53.0240    % 
UB: 51.02401574803149
branching on 1 with b.
458    236    10         33.3438    51.0240    53.0240    % 
UB: 51.02401574803149
branching on CartesianIndex(1, 5) with c.
459    237    9          33.3438    51.0240    53.0240    % 
LB close or above UB, fathomed
460    236    8          33.3438    51.0240    53.0240    % 
LB close or above UB, fathomed
461    235    29         33.4137    51.0240    52.7037    % 
UB: 51.02401574803149
branching on 1 with b.
462    236    29         33.4137    51.0240    52.7037    % 
UB: 51.02401574803149
branching on 1 with b.
463    237    12         33.4138    51.0240    52.7035    % 
UB: 51.02401574803149
branching on CartesianIndex(1, 3) with a.
464    238    12         33.4138    51.0240    52.7035    % 
UB: 51.02401574803149
branching on 3 with b.
465    239    16         33.4138    51.0240    52.7035    % 
UB: 51.02401574803149
branching on CartesianIndex(2, 3) with a.
466    240    17         33.4138    51.0240    52.7035    % 
UB: 51.02401574803149
branching on CartesianIndex(3, 3) with a.
467    241    17         33.4138    51.0240    52.7035    % 
LB close or above UB, fathomed
468    240    16         33.4138    51.0240    52.7035    % 
LB close or above UB, fathomed
469    239    17         33.4138    51.0240    52.7035    % 
LB close or above UB, fathomed
470    238    17         33.4138    51.0240    52.7035    % 
UB: 51.02401574803149
branching on CartesianIndex(1, 4) with c.
471    239    14         33.4138    51.0240    52.7035    % 
LB close or above UB, fathomed
472    238    14         33.4138    51.0240    52.7035    % 
UB: 51.02401574803149
branching on CartesianIndex(1, 4) with c.
473    239    17         33.4138    51.0240    52.7035    % 
UB: 51.02401574803149
branching on CartesianIndex(1, 6) with c.
474    240    18         33.4138    51.0240    52.7035    % 
LB close or above UB, fathomed
475    239    18         33.4138    51.0240    52.7035    % 
UB: 51.02401574803149
branching on CartesianIndex(1, 7) with c.
476    240    19         33.4138    51.0240    52.7035    % 
UB: 51.02401574803149
branching on 2 with b.
477    241    20         33.4138    51.0240    52.7035    % 
UB: 51.02401574803149
branching on 3 with b.
478    242    20         33.4138    51.0240    52.7035    % 
UB: 51.02401574803149
branching on 3 with b.
479    243    19         33.4138    51.0240    52.7035    % 
LB close or above UB, fathomed
480    242    17         33.4138    51.0240    52.7035    % 
LB close or above UB, fathomed
481    241    15         33.4138    51.0240    52.7035    % 
UB: 51.02401574803149
branching on 3 with b.
482    242    16         33.4138    51.0240    52.7035    % 
UB: 51.02401574803149
branching on CartesianIndex(2, 3) with a.
483    243    16         33.4138    51.0240    52.7035    % 
LB close or above UB, fathomed
484    242    15         33.4138    51.0240    52.7035    % 
UB: 51.02401574803149
branching on CartesianIndex(2, 3) with a.
485    243    16         33.4138    51.0240    52.7035    % 
LB close or above UB, fathomed
486    242    16         33.4138    51.0240    52.7035    % 
UB: 51.02401574803149
branching on 3 with b.
487    243    13         33.4138    51.0240    52.7035    % 
UB: 51.02401574803149
branching on CartesianIndex(1, 3) with a.
488    244    13         33.4138    51.0240    52.7035    % 
UB: 51.02401574803149
branching on CartesianIndex(1, 3) with a.
489    245    14         33.4138    51.0240    52.7035    % 
UB: 51.02401574803149
branching on 3 with b.
490    246    15         33.4138    51.0240    52.7035    % 
UB: 51.02401574803149
branching on CartesianIndex(2, 3) with a.
491    247    15         33.4138    51.0240    52.7035    % 
UB: 51.02401574803149
branching on CartesianIndex(2, 3) with a.
492    248    14         33.4138    51.0240    52.7035    % 
UB: 51.02401574803149
branching on CartesianIndex(1, 4) with c.
493    249    24         33.4138    51.0240    52.7035    % 
UB: 51.02401574803149
branching on 1 with b.
494    250    25         33.4138    51.0240    52.7035    % 
UB: 51.02401574803149
branching on 2 with b.
495    251    26         33.4138    51.0240    52.7035    % 
UB: 51.02401574803149
branching on 3 with b.
496    252    27         33.4138    51.0240    52.7035    % 
UB: 51.02401574803149
branching on 1 with b.
497    253    28         33.4138    51.0240    52.7035    % 
UB: 51.02401574803149
branching on 2 with b.
498    254    28         33.4138    51.0240    52.7035    % 
UB: 51.02401574803149
branching on 2 with b.
499    255    27         33.4138    51.0240    52.7035    % 
LB close or above UB, fathomed
500    254    26         33.4138    51.0240    52.7035    % 
LB close or above UB, fathomed
501    253    25         33.4138    51.0240    52.7035    % 
UB: 51.02401574803149
branching on 2 with b.
502    254    24         33.4138    51.0240    52.7035    % 
LB close or above UB, fathomed
503    253    21         33.4138    51.0240    52.7035    % 
LB close or above UB, fathomed
504    252    21         33.4138    51.0240    52.7035    % 
UB: 51.02401574803149
branching on CartesianIndex(1, 5) with c.
505    253    22         33.4138    51.0240    52.7035    % 
UB: 51.02401574803149
branching on CartesianIndex(1, 6) with c.
506    254    23         33.4138    51.0240    52.7035    % 
LB close or above UB, fathomed
507    253    23         33.4138    51.0240    52.7035    % 
UB: 51.02401574803149
branching on 2 with b.
508    254    24         33.4138    51.0240    52.7035    % 
UB: 51.02401574803149
branching on CartesianIndex(1, 7) with c.
509    255    24         33.4138    51.0240    52.7035    % 
UB: 51.02401574803149
branching on CartesianIndex(1, 7) with c.
510    256    22         33.4138    51.0240    52.7035    % 
LB close or above UB, fathomed
511    255    16         33.4138    51.0240    52.7035    % 
UB: 51.02401574803149
branching on CartesianIndex(1, 6) with c.
512    256    17         33.4138    51.0240    52.7035    % 
LB close or above UB, fathomed
513    255    17         33.4138    51.0240    52.7035    % 
UB: 51.02401574803149
branching on 2 with b.
514    256    18         33.4138    51.0240    52.7035    % 
LB close or above UB, fathomed
515    255    18         33.4138    51.0240    52.7035    % 
UB: 51.02401574803149
branching on CartesianIndex(1, 7) with c.
516    256    19         33.4138    51.0240    52.7035    % 
UB: 51.02401574803149
branching on 3 with b.
517    257    20         33.4138    51.0240    52.7035    % 
UB: 51.02401574803149
branching on 1 with b.
518    258    20         33.4138    51.0240    52.7035    % 
LB close or above UB, fathomed
519    257    19         33.4138    51.0240    52.7035    % 
LB close or above UB, fathomed
520    256    16         33.4138    51.0240    52.7035    % 
UB: 51.02401574803149
branching on 2 with b.
521    257    28         33.4138    51.0240    52.7035    % 
UB: 51.02401574803149
branching on 3 with b.
522    258    28         33.4138    51.0240    52.7035    % 
LB close or above UB, fathomed
523    257    17         33.4138    51.0240    52.7035    % 
LB close or above UB, fathomed
524    256    17         33.4138    51.0240    52.7035    % 
UB: 51.02401574803149
branching on CartesianIndex(1, 5) with c.
525    257    27         33.4138    51.0240    52.7035    % 
LB close or above UB, fathomed
526    256    27         33.4138    51.0240    52.7035    % 
UB: 51.02401574803149
branching on CartesianIndex(1, 7) with c.
527    257    28         33.4138    51.0240    52.7035    % 
UB: 51.02401574803149
branching on 3 with b.
528    258    29         33.4138    51.0240    52.7035    % 
UB: 51.02401574803149
branching on 1 with b.
529    259    30         33.4138    51.0240    52.7035    % 
UB: 51.02401574803149
branching on 2 with b.
530    260    31         33.4138    51.0240    52.7035    % 
LB close or above UB, fathomed
531    259    31         33.4138    51.0240    52.7035    % 
UB: 51.02401574803149
branching on 3 with b.
532    260    30         33.4138    51.0240    52.7035    % 
UB: 51.02401574803149
branching on 2 with b.
533    261    29         33.4138    51.0240    52.7035    % 
LB close or above UB, fathomed
534    260    28         33.4138    51.0240    52.7035    % 
LB close or above UB, fathomed
535    259    11         33.4138    51.0240    52.7035    % 
UB: 51.02401574803149
branching on CartesianIndex(2, 3) with a.
536    260    12         33.4138    51.0240    52.7035    % 
UB: 51.02401574803149
branching on CartesianIndex(3, 3) with a.
537    261    12         33.4138    51.0240    52.7035    % 
UB: 51.02401574803149
branching on CartesianIndex(1, 4) with c.
538    262    11         33.4138    51.0240    52.7035    % 
UB: 51.02401574803149
branching on CartesianIndex(1, 4) with c.
539    263    17         33.4138    51.0240    52.7035    % 
LB close or above UB, fathomed
540    262    17         33.4138    51.0240    52.7035    % 
UB: 51.02401574803149
branching on CartesianIndex(1, 3) with a.
541    263    18         33.4138    51.0240    52.7035    % 
UB: 51.02401574803149
branching on CartesianIndex(2, 3) with a.
542    264    19         33.4138    51.0240    52.7035    % 
UB: 51.02401574803149
branching on CartesianIndex(3, 3) with a.
543    265    20         33.4138    51.0240    52.7035    % 
UB: 51.02401574803149
branching on CartesianIndex(4, 3) with a.
544    266    20         33.4138    51.0240    52.7035    % 
UB: 51.02401574803149
branching on CartesianIndex(1, 4) with c.
545    267    21         33.4138    51.0240    52.7035    % 
LB close or above UB, fathomed
546    266    21         33.4138    51.0240    52.7035    % 
UB: 51.02401574803149
branching on CartesianIndex(1, 5) with c.
547    267    22         33.4138    51.0240    52.7035    % 
UB: 51.02401574803149
branching on CartesianIndex(1, 6) with c.
548    268    23         33.4138    51.0240    52.7035    % 
LB close or above UB, fathomed
549    267    23         33.4138    51.0240    52.7035    % 
UB: 51.02401574803149
branching on CartesianIndex(1, 7) with c.
550    268    24         33.4138    51.0240    52.7035    % 
UB: 51.02401574803149
branching on 3 with b.
551    269    25         33.4138    51.0240    52.7035    % 
UB: 51.02401574803149
branching on 1 with b.
552    270    26         33.4138    51.0240    52.7035    % 
UB: 51.02401574803149
branching on 2 with b.
553    271    27         33.4138    51.0240    52.7035    % 
UB: 51.02401574803149
branching on 3 with b.
554    272    27         33.4138    51.0240    52.7035    % 
UB: 51.02401574803149
branching on 3 with b.
555    273    26         33.4138    51.0240    52.7035    % 
UB: 51.02401574803149
branching on 2 with b.
556    274    25         33.4138    51.0240    52.7035    % 
LB close or above UB, fathomed
557    273    24         33.4138    51.0240    52.7035    % 
LB close or above UB, fathomed
558    272    22         33.4138    51.0240    52.7035    % 
LB close or above UB, fathomed
559    271    19         33.4138    51.0240    52.7035    % 
UB: 51.02401574803149
branching on CartesianIndex(1, 4) with c.
560    272    18         33.4138    51.0240    52.7035    % 
UB: 51.02401574803149
branching on CartesianIndex(1, 4) with c.
561    273    11         33.4138    51.0240    52.7035    % 
UB: 51.02401574803149
branching on CartesianIndex(1, 3) with a.
562    274    11         33.4138    51.0240    52.7035    % 
UB: 51.02401574803149
branching on 2 with b.
563    275    21         33.4138    51.0240    52.7035    % 
UB: 51.02401574803149
branching on 2 with b.
564    276    21         33.4138    51.0240    52.7035    % 
UB: 51.02401574803149
branching on 2 with b.
565    277    15         33.4138    51.0240    52.7035    % 
UB: 51.02401574803149
branching on 3 with b.
566    278    16         33.4138    51.0240    52.7035    % 
LB close or above UB, fathomed
567    277    16         33.4138    51.0240    52.7035    % 
UB: 51.02401574803149
branching on CartesianIndex(2, 3) with a.
568    278    15         33.4138    51.0240    52.7035    % 
LB close or above UB, fathomed
569    277    13         33.4138    51.0240    52.7035    % 
UB: 51.02401574803149
branching on 3 with b.
570    278    14         33.4138    51.0240    52.7035    % 
UB: 51.02401574803149
branching on 1 with b.
571    279    15         33.4138    51.0240    52.7035    % 
UB: 51.02401574803149
branching on CartesianIndex(3, 3) with a.
572    280    15         33.4138    51.0240    52.7035    % 
UB: 51.02401574803149
branching on CartesianIndex(3, 3) with a.
573    281    14         33.4138    51.0240    52.7035    % 
LB close or above UB, fathomed
574    280    13         33.4138    51.0240    52.7035    % 
LB close or above UB, fathomed
575    279    17         33.4138    51.0240    52.7035    % 
UB: 51.02401574803149
branching on CartesianIndex(1, 6) with c.
576    280    18         33.4138    51.0240    52.7035    % 
LB close or above UB, fathomed
577    279    18         33.4138    51.0240    52.7035    % 
UB: 51.02401574803149
branching on CartesianIndex(1, 7) with c.
578    280    19         33.4138    51.0240    52.7035    % 
UB: 51.02401574803149
branching on 2 with b.
579    281    20         33.4138    51.0240    52.7035    % 
UB: 51.02401574803149
branching on 3 with b.
580    282    20         33.4138    51.0240    52.7035    % 
UB: 51.02401574803149
branching on 3 with b.
581    283    19         33.4138    51.0240    52.7035    % 
LB close or above UB, fathomed
582    282    17         33.4138    51.0240    52.7035    % 
UB: 51.02401574803149
branching on CartesianIndex(1, 6) with c.
583    283    20         33.4138    51.0240    52.7035    % 
UB: 51.02401574803149
branching on 2 with b.
584    284    21         33.4138    51.0240    52.7035    % 
UB: 51.02401574803149
branching on 3 with b.
585    285    22         33.4138    51.0240    52.7035    % 
UB: 51.02401574803149
branching on 1 with b.
586    286    22         33.4138    51.0240    52.7035    % 
UB: 51.02401574803149
branching on 1 with b.
587    287    23         33.4138    51.0240    52.7035    % 
UB: 51.02401574803149
branching on 2 with b.
588    288    23         33.4138    51.0240    52.7035    % 
UB: 51.02401574803149
branching on 2 with b.
589    289    21         33.4138    51.0240    52.7035    % 
UB: 51.02401574803149
branching on 3 with b.
590    290    20         33.4138    51.0240    52.7035    % 
LB close or above UB, fathomed
591    289    15         33.4138    51.0240    52.7035    % 
UB: 51.02401574803149
branching on 3 with b.
592    290    16         33.4138    51.0240    52.7035    % 
UB: 51.02401574803149
branching on 1 with b.
593    291    17         33.4138    51.0240    52.7035    % 
UB: 51.02401574803149
branching on CartesianIndex(3, 3) with a.
594    292    17         33.4138    51.0240    52.7035    % 
UB: 51.02401574803149
branching on CartesianIndex(3, 3) with a.
595    293    16         33.4138    51.0240    52.7035    % 
LB close or above UB, fathomed
596    292    15         33.4138    51.0240    52.7035    % 
LB close or above UB, fathomed
597    291    12         33.4138    51.0240    52.7035    % 
UB: 51.02401574803149
branching on CartesianIndex(3, 2) with a.
598    292    12         33.4138    51.0240    52.7035    % 
UB: 51.02401574803149
branching on CartesianIndex(3, 2) with a.
599    293    14         33.4138    51.0240    52.7035    % 
UB: 51.02401574803149
branching on 3 with b.
600    294    15         33.4138    51.0240    52.7035    % 
UB: 51.02401574803149
branching on CartesianIndex(2, 3) with a.
601    295    15         33.4138    51.0240    52.7035    % 
LB close or above UB, fathomed
602    294    14         33.4138    51.0240    52.7035    % 
LB close or above UB, fathomed
603    293    16         33.4138    51.0240    52.7035    % 
UB: 51.02401574803149
branching on 1 with b.
604    294    16         33.4138    51.0240    52.7035    % 
UB: 51.02401574803149
branching on CartesianIndex(1, 4) with c.
605    295    13         33.4138    51.0240    52.7035    % 
UB: 51.02401574803149
branching on CartesianIndex(2, 3) with a.
606    296    14         33.4138    51.0240    52.7035    % 
UB: 51.02401574803149
branching on 3 with b.
607    297    15         33.4138    51.0240    52.7035    % 
UB: 51.02401574803149
branching on CartesianIndex(3, 3) with a.
608    298    15         33.4138    51.0240    52.7035    % 
UB: 51.02401574803149
branching on CartesianIndex(3, 3) with a.
609    299    16         33.4138    51.0240    52.7035    % 
UB: 51.02401574803149
branching on CartesianIndex(4, 3) with a.
610    300    16         33.4138    51.0240    52.7035    % 
UB: 51.02401574803149
branching on 1 with b.
611    301    17         33.4138    51.0240    52.7035    % 
UB: 51.02401574803149
branching on CartesianIndex(1, 4) with c.
612    302    17         33.4138    51.0240    52.7035    % 
LB close or above UB, fathomed
613    301    14         33.4138    51.0240    52.7035    % 
UB: 51.02401574803149
branching on CartesianIndex(1, 4) with c.
614    302    13         33.4138    51.0240    52.7035    % 
UB: 51.02401574803149
branching on CartesianIndex(1, 4) with c.
615    303    14         33.4138    51.0240    52.7035    % 
LB close or above UB, fathomed
616    302    14         33.4138    51.0240    52.7035    % 
UB: 51.02401574803149
branching on 3 with b.
617    303    13         33.5338    51.0240    52.1568    % 
LB close or above UB, fathomed
618    302    13         33.5338    51.0240    52.1568    % 
UB: 51.02401574803149
branching on CartesianIndex(1, 5) with c.
619    303    14         34.3905    51.0240    48.3665    % 
LB close or above UB, fathomed
620    302    14         34.3905    51.0240    48.3665    % 
UB: 51.02401574803149
branching on CartesianIndex(1, 6) with c.
621    303    10         35.3205    51.0240    44.4602    % 
UB: 51.02401574803149
branching on CartesianIndex(2, 3) with a.
622    304    11         35.3205    51.0240    44.4602    % 
LB close or above UB, fathomed
623    303    11         35.3205    51.0240    44.4602    % 
UB: 51.02401574803149
branching on 3 with b.
624    304    10         35.3205    51.0240    44.4602    % 
LB close or above UB, fathomed
625    303    15         35.3661    51.0240    44.2740    % 
UB: 51.02401574803149
branching on 3 with b.
626    304    16         35.3661    51.0240    44.2740    % 
UB: 51.02401574803149
branching on 1 with b.
627    305    16         35.3661    51.0240    44.2740    % 
UB: 51.02401574803149
branching on CartesianIndex(2, 3) with a.
628    306    15         35.3661    51.0240    44.2740    % 
UB: 51.02401574803149
branching on CartesianIndex(2, 3) with a.
629    307    13         35.3705    51.0240    44.2560    % 
UB: 51.02401574803149
branching on 1 with b.
630    308    14         35.3705    51.0240    44.2560    % 
LB close or above UB, fathomed
631    307    14         35.3705    51.0240    44.2560    % 
UB: 51.02401574803149
branching on 2 with b.
632    308    13         35.3705    51.0240    44.2560    % 
UB: 51.02401574803149
branching on 1 with b.
633    309    18         35.3705    51.0240    44.2560    % 
LB close or above UB, fathomed
634    308    18         35.3705    51.0240    44.2560    % 
UB: 51.02401574803149
branching on 2 with b.
635    309    16         35.3705    51.0240    44.2560    % 
LB close or above UB, fathomed
636    308    16         35.3705    51.0240    44.2560    % 
UB: 51.02401574803149
branching on CartesianIndex(1, 4) with c.
637    309    19         35.3705    51.0240    44.2560    % 
LB close or above UB, fathomed
638    308    19         35.3705    51.0240    44.2560    % 
UB: 51.02401574803149
branching on CartesianIndex(1, 5) with c.
639    309    20         35.3705    51.0240    44.2560    % 
LB close or above UB, fathomed
640    308    20         35.3705    51.0240    44.2560    % 
UB: 51.02401574803149
branching on CartesianIndex(1, 5) with c.
641    309    21         35.3705    51.0240    44.2560    % 
UB: 51.02401574803149
branching on CartesianIndex(1, 6) with c.
642    310    22         35.3705    51.0240    44.2560    % 
LB close or above UB, fathomed
643    309    22         35.3705    51.0240    44.2560    % 
UB: 51.02401574803149
branching on 3 with b.
644    310    23         35.3705    51.0240    44.2560    % 
UB: 51.02401574803149
branching on CartesianIndex(1, 7) with c.
645    311    24         35.3705    51.0240    44.2560    % 
UB: 51.02401574803149
branching on 1 with b.
646    312    25         35.3705    51.0240    44.2560    % 
LB close or above UB, fathomed
647    311    25         35.3705    51.0240    44.2560    % 
UB: 51.02401574803149
branching on 2 with b.
648    312    26         35.3705    51.0240    44.2560    % 
UB: 51.02401574803149
branching on 3 with b.
649    313    27         35.3705    51.0240    44.2560    % 
UB: 51.02401574803149
branching on 1 with b.
650    314    28         35.3705    51.0240    44.2560    % 
LB close or above UB, fathomed
651    313    28         35.3705    51.0240    44.2560    % 
UB: 51.02401574803149
branching on 2 with b.
652    314    29         35.3705    51.0240    44.2560    % 
UB: 51.02401574803149
branching on 3 with b.
653    315    30         35.3705    51.0240    44.2560    % 
UB: 51.02401574803149
branching on 1 with b.
654    316    30         35.3705    51.0240    44.2560    % 
LB close or above UB, fathomed
655    315    29         35.3705    51.0240    44.2560    % 
LB close or above UB, fathomed
656    314    27         35.3705    51.0240    44.2560    % 
LB close or above UB, fathomed
657    313    26         35.3705    51.0240    44.2560    % 
LB close or above UB, fathomed
658    312    24         35.3705    51.0240    44.2560    % 
LB close or above UB, fathomed
659    311    23         35.3705    51.0240    44.2560    % 
LB close or above UB, fathomed
660    310    21         35.3705    51.0240    44.2560    % 
LB close or above UB, fathomed
661    309    20         35.3705    51.0240    44.2560    % 
UB: 51.02401574803149
branching on CartesianIndex(1, 6) with c.
662    310    21         35.3705    51.0240    44.2560    % 
LB close or above UB, fathomed
663    309    21         35.3705    51.0240    44.2560    % 
UB: 51.02401574803149
branching on 3 with b.
664    310    22         35.3705    51.0240    44.2560    % 
UB: 51.02401574803149
branching on CartesianIndex(1, 7) with c.
665    311    23         35.3705    51.0240    44.2560    % 
UB: 51.02401574803149
branching on 1 with b.
666    312    24         35.3705    51.0240    44.2560    % 
UB: 51.02401574803149
branching on 2 with b.
667    313    25         35.3705    51.0240    44.2560    % 
UB: 51.02401574803149
branching on 3 with b.
668    314    25         35.3705    51.0240    44.2560    % 
UB: 51.02401574803149
branching on 3 with b.
669    315    24         35.3705    51.0240    44.2560    % 
UB: 51.02401574803149
branching on 2 with b.
670    316    23         35.3705    51.0240    44.2560    % 
LB close or above UB, fathomed
671    315    22         35.3705    51.0240    44.2560    % 
LB close or above UB, fathomed
672    314    20         35.3705    51.0240    44.2560    % 
LB close or above UB, fathomed
673    313    15         35.3705    51.0240    44.2560    % 
UB: 51.02401574803149
branching on 1 with b.
674    314    15         35.3705    51.0240    44.2560    % 
UB: 51.02401574803149
branching on CartesianIndex(1, 5) with c.
675    315    18         35.3705    51.0240    44.2560    % 
LB close or above UB, fathomed
676    314    18         35.3705    51.0240    44.2560    % 
UB: 51.02401574803149
branching on 2 with b.
677    315    19         35.3705    51.0240    44.2560    % 
LB close or above UB, fathomed
678    314    19         35.3705    51.0240    44.2560    % 
UB: 51.02401574803149
branching on 3 with b.
679    315    20         35.3705    51.0240    44.2560    % 
UB: 51.02401574803149
branching on CartesianIndex(1, 5) with c.
680    316    21         35.3705    51.0240    44.2560    % 
UB: 51.02401574803149
branching on CartesianIndex(1, 6) with c.
681    317    22         35.3705    51.0240    44.2560    % 
LB close or above UB, fathomed
682    316    22         35.3705    51.0240    44.2560    % 
UB: 51.02401574803149
branching on CartesianIndex(1, 7) with c.
683    317    23         35.3705    51.0240    44.2560    % 
UB: 51.02401574803149
branching on 1 with b.
684    318    24         35.3705    51.0240    44.2560    % 
UB: 51.02401574803149
branching on 2 with b.
685    319    25         35.3705    51.0240    44.2560    % 
UB: 51.02401574803149
branching on 3 with b.
686    320    26         35.3705    51.0240    44.2560    % 
UB: 51.02401574803149
branching on 1 with b.
687    321    26         35.3705    51.0240    44.2560    % 
UB: 51.02401574803149
branching on 1 with b.
688    322    25         35.3705    51.0240    44.2560    % 
LB close or above UB, fathomed
689    321    24         35.3705    51.0240    44.2560    % 
UB: 51.02401574803149
branching on 2 with b.
690    322    23         35.3705    51.0240    44.2560    % 
LB close or above UB, fathomed
691    321    21         35.3705    51.0240    44.2560    % 
LB close or above UB, fathomed
692    320    20         35.3705    51.0240    44.2560    % 
LB close or above UB, fathomed
693    319    12         35.3705    51.0240    44.2560    % 
UB: 51.02401574803149
branching on 3 with b.
694    320    12         35.3705    51.0240    44.2560    % 
UB: 51.02401574803149
branching on CartesianIndex(1, 3) with a.
695    321    32         35.3705    51.0240    44.2560    % 
UB: 51.02401574803149
branching on 1 with b.
696    322    32         35.3705    51.0240    44.2560    % 
UB: 51.02401574803149
branching on 1 with b.
697    323    18         35.3705    51.0240    44.2560    % 
UB: 51.02401574803149
branching on CartesianIndex(1, 6) with c.
698    324    19         35.3705    51.0240    44.2560    % 
LB close or above UB, fathomed
699    323    19         35.3705    51.0240    44.2560    % 
UB: 51.02401574803149
branching on CartesianIndex(1, 7) with c.
700    324    20         35.3705    51.0240    44.2560    % 
UB: 51.02401574803149
branching on 1 with b.
701    325    21         35.3705    51.0240    44.2560    % 
UB: 51.02401574803149
branching on 2 with b.
702    326    21         35.3705    51.0240    44.2560    % 
UB: 51.02401574803149
branching on 2 with b.
703    327    20         35.3705    51.0240    44.2560    % 
LB close or above UB, fathomed
704    326    18         35.3705    51.0240    44.2560    % 
LB close or above UB, fathomed
705    325    29         35.3705    51.0240    44.2560    % 
UB: 51.02401574803149
branching on 1 with b.
706    326    29         35.3705    51.0240    44.2560    % 
UB: 51.02401574803149
branching on 1 with b.
707    327    29         35.3705    51.0240    44.2560    % 
UB: 51.02401574803149
branching on 3 with b.
708    328    30         35.3705    51.0240    44.2560    % 
UB: 51.02401574803149
branching on 1 with b.
709    329    30         35.3705    51.0240    44.2560    % 
LB close or above UB, fathomed
710    328    29         35.3705    51.0240    44.2560    % 
LB close or above UB, fathomed
711    327    21         35.3705    51.0240    44.2560    % 
LB close or above UB, fathomed
712    326    21         35.3705    51.0240    44.2560    % 
UB: 51.02401574803149
branching on 1 with b.
713    327    22         35.3705    51.0240    44.2560    % 
UB: 51.02401574803149
branching on 2 with b.
714    328    22         35.3705    51.0240    44.2560    % 
UB: 51.02401574803149
branching on 2 with b.
715    329    18         35.3705    51.0240    44.2560    % 
LB close or above UB, fathomed
716    328    18         35.3705    51.0240    44.2560    % 
UB: 51.02401574803149
branching on CartesianIndex(1, 4) with c.
717    329    13         35.3705    51.0240    44.2560    % 
UB: 51.02401574803149
branching on 1 with b.
718    330    13         35.3705    51.0240    44.2560    % 
UB: 51.02401574803149
branching on CartesianIndex(1, 3) with a.
719    331    18         35.3705    51.0240    44.2560    % 
LB close or above UB, fathomed
720    330    18         35.3705    51.0240    44.2560    % 
UB: 51.02401574803149
branching on CartesianIndex(4, 2) with a.
721    331    19         35.3705    51.0240    44.2560    % 
LB close or above UB, fathomed
722    330    19         35.3705    51.0240    44.2560    % 
UB: 51.02401574803149
branching on CartesianIndex(1, 3) with a.
723    331    20         35.3705    51.0240    44.2560    % 
UB: 51.02401574803149
branching on 1 with b.
724    332    20         35.3705    51.0240    44.2560    % 
UB: 51.02401574803149
branching on CartesianIndex(1, 4) with c.
725    333    31         35.3705    51.0240    44.2560    % 
UB: 51.02401574803149
branching on 3 with b.
726    334    32         35.3705    51.0240    44.2560    % 
UB: 51.02401574803149
branching on 1 with b.
727    335    32         35.3705    51.0240    44.2560    % 
UB: 51.02401574803149
branching on 1 with b.
728    336    31         35.3705    51.0240    44.2560    % 
LB close or above UB, fathomed
729    335    18         35.3705    51.0240    44.2560    % 
UB: 51.02401574803149
branching on 1 with b.
730    336    18         35.3705    51.0240    44.2560    % 
UB: 51.02401574803149
branching on CartesianIndex(1, 4) with c.
731    337    30         35.3705    51.0240    44.2560    % 
LB close or above UB, fathomed
732    336    30         35.3705    51.0240    44.2560    % 
UB: 51.02401574803149
branching on 3 with b.
733    337    31         35.3705    51.0240    44.2560    % 
UB: 51.02401574803149
branching on 1 with b.
734    338    31         35.3705    51.0240    44.2560    % 
UB: 51.02401574803149
branching on 1 with b.
735    339    15         35.3705    51.0240    44.2560    % 
UB: 51.02401574803149
branching on CartesianIndex(1, 3) with a.
736    340    16         35.3705    51.0240    44.2560    % 
UB: 51.02401574803149
branching on CartesianIndex(2, 3) with a.
737    341    17         35.3705    51.0240    44.2560    % 
UB: 51.02401574803149
branching on CartesianIndex(3, 3) with a.
738    342    17         35.3705    51.0240    44.2560    % 
UB: 51.02401574803149
branching on CartesianIndex(1, 4) with c.
739    343    16         35.3705    51.0240    44.2560    % 
LB close or above UB, fathomed
740    342    15         35.3705    51.0240    44.2560    % 
UB: 51.02401574803149
branching on CartesianIndex(1, 3) with a.
741    343    24         35.3705    51.0240    44.2560    % 
LB close or above UB, fathomed
742    342    24         35.3705    51.0240    44.2560    % 
UB: 51.02401574803149
branching on 1 with b.
743    343    25         35.3705    51.0240    44.2560    % 
LB close or above UB, fathomed
744    342    25         35.3705    51.0240    44.2560    % 
UB: 51.02401574803149
branching on 2 with b.
745    343    12         35.3705    51.0240    44.2560    % 
UB: 51.02401574803149
branching on 3 with b.
746    344    12         35.3705    51.0240    44.2560    % 
UB: 51.02401574803149
branching on 3 with b.
747    345    12         35.3705    51.0240    44.2560    % 
UB: 51.02401574803149
branching on CartesianIndex(2, 3) with a.
748    346    13         35.3705    51.0240    44.2560    % 
UB: 51.02401574803149
branching on CartesianIndex(3, 3) with a.
749    347    13         35.3705    51.0240    44.2560    % 
UB: 51.02401574803149
branching on CartesianIndex(1, 4) with c.
750    348    12         35.3705    51.0240    44.2560    % 
UB: 51.02401574803149
branching on 2 with b.
751    349    18         35.3705    51.0240    44.2560    % 
LB close or above UB, fathomed
752    348    18         35.3705    51.0240    44.2560    % 
UB: 51.02401574803149
branching on CartesianIndex(1, 4) with c.
753    349    18         35.3705    51.0240    44.2560    % 
LB close or above UB, fathomed
754    348    18         35.3705    51.0240    44.2560    % 
UB: 51.02401574803149
branching on CartesianIndex(1, 5) with c.
755    349    19         35.3705    51.0240    44.2560    % 
UB: 51.02401574803149
branching on CartesianIndex(1, 6) with c.
756    350    20         35.3705    51.0240    44.2560    % 
LB close or above UB, fathomed
757    349    20         35.3705    51.0240    44.2560    % 
UB: 51.02401574803149
branching on CartesianIndex(1, 7) with c.
758    350    21         35.3705    51.0240    44.2560    % 
UB: 51.02401574803149
branching on 1 with b.
759    351    22         35.3705    51.0240    44.2560    % 
UB: 51.02401574803149
branching on 2 with b.
760    352    22         35.3705    51.0240    44.2560    % 
UB: 51.02401574803149
branching on 2 with b.
761    353    21         35.3705    51.0240    44.2560    % 
LB close or above UB, fathomed
762    352    19         35.3705    51.0240    44.2560    % 
UB: 51.02401574803149
branching on 1 with b.
763    353    27         35.3705    51.0240    44.2560    % 
UB: 51.02401574803149
branching on 2 with b.
764    354    28         35.3705    51.0240    44.2560    % 
LB close or above UB, fathomed
765    353    28         35.3705    51.0240    44.2560    % 
UB: 51.02401574803149
branching on 3 with b.
766    354    29         35.3705    51.0240    44.2560    % 
UB: 51.02401574803149
branching on 1 with b.
767    355    30         35.3705    51.0240    44.2560    % 
UB: 51.02401574803149
branching on 2 with b.
768    356    30         35.3705    51.0240    44.2560    % 
UB: 51.02401574803149
branching on 2 with b.
769    357    29         35.3705    51.0240    44.2560    % 
LB close or above UB, fathomed
770    356    27         35.3705    51.0240    44.2560    % 
LB close or above UB, fathomed
771    355    31         35.3705    51.0240    44.2560    % 
UB: 51.02401574803149
branching on 3 with b.
772    356    32         35.3705    51.0240    44.2560    % 
UB: 51.02401574803149
branching on 1 with b.
773    357    32         35.3705    51.0240    44.2560    % 
UB: 51.02401574803149
branching on 1 with b.
774    358    31         35.3705    51.0240    44.2560    % 
LB close or above UB, fathomed
775    357    21         35.3705    51.0240    44.2560    % 
LB close or above UB, fathomed
776    356    21         35.3705    51.0240    44.2560    % 
UB: 51.02401574803149
branching on CartesianIndex(1, 7) with c.
777    357    22         35.3705    51.0240    44.2560    % 
UB: 51.02401574803149
branching on 3 with b.
778    358    23         35.3705    51.0240    44.2560    % 
UB: 51.02401574803149
branching on 1 with b.
779    359    24         35.3705    51.0240    44.2560    % 
UB: 51.02401574803149
branching on 2 with b.
780    360    24         35.3705    51.0240    44.2560    % 
UB: 51.02401574803149
branching on 2 with b.
781    361    23         35.3705    51.0240    44.2560    % 
LB close or above UB, fathomed
782    360    22         35.3705    51.0240    44.2560    % 
LB close or above UB, fathomed
783    359    15         35.3705    51.0240    44.2560    % 
LB close or above UB, fathomed
784    358    15         35.3705    51.0240    44.2560    % 
UB: 51.02401574803149
branching on 3 with b.
785    359    16         35.3705    51.0240    44.2560    % 
UB: 51.02401574803149
branching on CartesianIndex(1, 5) with c.
786    360    16         35.3705    51.0240    44.2560    % 
UB: 51.02401574803149
branching on CartesianIndex(1, 5) with c.
787    361    14         36.6749    51.0240    39.1250    % 
LB close or above UB, fathomed
788    360    14         36.6749    51.0240    39.1250    % 
UB: 51.02401574803149
branching on 2 with b.
789    361    9          37.2626    51.0240    36.9309    % 
UB: 51.02401574803149
branching on 3 with b.
790    362    9          37.2626    51.0240    36.9309    % 
UB: 51.02401574803149
branching on CartesianIndex(4, 1) with a.
791    363    5          37.2772    51.0240    36.8774    % 
UB: 51.02401574803149
branching on CartesianIndex(2, 1) with a.
792    364    6          37.2772    51.0240    36.8774    % 
UB: 51.02401574803149
branching on 1 with b.
793    365    7          37.2772    51.0240    36.8774    % 
UB: 51.02401574803149
branching on 1 with b.
794    366    7          37.2772    51.0240    36.8774    % 
UB: 51.02401574803149
branching on 1 with b.
795    367    8          37.2772    51.0240    36.8774    % 
UB: 51.02401574803149
branching on 2 with b.
796    368    9          37.2772    51.0240    36.8774    % 
UB: 51.02401574803149
branching on 1 with b.
797    369    9          37.2772    51.0240    36.8774    % 
UB: 51.02401574803149
branching on CartesianIndex(3, 1) with a.
798    370    8          37.2772    51.0240    36.8774    % 
UB: 51.02401574803149
branching on CartesianIndex(3, 1) with a.
799    371    6          37.2772    51.0240    36.8774    % 
UB: 51.02401574803149
branching on CartesianIndex(1, 2) with a.
800    372    5          37.2772    51.0240    36.8774    % 
LB close or above UB, fathomed
801    371    17         37.3228    51.0240    36.7102    % 
UB: 51.02401574803149
branching on CartesianIndex(2, 3) with a.
802    372    17         37.3228    51.0240    36.7102    % 
UB: 51.02401574803149
branching on 2 with b.
803    373    15         37.3271    51.0240    36.6943    % 
UB: 51.02401574803149
branching on CartesianIndex(1, 4) with c.
804    374    15         37.3271    51.0240    36.6943    % 
UB: 51.02401574803149
branching on 2 with b.
805    375    15         37.3272    51.0240    36.6941    % 
UB: 51.02401574803149
branching on 3 with b.
806    376    15         37.3272    51.0240    36.6941    % 
UB: 51.02401574803149
branching on 3 with b.
807    377    16         37.3272    51.0240    36.6941    % 
UB: 51.02401574803149
branching on CartesianIndex(4, 3) with a.
808    378    16         37.3272    51.0240    36.6941    % 
UB: 51.02401574803149
branching on 1 with b.
809    379    21         37.3272    51.0240    36.6941    % 
UB: 51.02401574803149
branching on 1 with b.
810    380    21         37.3272    51.0240    36.6941    % 
LB close or above UB, fathomed
811    379    22         37.3272    51.0240    36.6941    % 
UB: 51.02401574803149
branching on CartesianIndex(3, 3) with a.
812    380    22         37.3272    51.0240    36.6941    % 
LB close or above UB, fathomed
813    379    22         37.3272    51.0240    36.6941    % 
LB close or above UB, fathomed
814    378    22         37.3272    51.0240    36.6941    % 
UB: 51.02401574803149
branching on 2 with b.
815    379    14         37.3272    51.0240    36.6941    % 
UB: 51.02401574803149
branching on 2 with b.
816    380    14         37.3272    51.0240    36.6941    % 
UB: 51.02401574803149
branching on CartesianIndex(1, 4) with c.
817    381    26         37.3272    51.0240    36.6941    % 
UB: 51.02401574803149
branching on 3 with b.
818    382    27         37.3272    51.0240    36.6941    % 
LB close or above UB, fathomed
819    381    27         37.3272    51.0240    36.6941    % 
UB: 51.02401574803149
branching on 1 with b.
820    382    28         37.3272    51.0240    36.6941    % 
UB: 51.02401574803149
branching on 2 with b.
821    383    28         37.3272    51.0240    36.6941    % 
UB: 51.02401574803149
branching on 2 with b.
822    384    26         37.3272    51.0240    36.6941    % 
LB close or above UB, fathomed
823    383    21         37.3272    51.0240    36.6941    % 
UB: 51.02401574803149
branching on CartesianIndex(2, 3) with a.
824    384    21         37.3272    51.0240    36.6941    % 
LB close or above UB, fathomed
825    383    23         37.3272    51.0240    36.6941    % 
UB: 51.02401574803149
branching on 3 with b.
826    384    24         37.3272    51.0240    36.6941    % 
LB close or above UB, fathomed
827    383    24         37.3272    51.0240    36.6941    % 
UB: 51.02401574803149
branching on 1 with b.
828    384    25         37.3272    51.0240    36.6941    % 
UB: 51.02401574803149
branching on 2 with b.
829    385    25         37.3272    51.0240    36.6941    % 
UB: 51.02401574803149
branching on 2 with b.
830    386    23         37.3272    51.0240    36.6941    % 
LB close or above UB, fathomed
831    385    27         37.3272    51.0240    36.6941    % 
UB: 51.02401574803149
branching on 2 with b.
832    386    28         37.3272    51.0240    36.6941    % 
UB: 51.02401574803149
branching on 3 with b.
833    387    28         37.3272    51.0240    36.6941    % 
UB: 51.02401574803149
branching on 3 with b.
834    388    27         37.3272    51.0240    36.6941    % 
UB: 51.02401574803149
branching on 2 with b.
835    389    16         37.3272    51.0240    36.6941    % 
UB: 51.02401574803149
branching on CartesianIndex(1, 6) with c.
836    390    17         37.3272    51.0240    36.6941    % 
LB close or above UB, fathomed
837    389    17         37.3272    51.0240    36.6941    % 
UB: 51.02401574803149
branching on CartesianIndex(1, 7) with c.
838    390    18         37.3272    51.0240    36.6941    % 
UB: 51.02401574803149
branching on 1 with b.
839    391    19         37.3272    51.0240    36.6941    % 
UB: 51.02401574803149
branching on 2 with b.
840    392    20         37.3272    51.0240    36.6941    % 
LB close or above UB, fathomed
841    391    20         37.3272    51.0240    36.6941    % 
UB: 51.02401574803149
branching on 3 with b.
842    392    21         37.3272    51.0240    36.6941    % 
UB: 51.02401574803149
branching on 1 with b.
843    393    22         37.3272    51.0240    36.6941    % 
UB: 51.02401574803149
branching on 2 with b.
844    394    22         37.3272    51.0240    36.6941    % 
UB: 51.02401574803149
branching on 2 with b.
845    395    21         37.3272    51.0240    36.6941    % 
LB close or above UB, fathomed
846    394    19         37.3272    51.0240    36.6941    % 
LB close or above UB, fathomed
847    393    18         37.3272    51.0240    36.6941    % 
LB close or above UB, fathomed
848    392    16         37.3272    51.0240    36.6941    % 
LB close or above UB, fathomed
849    391    22         37.3272    51.0240    36.6941    % 
UB: 51.02401574803149
branching on 3 with b.
850    392    23         37.3272    51.0240    36.6941    % 
LB close or above UB, fathomed
851    391    23         37.3272    51.0240    36.6941    % 
UB: 51.02401574803149
branching on 1 with b.
852    392    24         37.3272    51.0240    36.6941    % 
UB: 51.02401574803149
branching on 2 with b.
853    393    24         37.3272    51.0240    36.6941    % 
UB: 51.02401574803149
branching on 2 with b.
854    394    22         37.3272    51.0240    36.6941    % 
UB: 51.02401574803149
branching on 3 with b.
855    395    28         37.3272    51.0240    36.6941    % 
UB: 51.02401574803149
branching on 1 with b.
856    396    28         37.3272    51.0240    36.6941    % 
UB: 51.02401574803149
branching on 1 with b.
857    397    28         37.3272    51.0240    36.6941    % 
UB: 51.02401574803149
branching on 1 with b.
858    398    28         37.3272    51.0240    36.6941    % 
UB: 51.02401574803149
branching on 1 with b.
859    399    29         37.3272    51.0240    36.6941    % 
UB: 51.02401574803149
branching on 3 with b.
860    400    30         37.3272    51.0240    36.6941    % 
UB: 51.02401574803149
branching on 1 with b.
861    401    30         37.3272    51.0240    36.6941    % 
LB close or above UB, fathomed
862    400    29         37.3272    51.0240    36.6941    % 
LB close or above UB, fathomed
863    399    16         37.3272    51.0240    36.6941    % 
UB: 51.02401574803149
branching on CartesianIndex(3, 3) with a.
864    400    16         37.3272    51.0240    36.6941    % 
UB: 51.02401574803149
branching on CartesianIndex(1, 4) with c.
865    401    17         37.3272    51.0240    36.6941    % 
LB close or above UB, fathomed
866    400    17         37.3272    51.0240    36.6941    % 
UB: 51.02401574803149
branching on CartesianIndex(1, 4) with c.
867    401    16         37.3272    51.0240    36.6941    % 
LB close or above UB, fathomed
868    400    16         37.3272    51.0240    36.6941    % 
UB: 51.02401574803149
branching on 3 with b.
869    401    33         37.3272    51.0240    36.6941    % 
UB: 51.02401574803149
branching on 2 with b.
870    402    33         37.3272    51.0240    36.6941    % 
UB: 51.02401574803149
branching on 2 with b.
871    403    28         37.3272    51.0240    36.6941    % 
UB: 51.02401574803149
branching on 1 with b.
872    404    29         37.3272    51.0240    36.6941    % 
UB: 51.02401574803149
branching on 2 with b.
873    405    29         37.3272    51.0240    36.6941    % 
UB: 51.02401574803149
branching on 2 with b.
874    406    30         37.3272    51.0240    36.6941    % 
UB: 51.02401574803149
branching on 3 with b.
875    407    30         37.3272    51.0240    36.6941    % 
LB close or above UB, fathomed
876    406    28         37.3272    51.0240    36.6941    % 
LB close or above UB, fathomed
877    405    24         37.3272    51.0240    36.6941    % 
LB close or above UB, fathomed
878    404    24         37.3272    51.0240    36.6941    % 
UB: 51.02401574803149
branching on 1 with b.
879    405    25         37.3272    51.0240    36.6941    % 
UB: 51.02401574803149
branching on 2 with b.
880    406    25         37.3272    51.0240    36.6941    % 
UB: 51.02401574803149
branching on 2 with b.
881    407    17         37.3272    51.0240    36.6941    % 
LB close or above UB, fathomed
882    406    17         37.3272    51.0240    36.6941    % 
UB: 51.02401574803149
branching on CartesianIndex(1, 5) with c.
883    407    18         37.3272    51.0240    36.6941    % 
UB: 51.02401574803149
branching on CartesianIndex(1, 6) with c.
884    408    19         37.3272    51.0240    36.6941    % 
LB close or above UB, fathomed
885    407    19         37.3272    51.0240    36.6941    % 
UB: 51.02401574803149
branching on CartesianIndex(1, 7) with c.
886    408    20         37.3272    51.0240    36.6941    % 
UB: 51.02401574803149
branching on 1 with b.
887    409    21         37.3272    51.0240    36.6941    % 
LB close or above UB, fathomed
888    408    21         37.3272    51.0240    36.6941    % 
UB: 51.02401574803149
branching on 2 with b.
889    409    20         37.3272    51.0240    36.6941    % 
LB close or above UB, fathomed
890    408    18         37.3272    51.0240    36.6941    % 
LB close or above UB, fathomed
891    407    33         37.3272    51.0240    36.6941    % 
UB: 51.02401574803149
branching on 2 with b.
892    408    33         37.3272    51.0240    36.6941    % 
UB: 51.02401574803149
branching on 2 with b.
893    409    34         37.3272    51.0240    36.6941    % 
UB: 51.02401574803149
branching on 3 with b.
894    410    34         37.3272    51.0240    36.6941    % 
UB: 51.02401574803149
branching on 3 with b.
895    411    33         37.3272    51.0240    36.6941    % 
UB: 51.02401574803149
branching on 2 with b.
896    412    33         37.3272    51.0240    36.6941    % 
UB: 51.02401574803149
branching on 2 with b.
897    413    34         37.3272    51.0240    36.6941    % 
UB: 51.02401574803149
branching on 3 with b.
898    414    35         37.3272    51.0240    36.6941    % 
UB: 51.02401574803149
branching on 1 with b.
899    415    35         37.3272    51.0240    36.6941    % 
UB: 51.02401574803149
branching on 1 with b.
900    416    34         37.3272    51.0240    36.6941    % 
UB: 51.02401574803149
branching on 3 with b.
901    417    17         37.3272    51.0240    36.6941    % 
UB: 51.02401574803149
branching on 3 with b.
902    418    18         37.3272    51.0240    36.6941    % 
UB: 51.02401574803149
branching on CartesianIndex(1, 5) with c.
903    419    18         37.3272    51.0240    36.6941    % 
LB close or above UB, fathomed
904    418    17         37.3272    51.0240    36.6941    % 
UB: 51.02401574803149
branching on 3 with b.
905    419    18         37.3272    51.0240    36.6941    % 
UB: 51.02401574803149
branching on 1 with b.
906    420    19         37.3272    51.0240    36.6941    % 
UB: 51.02401574803149
branching on CartesianIndex(1, 5) with c.
907    421    19         37.3272    51.0240    36.6941    % 
UB: 51.02401574803149
branching on CartesianIndex(1, 5) with c.
908    422    18         37.3272    51.0240    36.6941    % 
LB close or above UB, fathomed
909    421    14         37.3272    51.0240    36.6941    % 
UB: 51.02401574803149
branching on CartesianIndex(1, 4) with c.
910    422    15         37.3272    51.0240    36.6941    % 
LB close or above UB, fathomed
911    421    15         37.3272    51.0240    36.6941    % 
UB: 51.02401574803149
branching on CartesianIndex(1, 5) with c.
912    422    14         37.3272    51.0240    36.6941    % 
LB close or above UB, fathomed
913    421    24         37.3272    51.0240    36.6941    % 
UB: 51.02401574803149
branching on 2 with b.
914    422    25         37.3272    51.0240    36.6941    % 
UB: 51.02401574803149
branching on 3 with b.
915    423    26         37.3272    51.0240    36.6941    % 
UB: 51.02401574803149
branching on 1 with b.
916    424    27         37.3272    51.0240    36.6941    % 
UB: 51.02401574803149
branching on 2 with b.
917    425    27         37.3272    51.0240    36.6941    % 
UB: 51.02401574803149
branching on 2 with b.
918    426    26         37.3272    51.0240    36.6941    % 
LB close or above UB, fathomed
919    425    25         37.3272    51.0240    36.6941    % 
LB close or above UB, fathomed
920    424    24         37.3272    51.0240    36.6941    % 
LB close or above UB, fathomed
921    423    21         37.3272    51.0240    36.6941    % 
LB close or above UB, fathomed
922    422    21         37.3272    51.0240    36.6941    % 
UB: 51.02401574803149
branching on CartesianIndex(1, 4) with c.
923    423    16         37.3272    51.0240    36.6941    % 
UB: 51.02401574803149
branching on CartesianIndex(1, 6) with c.
924    424    16         37.3272    51.0240    36.6941    % 
UB: 51.02401574803149
branching on CartesianIndex(1, 6) with c.
925    425    35         37.3272    51.0240    36.6941    % 
UB: 51.02401574803149
branching on 1 with b.
926    426    36         37.3272    51.0240    36.6941    % 
UB: 51.02401574803149
branching on 2 with b.
927    427    36         37.3272    51.0240    36.6941    % 
UB: 51.02401574803149
branching on 2 with b.
928    428    37         37.3272    51.0240    36.6941    % 
UB: 51.02401574803149
branching on 3 with b.
929    429    37         37.3272    51.0240    36.6941    % 
UB: 51.02401574803149
branching on 3 with b.
930    430    35         37.3272    51.0240    36.6941    % 
UB: 51.02401574803149
branching on 1 with b.
931    431    22         37.3272    51.0240    36.6941    % 
UB: 51.02401574803149
branching on 2 with b.
932    432    22         37.3272    51.0240    36.6941    % 
LB close or above UB, fathomed
933    431    13         37.3272    51.0240    36.6941    % 
UB: 51.02401574803149
branching on CartesianIndex(1, 3) with a.
934    432    13         37.3272    51.0240    36.6941    % 
LB close or above UB, fathomed
935    431    31         37.3272    51.0240    36.6941    % 
LB close or above UB, fathomed
936    430    31         37.3272    51.0240    36.6941    % 
UB: 51.02401574803149
branching on 2 with b.
937    431    32         37.3272    51.0240    36.6941    % 
UB: 51.02401574803149
branching on 3 with b.
938    432    33         37.3272    51.0240    36.6941    % 
UB: 51.02401574803149
branching on 1 with b.
939    433    33         37.3272    51.0240    36.6941    % 
UB: 51.02401574803149
branching on 1 with b.
940    434    32         37.3272    51.0240    36.6941    % 
UB: 51.02401574803149
branching on 3 with b.
941    435    17         37.3272    51.0240    36.6941    % 
UB: 51.02401574803149
branching on 1 with b.
942    436    17         37.3272    51.0240    36.6941    % 
UB: 51.02401574803149
branching on CartesianIndex(1, 5) with c.
943    437    24         37.3272    51.0240    36.6941    % 
UB: 51.02401574803149
branching on 3 with b.
944    438    25         37.3272    51.0240    36.6941    % 
UB: 51.02401574803149
branching on 1 with b.
945    439    25         37.3272    51.0240    36.6941    % 
UB: 51.02401574803149
branching on 1 with b.
946    440    24         37.3272    51.0240    36.6941    % 
UB: 51.02401574803149
branching on 3 with b.
947    441    17         37.3272    51.0240    36.6941    % 
UB: 51.02401574803149
branching on CartesianIndex(3, 3) with a.
948    442    18         37.3272    51.0240    36.6941    % 
LB close or above UB, fathomed
949    441    18         37.3272    51.0240    36.6941    % 
UB: 51.02401574803149
branching on CartesianIndex(1, 4) with c.
950    442    17         37.3272    51.0240    36.6941    % 
LB close or above UB, fathomed
951    441    18         37.3272    51.0240    36.6941    % 
LB close or above UB, fathomed
952    440    18         37.3272    51.0240    36.6941    % 
UB: 51.02401574803149
branching on CartesianIndex(1, 5) with c.
953    441    19         37.3272    51.0240    36.6941    % 
UB: 51.02401574803149
branching on CartesianIndex(1, 6) with c.
954    442    20         37.3272    51.0240    36.6941    % 
LB close or above UB, fathomed
955    441    20         37.3272    51.0240    36.6941    % 
UB: 51.02401574803149
branching on CartesianIndex(1, 7) with c.
956    442    21         37.3272    51.0240    36.6941    % 
UB: 51.02401574803149
branching on 3 with b.
957    443    22         37.3272    51.0240    36.6941    % 
LB close or above UB, fathomed
958    442    22         37.3272    51.0240    36.6941    % 
UB: 51.02401574803149
branching on 1 with b.
959    443    23         37.3272    51.0240    36.6941    % 
UB: 51.02401574803149
branching on 2 with b.
960    444    23         37.3272    51.0240    36.6941    % 
LB close or above UB, fathomed
961    443    21         37.3272    51.0240    36.6941    % 
LB close or above UB, fathomed
962    442    19         37.3272    51.0240    36.6941    % 
UB: 51.02401574803149
branching on 3 with b.
963    443    18         37.3272    51.0240    36.6941    % 
UB: 51.02401574803149
branching on 1 with b.
964    444    19         37.3272    51.0240    36.6941    % 
UB: 51.02401574803149
branching on CartesianIndex(1, 6) with c.
965    445    19         37.3272    51.0240    36.6941    % 
UB: 51.02401574803149
branching on CartesianIndex(1, 6) with c.
966    446    18         37.3272    51.0240    36.6941    % 
UB: 51.02401574803149
branching on CartesianIndex(1, 6) with c.
967    447    17         37.3272    51.0240    36.6941    % 
LB close or above UB, fathomed
968    446    17         37.3272    51.0240    36.6941    % 
UB: 51.02401574803149
branching on CartesianIndex(1, 7) with c.
969    447    18         37.3272    51.0240    36.6941    % 
UB: 51.02401574803149
branching on 1 with b.
970    448    19         37.3272    51.0240    36.6941    % 
UB: 51.02401574803149
branching on 2 with b.
971    449    19         37.3272    51.0240    36.6941    % 
UB: 51.02401574803149
branching on 2 with b.
972    450    18         37.3272    51.0240    36.6941    % 
LB close or above UB, fathomed
973    449    19         37.3272    51.0240    36.6941    % 
UB: 51.02401574803149
branching on CartesianIndex(1, 5) with c.
974    450    19         37.3272    51.0240    36.6941    % 
UB: 51.02401574803149
branching on CartesianIndex(1, 5) with c.
975    451    20         37.3272    51.0240    36.6941    % 
UB: 51.02401574803149
branching on 2 with b.
976    452    20         37.3272    51.0240    36.6941    % 
UB: 51.02401574803149
branching on CartesianIndex(1, 6) with c.
977    453    19         37.5517    51.0240    35.8767    % 
LB close or above UB, fathomed
978    452    19         37.5517    51.0240    35.8767    % 
UB: 51.02401574803149
branching on CartesianIndex(1, 4) with c.
979    453    15         37.9794    51.0240    34.3466    % 
LB close or above UB, fathomed
980    452    15         37.9794    51.0240    34.3466    % 
UB: 51.02401574803149
branching on 3 with b.
981    453    16         38.2617    51.0240    33.3553    % 
LB close or above UB, fathomed
982    452    16         38.2617    51.0240    33.3553    % 
UB: 51.02401574803149
branching on 2 with b.
983    453    18         39.2741    51.0240    29.9176    % 
UB: 51.02401574803149
branching on CartesianIndex(1, 5) with c.
984    454    19         39.2741    51.0240    29.9176    % 
LB close or above UB, fathomed
985    453    19         39.2741    51.0240    29.9176    % 
UB: 51.02401574803149
branching on CartesianIndex(1, 6) with c.
986    454    20         39.2741    51.0240    29.9176    % 
LB close or above UB, fathomed
987    453    20         39.2741    51.0240    29.9176    % 
UB: 51.02401574803149
branching on CartesianIndex(1, 7) with c.
988    454    21         39.2741    51.0240    29.9176    % 
UB: 51.02401574803149
branching on 1 with b.
989    455    22         39.2741    51.0240    29.9176    % 
UB: 51.02401574803149
branching on 2 with b.
990    456    22         39.2741    51.0240    29.9176    % 
UB: 51.02401574803149
branching on 2 with b.
991    457    21         39.2741    51.0240    29.9176    % 
LB close or above UB, fathomed
992    456    18         39.2741    51.0240    29.9176    % 
UB: 51.02401574803149
branching on 1 with b.
993    457    18         39.2794    51.0240    29.9000    % 
LB close or above UB, fathomed
994    456    18         39.2794    51.0240    29.9000    % 
UB: 51.02401574803149
branching on CartesianIndex(1, 4) with c.
995    457    16         39.2838    51.0240    29.8856    % 
UB: 51.02401574803149
branching on CartesianIndex(1, 4) with c.
996    458    16         39.2838    51.0240    29.8856    % 
UB: 51.02401574803149
branching on 3 with b.
997    459    17         39.2838    51.0240    29.8856    % 
LB close or above UB, fathomed
998    458    17         39.2838    51.0240    29.8856    % 
UB: 51.02401574803149
branching on CartesianIndex(1, 4) with c.
999    459    18         39.2838    51.0240    29.8856    % 
LB close or above UB, fathomed
1000   458    18         39.2838    51.0240    29.8856    % 
UB: 51.02401574803149
branching on CartesianIndex(1, 5) with c.
1001   459    19         39.2838    51.0240    29.8856    % 
UB: 51.02401574803149
branching on CartesianIndex(1, 6) with c.
1002   460    19         39.2838    51.0240    29.8856    % 
UB: 51.02401574803149
branching on 1 with b.
1003   461    18         39.2839    51.0240    29.8854    % 
LB close or above UB, fathomed
1004   460    18         39.2839    51.0240    29.8854    % 
UB: 51.02401574803149
branching on CartesianIndex(1, 3) with a.
1005   461    19         39.2839    51.0240    29.8854    % 
UB: 51.02401574803149
branching on CartesianIndex(2, 3) with a.
1006   462    19         39.2839    51.0240    29.8854    % 
UB: 51.02401574803149
branching on CartesianIndex(1, 4) with c.
1007   463    17         39.2839    51.0240    29.8854    % 
LB close or above UB, fathomed
1008   462    17         39.2839    51.0240    29.8854    % 
UB: 51.02401574803149
branching on CartesianIndex(1, 5) with c.
1009   463    18         39.2839    51.0240    29.8854    % 
UB: 51.02401574803149
branching on 1 with b.
1010   464    19         39.2839    51.0240    29.8854    % 
UB: 51.02401574803149
branching on CartesianIndex(1, 6) with c.
1011   465    19         39.2839    51.0240    29.8854    % 
UB: 51.02401574803149
branching on 2 with b.
1012   466    18         39.2839    51.0240    29.8854    % 
LB close or above UB, fathomed
1013   465    17         39.2839    51.0240    29.8854    % 
LB close or above UB, fathomed
1014   464    17         39.2839    51.0240    29.8854    % 
UB: 51.02401574803149
branching on 1 with b.
1015   465    28         39.2839    51.0240    29.8854    % 
UB: 51.02401574803149
branching on 3 with b.
1016   466    28         39.2839    51.0240    29.8854    % 
LB close or above UB, fathomed
1017   465    29         39.2839    51.0240    29.8854    % 
UB: 51.02401574803149
branching on 2 with b.
1018   466    30         39.2839    51.0240    29.8854    % 
LB close or above UB, fathomed
1019   465    30         39.2839    51.0240    29.8854    % 
UB: 51.02401574803149
branching on 3 with b.
1020   466    31         39.2839    51.0240    29.8854    % 
UB: 51.02401574803149
branching on 1 with b.
1021   467    31         39.2839    51.0240    29.8854    % 
UB: 51.02401574803149
branching on 1 with b.
1022   468    29         39.2839    51.0240    29.8854    % 
UB: 51.02401574803149
branching on 2 with b.
1023   469    29         39.2839    51.0240    29.8854    % 
UB: 51.02401574803149
branching on 3 with b.
1024   470    30         39.2839    51.0240    29.8854    % 
LB close or above UB, fathomed
1025   469    30         39.2839    51.0240    29.8854    % 
UB: 51.02401574803149
branching on 1 with b.
1026   470    31         39.2839    51.0240    29.8854    % 
UB: 51.02401574803149
branching on 2 with b.
1027   471    31         39.2839    51.0240    29.8854    % 
UB: 51.02401574803149
branching on 2 with b.
1028   472    29         39.2839    51.0240    29.8854    % 
LB close or above UB, fathomed
1029   471    23         39.2839    51.0240    29.8854    % 
LB close or above UB, fathomed
1030   470    23         39.2839    51.0240    29.8854    % 
UB: 51.02401574803149
branching on 2 with b.
1031   471    24         39.2839    51.0240    29.8854    % 
UB: 51.02401574803149
branching on CartesianIndex(1, 4) with c.
1032   472    24         39.2839    51.0240    29.8854    % 
LB close or above UB, fathomed
1033   471    19         39.2839    51.0240    29.8854    % 
LB close or above UB, fathomed
1034   470    19         39.2839    51.0240    29.8854    % 
UB: 51.02401574803149
branching on 1 with b.
1035   471    20         39.2839    51.0240    29.8854    % 
LB close or above UB, fathomed
1036   470    20         39.2839    51.0240    29.8854    % 
UB: 51.02401574803149
branching on CartesianIndex(1, 5) with c.
1037   471    16         39.2839    51.0240    29.8854    % 
LB close or above UB, fathomed
1038   470    16         39.2839    51.0240    29.8854    % 
UB: 51.02401574803149
branching on CartesianIndex(1, 4) with c.
1039   471    31         39.2839    51.0240    29.8854    % 
LB close or above UB, fathomed
1040   470    31         39.2839    51.0240    29.8854    % 
UB: 51.02401574803149
branching on 3 with b.
1041   471    14         39.2839    51.0240    29.8854    % 
LB close or above UB, fathomed
1042   470    14         39.2839    51.0240    29.8854    % 
UB: 51.02401574803149
branching on CartesianIndex(1, 4) with c.
1043   471    33         39.2839    51.0240    29.8854    % 
UB: 51.02401574803149
branching on 2 with b.
1044   472    33         39.2839    51.0240    29.8854    % 
UB: 51.02401574803149
branching on 2 with b.
1045   473    27         39.2839    51.0240    29.8854    % 
UB: 51.02401574803149
branching on 3 with b.
1046   474    28         39.2839    51.0240    29.8854    % 
UB: 51.02401574803149
branching on 1 with b.
1047   475    29         39.2839    51.0240    29.8854    % 
UB: 51.02401574803149
branching on 2 with b.
1048   476    29         39.2839    51.0240    29.8854    % 
UB: 51.02401574803149
branching on 2 with b.
1049   477    28         39.2839    51.0240    29.8854    % 
LB close or above UB, fathomed
1050   476    27         39.2839    51.0240    29.8854    % 
UB: 51.02401574803149
branching on 3 with b.
1051   477    32         39.2839    51.0240    29.8854    % 
UB: 51.02401574803149
branching on 1 with b.
1052   478    32         39.2839    51.0240    29.8854    % 
LB close or above UB, fathomed
1053   477    25         39.2839    51.0240    29.8854    % 
LB close or above UB, fathomed
1054   476    25         39.2839    51.0240    29.8854    % 
UB: 51.02401574803149
branching on CartesianIndex(1, 5) with c.
1055   477    26         39.2839    51.0240    29.8854    % 
UB: 51.02401574803149
branching on CartesianIndex(1, 6) with c.
1056   478    27         39.2839    51.0240    29.8854    % 
LB close or above UB, fathomed
1057   477    27         39.2839    51.0240    29.8854    % 
UB: 51.02401574803149
branching on CartesianIndex(1, 7) with c.
1058   478    28         39.2839    51.0240    29.8854    % 
UB: 51.02401574803149
branching on 3 with b.
1059   479    29         39.2839    51.0240    29.8854    % 
UB: 51.02401574803149
branching on 1 with b.
1060   480    30         39.2839    51.0240    29.8854    % 
UB: 51.02401574803149
branching on 2 with b.
1061   481    31         39.2839    51.0240    29.8854    % 
UB: 51.02401574803149
branching on 3 with b.
1062   482    32         39.2839    51.0240    29.8854    % 
UB: 51.02401574803149
branching on 1 with b.
1063   483    32         39.2839    51.0240    29.8854    % 
LB close or above UB, fathomed
1064   482    31         39.2839    51.0240    29.8854    % 
LB close or above UB, fathomed
1065   481    30         39.2839    51.0240    29.8854    % 
UB: 51.02401574803149
branching on 2 with b.
1066   482    29         39.2839    51.0240    29.8854    % 
LB close or above UB, fathomed
1067   481    28         39.2839    51.0240    29.8854    % 
LB close or above UB, fathomed
1068   480    26         39.2839    51.0240    29.8854    % 
LB close or above UB, fathomed
1069   479    32         39.2839    51.0240    29.8854    % 
UB: 51.02401574803149
branching on 3 with b.
1070   480    33         39.2839    51.0240    29.8854    % 
UB: 51.02401574803149
branching on 1 with b.
1071   481    33         39.2839    51.0240    29.8854    % 
UB: 51.02401574803149
branching on 1 with b.
1072   482    32         39.2839    51.0240    29.8854    % 
UB: 51.02401574803149
branching on 3 with b.
1073   483    24         39.2839    51.0240    29.8854    % 
UB: 51.02401574803149
branching on 3 with b.
1074   484    24         39.2839    51.0240    29.8854    % 
UB: 51.02401574803149
branching on 3 with b.
1075   485    34         39.2839    51.0240    29.8854    % 
UB: 51.02401574803149
branching on 2 with b.
1076   486    34         39.2839    51.0240    29.8854    % 
UB: 51.02401574803149
branching on 2 with b.
1077   487    35         39.2839    51.0240    29.8854    % 
UB: 51.02401574803149
branching on 3 with b.
1078   488    35         39.2839    51.0240    29.8854    % 
UB: 51.02401574803149
branching on 3 with b.
1079   489    28         39.2839    51.0240    29.8854    % 
UB: 51.02401574803149
branching on 3 with b.
1080   490    28         39.2839    51.0240    29.8854    % 
LB close or above UB, fathomed
1081   489    34         39.2839    51.0240    29.8854    % 
UB: 51.02401574803149
branching on 3 with b.
1082   490    34         39.2839    51.0240    29.8854    % 
UB: 51.02401574803149
branching on 3 with b.
1083   491    31         39.2839    51.0240    29.8854    % 
UB: 51.02401574803149
branching on 1 with b.
1084   492    31         39.2839    51.0240    29.8854    % 
UB: 51.02401574803149
branching on 1 with b.
1085   493    34         39.2839    51.0240    29.8854    % 
UB: 51.02401574803149
branching on 3 with b.
1086   494    35         39.2839    51.0240    29.8854    % 
UB: 51.02401574803149
branching on 1 with b.
1087   495    36         39.2839    51.0240    29.8854    % 
UB: 51.02401574803149
branching on 2 with b.
1088   496    36         39.2839    51.0240    29.8854    % 
UB: 51.02401574803149
branching on 2 with b.
1089   497    35         39.2839    51.0240    29.8854    % 
UB: 51.02401574803149
branching on 1 with b.
1090   498    34         39.2839    51.0240    29.8854    % 
UB: 51.02401574803149
branching on 3 with b.
1091   499    29         39.2839    51.0240    29.8854    % 
UB: 51.02401574803149
branching on 2 with b.
1092   500    30         39.2839    51.0240    29.8854    % 
UB: 51.02401574803149
branching on 3 with b.
1093   501    30         39.2839    51.0240    29.8854    % 
LB close or above UB, fathomed
1094   500    29         39.2839    51.0240    29.8854    % 
UB: 51.02401574803149
branching on 2 with b.
1095   501    30         39.2839    51.0240    29.8854    % 
UB: 51.02401574803149
branching on 3 with b.
1096   502    30         39.2839    51.0240    29.8854    % 
LB close or above UB, fathomed
1097   501    23         39.2839    51.0240    29.8854    % 
UB: 51.02401574803149
branching on 3 with b.
1098   502    24         39.2839    51.0240    29.8854    % 
UB: 51.02401574803149
branching on 1 with b.
1099   503    25         39.2839    51.0240    29.8854    % 
UB: 51.02401574803149
branching on 2 with b.
1100   504    25         39.2839    51.0240    29.8854    % 
UB: 51.02401574803149
branching on 2 with b.
1101   505    24         39.2839    51.0240    29.8854    % 
LB close or above UB, fathomed
1102   504    23         39.2839    51.0240    29.8854    % 
LB close or above UB, fathomed
1103   503    28         39.2839    51.0240    29.8854    % 
UB: 51.02401574803149
branching on 3 with b.
1104   504    28         39.2839    51.0240    29.8854    % 
UB: 51.02401574803149
branching on 3 with b.
1105   505    26         39.2839    51.0240    29.8854    % 
UB: 51.02401574803149
branching on 3 with b.
1106   506    26         39.2839    51.0240    29.8854    % 
LB close or above UB, fathomed
1107   505    15         39.2839    51.0240    29.8854    % 
LB close or above UB, fathomed
1108   504    15         39.2839    51.0240    29.8854    % 
UB: 51.02401574803149
branching on 3 with b.
1109   505    25         39.2839    51.0240    29.8854    % 
LB close or above UB, fathomed
1110   504    25         39.2839    51.0240    29.8854    % 
UB: 51.02401574803149
branching on 3 with b.
1111   505    26         39.2839    51.0240    29.8854    % 
UB: 51.02401574803149
branching on 1 with b.
1112   506    26         39.2839    51.0240    29.8854    % 
LB close or above UB, fathomed
1113   505    33         39.2839    51.0240    29.8854    % 
UB: 51.02401574803149
branching on 2 with b.
1114   506    33         39.2839    51.0240    29.8854    % 
UB: 51.02401574803149
branching on 2 with b.
1115   507    31         39.2839    51.0240    29.8854    % 
LB close or above UB, fathomed
1116   506    31         39.2839    51.0240    29.8854    % 
UB: 51.02401574803149
branching on 3 with b.
1117   507    32         39.2839    51.0240    29.8854    % 
UB: 51.02401574803149
branching on 1 with b.
1118   508    32         39.2839    51.0240    29.8854    % 
UB: 51.02401574803149
branching on 1 with b.
1119   509    31         39.2839    51.0240    29.8854    % 
LB close or above UB, fathomed
1120   508    31         39.2839    51.0240    29.8854    % 
UB: 51.02401574803149
branching on 3 with b.
1121   509    13         39.2839    51.0240    29.8854    % 
UB: 51.02401574803149
branching on CartesianIndex(4, 2) with a.
1122   510    13         39.2839    51.0240    29.8854    % 
LB close or above UB, fathomed
1123   509    33         39.2839    51.0240    29.8854    % 
UB: 51.02401574803149
branching on 2 with b.
1124   510    34         39.2839    51.0240    29.8854    % 
UB: 51.02401574803149
branching on 3 with b.
1125   511    35         39.2839    51.0240    29.8854    % 
UB: 51.02401574803149
branching on 1 with b.
1126   512    36         39.2839    51.0240    29.8854    % 
UB: 51.02401574803149
branching on 2 with b.
1127   513    36         39.2839    51.0240    29.8854    % 
UB: 51.02401574803149
branching on 2 with b.
1128   514    35         39.2839    51.0240    29.8854    % 
UB: 49.067322834645665
branching on 1 with b.
1129   515    34         39.2839    49.0673    24.9045    % 
UB: 49.067322834645665
branching on 3 with b.
1130   470    33         39.2839    49.0673    24.9045    % 
UB: 49.067322834645665
branching on 2 with b.
1131   471    31         39.2839    49.0673    24.9045    % 
UB: 49.067322834645665
branching on 2 with b.
1132   472    31         39.2839    49.0673    24.9045    % 
UB: 49.067322834645665
branching on 2 with b.
1133   473    30         39.2839    49.0673    24.9045    % 
UB: 49.067322834645665
branching on 2 with b.
1134   474    30         39.2839    49.0673    24.9045    % 
UB: 49.067322834645665
branching on 2 with b.
1135   475    22         39.2839    49.0673    24.9045    % 
UB: 49.067322834645665
branching on 3 with b.
1136   476    22         39.2839    49.0673    24.9045    % 
UB: 49.067322834645665
branching on 3 with b.
1137   477    26         39.2839    49.0673    24.9045    % 
UB: 49.067322834645665
branching on 1 with b.
1138   478    27         39.2839    49.0673    24.9045    % 
UB: 49.067322834645665
branching on 2 with b.
1139   479    27         39.2839    49.0673    24.9045    % 
UB: 49.067322834645665
branching on 2 with b.
1140   480    28         39.2839    49.0673    24.9045    % 
UB: 49.067322834645665
branching on 3 with b.
1141   481    28         39.2839    49.0673    24.9045    % 
LB close or above UB, fathomed
1142   480    26         39.2839    49.0673    24.9045    % 
LB close or above UB, fathomed
1143   479    26         39.2839    49.0673    24.9045    % 
UB: 49.067322834645665
branching on 1 with b.
1144   480    27         39.2839    49.0673    24.9045    % 
UB: 49.067322834645665
branching on 2 with b.
1145   481    27         39.2839    49.0673    24.9045    % 
UB: 49.067322834645665
branching on 2 with b.
1146   482    26         39.2839    49.0673    24.9045    % 
LB close or above UB, fathomed
1147   481    27         39.2839    49.0673    24.9045    % 
UB: 49.067322834645665
branching on 3 with b.
1148   482    27         39.2839    49.0673    24.9045    % 
UB: 49.067322834645665
branching on 3 with b.
1149   483    30         39.2839    49.0673    24.9045    % 
UB: 49.067322834645665
branching on 2 with b.
1150   484    30         39.2839    49.0673    24.9045    % 
UB: 49.067322834645665
branching on 2 with b.
1151   485    30         39.2839    49.0673    24.9045    % 
LB close or above UB, fathomed
1152   484    30         39.2839    49.0673    24.9045    % 
UB: 49.067322834645665
branching on 3 with b.
1153   485    31         39.2839    49.0673    24.9045    % 
UB: 49.067322834645665
branching on 1 with b.
1154   486    31         39.2839    49.0673    24.9045    % 
LB close or above UB, fathomed
1155   485    15         39.2839    49.0673    24.9045    % 
UB: 49.067322834645665
branching on 3 with b.
1156   486    15         39.2839    49.0673    24.9045    % 
UB: 49.067322834645665
branching on CartesianIndex(1, 3) with a.
1157   487    21         39.2839    49.0673    24.9045    % 
LB close or above UB, fathomed
1158   486    21         39.2839    49.0673    24.9045    % 
UB: 49.067322834645665
branching on CartesianIndex(1, 4) with c.
1159   487    22         39.2839    49.0673    24.9045    % 
LB close or above UB, fathomed
1160   486    22         39.2839    49.0673    24.9045    % 
UB: 49.067322834645665
branching on CartesianIndex(1, 5) with c.
1161   487    23         39.2839    49.0673    24.9045    % 
UB: 49.067322834645665
branching on CartesianIndex(1, 6) with c.
1162   488    24         39.2839    49.0673    24.9045    % 
LB close or above UB, fathomed
1163   487    24         39.2839    49.0673    24.9045    % 
UB: 49.067322834645665
branching on CartesianIndex(1, 7) with c.
1164   488    25         39.2839    49.0673    24.9045    % 
UB: 49.067322834645665
branching on 2 with b.
1165   489    26         39.2839    49.0673    24.9045    % 
LB close or above UB, fathomed
1166   488    26         39.2839    49.0673    24.9045    % 
UB: 49.067322834645665
branching on 3 with b.
1167   489    25         39.2839    49.0673    24.9045    % 
LB close or above UB, fathomed
1168   488    23         39.2839    49.0673    24.9045    % 
LB close or above UB, fathomed
1169   487    14         39.2839    49.0673    24.9045    % 
UB: 49.067322834645665
branching on CartesianIndex(1, 3) with a.
1170   488    14         39.2839    49.0673    24.9045    % 
UB: 49.067322834645665
branching on CartesianIndex(1, 3) with a.
1171   489    16         39.2839    49.0673    24.9045    % 
UB: 49.067322834645665
branching on CartesianIndex(1, 6) with c.
1172   490    17         39.2839    49.0673    24.9045    % 
LB close or above UB, fathomed
1173   489    17         39.2839    49.0673    24.9045    % 
UB: 49.067322834645665
branching on CartesianIndex(1, 7) with c.
1174   490    18         39.2839    49.0673    24.9045    % 
UB: 49.067322834645665
branching on 1 with b.
1175   491    19         39.2839    49.0673    24.9045    % 
LB close or above UB, fathomed
1176   490    19         39.2839    49.0673    24.9045    % 
UB: 49.067322834645665
branching on 2 with b.
1177   491    20         39.2839    49.0673    24.9045    % 
LB close or above UB, fathomed
1178   490    20         39.2839    49.0673    24.9045    % 
UB: 49.067322834645665
branching on 3 with b.
1179   491    21         39.2839    49.0673    24.9045    % 
UB: 49.067322834645665
branching on 1 with b.
1180   492    22         39.2839    49.0673    24.9045    % 
LB close or above UB, fathomed
1181   491    22         39.2839    49.0673    24.9045    % 
UB: 49.067322834645665
branching on 2 with b.
1182   492    23         39.2839    49.0673    24.9045    % 
UB: 49.067322834645665
branching on 3 with b.
1183   493    24         39.2839    49.0673    24.9045    % 
UB: 49.067322834645665
branching on 1 with b.
1184   494    25         39.2839    49.0673    24.9045    % 
LB close or above UB, fathomed
1185   493    25         39.2839    49.0673    24.9045    % 
UB: 49.067322834645665
branching on 2 with b.
1186   494    26         39.2839    49.0673    24.9045    % 
UB: 49.067322834645665
branching on 3 with b.
1187   495    26         39.2839    49.0673    24.9045    % 
LB close or above UB, fathomed
1188   494    24         39.2839    49.0673    24.9045    % 
LB close or above UB, fathomed
1189   493    23         39.2839    49.0673    24.9045    % 
LB close or above UB, fathomed
1190   492    21         39.2839    49.0673    24.9045    % 
LB close or above UB, fathomed
1191   491    18         39.2839    49.0673    24.9045    % 
LB close or above UB, fathomed
1192   490    16         39.2839    49.0673    24.9045    % 
LB close or above UB, fathomed
1193   489    9          39.2839    49.0673    24.9045    % 
LB close or above UB, fathomed
1194   488    9          39.2839    49.0673    24.9045    % 
UB: 49.067322834645665
branching on CartesianIndex(1, 3) with a.
1195   489    10         39.2839    49.0673    24.9045    % 
UB: 49.067322834645665
branching on CartesianIndex(2, 3) with a.
1196   490    11         39.2839    49.0673    24.9045    % 
UB: 49.067322834645665
branching on CartesianIndex(3, 3) with a.
1197   491    11         39.2839    49.0673    24.9045    % 
UB: 49.067322834645665
branching on CartesianIndex(1, 4) with c.
1198   492    10         39.2839    49.0673    24.9045    % 
LB close or above UB, fathomed
1199   491    32         39.2839    49.0673    24.9045    % 
UB: 49.067322834645665
branching on 1 with b.
1200   492    32         39.2839    49.0673    24.9045    % 
LB close or above UB, fathomed
1201   491    27         39.2839    49.0673    24.9045    % 
UB: 49.067322834645665
branching on 2 with b.
1202   492    27         39.2839    49.0673    24.9045    % 
UB: 49.067322834645665
branching on 2 with b.
1203   493    35         39.2839    49.0673    24.9045    % 
UB: 49.067322834645665
branching on 1 with b.
1204   494    35         39.2839    49.0673    24.9045    % 
LB close or above UB, fathomed
1205   493    18         39.2839    49.0673    24.9045    % 
UB: 49.067322834645665
branching on CartesianIndex(1, 5) with c.
1206   494    19         39.2839    49.0673    24.9045    % 
LB close or above UB, fathomed
1207   493    19         39.2839    49.0673    24.9045    % 
UB: 49.067322834645665
branching on 1 with b.
1208   494    20         39.2839    49.0673    24.9045    % 
LB close or above UB, fathomed
1209   493    20         39.2839    49.0673    24.9045    % 
UB: 49.067322834645665
branching on CartesianIndex(1, 6) with c.
1210   494    18         39.2839    49.0673    24.9045    % 
UB: 49.067322834645665
branching on CartesianIndex(1, 5) with c.
1211   495    33         39.2839    49.0673    24.9045    % 
UB: 49.067322834645665
branching on 2 with b.
1212   496    33         39.2839    49.0673    24.9045    % 
UB: 49.067322834645665
branching on 2 with b.
1213   497    34         39.2839    49.0673    24.9045    % 
LB close or above UB, fathomed
1214   496    34         39.2839    49.0673    24.9045    % 
UB: 49.067322834645665
branching on 3 with b.
1215   497    25         39.2839    49.0673    24.9045    % 
UB: 49.067322834645665
branching on 3 with b.
1216   498    25         39.2839    49.0673    24.9045    % 
UB: 49.067322834645665
branching on 3 with b.
1217   499    14         39.2839    49.0673    24.9045    % 
UB: 49.067322834645665
branching on CartesianIndex(1, 6) with c.
1218   500    14         39.2839    49.0673    24.9045    % 
LB close or above UB, fathomed
1219   499    13         39.2839    49.0673    24.9045    % 
LB close or above UB, fathomed
1220   498    13         39.2839    49.0673    24.9045    % 
UB: 49.067322834645665
branching on CartesianIndex(1, 3) with a.
1221   499    22         39.2839    49.0673    24.9045    % 
UB: 49.067322834645665
branching on 3 with b.
1222   500    23         39.2839    49.0673    24.9045    % 
LB close or above UB, fathomed
1223   499    23         39.2839    49.0673    24.9045    % 
UB: 49.067322834645665
branching on 1 with b.
1224   500    24         39.2839    49.0673    24.9045    % 
LB close or above UB, fathomed
1225   499    24         39.2839    49.0673    24.9045    % 
UB: 49.067322834645665
branching on 2 with b.
1226   500    25         39.2839    49.0673    24.9045    % 
UB: 49.067322834645665
branching on 3 with b.
1227   501    25         39.2839    49.0673    24.9045    % 
UB: 49.067322834645665
branching on 3 with b.
1228   502    22         39.2839    49.0673    24.9045    % 
UB: 49.067322834645665
branching on 3 with b.
1229   503    15         39.2839    49.0673    24.9045    % 
UB: 49.067322834645665
branching on CartesianIndex(1, 5) with c.
1230   504    15         39.2839    49.0673    24.9045    % 
UB: 49.067322834645665
branching on 1 with b.
1231   505    16         39.2839    49.0673    24.9045    % 
UB: 49.067322834645665
branching on CartesianIndex(1, 5) with c.
1232   506    16         39.2839    49.0673    24.9045    % 
UB: 49.067322834645665
branching on CartesianIndex(1, 5) with c.
1233   507    17         39.2839    49.0673    24.9045    % 
LB close or above UB, fathomed
1234   506    17         39.2839    49.0673    24.9045    % 
UB: 49.067322834645665
branching on 1 with b.
1235   507    18         39.2839    49.0673    24.9045    % 
LB close or above UB, fathomed
1236   506    18         39.2839    49.0673    24.9045    % 
UB: 49.067322834645665
branching on CartesianIndex(1, 5) with c.
1237   507    19         39.2839    49.0673    24.9045    % 
UB: 49.067322834645665
branching on CartesianIndex(1, 6) with c.
1238   508    20         39.2839    49.0673    24.9045    % 
LB close or above UB, fathomed
1239   507    20         39.2839    49.0673    24.9045    % 
UB: 49.067322834645665
branching on CartesianIndex(1, 7) with c.
1240   508    21         39.2839    49.0673    24.9045    % 
UB: 49.067322834645665
branching on 2 with b.
1241   509    22         39.2839    49.0673    24.9045    % 
LB close or above UB, fathomed
1242   508    22         39.2839    49.0673    24.9045    % 
UB: 49.067322834645665
branching on 3 with b.
1243   509    23         39.2839    49.0673    24.9045    % 
UB: 49.067322834645665
branching on 1 with b.
1244   510    24         39.2839    49.0673    24.9045    % 
LB close or above UB, fathomed
1245   509    24         39.2839    49.0673    24.9045    % 
UB: 49.067322834645665
branching on 2 with b.
1246   510    25         39.2839    49.0673    24.9045    % 
UB: 49.067322834645665
branching on 3 with b.
1247   511    25         39.2839    49.0673    24.9045    % 
UB: 49.067322834645665
branching on 3 with b.
1248   512    23         39.2839    49.0673    24.9045    % 
LB close or above UB, fathomed
1249   511    21         39.2839    49.0673    24.9045    % 
LB close or above UB, fathomed
1250   510    19         39.2839    49.0673    24.9045    % 
LB close or above UB, fathomed
1251   509    10         39.4341    49.0673    24.4288    % 
UB: 49.067322834645665
branching on CartesianIndex(4, 1) with a.
1252   510    10         39.4341    49.0673    24.4288    % 
LB close or above UB, fathomed
1253   509    15         40.3612    49.0673    21.5704    % 
UB: 49.067322834645665
branching on CartesianIndex(2, 3) with a.
1254   510    15         40.3612    49.0673    21.5704    % 
LB close or above UB, fathomed
1255   509    12         40.5430    49.0673    21.0254    % 
LB close or above UB, fathomed
1256   508    12         40.5430    49.0673    21.0254    % 
UB: 49.067322834645665
branching on CartesianIndex(1, 5) with c.
1257   509    11         41.1742    49.0673    19.1700    % 
LB close or above UB, fathomed
1258   508    11         41.1742    49.0673    19.1700    % 
UB: 49.067322834645665
branching on CartesianIndex(1, 6) with c.
1259   509    12         41.1742    49.0673    19.1700    % 
LB close or above UB, fathomed
1260   508    12         41.1742    49.0673    19.1700    % 
UB: 49.067322834645665
branching on 1 with b.
1261   509    13         41.1742    49.0673    19.1700    % 
LB close or above UB, fathomed
1262   508    13         41.1742    49.0673    19.1700    % 
UB: 49.067322834645665
branching on 3 with b.
1263   509    14         41.1742    49.0673    19.1700    % 
UB: 49.067322834645665
branching on CartesianIndex(1, 7) with c.
1264   510    15         41.1742    49.0673    19.1700    % 
UB: 49.067322834645665
branching on 1 with b.
1265   511    16         41.1742    49.0673    19.1700    % 
UB: 49.067322834645665
branching on 3 with b.
1266   512    16         41.1742    49.0673    19.1700    % 
LB close or above UB, fathomed
1267   511    15         41.1742    49.0673    19.1700    % 
LB close or above UB, fathomed
1268   510    14         41.1742    49.0673    19.1700    % 
LB close or above UB, fathomed
1269   509    7          41.1906    49.0673    19.1228    % 
UB: 49.067322834645665
branching on CartesianIndex(2, 2) with a.
1270   510    8          41.1906    49.0673    19.1228    % 
UB: 49.067322834645665
branching on 1 with b.
1271   511    9          41.1906    49.0673    19.1228    % 
LB close or above UB, fathomed
1272   510    9          41.1906    49.0673    19.1228    % 
UB: 49.067322834645665
branching on CartesianIndex(3, 2) with a.
1273   511    10         41.1906    49.0673    19.1228    % 
LB close or above UB, fathomed
1274   510    10         41.1906    49.0673    19.1228    % 
UB: 49.067322834645665
branching on CartesianIndex(1, 4) with c.
1275   511    11         41.1906    49.0673    19.1228    % 
LB close or above UB, fathomed
1276   510    11         41.1906    49.0673    19.1228    % 
UB: 49.067322834645665
branching on 1 with b.
1277   511    8          41.1906    49.0673    19.1228    % 
LB close or above UB, fathomed
1278   510    7          41.1906    49.0673    19.1228    % 
LB close or above UB, fathomed
1279   509    12         41.1906    49.0673    19.1228    % 
UB: 49.067322834645665
branching on 1 with b.
1280   510    13         41.1906    49.0673    19.1228    % 
LB close or above UB, fathomed
1281   509    13         41.1906    49.0673    19.1228    % 
UB: 49.067322834645665
branching on CartesianIndex(1, 5) with c.
1282   510    12         41.1906    49.0673    19.1228    % 
LB close or above UB, fathomed
1283   509    19         41.2361    49.0673    18.9911    % 
LB close or above UB, fathomed
1284   508    19         41.2361    49.0673    18.9911    % 
UB: 49.067322834645665
branching on CartesianIndex(1, 5) with c.
1285   509    20         41.2361    49.0673    18.9911    % 
UB: 49.067322834645665
branching on CartesianIndex(1, 6) with c.
1286   510    20         41.2361    49.0673    18.9911    % 
LB close or above UB, fathomed
1287   509    30         41.2405    49.0673    18.9785    % 
LB close or above UB, fathomed
1288   508    30         41.2405    49.0673    18.9785    % 
UB: 49.067322834645665
branching on 2 with b.
1289   509    20         41.2406    49.0673    18.9783    % 
UB: 49.067322834645665
branching on CartesianIndex(3, 3) with a.
1290   510    20         41.2406    49.0673    18.9783    % 
LB close or above UB, fathomed
1291   509    31         41.2406    49.0673    18.9783    % 
LB close or above UB, fathomed
1292   508    31         41.2406    49.0673    18.9783    % 
UB: 49.067322834645665
branching on 1 with b.
1293   509    31         41.2406    49.0673    18.9783    % 
LB close or above UB, fathomed
1294   508    31         41.2406    49.0673    18.9783    % 
UB: 49.067322834645665
branching on 1 with b.
1295   509    29         41.2406    49.0673    18.9783    % 
UB: 49.067322834645665
branching on 1 with b.
1296   510    29         41.2406    49.0673    18.9783    % 
LB close or above UB, fathomed
1297   509    15         41.2406    49.0673    18.9783    % 
LB close or above UB, fathomed
1298   508    15         41.2406    49.0673    18.9783    % 
UB: 49.067322834645665
branching on CartesianIndex(1, 5) with c.
1299   509    16         41.2406    49.0673    18.9783    % 
UB: 49.067322834645665
branching on CartesianIndex(1, 6) with c.
1300   510    16         41.2406    49.0673    18.9783    % 
UB: 49.067322834645665
branching on CartesianIndex(1, 6) with c.
1301   511    20         41.2406    49.0673    18.9783    % 
LB close or above UB, fathomed
1302   510    20         41.2406    49.0673    18.9783    % 
UB: 49.067322834645665
branching on CartesianIndex(1, 7) with c.
1303   511    21         41.2406    49.0673    18.9783    % 
UB: 49.067322834645665
branching on 2 with b.
1304   512    22         41.2406    49.0673    18.9783    % 
UB: 49.067322834645665
branching on 3 with b.
1305   513    23         41.2406    49.0673    18.9783    % 
LB close or above UB, fathomed
1306   512    23         41.2406    49.0673    18.9783    % 
UB: 49.067322834645665
branching on 1 with b.
1307   513    24         41.2406    49.0673    18.9783    % 
LB close or above UB, fathomed
1308   512    24         41.2406    49.0673    18.9783    % 
UB: 49.067322834645665
branching on 2 with b.
1309   513    22         41.2406    49.0673    18.9783    % 
LB close or above UB, fathomed
1310   512    21         41.2406    49.0673    18.9783    % 
LB close or above UB, fathomed
1311   511    25         41.2406    49.0673    18.9783    % 
UB: 49.067322834645665
branching on 3 with b.
1312   512    25         41.2406    49.0673    18.9783    % 
LB close or above UB, fathomed
1313   511    26         41.2406    49.0673    18.9783    % 
LB close or above UB, fathomed
1314   510    26         41.2406    49.0673    18.9783    % 
UB: 49.067322834645665
branching on 1 with b.
1315   511    27         41.2406    49.0673    18.9783    % 
UB: 49.067322834645665
branching on 2 with b.
1316   512    27         41.2406    49.0673    18.9783    % 
UB: 49.067322834645665
branching on 2 with b.
1317   513    26         41.2406    49.0673    18.9783    % 
UB: 49.067322834645665
branching on 1 with b.
1318   514    27         41.2406    49.0673    18.9783    % 
UB: 49.067322834645665
branching on 2 with b.
1319   515    27         41.2406    49.0673    18.9783    % 
UB: 49.067322834645665
branching on 2 with b.
1320   516    26         41.2406    49.0673    18.9783    % 
LB close or above UB, fathomed
1321   515    29         41.2406    49.0673    18.9783    % 
UB: 49.067322834645665
branching on 1 with b.
1322   516    29         41.2406    49.0673    18.9783    % 
LB close or above UB, fathomed
1323   515    30         41.2406    49.0673    18.9783    % 
LB close or above UB, fathomed
1324   514    30         41.2406    49.0673    18.9783    % 
UB: 49.067322834645665
branching on 3 with b.
1325   515    17         41.2406    49.0673    18.9783    % 
LB close or above UB, fathomed
1326   514    17         41.2406    49.0673    18.9783    % 
UB: 49.067322834645665
branching on 1 with b.
1327   515    30         41.2406    49.0673    18.9783    % 
LB close or above UB, fathomed
1328   514    30         41.2406    49.0673    18.9783    % 
UB: 49.067322834645665
branching on 3 with b.
1329   515    31         41.2406    49.0673    18.9783    % 
LB close or above UB, fathomed
1330   514    31         41.2406    49.0673    18.9783    % 
UB: 49.067322834645665
branching on 1 with b.
1331   515    29         41.2406    49.0673    18.9783    % 
UB: 49.067322834645665
branching on 1 with b.
1332   516    29         41.2406    49.0673    18.9783    % 
LB close or above UB, fathomed
1333   515    23         41.2406    49.0673    18.9783    % 
UB: 49.067322834645665
branching on 3 with b.
1334   516    24         41.2406    49.0673    18.9783    % 
UB: 49.067322834645665
branching on 1 with b.
1335   517    24         41.2406    49.0673    18.9783    % 
LB close or above UB, fathomed
1336   516    23         41.2406    49.0673    18.9783    % 
LB close or above UB, fathomed
1337   515    25         41.2406    49.0673    18.9783    % 
UB: 49.067322834645665
branching on 3 with b.
1338   516    25         41.2406    49.0673    18.9783    % 
LB close or above UB, fathomed
1339   515    23         41.2406    49.0673    18.9783    % 
UB: 49.067322834645665
branching on CartesianIndex(1, 6) with c.
1340   516    24         41.2406    49.0673    18.9783    % 
LB close or above UB, fathomed
1341   515    24         41.2406    49.0673    18.9783    % 
UB: 49.067322834645665
branching on CartesianIndex(1, 7) with c.
1342   516    25         41.2406    49.0673    18.9783    % 
UB: 49.067322834645665
branching on 3 with b.
1343   517    26         41.2406    49.0673    18.9783    % 
UB: 49.067322834645665
branching on 1 with b.
1344   518    27         41.2406    49.0673    18.9783    % 
UB: 49.067322834645665
branching on 2 with b.
1345   519    28         41.2406    49.0673    18.9783    % 
LB close or above UB, fathomed
1346   518    28         41.2406    49.0673    18.9783    % 
UB: 49.067322834645665
branching on 3 with b.
1347   519    29         41.2406    49.0673    18.9783    % 
UB: 49.067322834645665
branching on 1 with b.
1348   520    29         41.2406    49.0673    18.9783    % 
LB close or above UB, fathomed
1349   519    27         41.2406    49.0673    18.9783    % 
LB close or above UB, fathomed
1350   518    26         41.2406    49.0673    18.9783    % 
LB close or above UB, fathomed
1351   517    25         41.2406    49.0673    18.9783    % 
LB close or above UB, fathomed
1352   516    23         41.2406    49.0673    18.9783    % 
LB close or above UB, fathomed
1353   515    20         41.2406    49.0673    18.9783    % 
LB close or above UB, fathomed
1354   514    20         41.2406    49.0673    18.9783    % 
UB: 49.067322834645665
branching on CartesianIndex(1, 4) with c.
1355   515    26         41.2406    49.0673    18.9783    % 
LB close or above UB, fathomed
1356   514    26         41.2406    49.0673    18.9783    % 
UB: 49.067322834645665
branching on 1 with b.
1357   515    27         41.2406    49.0673    18.9783    % 
UB: 49.067322834645665
branching on 2 with b.
1358   516    28         41.2406    49.0673    18.9783    % 
LB close or above UB, fathomed
1359   515    28         41.2406    49.0673    18.9783    % 
UB: 49.067322834645665
branching on 3 with b.
1360   516    29         41.2406    49.0673    18.9783    % 
LB close or above UB, fathomed
1361   515    29         41.2406    49.0673    18.9783    % 
UB: 49.067322834645665
branching on 1 with b.
1362   516    30         41.2406    49.0673    18.9783    % 
UB: 49.067322834645665
branching on 2 with b.
1363   517    31         41.2406    49.0673    18.9783    % 
LB close or above UB, fathomed
1364   516    31         41.2406    49.0673    18.9783    % 
UB: 49.067322834645665
branching on 3 with b.
1365   517    30         41.2406    49.0673    18.9783    % 
UB: 49.067322834645665
branching on 2 with b.
1366   518    27         41.2406    49.0673    18.9783    % 
UB: 49.067322834645665
branching on 2 with b.
1367   519    18         41.2406    49.0673    18.9783    % 
LB close or above UB, fathomed
1368   518    18         41.2406    49.0673    18.9783    % 
UB: 49.067322834645665
branching on CartesianIndex(1, 5) with c.
1369   519    17         41.2406    49.0673    18.9783    % 
LB close or above UB, fathomed
1370   518    17         41.2406    49.0673    18.9783    % 
UB: 49.067322834645665
branching on 1 with b.
1371   519    18         41.2406    49.0673    18.9783    % 
LB close or above UB, fathomed
1372   518    18         41.2406    49.0673    18.9783    % 
UB: 49.067322834645665
branching on 2 with b.
1373   519    17         41.2406    49.0673    18.9783    % 
LB close or above UB, fathomed
1374   518    17         41.2406    49.0673    18.9783    % 
UB: 49.067322834645665
branching on CartesianIndex(1, 7) with c.
1375   519    18         41.2406    49.0673    18.9783    % 
UB: 49.067322834645665
branching on 1 with b.
1376   520    19         41.2406    49.0673    18.9783    % 
LB close or above UB, fathomed
1377   519    19         41.2406    49.0673    18.9783    % 
UB: 49.067322834645665
branching on 2 with b.
1378   520    18         41.2406    49.0673    18.9783    % 
LB close or above UB, fathomed
1379   519    26         41.2406    49.0673    18.9783    % 
UB: 49.067322834645665
branching on 1 with b.
1380   520    27         41.2406    49.0673    18.9783    % 
LB close or above UB, fathomed
1381   519    27         41.2406    49.0673    18.9783    % 
UB: 49.067322834645665
branching on 2 with b.
1382   520    28         41.2406    49.0673    18.9783    % 
LB close or above UB, fathomed
1383   519    28         41.2406    49.0673    18.9783    % 
UB: 49.067322834645665
branching on 3 with b.
1384   520    29         41.2406    49.0673    18.9783    % 
UB: 49.067322834645665
branching on 1 with b.
1385   521    29         41.2406    49.0673    18.9783    % 
LB close or above UB, fathomed
1386   520    26         41.2406    49.0673    18.9783    % 
LB close or above UB, fathomed
1387   519    26         41.2406    49.0673    18.9783    % 
LB close or above UB, fathomed
1388   518    26         41.2406    49.0673    18.9783    % 
UB: 49.067322834645665
branching on 1 with b.
1389   519    14         41.2406    49.0673    18.9783    % 
UB: 49.067322834645665
branching on 1 with b.
1390   520    15         41.2406    49.0673    18.9783    % 
UB: 49.067322834645665
branching on CartesianIndex(2, 3) with a.
1391   521    16         41.2406    49.0673    18.9783    % 
UB: 49.067322834645665
branching on 2 with b.
1392   522    16         41.2406    49.0673    18.9783    % 
LB close or above UB, fathomed
1393   521    15         41.2406    49.0673    18.9783    % 
LB close or above UB, fathomed
1394   520    14         41.2406    49.0673    18.9783    % 
UB: 49.067322834645665
branching on CartesianIndex(1, 4) with c.
1395   521    15         41.2406    49.0673    18.9783    % 
LB close or above UB, fathomed
1396   520    15         41.2406    49.0673    18.9783    % 
UB: 49.067322834645665
branching on CartesianIndex(1, 7) with c.
1397   521    16         41.2406    49.0673    18.9783    % 
UB: 49.067322834645665
branching on 2 with b.
1398   522    17         41.2406    49.0673    18.9783    % 
UB: 49.067322834645665
branching on 3 with b.
1399   523    17         41.2406    49.0673    18.9783    % 
LB close or above UB, fathomed
1400   522    16         41.2406    49.0673    18.9783    % 
LB close or above UB, fathomed
1401   521    35         41.2406    49.0673    18.9783    % 
UB: 49.067322834645665
branching on 1 with b.
1402   522    35         41.2406    49.0673    18.9783    % 
LB close or above UB, fathomed
1403   521    19         41.2406    49.0673    18.9783    % 
LB close or above UB, fathomed
1404   520    19         41.2406    49.0673    18.9783    % 
UB: 49.067322834645665
branching on 1 with b.
1405   521    20         41.2406    49.0673    18.9783    % 
LB close or above UB, fathomed
1406   520    20         41.2406    49.0673    18.9783    % 
UB: 49.067322834645665
branching on CartesianIndex(1, 6) with c.
1407   521    28         41.2406    49.0673    18.9783    % 
LB close or above UB, fathomed
1408   520    28         41.2406    49.0673    18.9783    % 
UB: 49.067322834645665
branching on 3 with b.
1409   521    29         41.2406    49.0673    18.9783    % 
UB: 49.067322834645665
branching on 1 with b.
1410   522    29         41.2406    49.0673    18.9783    % 
LB close or above UB, fathomed
1411   521    27         41.2406    49.0673    18.9783    % 
UB: 49.067322834645665
branching on 1 with b.
1412   522    27         41.2406    49.0673    18.9783    % 
LB close or above UB, fathomed
1413   521    31         41.2406    49.0673    18.9783    % 
LB close or above UB, fathomed
1414   520    31         41.2406    49.0673    18.9783    % 
LB close or above UB, fathomed
1415   519    28         41.2406    49.0673    18.9783    % 
UB: 49.067322834645665
branching on 1 with b.
1416   520    28         41.2406    49.0673    18.9783    % 
LB close or above UB, fathomed
1417   519    28         41.2406    49.0673    18.9783    % 
LB close or above UB, fathomed
1418   518    28         41.2406    49.0673    18.9783    % 
UB: 49.067322834645665
branching on 3 with b.
1419   519    29         41.2406    49.0673    18.9783    % 
UB: 49.067322834645665
branching on 1 with b.
1420   520    29         41.2406    49.0673    18.9783    % 
LB close or above UB, fathomed
1421   519    23         41.2406    49.0673    18.9783    % 
LB close or above UB, fathomed
1422   518    23         41.2406    49.0673    18.9783    % 
UB: 49.067322834645665
branching on 1 with b.
1423   519    24         41.2406    49.0673    18.9783    % 
UB: 49.067322834645665
branching on 2 with b.
1424   520    24         41.2406    49.0673    18.9783    % 
UB: 49.067322834645665
branching on 2 with b.
1425   521    25         41.2406    49.0673    18.9783    % 
UB: 49.067322834645665
branching on 3 with b.
1426   522    26         41.2406    49.0673    18.9783    % 
LB close or above UB, fathomed
1427   521    26         41.2406    49.0673    18.9783    % 
UB: 49.067322834645665
branching on 1 with b.
1428   522    27         41.2406    49.0673    18.9783    % 
UB: 49.067322834645665
branching on 2 with b.
1429   523    27         41.2406    49.0673    18.9783    % 
UB: 49.067322834645665
branching on 2 with b.
1430   524    25         41.2406    49.0673    18.9783    % 
LB close or above UB, fathomed
1431   523    31         41.2406    49.0673    18.9783    % 
LB close or above UB, fathomed
1432   522    31         41.2406    49.0673    18.9783    % 
LB close or above UB, fathomed
1433   521    32         41.2406    49.0673    18.9783    % 
UB: 49.067322834645665
branching on 3 with b.
1434   522    33         41.2406    49.0673    18.9783    % 
UB: 49.067322834645665
branching on 1 with b.
1435   523    33         41.2406    49.0673    18.9783    % 
UB: 49.067322834645665
branching on 1 with b.
1436   524    32         41.2406    49.0673    18.9783    % 
UB: 49.067322834645665
branching on 3 with b.
1437   525    32         41.2406    49.0673    18.9783    % 
UB: 49.067322834645665
branching on 3 with b.
1438   526    33         41.2406    49.0673    18.9783    % 
UB: 49.067322834645665
branching on 1 with b.
1439   527    33         41.2406    49.0673    18.9783    % 
UB: 49.067322834645665
branching on 1 with b.
1440   528    32         41.2406    49.0673    18.9783    % 
UB: 49.067322834645665
branching on 3 with b.
1441   529    36         41.2406    49.0673    18.9783    % 
UB: 49.067322834645665
branching on 2 with b.
1442   530    36         41.2406    49.0673    18.9783    % 
UB: 49.067322834645665
branching on 2 with b.
1443   531    37         41.2406    49.0673    18.9783    % 
UB: 49.067322834645665
branching on 3 with b.
1444   532    37         41.2406    49.0673    18.9783    % 
UB: 49.067322834645665
branching on 3 with b.
1445   533    34         41.2406    49.0673    18.9783    % 
UB: 49.067322834645665
branching on 3 with b.
1446   534    35         41.2406    49.0673    18.9783    % 
UB: 49.067322834645665
branching on 1 with b.
1447   535    35         41.2406    49.0673    18.9783    % 
LB close or above UB, fathomed
1448   534    34         41.2406    49.0673    18.9783    % 
LB close or above UB, fathomed
1449   533    16         41.2406    49.0673    18.9783    % 
UB: 49.067322834645665
branching on CartesianIndex(4, 3) with a.
1450   534    16         41.2406    49.0673    18.9783    % 
UB: 49.067322834645665
branching on CartesianIndex(4, 3) with a.
1451   535    27         41.2406    49.0673    18.9783    % 
LB close or above UB, fathomed
1452   534    27         41.2406    49.0673    18.9783    % 
UB: 49.067322834645665
branching on 1 with b.
1453   535    28         41.2406    49.0673    18.9783    % 
UB: 49.067322834645665
branching on 2 with b.
1454   536    28         41.2406    49.0673    18.9783    % 
LB close or above UB, fathomed
1455   535    26         41.2406    49.0673    18.9783    % 
LB close or above UB, fathomed
1456   534    26         41.2406    49.0673    18.9783    % 
LB close or above UB, fathomed
1457   533    26         41.2406    49.0673    18.9783    % 
UB: 49.067322834645665
branching on 3 with b.
1458   534    26         41.2406    49.0673    18.9783    % 
LB close or above UB, fathomed
1459   533    36         41.2406    49.0673    18.9783    % 
UB: 49.067322834645665
branching on 2 with b.
1460   534    36         41.2406    49.0673    18.9783    % 
UB: 49.067322834645665
branching on 2 with b.
1461   535    37         41.2406    49.0673    18.9783    % 
UB: 49.067322834645665
branching on 3 with b.
1462   536    37         41.2406    49.0673    18.9783    % 
UB: 49.067322834645665
branching on 3 with b.
1463   537    34         41.2406    49.0673    18.9783    % 
UB: 49.067322834645665
branching on 2 with b.
1464   538    34         41.2406    49.0673    18.9783    % 
UB: 49.067322834645665
branching on 2 with b.
1465   539    35         41.2406    49.0673    18.9783    % 
UB: 49.067322834645665
branching on 3 with b.
1466   540    35         41.2406    49.0673    18.9783    % 
UB: 49.067322834645665
branching on 3 with b.
1467   541    34         41.2406    49.0673    18.9783    % 
UB: 49.067322834645665
branching on 2 with b.
1468   542    35         41.2406    49.0673    18.9783    % 
UB: 49.067322834645665
branching on 3 with b.
1469   543    35         41.2406    49.0673    18.9783    % 
UB: 49.067322834645665
branching on 3 with b.
1470   544    34         41.2406    49.0673    18.9783    % 
UB: 49.067322834645665
branching on 2 with b.
1471   545    35         41.2406    49.0673    18.9783    % 
UB: 49.067322834645665
branching on 3 with b.
1472   546    35         41.2406    49.0673    18.9783    % 
UB: 49.067322834645665
branching on 3 with b.
1473   547    31         41.2406    49.0673    18.9783    % 
UB: 49.067322834645665
branching on 3 with b.
1474   548    32         41.2406    49.0673    18.9783    % 
UB: 49.067322834645665
branching on 1 with b.
1475   549    32         41.2406    49.0673    18.9783    % 
LB close or above UB, fathomed
1476   548    31         41.2406    49.0673    18.9783    % 
LB close or above UB, fathomed
1477   547    34         41.2406    49.0673    18.9783    % 
UB: 49.067322834645665
branching on 3 with b.
1478   548    35         41.2406    49.0673    18.9783    % 
UB: 49.067322834645665
branching on 1 with b.
1479   549    35         41.2406    49.0673    18.9783    % 
UB: 49.067322834645665
branching on 1 with b.
1480   550    34         41.2406    49.0673    18.9783    % 
UB: 49.067322834645665
branching on 3 with b.
1481   551    19         41.2406    49.0673    18.9783    % 
UB: 49.067322834645665
branching on 2 with b.
1482   552    19         41.2406    49.0673    18.9783    % 
LB close or above UB, fathomed
1483   551    17         41.2406    49.0673    18.9783    % 
UB: 49.067322834645665
branching on CartesianIndex(1, 6) with c.
1484   552    18         41.2406    49.0673    18.9783    % 
LB close or above UB, fathomed
1485   551    18         41.2406    49.0673    18.9783    % 
UB: 49.067322834645665
branching on CartesianIndex(1, 7) with c.
1486   552    19         41.2406    49.0673    18.9783    % 
UB: 49.067322834645665
branching on 3 with b.
1487   553    20         41.2406    49.0673    18.9783    % 
UB: 49.067322834645665
branching on 1 with b.
1488   554    21         41.2406    49.0673    18.9783    % 
UB: 49.067322834645665
branching on 2 with b.
1489   555    21         41.2406    49.0673    18.9783    % 
LB close or above UB, fathomed
1490   554    20         41.2406    49.0673    18.9783    % 
LB close or above UB, fathomed
1491   553    19         41.2406    49.0673    18.9783    % 
LB close or above UB, fathomed
1492   552    17         41.2406    49.0673    18.9783    % 
LB close or above UB, fathomed
1493   551    20         41.2406    49.0673    18.9783    % 
LB close or above UB, fathomed
1494   550    20         41.2406    49.0673    18.9783    % 
UB: 49.067322834645665
branching on CartesianIndex(1, 5) with c.
1495   551    21         41.2406    49.0673    18.9783    % 
LB close or above UB, fathomed
1496   550    21         41.2406    49.0673    18.9783    % 
LB close or above UB, fathomed
1497   549    19         41.2406    49.0673    18.9783    % 
LB close or above UB, fathomed
1498   548    19         41.2406    49.0673    18.9783    % 
UB: 49.067322834645665
branching on CartesianIndex(1, 7) with c.
1499   549    20         41.2406    49.0673    18.9783    % 
UB: 49.067322834645665
branching on 1 with b.
1500   550    21         41.2406    49.0673    18.9783    % 
LB close or above UB, fathomed
1501   549    21         41.2406    49.0673    18.9783    % 
UB: 49.067322834645665
branching on 2 with b.
1502   550    20         41.2406    49.0673    18.9783    % 
LB close or above UB, fathomed
1503   549    26         41.2406    49.0673    18.9783    % 
UB: 49.067322834645665
branching on 2 with b.
1504   550    26         41.2406    49.0673    18.9783    % 
UB: 49.067322834645665
branching on 2 with b.
1505   551    34         41.2406    49.0673    18.9783    % 
UB: 49.067322834645665
branching on 2 with b.
1506   552    34         41.2406    49.0673    18.9783    % 
UB: 49.067322834645665
branching on 2 with b.
1507   553    35         41.2406    49.0673    18.9783    % 
UB: 49.067322834645665
branching on 3 with b.
1508   554    35         41.2406    49.0673    18.9783    % 
UB: 49.067322834645665
branching on 3 with b.
1509   555    14         41.2406    49.0673    18.9783    % 
UB: 49.067322834645665
branching on CartesianIndex(2, 3) with a.
1510   556    15         41.2406    49.0673    18.9783    % 
LB close or above UB, fathomed
1511   555    15         41.2406    49.0673    18.9783    % 
LB close or above UB, fathomed
1512   554    14         41.2406    49.0673    18.9783    % 
LB close or above UB, fathomed
1513   553    36         41.2406    49.0673    18.9783    % 
UB: 49.067322834645665
branching on 2 with b.
1514   554    36         41.2406    49.0673    18.9783    % 
UB: 49.067322834645665
branching on 2 with b.
1515   555    37         41.2406    49.0673    18.9783    % 
UB: 49.067322834645665
branching on 3 with b.
1516   556    37         41.2406    49.0673    18.9783    % 
UB: 49.067322834645665
branching on 3 with b.
1517   557    38         41.2406    49.0673    18.9783    % 
UB: 49.067322834645665
branching on 1 with b.
1518   558    38         41.2406    49.0673    18.9783    % 
UB: 49.067322834645665
branching on 1 with b.
1519   559    39         41.2406    49.0673    18.9783    % 
UB: 49.067322834645665
branching on 2 with b.
1520   560    40         41.2406    49.0673    18.9783    % 
UB: 49.067322834645665
branching on 3 with b.
1521   561    40         41.2406    49.0673    18.9783    % 
UB: 49.067322834645665
branching on 3 with b.
1522   562    39         41.2406    49.0673    18.9783    % 
UB: 49.067322834645665
branching on 2 with b.
1523   563    38         41.2406    49.0673    18.9783    % 
UB: 49.067322834645665
branching on 1 with b.
1524   564    38         41.2406    49.0673    18.9783    % 
UB: 49.067322834645665
branching on 1 with b.
1525   565    39         41.2406    49.0673    18.9783    % 
UB: 49.067322834645665
branching on 2 with b.
1526   566    40         41.2406    49.0673    18.9783    % 
LB close or above UB, fathomed
1527   565    40         41.2406    49.0673    18.9783    % 
UB: 49.067322834645665
branching on 3 with b.
1528   566    39         41.2406    49.0673    18.9783    % 
UB: 49.067322834645665
branching on 2 with b.
1529   567    37         41.2406    49.0673    18.9783    % 
UB: 49.067322834645665
branching on 3 with b.
1530   568    37         41.2406    49.0673    18.9783    % 
UB: 49.067322834645665
branching on 3 with b.
1531   569    19         41.2406    49.0673    18.9783    % 
LB close or above UB, fathomed
1532   568    19         41.2406    49.0673    18.9783    % 
UB: 49.067322834645665
branching on CartesianIndex(1, 6) with c.
1533   569    20         41.2406    49.0673    18.9783    % 
LB close or above UB, fathomed
1534   568    20         41.2406    49.0673    18.9783    % 
UB: 49.067322834645665
branching on 1 with b.
1535   569    21         41.2406    49.0673    18.9783    % 
LB close or above UB, fathomed
1536   568    21         41.2406    49.0673    18.9783    % 
UB: 49.067322834645665
branching on 2 with b.
1537   569    36         41.2406    49.0673    18.9783    % 
UB: 49.067322834645665
branching on 2 with b.
1538   570    37         41.2406    49.0673    18.9783    % 
UB: 49.067322834645665
branching on 3 with b.
1539   571    37         41.2406    49.0673    18.9783    % 
UB: 49.067322834645665
branching on 3 with b.
1540   572    36         41.2406    49.0673    18.9783    % 
UB: 49.067322834645665
branching on 2 with b.
1541   573    37         41.2406    49.0673    18.9783    % 
UB: 49.067322834645665
branching on 3 with b.
1542   574    37         41.2406    49.0673    18.9783    % 
UB: 49.067322834645665
branching on 3 with b.
1543   575    22         41.2406    49.0673    18.9783    % 
LB close or above UB, fathomed
1544   574    22         41.2406    49.0673    18.9783    % 
UB: 49.067322834645665
branching on 3 with b.
1545   575    23         41.2406    49.0673    18.9783    % 
LB close or above UB, fathomed
1546   574    23         41.2406    49.0673    18.9783    % 
UB: 49.067322834645665
branching on 1 with b.
1547   575    24         41.2406    49.0673    18.9783    % 
LB close or above UB, fathomed
1548   574    24         41.2406    49.0673    18.9783    % 
UB: 49.067322834645665
branching on 2 with b.
1549   575    25         41.2406    49.0673    18.9783    % 
UB: 49.067322834645665
branching on 3 with b.
1550   576    26         41.2406    49.0673    18.9783    % 
LB close or above UB, fathomed
1551   575    26         41.2406    49.0673    18.9783    % 
UB: 49.067322834645665
branching on 1 with b.
1552   576    27         41.2406    49.0673    18.9783    % 
LB close or above UB, fathomed
1553   575    27         41.2406    49.0673    18.9783    % 
UB: 49.067322834645665
branching on 2 with b.
1554   576    25         41.2406    49.0673    18.9783    % 
UB: 49.067322834645665
branching on 3 with b.
1555   577    34         41.2406    49.0673    18.9783    % 
UB: 49.067322834645665
branching on 3 with b.
1556   578    35         41.2406    49.0673    18.9783    % 
UB: 49.067322834645665
branching on 1 with b.
1557   579    36         41.2406    49.0673    18.9783    % 
UB: 49.067322834645665
branching on 2 with b.
1558   580    37         41.2406    49.0673    18.9783    % 
UB: 49.067322834645665
branching on 3 with b.
1559   581    37         41.2406    49.0673    18.9783    % 
UB: 49.067322834645665
branching on 3 with b.
1560   582    36         41.2406    49.0673    18.9783    % 
UB: 49.067322834645665
branching on 2 with b.
1561   583    35         41.2406    49.0673    18.9783    % 
UB: 49.067322834645665
branching on 1 with b.
1562   584    34         41.2406    49.0673    18.9783    % 
UB: 49.067322834645665
branching on 3 with b.
1563   585    17         41.2406    49.0673    18.9783    % 
UB: 49.067322834645665
branching on CartesianIndex(1, 6) with c.
1564   586    18         41.2406    49.0673    18.9783    % 
LB close or above UB, fathomed
1565   585    18         41.2406    49.0673    18.9783    % 
UB: 49.067322834645665
branching on CartesianIndex(1, 7) with c.
1566   586    19         41.2406    49.0673    18.9783    % 
UB: 49.067322834645665
branching on 1 with b.
1567   587    20         41.2406    49.0673    18.9783    % 
LB close or above UB, fathomed
1568   586    20         41.2406    49.0673    18.9783    % 
UB: 49.067322834645665
branching on 2 with b.
1569   587    19         41.2406    49.0673    18.9783    % 
LB close or above UB, fathomed
1570   586    17         41.2406    49.0673    18.9783    % 
LB close or above UB, fathomed
1571   585    31         41.2406    49.0673    18.9783    % 
UB: 49.067322834645665
branching on 2 with b.
1572   586    31         41.2406    49.0673    18.9783    % 
UB: 49.067322834645665
branching on 2 with b.
1573   587    25         41.2406    49.0673    18.9783    % 
UB: 49.067322834645665
branching on 3 with b.
1574   588    25         41.2406    49.0673    18.9783    % 
UB: 49.067322834645665
branching on 3 with b.
1575   589    29         41.2406    49.0673    18.9783    % 
LB close or above UB, fathomed
1576   588    29         41.2406    49.0673    18.9783    % 
UB: 49.067322834645665
branching on 1 with b.
1577   589    15         41.2406    49.0673    18.9783    % 
LB close or above UB, fathomed
1578   588    15         41.2406    49.0673    18.9783    % 
UB: 49.067322834645665
branching on CartesianIndex(1, 5) with c.
1579   589    20         41.2406    49.0673    18.9783    % 
UB: 49.067322834645665
branching on CartesianIndex(1, 6) with c.
1580   590    20         41.2406    49.0673    18.9783    % 
LB close or above UB, fathomed
1581   589    23         41.2406    49.0673    18.9783    % 
UB: 49.067322834645665
branching on 3 with b.
1582   590    24         41.2406    49.0673    18.9783    % 
LB close or above UB, fathomed
1583   589    24         41.2406    49.0673    18.9783    % 
UB: 49.067322834645665
branching on 1 with b.
1584   590    25         41.2406    49.0673    18.9783    % 
UB: 49.067322834645665
branching on 2 with b.
1585   591    25         41.2406    49.0673    18.9783    % 
LB close or above UB, fathomed
1586   590    23         41.2406    49.0673    18.9783    % 
LB close or above UB, fathomed
1587   589    23         41.2406    49.0673    18.9783    % 
UB: 49.067322834645665
branching on 3 with b.
1588   590    24         41.2406    49.0673    18.9783    % 
LB close or above UB, fathomed
1589   589    24         41.2406    49.0673    18.9783    % 
UB: 49.067322834645665
branching on 1 with b.
1590   590    25         41.2406    49.0673    18.9783    % 
LB close or above UB, fathomed
1591   589    25         41.2406    49.0673    18.9783    % 
UB: 49.067322834645665
branching on 2 with b.
1592   590    26         41.2406    49.0673    18.9783    % 
UB: 49.067322834645665
branching on 3 with b.
1593   591    26         41.2406    49.0673    18.9783    % 
UB: 49.067322834645665
branching on 3 with b.
1594   592    27         41.2406    49.0673    18.9783    % 
LB close or above UB, fathomed
1595   591    27         41.2406    49.0673    18.9783    % 
UB: 49.067322834645665
branching on 1 with b.
1596   592    23         41.2406    49.0673    18.9783    % 
UB: 49.067322834645665
branching on 3 with b.
1597   593    18         41.2406    49.0673    18.9783    % 
LB close or above UB, fathomed
1598   592    18         41.2406    49.0673    18.9783    % 
UB: 49.067322834645665
branching on 3 with b.
1599   593    14         41.2406    49.0673    18.9783    % 
UB: 49.067322834645665
branching on CartesianIndex(1, 3) with a.
1600   594    15         41.2406    49.0673    18.9783    % 
UB: 49.067322834645665
branching on CartesianIndex(2, 3) with a.
1601   595    16         41.2406    49.0673    18.9783    % 
LB close or above UB, fathomed
1602   594    16         41.2406    49.0673    18.9783    % 
LB close or above UB, fathomed
1603   593    15         41.2406    49.0673    18.9783    % 
LB close or above UB, fathomed
1604   592    14         41.2406    49.0673    18.9783    % 
LB close or above UB, fathomed
1605   591    16         41.2406    49.0673    18.9783    % 
LB close or above UB, fathomed
1606   590    16         41.2406    49.0673    18.9783    % 
LB close or above UB, fathomed
1607   589    15         41.2406    49.0673    18.9783    % 
LB close or above UB, fathomed
1608   588    15         41.2406    49.0673    18.9783    % 
UB: 49.067322834645665
branching on 1 with b.
1609   589    16         41.2406    49.0673    18.9783    % 
LB close or above UB, fathomed
1610   588    16         41.2406    49.0673    18.9783    % 
UB: 49.067322834645665
branching on CartesianIndex(1, 7) with c.
1611   589    17         41.2406    49.0673    18.9783    % 
UB: 49.067322834645665
branching on 2 with b.
1612   590    18         41.2406    49.0673    18.9783    % 
UB: 49.067322834645665
branching on 3 with b.
1613   591    19         41.2406    49.0673    18.9783    % 
UB: 49.067322834645665
branching on 1 with b.
1614   592    20         41.2406    49.0673    18.9783    % 
LB close or above UB, fathomed
1615   591    20         41.2406    49.0673    18.9783    % 
UB: 49.067322834645665
branching on 2 with b.
1616   592    19         41.2406    49.0673    18.9783    % 
LB close or above UB, fathomed
1617   591    18         41.2406    49.0673    18.9783    % 
LB close or above UB, fathomed
1618   590    17         41.2406    49.0673    18.9783    % 
LB close or above UB, fathomed
1619   589    13         41.2406    49.0673    18.9783    % 
LB close or above UB, fathomed
1620   588    13         41.2406    49.0673    18.9783    % 
UB: 49.067322834645665
branching on CartesianIndex(1, 3) with a.
1621   589    24         41.2406    49.0673    18.9783    % 
UB: 49.067322834645665
branching on 3 with b.
1622   590    25         41.2406    49.0673    18.9783    % 
UB: 49.067322834645665
branching on 1 with b.
1623   591    25         41.2406    49.0673    18.9783    % 
LB close or above UB, fathomed
1624   590    24         41.2406    49.0673    18.9783    % 
LB close or above UB, fathomed
1625   589    12         41.2406    49.0673    18.9783    % 
UB: 49.067322834645665
branching on CartesianIndex(2, 3) with a.
1626   590    12         41.2406    49.0673    18.9783    % 
LB close or above UB, fathomed
1627   589    17         41.2406    49.0673    18.9783    % 
UB: 49.067322834645665
branching on CartesianIndex(1, 6) with c.
1628   590    18         41.2406    49.0673    18.9783    % 
LB close or above UB, fathomed
1629   589    18         41.2406    49.0673    18.9783    % 
UB: 49.067322834645665
branching on CartesianIndex(1, 7) with c.
1630   590    19         41.2406    49.0673    18.9783    % 
UB: 49.067322834645665
branching on 3 with b.
1631   591    20         41.2406    49.0673    18.9783    % 
UB: 49.067322834645665
branching on 1 with b.
1632   592    21         41.2406    49.0673    18.9783    % 
UB: 49.067322834645665
branching on 2 with b.
1633   593    21         41.2406    49.0673    18.9783    % 
LB close or above UB, fathomed
1634   592    20         41.2406    49.0673    18.9783    % 
LB close or above UB, fathomed
1635   591    19         41.2406    49.0673    18.9783    % 
LB close or above UB, fathomed
1636   590    17         41.2406    49.0673    18.9783    % 
UB: 49.067322834645665
branching on 3 with b.
1637   591    18         41.2406    49.0673    18.9783    % 
UB: 49.067322834645665
branching on CartesianIndex(1, 6) with c.
1638   592    19         41.2406    49.0673    18.9783    % 
LB close or above UB, fathomed
1639   591    19         41.2406    49.0673    18.9783    % 
UB: 49.067322834645665
branching on CartesianIndex(1, 7) with c.
1640   592    20         41.2406    49.0673    18.9783    % 
UB: 49.067322834645665
branching on 1 with b.
1641   593    21         41.2406    49.0673    18.9783    % 
UB: 49.067322834645665
branching on 2 with b.
1642   594    21         41.2406    49.0673    18.9783    % 
LB close or above UB, fathomed
1643   593    20         41.2406    49.0673    18.9783    % 
LB close or above UB, fathomed
1644   592    18         41.2406    49.0673    18.9783    % 
LB close or above UB, fathomed
1645   591    17         41.2406    49.0673    18.9783    % 
UB: 49.067322834645665
branching on CartesianIndex(1, 4) with c.
1646   592    17         41.2406    49.0673    18.9783    % 
LB close or above UB, fathomed
1647   591    17         41.2406    49.0673    18.9783    % 
UB: 49.067322834645665
branching on CartesianIndex(1, 6) with c.
1648   592    18         41.2406    49.0673    18.9783    % 
LB close or above UB, fathomed
1649   591    18         41.2406    49.0673    18.9783    % 
UB: 49.067322834645665
branching on CartesianIndex(1, 7) with c.
1650   592    19         41.2406    49.0673    18.9783    % 
UB: 49.067322834645665
branching on 1 with b.
1651   593    20         41.2406    49.0673    18.9783    % 
LB close or above UB, fathomed
1652   592    20         41.2406    49.0673    18.9783    % 
UB: 49.067322834645665
branching on 2 with b.
1653   593    19         41.2406    49.0673    18.9783    % 
LB close or above UB, fathomed
1654   592    17         41.2406    49.0673    18.9783    % 
LB close or above UB, fathomed
1655   591    15         41.2406    49.0673    18.9783    % 
LB close or above UB, fathomed
1656   590    15         41.2406    49.0673    18.9783    % 
LB close or above UB, fathomed
1657   589    30         41.2406    49.0673    18.9783    % 
UB: 49.067322834645665
branching on 2 with b.
1658   590    30         41.2406    49.0673    18.9783    % 
UB: 49.067322834645665
branching on 2 with b.
1659   591    17         41.2406    49.0673    18.9783    % 
LB close or above UB, fathomed
1660   590    17         41.2406    49.0673    18.9783    % 
UB: 49.067322834645665
branching on CartesianIndex(1, 4) with c.
1661   591    18         41.2406    49.0673    18.9783    % 
LB close or above UB, fathomed
1662   590    18         41.2406    49.0673    18.9783    % 
UB: 49.067322834645665
branching on CartesianIndex(1, 5) with c.
1663   591    19         41.2406    49.0673    18.9783    % 
UB: 49.067322834645665
branching on 1 with b.
1664   592    20         41.2406    49.0673    18.9783    % 
LB close or above UB, fathomed
1665   591    20         41.2406    49.0673    18.9783    % 
UB: 49.067322834645665
branching on 2 with b.
1666   592    19         41.2406    49.0673    18.9783    % 
LB close or above UB, fathomed
1667   591    18         41.2406    49.0673    18.9783    % 
LB close or above UB, fathomed
1668   590    18         41.2406    49.0673    18.9783    % 
UB: 49.067322834645665
branching on CartesianIndex(1, 5) with c.
1669   591    19         41.2406    49.0673    18.9783    % 
UB: 49.067322834645665
branching on 1 with b.
1670   592    20         41.2406    49.0673    18.9783    % 
LB close or above UB, fathomed
1671   591    20         41.2406    49.0673    18.9783    % 
UB: 49.067322834645665
branching on CartesianIndex(1, 6) with c.
1672   592    19         41.2406    49.0673    18.9783    % 
LB close or above UB, fathomed
1673   591    17         41.2406    49.0673    18.9783    % 
LB close or above UB, fathomed
1674   590    17         41.2406    49.0673    18.9783    % 
UB: 49.067322834645665
branching on 2 with b.
1675   591    18         41.2406    49.0673    18.9783    % 
UB: 49.067322834645665
branching on 3 with b.
1676   592    18         41.2406    49.0673    18.9783    % 
LB close or above UB, fathomed
1677   591    18         41.2406    49.0673    18.9783    % 
LB close or above UB, fathomed
1678   590    18         41.2406    49.0673    18.9783    % 
UB: 49.067322834645665
branching on CartesianIndex(1, 5) with c.
1679   591    19         41.2406    49.0673    18.9783    % 
UB: 49.067322834645665
branching on 1 with b.
1680   592    20         41.2406    49.0673    18.9783    % 
LB close or above UB, fathomed
1681   591    20         41.2406    49.0673    18.9783    % 
UB: 49.067322834645665
branching on CartesianIndex(1, 6) with c.
1682   592    19         41.2406    49.0673    18.9783    % 
UB: 49.067322834645665
branching on 1 with b.
1683   593    20         41.2406    49.0673    18.9783    % 
LB close or above UB, fathomed
1684   592    20         41.2406    49.0673    18.9783    % 
UB: 49.067322834645665
branching on 2 with b.
1685   593    18         41.2406    49.0673    18.9783    % 
LB close or above UB, fathomed
1686   592    18         41.2406    49.0673    18.9783    % 
UB: 49.067322834645665
branching on CartesianIndex(1, 4) with c.
1687   593    18         41.2406    49.0673    18.9783    % 
LB close or above UB, fathomed
1688   592    18         41.2406    49.0673    18.9783    % 
UB: 49.067322834645665
branching on CartesianIndex(1, 5) with c.
1689   593    23         41.2406    49.0673    18.9783    % 
UB: 49.067322834645665
branching on CartesianIndex(3, 3) with a.
1690   594    23         41.2406    49.0673    18.9783    % 
LB close or above UB, fathomed
1691   593    17         41.2406    49.0673    18.9783    % 
LB close or above UB, fathomed
1692   592    17         41.2406    49.0673    18.9783    % 
UB: 49.067322834645665
branching on CartesianIndex(1, 7) with c.
1693   593    18         41.2406    49.0673    18.9783    % 
UB: 49.067322834645665
branching on 1 with b.
1694   594    19         41.2406    49.0673    18.9783    % 
UB: 49.067322834645665
branching on 2 with b.
1695   595    19         41.2406    49.0673    18.9783    % 
LB close or above UB, fathomed
1696   594    18         41.2406    49.0673    18.9783    % 
LB close or above UB, fathomed
1697   593    16         41.2406    49.0673    18.9783    % 
UB: 49.067322834645665
branching on CartesianIndex(1, 5) with c.
1698   594    16         41.2406    49.0673    18.9783    % 
UB: 49.067322834645665
branching on CartesianIndex(1, 5) with c.
1699   595    17         41.2406    49.0673    18.9783    % 
LB close or above UB, fathomed
1700   594    17         41.2406    49.0673    18.9783    % 
UB: 49.067322834645665
branching on CartesianIndex(1, 6) with c.
1701   595    19         41.2406    49.0673    18.9783    % 
UB: 49.067322834645665
branching on CartesianIndex(1, 5) with c.
1702   596    19         41.2406    49.0673    18.9783    % 
UB: 49.067322834645665
branching on CartesianIndex(1, 5) with c.
1703   597    20         41.2406    49.0673    18.9783    % 
LB close or above UB, fathomed
1704   596    20         41.2406    49.0673    18.9783    % 
UB: 49.067322834645665
branching on CartesianIndex(1, 6) with c.
1705   597    17         41.2406    49.0673    18.9783    % 
UB: 49.067322834645665
branching on 3 with b.
1706   598    18         41.2406    49.0673    18.9783    % 
UB: 49.067322834645665
branching on CartesianIndex(3, 3) with a.
1707   599    18         41.2406    49.0673    18.9783    % 
UB: 49.067322834645665
branching on CartesianIndex(3, 3) with a.
1708   600    17         41.2406    49.0673    18.9783    % 
LB close or above UB, fathomed
1709   599    16         41.2406    49.0673    18.9783    % 
LB close or above UB, fathomed
1710   598    16         41.2406    49.0673    18.9783    % 
UB: 49.067322834645665
branching on CartesianIndex(1, 6) with c.
1711   599    17         41.2406    49.0673    18.9783    % 
LB close or above UB, fathomed
1712   598    17         41.2406    49.0673    18.9783    % 
UB: 49.067322834645665
branching on CartesianIndex(1, 7) with c.
1713   599    18         41.2406    49.0673    18.9783    % 
UB: 49.067322834645665
branching on 1 with b.
1714   600    19         41.2406    49.0673    18.9783    % 
LB close or above UB, fathomed
1715   599    19         41.2406    49.0673    18.9783    % 
UB: 49.067322834645665
branching on 2 with b.
1716   600    18         41.2406    49.0673    18.9783    % 
LB close or above UB, fathomed
1717   599    19         41.2406    49.0673    18.9783    % 
LB close or above UB, fathomed
1718   598    19         41.2406    49.0673    18.9783    % 
UB: 49.067322834645665
branching on CartesianIndex(1, 5) with c.
1719   599    20         41.2406    49.0673    18.9783    % 
UB: 49.067322834645665
branching on CartesianIndex(1, 6) with c.
1720   600    21         41.2406    49.0673    18.9783    % 
LB close or above UB, fathomed
1721   599    21         41.2406    49.0673    18.9783    % 
UB: 49.067322834645665
branching on CartesianIndex(1, 7) with c.
1722   600    22         41.2406    49.0673    18.9783    % 
UB: 49.067322834645665
branching on 1 with b.
1723   601    23         41.2406    49.0673    18.9783    % 
LB close or above UB, fathomed
1724   600    23         41.2406    49.0673    18.9783    % 
UB: 49.067322834645665
branching on 2 with b.
1725   601    24         41.2406    49.0673    18.9783    % 
UB: 49.067322834645665
branching on 3 with b.
1726   602    25         41.2406    49.0673    18.9783    % 
LB close or above UB, fathomed
1727   601    25         41.2406    49.0673    18.9783    % 
UB: 49.067322834645665
branching on 1 with b.
1728   602    24         41.2406    49.0673    18.9783    % 
UB: 49.067322834645665
branching on 3 with b.
1729   603    22         41.2406    49.0673    18.9783    % 
LB close or above UB, fathomed
1730   602    20         41.2406    49.0673    18.9783    % 
UB: 49.067322834645665
branching on CartesianIndex(1, 6) with c.
1731   603    24         41.2406    49.0673    18.9783    % 
UB: 49.067322834645665
branching on CartesianIndex(4, 3) with a.
1732   604    24         41.2406    49.0673    18.9783    % 
LB close or above UB, fathomed
1733   603    19         41.2406    49.0673    18.9783    % 
UB: 49.067322834645665
branching on CartesianIndex(4, 3) with a.
1734   604    19         41.2406    49.0673    18.9783    % 
UB: 49.067322834645665
branching on CartesianIndex(1, 4) with c.
1735   605    20         41.2406    49.0673    18.9783    % 
UB: 49.067322834645665
branching on CartesianIndex(1, 4) with c.
1736   606    20         41.2406    49.0673    18.9783    % 
UB: 49.067322834645665
branching on 1 with b.
1737   607    21         41.2406    49.0673    18.9783    % 
UB: 49.067322834645665
branching on CartesianIndex(1, 4) with c.
1738   608    21         41.2406    49.0673    18.9783    % 
LB close or above UB, fathomed
1739   607    17         41.2650    49.0673    18.9080    % 
UB: 49.067322834645665
branching on 3 with b.
1740   608    17         41.2650    49.0673    18.9080    % 
LB close or above UB, fathomed
1741   607    14         41.6037    49.0673    17.9399    % 
LB close or above UB, fathomed
1742   606    14         41.6037    49.0673    17.9399    % 
LB close or above UB, fathomed
1743   605    16         42.2189    49.0673    16.2212    % 
LB close or above UB, fathomed
1744   604    16         42.2189    49.0673    16.2212    % 
LB close or above UB, fathomed
1745   603    17         43.1392    49.0673    13.7418    % 
LB close or above UB, fathomed
1746   602    17         43.1392    49.0673    13.7418    % 
UB: 49.067322834645665
branching on 1 with b.
1747   603    18         43.1392    49.0673    13.7418    % 
LB close or above UB, fathomed
1748   602    18         43.1392    49.0673    13.7418    % 
UB: 49.067322834645665
branching on 3 with b.
1749   603    19         43.1436    49.0673    13.7302    % 
LB close or above UB, fathomed
1750   602    19         43.1436    49.0673    13.7302    % 
LB close or above UB, fathomed
1751   601    12         43.1472    49.0673    13.7206    % 
UB: 49.067322834645665
branching on 2 with b.
1752   602    13         43.1472    49.0673    13.7206    % 
LB close or above UB, fathomed
1753   601    13         43.1472    49.0673    13.7206    % 
LB close or above UB, fathomed
1754   600    12         43.1472    49.0673    13.7206    % 
LB close or above UB, fathomed
1755   599    11         43.1472    49.0673    13.7206    % 
LB close or above UB, fathomed
1756   598    11         43.1472    49.0673    13.7206    % 
UB: 49.067322834645665
branching on CartesianIndex(1, 3) with a.
1757   599    21         43.1972    49.0673    13.5890    % 
UB: 49.067322834645665
branching on CartesianIndex(4, 3) with a.
1758   600    21         43.1972    49.0673    13.5890    % 
LB close or above UB, fathomed
1759   599    17         43.1972    49.0673    13.5890    % 
LB close or above UB, fathomed
1760   598    17         43.1972    49.0673    13.5890    % 
LB close or above UB, fathomed
1761   597    21         43.1972    49.0673    13.5890    % 
LB close or above UB, fathomed
1762   596    21         43.1972    49.0673    13.5890    % 
UB: 49.067322834645665
branching on CartesianIndex(1, 4) with c.
1763   597    28         43.1972    49.0673    13.5890    % 
UB: 49.067322834645665
branching on 3 with b.
1764   598    29         43.1972    49.0673    13.5890    % 
UB: 49.067322834645665
branching on 1 with b.
1765   599    29         43.1972    49.0673    13.5890    % 
LB close or above UB, fathomed
1766   598    28         43.1972    49.0673    13.5890    % 
LB close or above UB, fathomed
1767   597    17         43.1972    49.0673    13.5890    % 
LB close or above UB, fathomed
1768   596    17         43.1972    49.0673    13.5890    % 
UB: 49.067322834645665
branching on CartesianIndex(1, 5) with c.
1769   597    16         43.1972    49.0673    13.5890    % 
LB close or above UB, fathomed
1770   596    16         43.1972    49.0673    13.5890    % 
LB close or above UB, fathomed
1771   595    18         43.1972    49.0673    13.5890    % 
LB close or above UB, fathomed
1772   594    18         43.1972    49.0673    13.5890    % 
UB: 49.067322834645665
branching on CartesianIndex(1, 4) with c.
1773   595    19         43.1972    49.0673    13.5890    % 
LB close or above UB, fathomed
1774   594    19         43.1972    49.0673    13.5890    % 
UB: 49.067322834645665
branching on 1 with b.
1775   595    20         43.1972    49.0673    13.5890    % 
LB close or above UB, fathomed
1776   594    20         43.1972    49.0673    13.5890    % 
UB: 49.067322834645665
branching on CartesianIndex(1, 5) with c.
1777   595    18         43.1972    49.0673    13.5890    % 
UB: 49.067322834645665
branching on 2 with b.
1778   596    18         43.1972    49.0673    13.5890    % 
UB: 49.067322834645665
branching on CartesianIndex(1, 6) with c.
1779   597    25         43.1972    49.0673    13.5890    % 
LB close or above UB, fathomed
1780   596    25         43.1972    49.0673    13.5890    % 
LB close or above UB, fathomed
1781   595    20         43.1972    49.0673    13.5890    % 
LB close or above UB, fathomed
1782   594    20         43.1972    49.0673    13.5890    % 
UB: 49.067322834645665
branching on 2 with b.
1783   595    21         43.1972    49.0673    13.5890    % 
UB: 49.067322834645665
branching on CartesianIndex(1, 6) with c.
1784   596    22         43.1972    49.0673    13.5890    % 
LB close or above UB, fathomed
1785   595    22         43.1972    49.0673    13.5890    % 
UB: 49.067322834645665
branching on CartesianIndex(1, 7) with c.
1786   596    23         43.1972    49.0673    13.5890    % 
UB: 49.067322834645665
branching on 3 with b.
1787   597    24         43.1972    49.0673    13.5890    % 
LB close or above UB, fathomed
1788   596    24         43.1972    49.0673    13.5890    % 
UB: 49.067322834645665
branching on 1 with b.
1789   597    25         43.1972    49.0673    13.5890    % 
LB close or above UB, fathomed
1790   596    25         43.1972    49.0673    13.5890    % 
UB: 49.067322834645665
branching on 2 with b.
1791   597    26         43.1972    49.0673    13.5890    % 
UB: 49.067322834645665
branching on 3 with b.
1792   598    27         43.1972    49.0673    13.5890    % 
LB close or above UB, fathomed
1793   597    27         43.1972    49.0673    13.5890    % 
LB close or above UB, fathomed
1794   596    26         43.1972    49.0673    13.5890    % 
LB close or above UB, fathomed
1795   595    23         43.1972    49.0673    13.5890    % 
LB close or above UB, fathomed
1796   594    21         43.1972    49.0673    13.5890    % 
LB close or above UB, fathomed
1797   593    17         43.1972    49.0673    13.5890    % 
LB close or above UB, fathomed
1798   592    17         43.1972    49.0673    13.5890    % 
UB: 49.067322834645665
branching on CartesianIndex(1, 6) with c.
1799   593    18         43.1972    49.0673    13.5890    % 
LB close or above UB, fathomed
1800   592    18         43.1972    49.0673    13.5890    % 
UB: 49.067322834645665
branching on 2 with b.
1801   593    19         43.1972    49.0673    13.5890    % 
UB: 49.067322834645665
branching on 3 with b.
1802   594    20         43.1972    49.0673    13.5890    % 
LB close or above UB, fathomed
1803   593    20         43.1972    49.0673    13.5890    % 
UB: 49.067322834645665
branching on CartesianIndex(1, 7) with c.
1804   594    21         43.1972    49.0673    13.5890    % 
UB: 49.067322834645665
branching on 1 with b.
1805   595    22         43.1972    49.0673    13.5890    % 
LB close or above UB, fathomed
1806   594    22         43.1972    49.0673    13.5890    % 
UB: 49.067322834645665
branching on 2 with b.
1807   595    23         43.1972    49.0673    13.5890    % 
UB: 49.067322834645665
branching on 3 with b.
1808   596    24         43.1972    49.0673    13.5890    % 
LB close or above UB, fathomed
1809   595    24         43.1972    49.0673    13.5890    % 
LB close or above UB, fathomed
1810   594    23         43.1972    49.0673    13.5890    % 
LB close or above UB, fathomed
1811   593    21         43.1972    49.0673    13.5890    % 
LB close or above UB, fathomed
1812   592    19         43.1972    49.0673    13.5890    % 
LB close or above UB, fathomed
1813   591    19         43.1972    49.0673    13.5890    % 
UB: 49.067322834645665
branching on CartesianIndex(1, 3) with a.
1814   592    20         43.1972    49.0673    13.5890    % 
UB: 49.067322834645665
branching on 1 with b.
1815   593    21         43.1972    49.0673    13.5890    % 
LB close or above UB, fathomed
1816   592    21         43.1972    49.0673    13.5890    % 
UB: 49.067322834645665
branching on CartesianIndex(2, 3) with a.
1817   593    20         43.1972    49.0673    13.5890    % 
LB close or above UB, fathomed
1818   592    19         43.1972    49.0673    13.5890    % 
LB close or above UB, fathomed
1819   591    22         43.1972    49.0673    13.5890    % 
UB: 49.067322834645665
branching on 3 with b.
1820   592    23         43.1972    49.0673    13.5890    % 
LB close or above UB, fathomed
1821   591    23         43.1972    49.0673    13.5890    % 
UB: 49.067322834645665
branching on 1 with b.
1822   592    24         43.1972    49.0673    13.5890    % 
LB close or above UB, fathomed
1823   591    24         43.1972    49.0673    13.5890    % 
UB: 49.067322834645665
branching on 2 with b.
1824   592    25         43.1972    49.0673    13.5890    % 
UB: 49.067322834645665
branching on 3 with b.
1825   593    26         43.1972    49.0673    13.5890    % 
LB close or above UB, fathomed
1826   592    26         43.1972    49.0673    13.5890    % 
LB close or above UB, fathomed
1827   591    25         43.1972    49.0673    13.5890    % 
UB: 49.067322834645665
branching on 3 with b.
1828   592    26         43.1972    49.0673    13.5890    % 
LB close or above UB, fathomed
1829   591    26         43.1972    49.0673    13.5890    % 
LB close or above UB, fathomed
1830   590    22         43.1972    49.0673    13.5890    % 
UB: 49.067322834645665
branching on 3 with b.
1831   591    23         43.1972    49.0673    13.5890    % 
LB close or above UB, fathomed
1832   590    23         43.1972    49.0673    13.5890    % 
UB: 49.067322834645665
branching on 1 with b.
1833   591    24         43.1972    49.0673    13.5890    % 
LB close or above UB, fathomed
1834   590    24         43.1972    49.0673    13.5890    % 
UB: 49.067322834645665
branching on 2 with b.
1835   591    25         43.1972    49.0673    13.5890    % 
UB: 49.067322834645665
branching on 3 with b.
1836   592    26         43.1972    49.0673    13.5890    % 
LB close or above UB, fathomed
1837   591    26         43.1972    49.0673    13.5890    % 
LB close or above UB, fathomed
1838   590    25         43.1972    49.0673    13.5890    % 
UB: 49.067322834645665
branching on 3 with b.
1839   591    26         43.1972    49.0673    13.5890    % 
LB close or above UB, fathomed
1840   590    26         43.1972    49.0673    13.5890    % 
LB close or above UB, fathomed
1841   589    22         43.1972    49.0673    13.5890    % 
UB: 49.067322834645665
branching on 3 with b.
1842   590    23         43.1972    49.0673    13.5890    % 
LB close or above UB, fathomed
1843   589    23         43.1972    49.0673    13.5890    % 
UB: 49.067322834645665
branching on 1 with b.
1844   590    24         43.1972    49.0673    13.5890    % 
LB close or above UB, fathomed
1845   589    24         43.1972    49.0673    13.5890    % 
UB: 49.067322834645665
branching on 2 with b.
1846   590    25         43.1972    49.0673    13.5890    % 
UB: 49.067322834645665
branching on 3 with b.
1847   591    26         43.1972    49.0673    13.5890    % 
LB close or above UB, fathomed
1848   590    26         43.1972    49.0673    13.5890    % 
LB close or above UB, fathomed
1849   589    25         43.1972    49.0673    13.5890    % 
UB: 49.067322834645665
branching on 3 with b.
1850   590    26         43.1972    49.0673    13.5890    % 
LB close or above UB, fathomed
1851   589    26         43.1972    49.0673    13.5890    % 
LB close or above UB, fathomed
1852   588    22         43.1972    49.0673    13.5890    % 
UB: 49.067322834645665
branching on 3 with b.
1853   589    23         43.1972    49.0673    13.5890    % 
LB close or above UB, fathomed
1854   588    23         43.1972    49.0673    13.5890    % 
UB: 49.067322834645665
branching on 1 with b.
1855   589    24         43.1972    49.0673    13.5890    % 
LB close or above UB, fathomed
1856   588    24         43.1972    49.0673    13.5890    % 
UB: 49.067322834645665
branching on 2 with b.
1857   589    25         43.1972    49.0673    13.5890    % 
UB: 49.067322834645665
branching on 3 with b.
1858   590    26         43.1972    49.0673    13.5890    % 
LB close or above UB, fathomed
1859   589    26         43.1972    49.0673    13.5890    % 
LB close or above UB, fathomed
1860   588    25         43.1972    49.0673    13.5890    % 
UB: 49.067322834645665
branching on 3 with b.
1861   589    26         43.1972    49.0673    13.5890    % 
LB close or above UB, fathomed
1862   588    26         43.1972    49.0673    13.5890    % 
LB close or above UB, fathomed
1863   587    26         43.1972    49.0673    13.5890    % 
LB close or above UB, fathomed
1864   586    26         43.1972    49.0673    13.5890    % 
UB: 49.067322834645665
branching on 2 with b.
1865   587    27         43.1972    49.0673    13.5890    % 
UB: 49.067322834645665
branching on 3 with b.
1866   588    27         43.1972    49.0673    13.5890    % 
LB close or above UB, fathomed
1867   587    24         43.1972    49.0673    13.5890    % 
LB close or above UB, fathomed
1868   586    24         43.1972    49.0673    13.5890    % 
UB: 49.067322834645665
branching on 1 with b.
1869   587    25         43.1972    49.0673    13.5890    % 
LB close or above UB, fathomed
1870   586    25         43.1972    49.0673    13.5890    % 
UB: 49.067322834645665
branching on 2 with b.
1871   587    26         43.1972    49.0673    13.5890    % 
UB: 49.067322834645665
branching on 3 with b.
1872   588    27         43.1972    49.0673    13.5890    % 
LB close or above UB, fathomed
1873   587    27         43.1972    49.0673    13.5890    % 
LB close or above UB, fathomed
1874   586    26         43.1972    49.0673    13.5890    % 
UB: 49.067322834645665
branching on 3 with b.
1875   587    27         43.1972    49.0673    13.5890    % 
LB close or above UB, fathomed
1876   586    27         43.1972    49.0673    13.5890    % 
LB close or above UB, fathomed
1877   585    16         43.1972    49.0673    13.5890    % 
UB: 49.067322834645665
branching on CartesianIndex(1, 6) with c.
1878   586    17         43.1972    49.0673    13.5890    % 
LB close or above UB, fathomed
1879   585    17         43.1972    49.0673    13.5890    % 
UB: 49.067322834645665
branching on 3 with b.
1880   586    18         43.1972    49.0673    13.5890    % 
UB: 49.067322834645665
branching on CartesianIndex(1, 7) with c.
1881   587    19         43.1972    49.0673    13.5890    % 
UB: 49.067322834645665
branching on 1 with b.
1882   588    20         43.1972    49.0673    13.5890    % 
UB: 49.067322834645665
branching on 2 with b.
1883   589    21         43.1972    49.0673    13.5890    % 
UB: 49.067322834645665
branching on 3 with b.
1884   590    22         43.1972    49.0673    13.5890    % 
LB close or above UB, fathomed
1885   589    22         43.1972    49.0673    13.5890    % 
UB: 49.067322834645665
branching on 1 with b.
1886   590    23         43.1972    49.0673    13.5890    % 
UB: 49.067322834645665
branching on 2 with b.
1887   591    23         43.1972    49.0673    13.5890    % 
LB close or above UB, fathomed
1888   590    21         43.1972    49.0673    13.5890    % 
LB close or above UB, fathomed
1889   589    20         43.1972    49.0673    13.5890    % 
LB close or above UB, fathomed
1890   588    19         43.1972    49.0673    13.5890    % 
LB close or above UB, fathomed
1891   587    18         43.1972    49.0673    13.5890    % 
LB close or above UB, fathomed
1892   586    16         43.1972    49.0673    13.5890    % 
LB close or above UB, fathomed
1893   585    32         43.1972    49.0673    13.5890    % 
UB: 49.067322834645665
branching on 3 with b.
1894   586    32         43.1972    49.0673    13.5890    % 
LB close or above UB, fathomed
1895   585    32         43.1972    49.0673    13.5890    % 
UB: 49.067322834645665
branching on 3 with b.
1896   586    33         43.1972    49.0673    13.5890    % 
UB: 49.067322834645665
branching on 1 with b.
1897   587    33         43.1972    49.0673    13.5890    % 
UB: 49.067322834645665
branching on 1 with b.
1898   588    32         43.1972    49.0673    13.5890    % 
LB close or above UB, fathomed
1899   587    37         43.1972    49.0673    13.5890    % 
UB: 49.067322834645665
branching on 3 with b.
1900   588    37         43.1972    49.0673    13.5890    % 
UB: 49.067322834645665
branching on 3 with b.
1901   589    41         43.1972    49.0673    13.5890    % 
UB: 49.067322834645665
branching on 1 with b.
1902   590    41         43.1972    49.0673    13.5890    % 
UB: 49.067322834645665
branching on 1 with b.
1903   591    39         43.1972    49.0673    13.5890    % 
UB: 49.067322834645665
branching on 2 with b.
1904   592    40         43.1972    49.0673    13.5890    % 
UB: 49.067322834645665
branching on 3 with b.
1905   593    40         43.1972    49.0673    13.5890    % 
UB: 49.067322834645665
branching on 3 with b.
1906   594    39         43.1972    49.0673    13.5890    % 
UB: 49.067322834645665
branching on 2 with b.
1907   595    27         43.1972    49.0673    13.5890    % 
UB: 49.067322834645665
branching on 3 with b.
1908   596    27         43.1972    49.0673    13.5890    % 
UB: 49.067322834645665
branching on 3 with b.
1909   597    22         43.1972    49.0673    13.5890    % 
UB: 49.067322834645665
branching on 3 with b.
1910   598    23         43.1972    49.0673    13.5890    % 
LB close or above UB, fathomed
1911   597    23         43.1972    49.0673    13.5890    % 
UB: 49.067322834645665
branching on 1 with b.
1912   598    24         43.1972    49.0673    13.5890    % 
LB close or above UB, fathomed
1913   597    24         43.1972    49.0673    13.5890    % 
UB: 49.067322834645665
branching on 2 with b.
1914   598    25         43.1972    49.0673    13.5890    % 
UB: 49.067322834645665
branching on 3 with b.
1915   599    26         43.1972    49.0673    13.5890    % 
LB close or above UB, fathomed
1916   598    26         43.1972    49.0673    13.5890    % 
LB close or above UB, fathomed
1917   597    25         43.1972    49.0673    13.5890    % 
LB close or above UB, fathomed
1918   596    22         43.1972    49.0673    13.5890    % 
LB close or above UB, fathomed
1919   595    35         43.1972    49.0673    13.5890    % 
UB: 49.067322834645665
branching on 3 with b.
1920   596    35         43.1972    49.0673    13.5890    % 
UB: 49.067322834645665
branching on 3 with b.
1921   597    34         43.1972    49.0673    13.5890    % 
UB: 49.067322834645665
branching on 2 with b.
1922   598    35         43.1972    49.0673    13.5890    % 
UB: 49.067322834645665
branching on 3 with b.
1923   599    35         43.1972    49.0673    13.5890    % 
UB: 49.067322834645665
branching on 3 with b.
1924   600    34         43.1972    49.0673    13.5890    % 
UB: 49.067322834645665
branching on 2 with b.
1925   601    34         43.1972    49.0673    13.5890    % 
UB: 49.067322834645665
branching on 2 with b.
1926   602    35         43.1972    49.0673    13.5890    % 
UB: 49.067322834645665
branching on 3 with b.
1927   603    35         43.1972    49.0673    13.5890    % 
UB: 49.067322834645665
branching on 3 with b.
1928   604    34         43.1972    49.0673    13.5890    % 
UB: 49.067322834645665
branching on 2 with b.
1929   605    34         43.1972    49.0673    13.5890    % 
UB: 49.067322834645665
branching on 2 with b.
1930   606    35         43.1972    49.0673    13.5890    % 
UB: 49.067322834645665
branching on 3 with b.
1931   607    35         43.1972    49.0673    13.5890    % 
UB: 49.067322834645665
branching on 3 with b.
1932   608    34         43.1972    49.0673    13.5890    % 
UB: 49.067322834645665
branching on 2 with b.
1933   609    34         43.1972    49.0673    13.5890    % 
UB: 49.067322834645665
branching on 2 with b.
1934   610    35         43.1972    49.0673    13.5890    % 
UB: 49.067322834645665
branching on 3 with b.
1935   611    35         43.1972    49.0673    13.5890    % 
UB: 49.067322834645665
branching on 3 with b.
1936   612    34         43.1972    49.0673    13.5890    % 
UB: 49.067322834645665
branching on 2 with b.
1937   613    28         43.1972    49.0673    13.5890    % 
UB: 49.067322834645665
branching on 3 with b.
1938   614    28         43.1972    49.0673    13.5890    % 
LB close or above UB, fathomed
1939   613    28         43.1972    49.0673    13.5890    % 
LB close or above UB, fathomed
1940   612    28         43.1972    49.0673    13.5890    % 
UB: 49.067322834645665
branching on 2 with b.
1941   613    30         43.1972    49.0673    13.5890    % 
LB close or above UB, fathomed
1942   612    30         43.1972    49.0673    13.5890    % 
UB: 49.067322834645665
branching on 2 with b.
1943   613    31         43.1972    49.0673    13.5890    % 
LB close or above UB, fathomed
1944   612    31         43.1972    49.0673    13.5890    % 
UB: 49.067322834645665
branching on 3 with b.
1945   613    32         43.1972    49.0673    13.5890    % 
LB close or above UB, fathomed
1946   612    32         43.1972    49.0673    13.5890    % 
UB: 49.067322834645665
branching on 1 with b.
1947   613    30         43.1972    49.0673    13.5890    % 
UB: 49.067322834645665
branching on 2 with b.
1948   614    31         43.1972    49.0673    13.5890    % 
LB close or above UB, fathomed
1949   613    31         43.1972    49.0673    13.5890    % 
UB: 49.067322834645665
branching on 3 with b.
1950   614    32         43.1972    49.0673    13.5890    % 
LB close or above UB, fathomed
1951   613    32         43.1972    49.0673    13.5890    % 
LB close or above UB, fathomed
1952   612    30         43.1972    49.0673    13.5890    % 
UB: 49.067322834645665
branching on 2 with b.
1953   613    31         43.1972    49.0673    13.5890    % 
UB: 49.067322834645665
branching on 1 with b.
1954   614    31         43.1972    49.0673    13.5890    % 
LB close or above UB, fathomed
1955   613    28         43.1972    49.0673    13.5890    % 
UB: 49.067322834645665
branching on 3 with b.
1956   614    28         43.1972    49.0673    13.5890    % 
LB close or above UB, fathomed
1957   613    28         43.1972    49.0673    13.5890    % 
UB: 49.067322834645665
branching on 3 with b.
1958   614    29         43.1972    49.0673    13.5890    % 
LB close or above UB, fathomed
1959   613    29         43.1972    49.0673    13.5890    % 
UB: 49.067322834645665
branching on 1 with b.
1960   614    30         43.1972    49.0673    13.5890    % 
UB: 49.067322834645665
branching on 2 with b.
1961   615    30         43.1972    49.0673    13.5890    % 
UB: 49.067322834645665
branching on 2 with b.
1962   616    28         43.1972    49.0673    13.5890    % 
LB close or above UB, fathomed
1963   615    16         43.1972    49.0673    13.5890    % 
LB close or above UB, fathomed
1964   614    16         43.1972    49.0673    13.5890    % 
LB close or above UB, fathomed
1965   613    26         43.1972    49.0673    13.5890    % 
UB: 49.067322834645665
branching on 1 with b.
1966   614    27         43.1972    49.0673    13.5890    % 
LB close or above UB, fathomed
1967   613    27         43.1972    49.0673    13.5890    % 
UB: 49.067322834645665
branching on 2 with b.
1968   614    28         43.1972    49.0673    13.5890    % 
UB: 49.067322834645665
branching on 3 with b.
1969   615    28         43.1972    49.0673    13.5890    % 
LB close or above UB, fathomed
1970   614    26         43.1972    49.0673    13.5890    % 
LB close or above UB, fathomed
1971   613    17         43.1972    49.0673    13.5890    % 
UB: 49.067322834645665
branching on CartesianIndex(1, 6) with c.
1972   614    18         43.1972    49.0673    13.5890    % 
LB close or above UB, fathomed
1973   613    18         43.1972    49.0673    13.5890    % 
UB: 49.067322834645665
branching on 2 with b.
1974   614    19         43.1972    49.0673    13.5890    % 
LB close or above UB, fathomed
1975   613    19         43.1972    49.0673    13.5890    % 
UB: 49.067322834645665
branching on CartesianIndex(1, 7) with c.
1976   614    20         43.1972    49.0673    13.5890    % 
UB: 49.067322834645665
branching on 3 with b.
1977   615    21         43.1972    49.0673    13.5890    % 
LB close or above UB, fathomed
1978   614    21         43.1972    49.0673    13.5890    % 
UB: 49.067322834645665
branching on 1 with b.
1979   615    22         43.1972    49.0673    13.5890    % 
UB: 49.067322834645665
branching on 2 with b.
1980   616    23         43.1972    49.0673    13.5890    % 
LB close or above UB, fathomed
1981   615    23         43.1972    49.0673    13.5890    % 
UB: 49.067322834645665
branching on 3 with b.
1982   616    24         43.1972    49.0673    13.5890    % 
UB: 49.067322834645665
branching on 1 with b.
1983   617    24         43.1972    49.0673    13.5890    % 
LB close or above UB, fathomed
1984   616    22         43.1972    49.0673    13.5890    % 
LB close or above UB, fathomed
1985   615    20         43.1972    49.0673    13.5890    % 
LB close or above UB, fathomed
1986   614    17         43.1972    49.0673    13.5890    % 
UB: 49.067322834645665
branching on 2 with b.
1987   615    23         43.1972    49.0673    13.5890    % 
LB close or above UB, fathomed
1988   614    23         43.1972    49.0673    13.5890    % 
UB: 49.067322834645665
branching on 1 with b.
1989   615    24         43.1972    49.0673    13.5890    % 
LB close or above UB, fathomed
1990   614    24         43.1972    49.0673    13.5890    % 
UB: 49.067322834645665
branching on 2 with b.
1991   615    25         43.1972    49.0673    13.5890    % 
UB: 49.067322834645665
branching on 3 with b.
1992   616    26         43.1972    49.0673    13.5890    % 
LB close or above UB, fathomed
1993   615    26         43.1972    49.0673    13.5890    % 
LB close or above UB, fathomed
1994   614    25         43.1972    49.0673    13.5890    % 
UB: 49.067322834645665
branching on 3 with b.
1995   615    26         43.1972    49.0673    13.5890    % 
LB close or above UB, fathomed
1996   614    26         43.1972    49.0673    13.5890    % 
LB close or above UB, fathomed
1997   613    26         43.1972    49.0673    13.5890    % 
LB close or above UB, fathomed
1998   612    26         43.1972    49.0673    13.5890    % 
LB close or above UB, fathomed
1999   611    36         43.1972    49.0673    13.5890    % 
UB: 49.067322834645665
branching on 2 with b.
2000   612    36         43.1972    49.0673    13.5890    % 
UB: 49.067322834645665
branching on 2 with b.
2001   613    37         43.1972    49.0673    13.5890    % 
UB: 49.067322834645665
branching on 3 with b.
2002   614    37         43.1972    49.0673    13.5890    % 
UB: 49.067322834645665
branching on 3 with b.
2003   615    15         43.1972    49.0673    13.5890    % 
UB: 49.067322834645665
branching on 2 with b.
2004   616    16         43.1972    49.0673    13.5890    % 
UB: 49.067322834645665
branching on 3 with b.
2005   617    17         43.1972    49.0673    13.5890    % 
UB: 49.067322834645665
branching on 1 with b.
2006   618    18         43.1972    49.0673    13.5890    % 
LB close or above UB, fathomed
2007   617    18         43.1972    49.0673    13.5890    % 
UB: 49.067322834645665
branching on 2 with b.
2008   618    19         43.1972    49.0673    13.5890    % 
UB: 49.067322834645665
branching on CartesianIndex(2, 3) with a.
2009   619    20         43.1972    49.0673    13.5890    % 
LB close or above UB, fathomed
2010   618    20         43.1972    49.0673    13.5890    % 
LB close or above UB, fathomed
2011   617    19         43.1972    49.0673    13.5890    % 
UB: 49.067322834645665
branching on CartesianIndex(2, 3) with a.
2012   618    17         43.1972    49.0673    13.5890    % 
LB close or above UB, fathomed
2013   617    16         43.1972    49.0673    13.5890    % 
UB: 49.067322834645665
branching on CartesianIndex(2, 3) with a.
2014   618    15         43.1972    49.0673    13.5890    % 
LB close or above UB, fathomed
2015   617    16         43.1972    49.0673    13.5890    % 
UB: 49.067322834645665
branching on CartesianIndex(1, 3) with a.
2016   618    16         43.1972    49.0673    13.5890    % 
LB close or above UB, fathomed
2017   617    32         43.1972    49.0673    13.5890    % 
UB: 49.067322834645665
branching on 2 with b.
2018   618    32         43.1972    49.0673    13.5890    % 
UB: 49.067322834645665
branching on 2 with b.
2019   619    28         43.1972    49.0673    13.5890    % 
LB close or above UB, fathomed
2020   618    28         43.1972    49.0673    13.5890    % 
UB: 49.067322834645665
branching on 3 with b.
2021   619    29         43.1972    49.0673    13.5890    % 
UB: 49.067322834645665
branching on 1 with b.
2022   620    29         43.1972    49.0673    13.5890    % 
LB close or above UB, fathomed
2023   619    28         43.1972    49.0673    13.5890    % 
UB: 49.067322834645665
branching on 3 with b.
2024   620    28         43.1972    49.0673    13.5890    % 
LB close or above UB, fathomed
2025   619    31         43.1972    49.0673    13.5890    % 
UB: 49.067322834645665
branching on 3 with b.
2026   620    31         43.1972    49.0673    13.5890    % 
LB close or above UB, fathomed
2027   619    34         43.1972    49.0673    13.5890    % 
UB: 49.067322834645665
branching on 3 with b.
2028   620    34         43.1972    49.0673    13.5890    % 
LB close or above UB, fathomed
2029   619    34         43.1972    49.0673    13.5890    % 
UB: 49.067322834645665
branching on 3 with b.
2030   620    35         43.1972    49.0673    13.5890    % 
UB: 49.067322834645665
branching on 1 with b.
2031   621    35         43.1972    49.0673    13.5890    % 
LB close or above UB, fathomed
2032   620    34         43.1972    49.0673    13.5890    % 
LB close or above UB, fathomed
2033   619    37         43.1972    49.0673    13.5890    % 
UB: 49.067322834645665
branching on 3 with b.
2034   620    37         43.1972    49.0673    13.5890    % 
UB: 49.067322834645665
branching on 3 with b.
2035   621    36         43.1972    49.0673    13.5890    % 
UB: 49.067322834645665
branching on 1 with b.
2036   622    36         43.1972    49.0673    13.5890    % 
UB: 49.067322834645665
branching on 1 with b.
2037   623    36         43.1972    49.0673    13.5890    % 
UB: 49.067322834645665
branching on 1 with b.
2038   624    36         43.1972    49.0673    13.5890    % 
UB: 49.067322834645665
branching on 1 with b.
2039   625    35         43.1972    49.0673    13.5890    % 
UB: 49.067322834645665
branching on 3 with b.
2040   626    35         43.1972    49.0673    13.5890    % 
UB: 49.067322834645665
branching on 3 with b.
2041   627    33         43.1972    49.0673    13.5890    % 
LB close or above UB, fathomed
2042   626    33         43.1972    49.0673    13.5890    % 
UB: 49.067322834645665
branching on 2 with b.
2043   627    34         43.1972    49.0673    13.5890    % 
UB: 49.067322834645665
branching on 3 with b.
2044   628    35         43.1972    49.0673    13.5890    % 
UB: 49.067322834645665
branching on 1 with b.
2045   629    35         43.1972    49.0673    13.5890    % 
LB close or above UB, fathomed
2046   628    34         43.1972    49.0673    13.5890    % 
LB close or above UB, fathomed
2047   627    33         43.1972    49.0673    13.5890    % 
UB: 49.067322834645665
branching on 2 with b.
2048   628    33         43.1972    49.0673    13.5890    % 
UB: 49.067322834645665
branching on 2 with b.
2049   629    34         43.1972    49.0673    13.5890    % 
UB: 49.067322834645665
branching on 3 with b.
2050   630    35         43.1972    49.0673    13.5890    % 
UB: 49.067322834645665
branching on 1 with b.
2051   631    35         43.1972    49.0673    13.5890    % 
LB close or above UB, fathomed
2052   630    34         43.1972    49.0673    13.5890    % 
LB close or above UB, fathomed
2053   629    32         43.1972    49.0673    13.5890    % 
UB: 49.067322834645665
branching on 3 with b.
2054   630    33         43.1972    49.0673    13.5890    % 
UB: 49.067322834645665
branching on 1 with b.
2055   631    34         43.1972    49.0673    13.5890    % 
UB: 49.067322834645665
branching on 2 with b.
2056   632    34         43.1972    49.0673    13.5890    % 
UB: 49.067322834645665
branching on 2 with b.
2057   633    35         43.1972    49.0673    13.5890    % 
UB: 49.067322834645665
branching on 3 with b.
2058   634    35         43.1972    49.0673    13.5890    % 
UB: 49.067322834645665
branching on 3 with b.
2059   635    33         43.1972    49.0673    13.5890    % 
LB close or above UB, fathomed
2060   634    32         43.1972    49.0673    13.5890    % 
LB close or above UB, fathomed
2061   633    23         43.1972    49.0673    13.5890    % 
UB: 49.067322834645665
branching on 3 with b.
2062   634    24         43.1972    49.0673    13.5890    % 
LB close or above UB, fathomed
2063   633    24         43.1972    49.0673    13.5890    % 
UB: 49.067322834645665
branching on 1 with b.
2064   634    25         43.1972    49.0673    13.5890    % 
LB close or above UB, fathomed
2065   633    25         43.1972    49.0673    13.5890    % 
UB: 49.067322834645665
branching on 2 with b.
2066   634    26         43.1972    49.0673    13.5890    % 
UB: 49.067322834645665
branching on 3 with b.
2067   635    27         43.1972    49.0673    13.5890    % 
LB close or above UB, fathomed
2068   634    27         43.1972    49.0673    13.5890    % 
LB close or above UB, fathomed
2069   633    26         43.1972    49.0673    13.5890    % 
LB close or above UB, fathomed
2070   632    23         43.1972    49.0673    13.5890    % 
LB close or above UB, fathomed
2071   631    16         43.1972    49.0673    13.5890    % 
LB close or above UB, fathomed
2072   630    16         43.1972    49.0673    13.5890    % 
UB: 49.067322834645665
branching on CartesianIndex(1, 5) with c.
2073   631    19         43.1972    49.0673    13.5890    % 
UB: 49.067322834645665
branching on CartesianIndex(1, 5) with c.
2074   632    19         43.1972    49.0673    13.5890    % 
UB: 49.067322834645665
branching on CartesianIndex(1, 5) with c.
2075   633    20         43.1972    49.0673    13.5890    % 
LB close or above UB, fathomed
2076   632    20         43.1972    49.0673    13.5890    % 
UB: 49.067322834645665
branching on CartesianIndex(1, 6) with c.
2077   633    21         43.1972    49.0673    13.5890    % 
LB close or above UB, fathomed
2078   632    21         43.1972    49.0673    13.5890    % 
UB: 49.067322834645665
branching on 1 with b.
2079   633    20         43.1972    49.0673    13.5890    % 
UB: 49.067322834645665
branching on CartesianIndex(1, 6) with c.
2080   634    20         43.1972    49.0673    13.5890    % 
UB: 49.067322834645665
branching on CartesianIndex(1, 6) with c.
2081   635    26         43.1972    49.0673    13.5890    % 
LB close or above UB, fathomed
2082   634    26         43.1972    49.0673    13.5890    % 
UB: 49.067322834645665
branching on 3 with b.
2083   635    27         43.1972    49.0673    13.5890    % 
LB close or above UB, fathomed
2084   634    27         43.1972    49.0673    13.5890    % 
UB: 49.067322834645665
branching on 1 with b.
2085   635    28         43.1972    49.0673    13.5890    % 
LB close or above UB, fathomed
2086   634    28         43.1972    49.0673    13.5890    % 
UB: 49.067322834645665
branching on 2 with b.
2087   635    15         43.1972    49.0673    13.5890    % 
LB close or above UB, fathomed
2088   634    15         43.1972    49.0673    13.5890    % 
UB: 49.067322834645665
branching on 2 with b.
2089   635    16         43.1972    49.0673    13.5890    % 
LB close or above UB, fathomed
2090   634    16         43.1972    49.0673    13.5890    % 
UB: 49.067322834645665
branching on CartesianIndex(1, 5) with c.
2091   635    18         43.1972    49.0673    13.5890    % 
LB close or above UB, fathomed
2092   634    18         43.1972    49.0673    13.5890    % 
UB: 49.067322834645665
branching on CartesianIndex(2, 3) with a.
2093   635    17         43.1972    49.0673    13.5890    % 
UB: 49.067322834645665
branching on CartesianIndex(1, 6) with c.
2094   636    18         43.1972    49.0673    13.5890    % 
LB close or above UB, fathomed
2095   635    18         43.1972    49.0673    13.5890    % 
UB: 49.067322834645665
branching on CartesianIndex(1, 7) with c.
2096   636    19         43.1972    49.0673    13.5890    % 
UB: 49.067322834645665
branching on 1 with b.
2097   637    20         43.1972    49.0673    13.5890    % 
LB close or above UB, fathomed
2098   636    20         43.1972    49.0673    13.5890    % 
UB: 49.067322834645665
branching on 2 with b.
2099   637    21         43.1972    49.0673    13.5890    % 
LB close or above UB, fathomed
2100   636    21         43.1972    49.0673    13.5890    % 
UB: 49.067322834645665
branching on 3 with b.
2101   637    19         43.1972    49.0673    13.5890    % 
LB close or above UB, fathomed
2102   636    17         43.1972    49.0673    13.5890    % 
LB close or above UB, fathomed
2103   635    13         43.1972    49.0673    13.5890    % 
UB: 49.067322834645665
branching on CartesianIndex(1, 3) with a.
2104   636    14         43.1972    49.0673    13.5890    % 
UB: 49.067322834645665
branching on CartesianIndex(2, 3) with a.
2105   637    15         43.1972    49.0673    13.5890    % 
UB: 49.067322834645665
branching on CartesianIndex(3, 3) with a.
2106   638    15         43.1972    49.0673    13.5890    % 
LB close or above UB, fathomed
2107   637    14         43.1972    49.0673    13.5890    % 
LB close or above UB, fathomed
2108   636    13         43.1972    49.0673    13.5890    % 
UB: 49.067322834645665
branching on CartesianIndex(1, 3) with a.
2109   637    32         43.1972    49.0673    13.5890    % 
UB: 49.067322834645665
branching on 2 with b.
2110   638    32         43.1972    49.0673    13.5890    % 
UB: 49.067322834645665
branching on 2 with b.
2111   639    33         43.1972    49.0673    13.5890    % 
LB close or above UB, fathomed
2112   638    33         43.1972    49.0673    13.5890    % 
UB: 49.067322834645665
branching on 3 with b.
2113   639    33         43.1972    49.0673    13.5890    % 
UB: 49.067322834645665
branching on 2 with b.
2114   640    34         43.1972    49.0673    13.5890    % 
UB: 49.067322834645665
branching on 3 with b.
2115   641    35         43.1972    49.0673    13.5890    % 
UB: 49.067322834645665
branching on 1 with b.
2116   642    35         43.1972    49.0673    13.5890    % 
UB: 49.067322834645665
branching on 1 with b.
2117   643    34         43.1972    49.0673    13.5890    % 
LB close or above UB, fathomed
2118   642    33         43.1972    49.0673    13.5890    % 
UB: 49.067322834645665
branching on 2 with b.
2119   643    21         43.1972    49.0673    13.5890    % 
LB close or above UB, fathomed
2120   642    21         43.1972    49.0673    13.5890    % 
UB: 49.067322834645665
branching on 1 with b.
2121   643    22         43.1972    49.0673    13.5890    % 
UB: 49.067322834645665
branching on CartesianIndex(1, 5) with c.
2122   644    23         43.1972    49.0673    13.5890    % 
UB: 49.067322834645665
branching on CartesianIndex(1, 6) with c.
2123   645    24         43.1972    49.0673    13.5890    % 
LB close or above UB, fathomed
2124   644    24         43.1972    49.0673    13.5890    % 
UB: 49.067322834645665
branching on CartesianIndex(1, 7) with c.
2125   645    25         43.1972    49.0673    13.5890    % 
UB: 49.067322834645665
branching on 2 with b.
2126   646    26         43.1972    49.0673    13.5890    % 
UB: 49.067322834645665
branching on 3 with b.
2127   647    27         43.1972    49.0673    13.5890    % 
LB close or above UB, fathomed
2128   646    27         43.1972    49.0673    13.5890    % 
UB: 49.067322834645665
branching on 1 with b.
2129   647    28         43.1972    49.0673    13.5890    % 
UB: 49.067322834645665
branching on 2 with b.
2130   648    29         43.1972    49.0673    13.5890    % 
UB: 49.067322834645665
branching on 3 with b.
2131   649    30         43.1972    49.0673    13.5890    % 
LB close or above UB, fathomed
2132   648    30         43.1972    49.0673    13.5890    % 
UB: 49.067322834645665
branching on 1 with b.
2133   649    31         43.1972    49.0673    13.5890    % 
UB: 49.067322834645665
branching on 2 with b.
2134   650    32         43.1972    49.0673    13.5890    % 
UB: 49.067322834645665
branching on 3 with b.
2135   651    33         43.1972    49.0673    13.5890    % 
UB: 49.067322834645665
branching on 1 with b.
2136   652    33         43.1972    49.0673    13.5890    % 
UB: 49.067322834645665
branching on 1 with b.
2137   653    32         43.1972    49.0673    13.5890    % 
LB close or above UB, fathomed
2138   652    31         43.1972    49.0673    13.5890    % 
UB: 49.067322834645665
branching on 2 with b.
2139   653    29         43.1972    49.0673    13.5890    % 
LB close or above UB, fathomed
2140   652    28         43.1972    49.0673    13.5890    % 
UB: 49.067322834645665
branching on 2 with b.
2141   653    26         43.1972    49.0673    13.5890    % 
LB close or above UB, fathomed
2142   652    25         43.1972    49.0673    13.5890    % 
LB close or above UB, fathomed
2143   651    23         43.1972    49.0673    13.5890    % 
LB close or above UB, fathomed
2144   650    22         43.1972    49.0673    13.5890    % 
LB close or above UB, fathomed
2145   649    19         43.1972    49.0673    13.5890    % 
UB: 49.067322834645665
branching on CartesianIndex(1, 4) with c.
2146   650    20         43.1972    49.0673    13.5890    % 
LB close or above UB, fathomed
2147   649    20         43.1972    49.0673    13.5890    % 
UB: 49.067322834645665
branching on CartesianIndex(1, 5) with c.
2148   650    21         43.1972    49.0673    13.5890    % 
LB close or above UB, fathomed
2149   649    21         43.1972    49.0673    13.5890    % 
UB: 49.067322834645665
branching on 3 with b.
2150   650    22         43.1972    49.0673    13.5890    % 
LB close or above UB, fathomed
2151   649    22         43.1972    49.0673    13.5890    % 
UB: 49.067322834645665
branching on CartesianIndex(1, 6) with c.
2152   650    23         43.1972    49.0673    13.5890    % 
LB close or above UB, fathomed
2153   649    23         43.1972    49.0673    13.5890    % 
UB: 49.067322834645665
branching on CartesianIndex(1, 7) with c.
2154   650    19         43.1972    49.0673    13.5890    % 
UB: 49.067322834645665
branching on 3 with b.
2155   651    20         43.1972    49.0673    13.5890    % 
LB close or above UB, fathomed
2156   650    20         43.1972    49.0673    13.5890    % 
UB: 49.067322834645665
branching on CartesianIndex(1, 4) with c.
2157   651    17         43.1972    49.0673    13.5890    % 
UB: 49.067322834645665
branching on 1 with b.
2158   652    17         43.1972    49.0673    13.5890    % 
LB close or above UB, fathomed
2159   651    18         43.1972    49.0673    13.5890    % 
LB close or above UB, fathomed
2160   650    18         43.1972    49.0673    13.5890    % 
LB close or above UB, fathomed
2161   649    13         43.1972    49.0673    13.5890    % 
UB: 49.067322834645665
branching on CartesianIndex(4, 3) with a.
2162   650    13         43.1972    49.0673    13.5890    % 
LB close or above UB, fathomed
2163   649    26         43.1972    49.0673    13.5890    % 
UB: 49.067322834645665
branching on 3 with b.
2164   650    27         43.1972    49.0673    13.5890    % 
UB: 49.067322834645665
branching on 1 with b.
2165   651    28         43.1972    49.0673    13.5890    % 
UB: 49.067322834645665
branching on 2 with b.
2166   652    28         43.1972    49.0673    13.5890    % 
LB close or above UB, fathomed
2167   651    27         43.1972    49.0673    13.5890    % 
LB close or above UB, fathomed
2168   650    26         43.1972    49.0673    13.5890    % 
LB close or above UB, fathomed
2169   649    14         43.1972    49.0673    13.5890    % 
UB: 49.067322834645665
branching on CartesianIndex(2, 3) with a.
2170   650    14         43.1972    49.0673    13.5890    % 
LB close or above UB, fathomed
2171   649    13         43.1972    49.0673    13.5890    % 
UB: 49.067322834645665
branching on 3 with b.
2172   650    14         43.1972    49.0673    13.5890    % 
UB: 49.067322834645665
branching on CartesianIndex(1, 3) with a.
2173   651    15         43.1972    49.0673    13.5890    % 
UB: 49.067322834645665
branching on CartesianIndex(2, 3) with a.
2174   652    16         43.1972    49.0673    13.5890    % 
LB close or above UB, fathomed
2175   651    16         43.1972    49.0673    13.5890    % 
LB close or above UB, fathomed
2176   650    15         43.1972    49.0673    13.5890    % 
LB close or above UB, fathomed
2177   649    14         43.1972    49.0673    13.5890    % 
LB close or above UB, fathomed
2178   648    13         43.1972    49.0673    13.5890    % 
UB: 49.067322834645665
branching on 3 with b.
2179   649    14         43.1972    49.0673    13.5890    % 
UB: 49.067322834645665
branching on 1 with b.
2180   650    15         43.1972    49.0673    13.5890    % 
LB close or above UB, fathomed
2181   649    15         43.1972    49.0673    13.5890    % 
UB: 49.067322834645665
branching on CartesianIndex(1, 3) with a.
2182   650    16         43.1972    49.0673    13.5890    % 
UB: 49.067322834645665
branching on CartesianIndex(2, 3) with a.
2183   651    17         43.1972    49.0673    13.5890    % 
LB close or above UB, fathomed
2184   650    17         43.1972    49.0673    13.5890    % 
LB close or above UB, fathomed
2185   649    16         43.1972    49.0673    13.5890    % 
LB close or above UB, fathomed
2186   648    14         43.1972    49.0673    13.5890    % 
LB close or above UB, fathomed
2187   647    12         43.1972    49.0673    13.5890    % 
UB: 49.067322834645665
branching on 3 with b.
2188   648    13         43.1972    49.0673    13.5890    % 
UB: 49.067322834645665
branching on 1 with b.
2189   649    13         43.1972    49.0673    13.5890    % 
UB: 49.067322834645665
branching on CartesianIndex(3, 2) with a.
2190   650    12         43.1972    49.0673    13.5890    % 
LB close or above UB, fathomed
2191   649    17         43.1972    49.0673    13.5890    % 
LB close or above UB, fathomed
2192   648    17         43.1972    49.0673    13.5890    % 
LB close or above UB, fathomed
2193   647    20         43.1972    49.0673    13.5890    % 
LB close or above UB, fathomed
2194   646    20         43.1972    49.0673    13.5890    % 
UB: 49.067322834645665
branching on 2 with b.
2195   647    19         43.1972    49.0673    13.5890    % 
LB close or above UB, fathomed
2196   646    19         43.1972    49.0673    13.5890    % 
UB: 49.067322834645665
branching on 2 with b.
2197   647    7          43.1972    49.0673    13.5890    % 
UB: 49.067322834645665
branching on 1 with b.
2198   648    8          43.1972    49.0673    13.5890    % 
UB: 49.067322834645665
branching on CartesianIndex(2, 3) with a.
2199   649    9          43.1972    49.0673    13.5890    % 
LB close or above UB, fathomed
2200   648    9          43.1972    49.0673    13.5890    % 
LB close or above UB, fathomed
2201   647    8          43.1972    49.0673    13.5890    % 
LB close or above UB, fathomed
2202   646    7          43.1972    49.0673    13.5890    % 
LB close or above UB, fathomed
2203   645    15         43.1972    49.0673    13.5890    % 
LB close or above UB, fathomed
2204   644    15         43.1972    49.0673    13.5890    % 
UB: 49.067322834645665
branching on 2 with b.
2205   645    15         43.1972    49.0673    13.5890    % 
UB: 49.067322834645665
branching on 1 with b.
2206   646    15         43.1972    49.0673    13.5890    % 
LB close or above UB, fathomed
2207   645    13         43.1972    49.0673    13.5890    % 
LB close or above UB, fathomed
2208   644    13         43.1972    49.0673    13.5890    % 
UB: 49.067322834645665
branching on 3 with b.
2209   645    24         43.1972    49.0673    13.5890    % 
UB: 49.067322834645665
branching on 1 with b.
2210   646    25         43.1972    49.0673    13.5890    % 
LB close or above UB, fathomed
2211   645    25         43.1972    49.0673    13.5890    % 
UB: 49.067322834645665
branching on 2 with b.
2212   646    26         43.1972    49.0673    13.5890    % 
UB: 49.067322834645665
branching on 3 with b.
2213   647    27         43.1972    49.0673    13.5890    % 
LB close or above UB, fathomed
2214   646    27         43.1972    49.0673    13.5890    % 
LB close or above UB, fathomed
2215   645    26         43.1972    49.0673    13.5890    % 
UB: 49.067322834645665
branching on 3 with b.
2216   646    27         43.1972    49.0673    13.5890    % 
LB close or above UB, fathomed
2217   645    27         43.1972    49.0673    13.5890    % 
LB close or above UB, fathomed
2218   644    24         43.1972    49.0673    13.5890    % 
LB close or above UB, fathomed
2219   643    17         43.1972    49.0673    13.5890    % 
LB close or above UB, fathomed
2220   642    17         43.1972    49.0673    13.5890    % 
LB close or above UB, fathomed
2221   641    20         43.1972    49.0673    13.5890    % 
UB: 49.067322834645665
branching on 3 with b.
2222   642    21         43.1972    49.0673    13.5890    % 
LB close or above UB, fathomed
2223   641    21         43.1972    49.0673    13.5890    % 
UB: 49.067322834645665
branching on 1 with b.
2224   642    22         43.1972    49.0673    13.5890    % 
LB close or above UB, fathomed
2225   641    22         43.1972    49.0673    13.5890    % 
UB: 49.067322834645665
branching on 2 with b.
2226   642    23         43.1972    49.0673    13.5890    % 
UB: 49.067322834645665
branching on 3 with b.
2227   643    24         43.1972    49.0673    13.5890    % 
LB close or above UB, fathomed
2228   642    24         43.1972    49.0673    13.5890    % 
LB close or above UB, fathomed
2229   641    23         43.1972    49.0673    13.5890    % 
UB: 49.067322834645665
branching on 3 with b.
2230   642    24         43.1972    49.0673    13.5890    % 
LB close or above UB, fathomed
2231   641    24         43.1972    49.0673    13.5890    % 
LB close or above UB, fathomed
2232   640    20         43.1972    49.0673    13.5890    % 
UB: 49.067322834645665
branching on 3 with b.
2233   641    21         43.1972    49.0673    13.5890    % 
LB close or above UB, fathomed
2234   640    21         43.1972    49.0673    13.5890    % 
UB: 49.067322834645665
branching on 1 with b.
2235   641    22         43.1972    49.0673    13.5890    % 
LB close or above UB, fathomed
2236   640    22         43.1972    49.0673    13.5890    % 
UB: 49.067322834645665
branching on 2 with b.
2237   641    23         43.1972    49.0673    13.5890    % 
UB: 49.067322834645665
branching on 3 with b.
2238   642    24         43.1972    49.0673    13.5890    % 
LB close or above UB, fathomed
2239   641    24         43.1972    49.0673    13.5890    % 
LB close or above UB, fathomed
2240   640    23         43.1972    49.0673    13.5890    % 
UB: 49.067322834645665
branching on 3 with b.
2241   641    24         43.1972    49.0673    13.5890    % 
LB close or above UB, fathomed
2242   640    24         43.1972    49.0673    13.5890    % 
LB close or above UB, fathomed
2243   639    13         43.1972    49.0673    13.5890    % 
LB close or above UB, fathomed
2244   638    13         43.1972    49.0673    13.5890    % 
LB close or above UB, fathomed
2245   637    14         43.1972    49.0673    13.5890    % 
UB: 49.067322834645665
branching on CartesianIndex(2, 3) with a.
2246   638    14         43.1972    49.0673    13.5890    % 
LB close or above UB, fathomed
2247   637    38         43.1972    49.0673    13.5890    % 
UB: 49.067322834645665
branching on 1 with b.
2248   638    38         43.1972    49.0673    13.5890    % 
UB: 49.067322834645665
branching on 1 with b.
2249   639    39         43.1972    49.0673    13.5890    % 
UB: 49.067322834645665
branching on 2 with b.
2250   640    39         43.1972    49.0673    13.5890    % 
UB: 49.067322834645665
branching on 2 with b.
2251   641    40         43.1972    49.0673    13.5890    % 
UB: 49.067322834645665
branching on 3 with b.
2252   642    40         43.1972    49.0673    13.5890    % 
UB: 49.067322834645665
branching on 3 with b.
2253   643    39         43.1972    49.0673    13.5890    % 
UB: 49.067322834645665
branching on 2 with b.
2254   644    40         43.1972    49.0673    13.5890    % 
LB close or above UB, fathomed
2255   643    40         43.1972    49.0673    13.5890    % 
UB: 49.067322834645665
branching on 3 with b.
2256   644    39         43.1972    49.0673    13.5890    % 
LB close or above UB, fathomed
2257   643    41         43.1972    49.0673    13.5890    % 
UB: 49.067322834645665
branching on 1 with b.
2258   644    41         43.1972    49.0673    13.5890    % 
UB: 49.067322834645665
branching on 1 with b.
2259   645    38         43.1972    49.0673    13.5890    % 
UB: 49.067322834645665
branching on 1 with b.
2260   646    38         43.1972    49.0673    13.5890    % 
UB: 49.067322834645665
branching on 1 with b.
2261   647    39         43.1972    49.0673    13.5890    % 
UB: 49.067322834645665
branching on 2 with b.
2262   648    39         43.1972    49.0673    13.5890    % 
UB: 49.067322834645665
branching on 2 with b.
2263   649    40         43.1972    49.0673    13.5890    % 
UB: 49.067322834645665
branching on 3 with b.
2264   650    40         43.1972    49.0673    13.5890    % 
UB: 49.067322834645665
branching on 3 with b.
2265   651    37         43.1972    49.0673    13.5890    % 
UB: 49.067322834645665
branching on 3 with b.
2266   652    37         43.1972    49.0673    13.5890    % 
UB: 49.067322834645665
branching on 3 with b.
2267   653    38         43.1972    49.0673    13.5890    % 
UB: 49.067322834645665
branching on 1 with b.
2268   654    38         43.1972    49.0673    13.5890    % 
UB: 49.067322834645665
branching on 1 with b.
2269   655    39         43.1972    49.0673    13.5890    % 
UB: 49.067322834645665
branching on 2 with b.
2270   656    40         43.1972    49.0673    13.5890    % 
UB: 49.067322834645665
branching on 3 with b.
2271   657    40         43.1972    49.0673    13.5890    % 
UB: 49.067322834645665
branching on 3 with b.
2272   658    39         43.1972    49.0673    13.5890    % 
UB: 49.067322834645665
branching on 2 with b.
2273   659    37         43.1972    49.0673    13.5890    % 
UB: 49.067322834645665
branching on 3 with b.
2274   660    37         43.1972    49.0673    13.5890    % 
UB: 49.067322834645665
branching on 3 with b.
2275   661    29         43.1972    49.0673    13.5890    % 
UB: 49.067322834645665
branching on 2 with b.
2276   662    30         43.1972    49.0673    13.5890    % 
UB: 49.067322834645665
branching on 3 with b.
2277   663    30         43.1972    49.0673    13.5890    % 
LB close or above UB, fathomed
2278   662    29         43.1972    49.0673    13.5890    % 
UB: 49.067322834645665
branching on 2 with b.
2279   663    33         43.1972    49.0673    13.5890    % 
UB: 49.067322834645665
branching on 2 with b.
2280   664    33         43.1972    49.0673    13.5890    % 
UB: 49.067322834645665
branching on 2 with b.
2281   665    20         43.1972    49.0673    13.5890    % 
UB: 49.067322834645665
branching on 3 with b.
2282   666    21         43.1972    49.0673    13.5890    % 
LB close or above UB, fathomed
2283   665    21         43.1972    49.0673    13.5890    % 
UB: 49.067322834645665
branching on 1 with b.
2284   666    22         43.1972    49.0673    13.5890    % 
LB close or above UB, fathomed
2285   665    22         43.1972    49.0673    13.5890    % 
UB: 49.067322834645665
branching on 2 with b.
2286   666    23         43.1972    49.0673    13.5890    % 
UB: 49.067322834645665
branching on 3 with b.
2287   667    24         43.1972    49.0673    13.5890    % 
LB close or above UB, fathomed
2288   666    24         43.1972    49.0673    13.5890    % 
LB close or above UB, fathomed
2289   665    23         43.1972    49.0673    13.5890    % 
UB: 49.067322834645665
branching on 3 with b.
2290   666    24         43.1972    49.0673    13.5890    % 
LB close or above UB, fathomed
2291   665    24         43.1972    49.0673    13.5890    % 
LB close or above UB, fathomed
2292   664    20         43.1972    49.0673    13.5890    % 
UB: 49.067322834645665
branching on 3 with b.
2293   665    21         43.1972    49.0673    13.5890    % 
LB close or above UB, fathomed
2294   664    21         43.1972    49.0673    13.5890    % 
UB: 49.067322834645665
branching on 1 with b.
2295   665    22         43.1972    49.0673    13.5890    % 
LB close or above UB, fathomed
2296   664    22         43.1972    49.0673    13.5890    % 
UB: 49.067322834645665
branching on 2 with b.
2297   665    23         43.1972    49.0673    13.5890    % 
UB: 49.067322834645665
branching on 3 with b.
2298   666    24         43.1972    49.0673    13.5890    % 
LB close or above UB, fathomed
2299   665    24         43.1972    49.0673    13.5890    % 
LB close or above UB, fathomed
2300   664    23         43.1972    49.0673    13.5890    % 
UB: 49.067322834645665
branching on 3 with b.
2301   665    24         43.1972    49.0673    13.5890    % 
LB close or above UB, fathomed
2302   664    24         43.1972    49.0673    13.5890    % 
LB close or above UB, fathomed
2303   663    22         43.1972    49.0673    13.5890    % 
LB close or above UB, fathomed
2304   662    22         43.1972    49.0673    13.5890    % 
UB: 49.067322834645665
branching on CartesianIndex(1, 5) with c.
2305   663    23         43.1972    49.0673    13.5890    % 
UB: 49.067322834645665
branching on 2 with b.
2306   664    24         43.1972    49.0673    13.5890    % 
LB close or above UB, fathomed
2307   663    24         43.1972    49.0673    13.5890    % 
UB: 49.067322834645665
branching on CartesianIndex(1, 6) with c.
2308   664    23         43.1972    49.0673    13.5890    % 
LB close or above UB, fathomed
2309   663    32         43.1972    49.0673    13.5890    % 
LB close or above UB, fathomed
2310   662    32         43.1972    49.0673    13.5890    % 
UB: 49.067322834645665
branching on 2 with b.
2311   663    33         43.1972    49.0673    13.5890    % 
LB close or above UB, fathomed
2312   662    33         43.1972    49.0673    13.5890    % 
UB: 49.067322834645665
branching on 3 with b.
2313   663    13         43.1972    49.0673    13.5890    % 
UB: 49.067322834645665
branching on 3 with b.
2314   664    13         43.1972    49.0673    13.5890    % 
LB close or above UB, fathomed
2315   663    15         43.1972    49.0673    13.5890    % 
LB close or above UB, fathomed
2316   662    15         43.1972    49.0673    13.5890    % 
UB: 49.067322834645665
branching on CartesianIndex(4, 3) with a.
2317   663    14         43.1972    49.0673    13.5890    % 
UB: 49.067322834645665
branching on 1 with b.
2318   664    15         43.1972    49.0673    13.5890    % 
LB close or above UB, fathomed
2319   663    15         43.1972    49.0673    13.5890    % 
LB close or above UB, fathomed
2320   662    14         43.1972    49.0673    13.5890    % 
LB close or above UB, fathomed
2321   661    12         43.1972    49.0673    13.5890    % 
LB close or above UB, fathomed
2322   660    12         43.1972    49.0673    13.5890    % 
UB: 49.067322834645665
branching on 1 with b.
2323   661    21         43.1972    49.0673    13.5890    % 
LB close or above UB, fathomed
2324   660    21         43.1972    49.0673    13.5890    % 
UB: 49.067322834645665
branching on CartesianIndex(1, 5) with c.
2325   661    22         43.1972    49.0673    13.5890    % 
UB: 49.067322834645665
branching on CartesianIndex(1, 6) with c.
2326   662    23         43.1972    49.0673    13.5890    % 
LB close or above UB, fathomed
2327   661    23         43.1972    49.0673    13.5890    % 
UB: 49.067322834645665
branching on CartesianIndex(1, 7) with c.
2328   662    24         43.1972    49.0673    13.5890    % 
UB: 49.067322834645665
branching on 1 with b.
2329   663    25         43.1972    49.0673    13.5890    % 
LB close or above UB, fathomed
2330   662    25         43.1972    49.0673    13.5890    % 
UB: 49.067322834645665
branching on 2 with b.
2331   663    26         43.1972    49.0673    13.5890    % 
UB: 49.067322834645665
branching on 3 with b.
2332   664    27         43.1972    49.0673    13.5890    % 
LB close or above UB, fathomed
2333   663    27         43.1972    49.0673    13.5890    % 
LB close or above UB, fathomed
2334   662    26         43.1972    49.0673    13.5890    % 
UB: 49.067322834645665
branching on 3 with b.
2335   663    27         43.1972    49.0673    13.5890    % 
LB close or above UB, fathomed
2336   662    27         43.1972    49.0673    13.5890    % 
LB close or above UB, fathomed
2337   661    24         43.1972    49.0673    13.5890    % 
LB close or above UB, fathomed
2338   660    22         43.1972    49.0673    13.5890    % 
UB: 49.067322834645665
branching on CartesianIndex(1, 6) with c.
2339   661    23         43.1972    49.0673    13.5890    % 
LB close or above UB, fathomed
2340   660    23         43.1972    49.0673    13.5890    % 
UB: 49.067322834645665
branching on CartesianIndex(1, 7) with c.
2341   661    24         43.1972    49.0673    13.5890    % 
UB: 49.067322834645665
branching on 1 with b.
2342   662    25         43.1972    49.0673    13.5890    % 
LB close or above UB, fathomed
2343   661    25         43.1972    49.0673    13.5890    % 
UB: 49.067322834645665
branching on 2 with b.
2344   662    26         43.1972    49.0673    13.5890    % 
UB: 49.067322834645665
branching on 3 with b.
2345   663    27         43.1972    49.0673    13.5890    % 
LB close or above UB, fathomed
2346   662    27         43.1972    49.0673    13.5890    % 
LB close or above UB, fathomed
2347   661    26         43.1972    49.0673    13.5890    % 
UB: 49.067322834645665
branching on 3 with b.
2348   662    27         43.1972    49.0673    13.5890    % 
LB close or above UB, fathomed
2349   661    27         43.1972    49.0673    13.5890    % 
LB close or above UB, fathomed
2350   660    24         43.1972    49.0673    13.5890    % 
LB close or above UB, fathomed
2351   659    22         43.1972    49.0673    13.5890    % 
LB close or above UB, fathomed
2352   658    22         43.1972    49.0673    13.5890    % 
UB: 49.067322834645665
branching on CartesianIndex(1, 7) with c.
2353   659    23         43.1972    49.0673    13.5890    % 
UB: 49.067322834645665
branching on 2 with b.
2354   660    24         43.1972    49.0673    13.5890    % 
UB: 49.067322834645665
branching on 3 with b.
2355   661    25         43.1972    49.0673    13.5890    % 
LB close or above UB, fathomed
2356   660    25         43.1972    49.0673    13.5890    % 
LB close or above UB, fathomed
2357   659    24         43.1972    49.0673    13.5890    % 
UB: 49.067322834645665
branching on 3 with b.
2358   660    25         43.1972    49.0673    13.5890    % 
LB close or above UB, fathomed
2359   659    25         43.1972    49.0673    13.5890    % 
LB close or above UB, fathomed
2360   658    23         43.1972    49.0673    13.5890    % 
LB close or above UB, fathomed
2361   657    19         43.1972    49.0673    13.5890    % 
LB close or above UB, fathomed
2362   656    19         43.1972    49.0673    13.5890    % 
UB: 49.067322834645665
branching on 2 with b.
2363   657    20         43.1972    49.0673    13.5890    % 
UB: 49.067322834645665
branching on CartesianIndex(1, 7) with c.
2364   658    21         43.1972    49.0673    13.5890    % 
UB: 49.067322834645665
branching on 3 with b.
2365   659    22         43.1972    49.0673    13.5890    % 
LB close or above UB, fathomed
2366   658    22         43.1972    49.0673    13.5890    % 
UB: 49.067322834645665
branching on 1 with b.
2367   659    23         43.1972    49.0673    13.5890    % 
LB close or above UB, fathomed
2368   658    23         43.1972    49.0673    13.5890    % 
UB: 49.067322834645665
branching on 2 with b.
2369   659    24         43.1972    49.0673    13.5890    % 
UB: 49.067322834645665
branching on 3 with b.
2370   660    25         43.1972    49.0673    13.5890    % 
LB close or above UB, fathomed
2371   659    25         43.1972    49.0673    13.5890    % 
LB close or above UB, fathomed
2372   658    24         43.1972    49.0673    13.5890    % 
UB: 49.067322834645665
branching on 3 with b.
2373   659    25         43.1972    49.0673    13.5890    % 
LB close or above UB, fathomed
2374   658    25         43.1972    49.0673    13.5890    % 
LB close or above UB, fathomed
2375   657    21         43.1972    49.0673    13.5890    % 
LB close or above UB, fathomed
2376   656    20         43.1972    49.0673    13.5890    % 
UB: 49.067322834645665
branching on CartesianIndex(1, 7) with c.
2377   657    21         43.1972    49.0673    13.5890    % 
UB: 49.067322834645665
branching on 3 with b.
2378   658    22         43.1972    49.0673    13.5890    % 
LB close or above UB, fathomed
2379   657    22         43.1972    49.0673    13.5890    % 
UB: 49.067322834645665
branching on 1 with b.
2380   658    23         43.1972    49.0673    13.5890    % 
LB close or above UB, fathomed
2381   657    23         43.1972    49.0673    13.5890    % 
UB: 49.067322834645665
branching on 2 with b.
2382   658    24         43.1972    49.0673    13.5890    % 
UB: 49.067322834645665
branching on 3 with b.
2383   659    25         43.1972    49.0673    13.5890    % 
LB close or above UB, fathomed
2384   658    25         43.1972    49.0673    13.5890    % 
LB close or above UB, fathomed
2385   657    24         43.1972    49.0673    13.5890    % 
UB: 49.067322834645665
branching on 3 with b.
2386   658    25         43.1972    49.0673    13.5890    % 
LB close or above UB, fathomed
2387   657    25         43.1972    49.0673    13.5890    % 
LB close or above UB, fathomed
2388   656    21         43.1972    49.0673    13.5890    % 
LB close or above UB, fathomed
2389   655    19         43.1972    49.0673    13.5890    % 
UB: 49.067322834645665
branching on CartesianIndex(1, 6) with c.
2390   656    20         43.1972    49.0673    13.5890    % 
LB close or above UB, fathomed
2391   655    20         43.1972    49.0673    13.5890    % 
UB: 49.067322834645665
branching on CartesianIndex(1, 7) with c.
2392   656    21         43.1972    49.0673    13.5890    % 
UB: 49.067322834645665
branching on 3 with b.
2393   657    22         43.1972    49.0673    13.5890    % 
LB close or above UB, fathomed
2394   656    22         43.1972    49.0673    13.5890    % 
UB: 49.067322834645665
branching on 1 with b.
2395   657    23         43.1972    49.0673    13.5890    % 
LB close or above UB, fathomed
2396   656    23         43.1972    49.0673    13.5890    % 
UB: 49.067322834645665
branching on 2 with b.
2397   657    24         43.1972    49.0673    13.5890    % 
UB: 49.067322834645665
branching on 3 with b.
2398   658    25         43.1972    49.0673    13.5890    % 
LB close or above UB, fathomed
2399   657    25         43.1972    49.0673    13.5890    % 
LB close or above UB, fathomed
2400   656    24         43.1972    49.0673    13.5890    % 
UB: 49.067322834645665
branching on 3 with b.
2401   657    25         43.1972    49.0673    13.5890    % 
LB close or above UB, fathomed
2402   656    25         43.1972    49.0673    13.5890    % 
LB close or above UB, fathomed
2403   655    21         43.1972    49.0673    13.5890    % 
LB close or above UB, fathomed
2404   654    19         43.1972    49.0673    13.5890    % 
UB: 49.067322834645665
branching on 3 with b.
2405   655    20         43.1972    49.0673    13.5890    % 
LB close or above UB, fathomed
2406   654    20         43.1972    49.0673    13.5890    % 
UB: 49.067322834645665
branching on CartesianIndex(1, 6) with c.
2407   655    21         43.1972    49.0673    13.5890    % 
LB close or above UB, fathomed
2408   654    21         43.1972    49.0673    13.5890    % 
UB: 49.067322834645665
branching on CartesianIndex(1, 7) with c.
2409   655    22         43.1972    49.0673    13.5890    % 
UB: 49.067322834645665
branching on 1 with b.
2410   656    23         43.1972    49.0673    13.5890    % 
LB close or above UB, fathomed
2411   655    23         43.1972    49.0673    13.5890    % 
UB: 49.067322834645665
branching on 2 with b.
2412   656    24         43.1972    49.0673    13.5890    % 
UB: 49.067322834645665
branching on 3 with b.
2413   657    25         43.1972    49.0673    13.5890    % 
LB close or above UB, fathomed
2414   656    25         43.1972    49.0673    13.5890    % 
LB close or above UB, fathomed
2415   655    24         43.1972    49.0673    13.5890    % 
UB: 49.067322834645665
branching on 3 with b.
2416   656    25         43.1972    49.0673    13.5890    % 
LB close or above UB, fathomed
2417   655    25         43.1972    49.0673    13.5890    % 
LB close or above UB, fathomed
2418   654    22         43.1972    49.0673    13.5890    % 
LB close or above UB, fathomed
2419   653    21         43.1972    49.0673    13.5890    % 
LB close or above UB, fathomed
2420   652    21         43.1972    49.0673    13.5890    % 
UB: 49.067322834645665
branching on CartesianIndex(1, 7) with c.
2421   653    22         43.1972    49.0673    13.5890    % 
UB: 49.067322834645665
branching on 1 with b.
2422   654    23         43.1972    49.0673    13.5890    % 
LB close or above UB, fathomed
2423   653    23         43.1972    49.0673    13.5890    % 
UB: 49.067322834645665
branching on 2 with b.
2424   654    24         43.1972    49.0673    13.5890    % 
UB: 49.067322834645665
branching on 3 with b.
2425   655    25         43.1972    49.0673    13.5890    % 
LB close or above UB, fathomed
2426   654    25         43.1972    49.0673    13.5890    % 
LB close or above UB, fathomed
2427   653    24         43.1972    49.0673    13.5890    % 
UB: 49.067322834645665
branching on 3 with b.
2428   654    25         43.1972    49.0673    13.5890    % 
LB close or above UB, fathomed
2429   653    25         43.1972    49.0673    13.5890    % 
LB close or above UB, fathomed
2430   652    22         43.1972    49.0673    13.5890    % 
LB close or above UB, fathomed
2431   651    21         43.1972    49.0673    13.5890    % 
LB close or above UB, fathomed
2432   650    21         43.1972    49.0673    13.5890    % 
UB: 49.067322834645665
branching on 2 with b.
2433   651    22         43.1972    49.0673    13.5890    % 
UB: 49.067322834645665
branching on CartesianIndex(1, 7) with c.
2434   652    23         43.1972    49.0673    13.5890    % 
UB: 49.067322834645665
branching on 3 with b.
2435   653    24         43.1972    49.0673    13.5890    % 
LB close or above UB, fathomed
2436   652    24         43.1972    49.0673    13.5890    % 
UB: 49.067322834645665
branching on 1 with b.
2437   653    25         43.1972    49.0673    13.5890    % 
LB close or above UB, fathomed
2438   652    25         43.1972    49.0673    13.5890    % 
UB: 49.067322834645665
branching on 2 with b.
2439   653    26         43.1972    49.0673    13.5890    % 
UB: 49.067322834645665
branching on 3 with b.
2440   654    27         43.1972    49.0673    13.5890    % 
LB close or above UB, fathomed
2441   653    27         43.1972    49.0673    13.5890    % 
LB close or above UB, fathomed
2442   652    26         43.1972    49.0673    13.5890    % 
UB: 49.067322834645665
branching on 3 with b.
2443   653    27         43.1972    49.0673    13.5890    % 
LB close or above UB, fathomed
2444   652    27         43.1972    49.0673    13.5890    % 
LB close or above UB, fathomed
2445   651    23         43.1972    49.0673    13.5890    % 
LB close or above UB, fathomed
2446   650    22         43.1972    49.0673    13.5890    % 
UB: 49.067322834645665
branching on CartesianIndex(1, 7) with c.
2447   651    23         43.1972    49.0673    13.5890    % 
UB: 49.067322834645665
branching on 3 with b.
2448   652    24         43.1972    49.0673    13.5890    % 
LB close or above UB, fathomed
2449   651    24         43.1972    49.0673    13.5890    % 
UB: 49.067322834645665
branching on 1 with b.
2450   652    25         43.1972    49.0673    13.5890    % 
LB close or above UB, fathomed
2451   651    25         43.1972    49.0673    13.5890    % 
UB: 49.067322834645665
branching on 2 with b.
2452   652    26         43.1972    49.0673    13.5890    % 
UB: 49.067322834645665
branching on 3 with b.
2453   653    27         43.1972    49.0673    13.5890    % 
LB close or above UB, fathomed
2454   652    27         43.1972    49.0673    13.5890    % 
LB close or above UB, fathomed
2455   651    26         43.1972    49.0673    13.5890    % 
UB: 49.067322834645665
branching on 3 with b.
2456   652    27         43.1972    49.0673    13.5890    % 
LB close or above UB, fathomed
2457   651    27         43.1972    49.0673    13.5890    % 
LB close or above UB, fathomed
2458   650    23         43.1972    49.0673    13.5890    % 
LB close or above UB, fathomed
2459   649    18         43.1972    49.0673    13.5890    % 
LB close or above UB, fathomed
2460   648    18         43.1972    49.0673    13.5890    % 
UB: 49.067322834645665
branching on CartesianIndex(1, 7) with c.
2461   649    19         43.1972    49.0673    13.5890    % 
UB: 49.067322834645665
branching on 2 with b.
2462   650    20         43.1972    49.0673    13.5890    % 
UB: 49.067322834645665
branching on 3 with b.
2463   651    21         43.1972    49.0673    13.5890    % 
LB close or above UB, fathomed
2464   650    21         43.1972    49.0673    13.5890    % 
UB: 49.067322834645665
branching on 1 with b.
2465   651    22         43.1972    49.0673    13.5890    % 
LB close or above UB, fathomed
2466   650    22         43.1972    49.0673    13.5890    % 
UB: 49.067322834645665
branching on 2 with b.
2467   651    23         43.1972    49.0673    13.5890    % 
UB: 49.067322834645665
branching on 3 with b.
2468   652    24         43.1972    49.0673    13.5890    % 
LB close or above UB, fathomed
2469   651    24         43.1972    49.0673    13.5890    % 
LB close or above UB, fathomed
2470   650    23         43.1972    49.0673    13.5890    % 
UB: 49.067322834645665
branching on 3 with b.
2471   651    24         43.1972    49.0673    13.5890    % 
LB close or above UB, fathomed
2472   650    24         43.1972    49.0673    13.5890    % 
LB close or above UB, fathomed
2473   649    20         43.1972    49.0673    13.5890    % 
UB: 49.067322834645665
branching on 3 with b.
2474   650    21         43.1972    49.0673    13.5890    % 
LB close or above UB, fathomed
2475   649    21         43.1972    49.0673    13.5890    % 
UB: 49.067322834645665
branching on 1 with b.
2476   650    22         43.1972    49.0673    13.5890    % 
LB close or above UB, fathomed
2477   649    22         43.1972    49.0673    13.5890    % 
UB: 49.067322834645665
branching on 2 with b.
2478   650    23         43.1972    49.0673    13.5890    % 
UB: 49.067322834645665
branching on 3 with b.
2479   651    24         43.1972    49.0673    13.5890    % 
LB close or above UB, fathomed
2480   650    24         43.1972    49.0673    13.5890    % 
LB close or above UB, fathomed
2481   649    23         43.1972    49.0673    13.5890    % 
UB: 49.067322834645665
branching on 3 with b.
2482   650    24         43.1972    49.0673    13.5890    % 
LB close or above UB, fathomed
2483   649    24         43.1972    49.0673    13.5890    % 
LB close or above UB, fathomed
2484   648    19         43.1972    49.0673    13.5890    % 
LB close or above UB, fathomed
2485   647    21         43.1972    49.0673    13.5890    % 
LB close or above UB, fathomed
2486   646    21         43.1972    49.0673    13.5890    % 
UB: 49.067322834645665
branching on 2 with b.
2487   647    22         43.1972    49.0673    13.5890    % 
UB: 49.067322834645665
branching on CartesianIndex(1, 7) with c.
2488   648    23         43.1972    49.0673    13.5890    % 
UB: 49.067322834645665
branching on 3 with b.
2489   649    24         43.1972    49.0673    13.5890    % 
LB close or above UB, fathomed
2490   648    24         43.1972    49.0673    13.5890    % 
UB: 49.067322834645665
branching on 1 with b.
2491   649    25         43.1972    49.0673    13.5890    % 
LB close or above UB, fathomed
2492   648    25         43.1972    49.0673    13.5890    % 
UB: 49.067322834645665
branching on 2 with b.
2493   649    26         43.1972    49.0673    13.5890    % 
UB: 49.067322834645665
branching on 3 with b.
2494   650    27         43.1972    49.0673    13.5890    % 
LB close or above UB, fathomed
2495   649    27         43.1972    49.0673    13.5890    % 
LB close or above UB, fathomed
2496   648    26         43.1972    49.0673    13.5890    % 
UB: 49.067322834645665
branching on 3 with b.
2497   649    27         43.1972    49.0673    13.5890    % 
LB close or above UB, fathomed
2498   648    27         43.1972    49.0673    13.5890    % 
LB close or above UB, fathomed
2499   647    23         43.1972    49.0673    13.5890    % 
LB close or above UB, fathomed
2500   646    22         43.1972    49.0673    13.5890    % 
UB: 49.067322834645665
branching on CartesianIndex(1, 7) with c.
2501   647    23         43.1972    49.0673    13.5890    % 
UB: 49.067322834645665
branching on 3 with b.
2502   648    24         43.1972    49.0673    13.5890    % 
LB close or above UB, fathomed
2503   647    24         43.1972    49.0673    13.5890    % 
UB: 49.067322834645665
branching on 1 with b.
2504   648    25         43.1972    49.0673    13.5890    % 
LB close or above UB, fathomed
2505   647    25         43.1972    49.0673    13.5890    % 
UB: 49.067322834645665
branching on 2 with b.
2506   648    26         43.1972    49.0673    13.5890    % 
UB: 49.067322834645665
branching on 3 with b.
2507   649    27         43.1972    49.0673    13.5890    % 
LB close or above UB, fathomed
2508   648    27         43.1972    49.0673    13.5890    % 
LB close or above UB, fathomed
2509   647    26         43.1972    49.0673    13.5890    % 
UB: 49.067322834645665
branching on 3 with b.
2510   648    27         43.1972    49.0673    13.5890    % 
LB close or above UB, fathomed
2511   647    27         43.1972    49.0673    13.5890    % 
LB close or above UB, fathomed
2512   646    23         43.1972    49.0673    13.5890    % 
LB close or above UB, fathomed
2513   645    20         43.1972    49.0673    13.5890    % 
UB: 49.067322834645665
branching on CartesianIndex(1, 5) with c.
2514   646    21         43.1972    49.0673    13.5890    % 
LB close or above UB, fathomed
2515   645    21         43.1972    49.0673    13.5890    % 
UB: 49.067322834645665
branching on CartesianIndex(1, 6) with c.
2516   646    22         43.1972    49.0673    13.5890    % 
LB close or above UB, fathomed
2517   645    22         43.1972    49.0673    13.5890    % 
UB: 49.067322834645665
branching on CartesianIndex(1, 7) with c.
2518   646    23         43.1972    49.0673    13.5890    % 
UB: 49.067322834645665
branching on 3 with b.
2519   647    24         43.1972    49.0673    13.5890    % 
LB close or above UB, fathomed
2520   646    24         43.1972    49.0673    13.5890    % 
UB: 49.067322834645665
branching on 1 with b.
2521   647    25         43.1972    49.0673    13.5890    % 
LB close or above UB, fathomed
2522   646    25         43.1972    49.0673    13.5890    % 
UB: 49.067322834645665
branching on 2 with b.
2523   647    26         43.1972    49.0673    13.5890    % 
UB: 49.067322834645665
branching on 3 with b.
2524   648    27         43.1972    49.0673    13.5890    % 
LB close or above UB, fathomed
2525   647    27         43.1972    49.0673    13.5890    % 
LB close or above UB, fathomed
2526   646    26         43.1972    49.0673    13.5890    % 
UB: 49.067322834645665
branching on 3 with b.
2527   647    27         43.1972    49.0673    13.5890    % 
LB close or above UB, fathomed
2528   646    27         43.1972    49.0673    13.5890    % 
LB close or above UB, fathomed
2529   645    23         43.1972    49.0673    13.5890    % 
LB close or above UB, fathomed
2530   644    20         43.1972    49.0673    13.5890    % 
UB: 49.067322834645665
branching on CartesianIndex(1, 5) with c.
2531   645    21         43.1972    49.0673    13.5890    % 
LB close or above UB, fathomed
2532   644    21         43.1972    49.0673    13.5890    % 
UB: 49.067322834645665
branching on 3 with b.
2533   645    22         43.1972    49.0673    13.5890    % 
LB close or above UB, fathomed
2534   644    22         43.1972    49.0673    13.5890    % 
UB: 49.067322834645665
branching on CartesianIndex(1, 6) with c.
2535   645    23         43.1972    49.0673    13.5890    % 
LB close or above UB, fathomed
2536   644    23         43.1972    49.0673    13.5890    % 
UB: 49.067322834645665
branching on CartesianIndex(1, 7) with c.
2537   645    24         43.1972    49.0673    13.5890    % 
UB: 49.067322834645665
branching on 1 with b.
2538   646    25         43.1972    49.0673    13.5890    % 
LB close or above UB, fathomed
2539   645    25         43.1972    49.0673    13.5890    % 
UB: 49.067322834645665
branching on 2 with b.
2540   646    26         43.1972    49.0673    13.5890    % 
UB: 49.067322834645665
branching on 3 with b.
2541   647    27         43.1972    49.0673    13.5890    % 
LB close or above UB, fathomed
2542   646    27         43.1972    49.0673    13.5890    % 
LB close or above UB, fathomed
2543   645    26         43.1972    49.0673    13.5890    % 
UB: 49.067322834645665
branching on 3 with b.
2544   646    27         43.1972    49.0673    13.5890    % 
LB close or above UB, fathomed
2545   645    27         43.1972    49.0673    13.5890    % 
LB close or above UB, fathomed
2546   644    24         43.1972    49.0673    13.5890    % 
LB close or above UB, fathomed
2547   643    19         43.1972    49.0673    13.5890    % 
UB: 49.067322834645665
branching on CartesianIndex(4, 3) with a.
2548   644    20         43.1972    49.0673    13.5890    % 
UB: 49.067322834645665
branching on CartesianIndex(1, 4) with c.
2549   645    20         43.1972    49.0673    13.5890    % 
UB: 49.067322834645665
branching on CartesianIndex(1, 4) with c.
2550   646    21         43.1972    49.0673    13.5890    % 
LB close or above UB, fathomed
2551   645    21         43.1972    49.0673    13.5890    % 
UB: 49.067322834645665
branching on CartesianIndex(1, 5) with c.
2552   646    22         43.1972    49.0673    13.5890    % 
UB: 49.067322834645665
branching on CartesianIndex(1, 6) with c.
2553   647    23         43.1972    49.0673    13.5890    % 
LB close or above UB, fathomed
2554   646    23         43.1972    49.0673    13.5890    % 
UB: 49.067322834645665
branching on CartesianIndex(1, 7) with c.
2555   647    22         43.1972    49.0673    13.5890    % 
LB close or above UB, fathomed
2556   646    19         43.1972    49.0673    13.5890    % 
UB: 49.067322834645665
branching on CartesianIndex(1, 4) with c.
2557   647    20         43.1972    49.0673    13.5890    % 
LB close or above UB, fathomed
2558   646    20         43.1972    49.0673    13.5890    % 
UB: 49.067322834645665
branching on 1 with b.
2559   647    21         43.1972    49.0673    13.5890    % 
LB close or above UB, fathomed
2560   646    21         43.1972    49.0673    13.5890    % 
UB: 49.067322834645665
branching on CartesianIndex(1, 6) with c.
2561   647    22         43.1972    49.0673    13.5890    % 
LB close or above UB, fathomed
2562   646    22         43.1972    49.0673    13.5890    % 
UB: 49.067322834645665
branching on CartesianIndex(1, 7) with c.
2563   647    23         43.1972    49.0673    13.5890    % 
UB: 49.067322834645665
branching on 2 with b.
2564   648    24         43.1972    49.0673    13.5890    % 
UB: 49.067322834645665
branching on 3 with b.
2565   649    25         43.1972    49.0673    13.5890    % 
LB close or above UB, fathomed
2566   648    25         43.1972    49.0673    13.5890    % 
LB close or above UB, fathomed
2567   647    24         43.1972    49.0673    13.5890    % 
LB close or above UB, fathomed
2568   646    23         43.1972    49.0673    13.5890    % 
LB close or above UB, fathomed
2569   645    22         43.1972    49.0673    13.5890    % 
LB close or above UB, fathomed
2570   644    22         43.1972    49.0673    13.5890    % 
UB: 49.067322834645665
branching on CartesianIndex(1, 5) with c.
2571   645    23         43.1972    49.0673    13.5890    % 
UB: 49.067322834645665
branching on CartesianIndex(1, 6) with c.
2572   646    24         43.1972    49.0673    13.5890    % 
LB close or above UB, fathomed
2573   645    24         43.1972    49.0673    13.5890    % 
UB: 49.067322834645665
branching on CartesianIndex(1, 7) with c.
2574   646    25         43.1972    49.0673    13.5890    % 
UB: 49.067322834645665
branching on 2 with b.
2575   647    26         43.1972    49.0673    13.5890    % 
UB: 49.067322834645665
branching on 3 with b.
2576   648    27         43.1972    49.0673    13.5890    % 
LB close or above UB, fathomed
2577   647    27         43.1972    49.0673    13.5890    % 
UB: 49.067322834645665
branching on 1 with b.
2578   648    28         43.1972    49.0673    13.5890    % 
UB: 49.067322834645665
branching on 2 with b.
2579   649    28         43.1972    49.0673    13.5890    % 
LB close or above UB, fathomed
2580   648    26         43.1972    49.0673    13.5890    % 
LB close or above UB, fathomed
2581   647    25         43.1972    49.0673    13.5890    % 
LB close or above UB, fathomed
2582   646    23         43.1972    49.0673    13.5890    % 
LB close or above UB, fathomed
2583   645    16         43.5155    49.0673    12.7583    % 
LB close or above UB, fathomed
2584   644    16         43.5155    49.0673    12.7583    % 
UB: 49.067322834645665
branching on CartesianIndex(1, 4) with c.
2585   645    12         45.1039    49.0673    8.7872     % 
UB: 49.067322834645665
branching on CartesianIndex(2, 3) with a.
2586   646    13         45.1039    49.0673    8.7872     % 
LB close or above UB, fathomed
2587   645    13         45.1039    49.0673    8.7872     % 
LB close or above UB, fathomed
2588   644    12         45.1039    49.0673    8.7872     % 
LB close or above UB, fathomed
2589   643    23         45.1442    49.0673    8.6902     % 
UB: 49.067322834645665
branching on 3 with b.
2590   644    23         45.1442    49.0673    8.6902     % 
LB close or above UB, fathomed
2591   643    24         45.1442    49.0673    8.6902     % 
LB close or above UB, fathomed
2592   642    24         45.1442    49.0673    8.6902     % 
UB: 49.067322834645665
branching on 1 with b.
2593   643    25         45.1442    49.0673    8.6902     % 
UB: 49.067322834645665
branching on 2 with b.
2594   644    25         45.1442    49.0673    8.6902     % 
LB close or above UB, fathomed
2595   643    20         45.1539    49.0673    8.6669     % 
LB close or above UB, fathomed
2596   642    20         45.1539    49.0673    8.6669     % 
UB: 49.067322834645665
branching on 1 with b.
2597   643    21         45.1539    49.0673    8.6669     % 
LB close or above UB, fathomed
2598   642    21         45.1539    49.0673    8.6669     % 
LB close or above UB, fathomed
2599   641    28         45.1539    49.0673    8.6668     % 
LB close or above UB, fathomed
2600   640    28         45.1539    49.0673    8.6668     % 
UB: 49.067322834645665
branching on 1 with b.
2601   641    22         45.1539    49.0673    8.6668     % 
LB close or above UB, fathomed
2602   640    22         45.1539    49.0673    8.6668     % 
UB: 49.067322834645665
branching on CartesianIndex(1, 4) with c.
2603   641    23         45.1539    49.0673    8.6668     % 
LB close or above UB, fathomed
2604   640    23         45.1539    49.0673    8.6668     % 
UB: 49.067322834645665
branching on CartesianIndex(1, 5) with c.
2605   641    24         45.1539    49.0673    8.6668     % 
UB: 49.067322834645665
branching on CartesianIndex(1, 6) with c.
2606   642    24         45.1539    49.0673    8.6668     % 
LB close or above UB, fathomed
2607   641    25         45.1539    49.0673    8.6668     % 
LB close or above UB, fathomed
2608   640    25         45.1539    49.0673    8.6668     % 
UB: 49.067322834645665
branching on CartesianIndex(1, 7) with c.
2609   641    26         45.1539    49.0673    8.6668     % 
UB: 49.067322834645665
branching on 1 with b.
2610   642    27         45.1539    49.0673    8.6668     % 
UB: 49.067322834645665
branching on 2 with b.
2611   643    27         45.1539    49.0673    8.6668     % 
LB close or above UB, fathomed
2612   642    26         45.1539    49.0673    8.6668     % 
LB close or above UB, fathomed
2613   641    22         45.1539    49.0673    8.6668     % 
LB close or above UB, fathomed
2614   640    22         45.1539    49.0673    8.6668     % 
UB: 49.067322834645665
branching on 3 with b.
2615   641    23         45.1539    49.0673    8.6668     % 
UB: 49.067322834645665
branching on CartesianIndex(1, 5) with c.
2616   642    24         45.1539    49.0673    8.6668     % 
UB: 49.067322834645665
branching on CartesianIndex(1, 6) with c.
2617   643    25         45.1539    49.0673    8.6668     % 
LB close or above UB, fathomed
2618   642    25         45.1539    49.0673    8.6668     % 
UB: 49.067322834645665
branching on CartesianIndex(1, 7) with c.
2619   643    26         45.1539    49.0673    8.6668     % 
UB: 49.067322834645665
branching on 1 with b.
2620   644    27         45.1539    49.0673    8.6668     % 
LB close or above UB, fathomed
2621   643    27         45.1539    49.0673    8.6668     % 
UB: 49.067322834645665
branching on 2 with b.
2622   644    26         45.1539    49.0673    8.6668     % 
LB close or above UB, fathomed
2623   643    24         45.1539    49.0673    8.6668     % 
LB close or above UB, fathomed
2624   642    23         45.1539    49.0673    8.6668     % 
LB close or above UB, fathomed
2625   641    30         45.1539    49.0673    8.6668     % 
UB: 49.067322834645665
branching on 2 with b.
2626   642    30         45.1539    49.0673    8.6668     % 
UB: 49.067322834645665
branching on 2 with b.
2627   643    32         45.1539    49.0673    8.6668     % 
UB: 49.067322834645665
branching on 2 with b.
2628   644    32         45.1539    49.0673    8.6668     % 
UB: 49.067322834645665
branching on 2 with b.
2629   645    33         45.1539    49.0673    8.6668     % 
UB: 49.067322834645665
branching on 3 with b.
2630   646    33         45.1539    49.0673    8.6668     % 
LB close or above UB, fathomed
2631   645    23         45.1539    49.0673    8.6668     % 
LB close or above UB, fathomed
2632   644    23         45.1539    49.0673    8.6668     % 
UB: 49.067322834645665
branching on CartesianIndex(1, 5) with c.
2633   645    33         45.1539    49.0673    8.6668     % 
UB: 49.067322834645665
branching on 3 with b.
2634   646    33         45.1539    49.0673    8.6668     % 
LB close or above UB, fathomed
2635   645    31         45.1539    49.0673    8.6668     % 
UB: 49.067322834645665
branching on 3 with b.
2636   646    31         45.1539    49.0673    8.6668     % 
LB close or above UB, fathomed
2637   645    31         45.1539    49.0673    8.6668     % 
LB close or above UB, fathomed
2638   644    31         45.1539    49.0673    8.6668     % 
UB: 49.067322834645665
branching on 1 with b.
2639   645    29         45.1539    49.0673    8.6668     % 
LB close or above UB, fathomed
2640   644    29         45.1539    49.0673    8.6668     % 
LB close or above UB, fathomed
2641   643    17         45.1539    49.0673    8.6668     % 
LB close or above UB, fathomed
2642   642    17         45.1539    49.0673    8.6668     % 
UB: 49.067322834645665
branching on CartesianIndex(4, 3) with a.
2643   643    18         45.1539    49.0673    8.6668     % 
UB: 49.067322834645665
branching on 2 with b.
2644   644    18         45.1539    49.0673    8.6668     % 
LB close or above UB, fathomed
2645   643    34         45.1539    49.0673    8.6668     % 
UB: 49.067322834645665
branching on 1 with b.
2646   644    35         45.1539    49.0673    8.6668     % 
UB: 49.067322834645665
branching on 2 with b.
2647   645    35         45.1539    49.0673    8.6668     % 
UB: 49.067322834645665
branching on 2 with b.
2648   646    36         45.1539    49.0673    8.6668     % 
LB close or above UB, fathomed
2649   645    36         45.1539    49.0673    8.6668     % 
UB: 49.067322834645665
branching on 3 with b.
2650   646    34         45.1539    49.0673    8.6668     % 
UB: 49.067322834645665
branching on 1 with b.
2651   647    24         45.1539    49.0673    8.6668     % 
UB: 49.067322834645665
branching on CartesianIndex(1, 6) with c.
2652   648    25         45.1539    49.0673    8.6668     % 
LB close or above UB, fathomed
2653   647    25         45.1539    49.0673    8.6668     % 
UB: 49.067322834645665
branching on CartesianIndex(1, 7) with c.
2654   648    26         45.1539    49.0673    8.6668     % 
UB: 49.067322834645665
branching on 2 with b.
2655   649    27         45.1539    49.0673    8.6668     % 
UB: 49.067322834645665
branching on 3 with b.
2656   650    28         45.1539    49.0673    8.6668     % 
UB: 49.067322834645665
branching on 1 with b.
2657   651    28         45.1539    49.0673    8.6668     % 
LB close or above UB, fathomed
2658   650    27         45.1539    49.0673    8.6668     % 
LB close or above UB, fathomed
2659   649    26         45.1539    49.0673    8.6668     % 
LB close or above UB, fathomed
2660   648    24         45.1539    49.0673    8.6668     % 
LB close or above UB, fathomed
2661   647    34         45.1539    49.0673    8.6668     % 
UB: 49.067322834645665
branching on 1 with b.
2662   648    35         45.1539    49.0673    8.6668     % 
UB: 49.067322834645665
branching on 2 with b.
2663   649    36         45.1539    49.0673    8.6668     % 
LB close or above UB, fathomed
2664   648    36         45.1539    49.0673    8.6668     % 
UB: 49.067322834645665
branching on 3 with b.
2665   649    35         45.1539    49.0673    8.6668     % 
UB: 49.067322834645665
branching on 2 with b.
2666   650    36         45.1539    49.0673    8.6668     % 
LB close or above UB, fathomed
2667   649    36         45.1539    49.0673    8.6668     % 
UB: 49.067322834645665
branching on 3 with b.
2668   650    34         45.1539    49.0673    8.6668     % 
UB: 49.067322834645665
branching on 1 with b.
2669   651    14         45.1539    49.0673    8.6668     % 
UB: 49.067322834645665
branching on CartesianIndex(1, 3) with a.
2670   652    14         45.1539    49.0673    8.6668     % 
LB close or above UB, fathomed
2671   651    16         45.1539    49.0673    8.6668     % 
LB close or above UB, fathomed
2672   650    16         45.1539    49.0673    8.6668     % 
UB: 49.067322834645665
branching on CartesianIndex(1, 3) with a.
2673   651    17         45.1539    49.0673    8.6668     % 
LB close or above UB, fathomed
2674   650    17         45.1539    49.0673    8.6668     % 
LB close or above UB, fathomed
2675   649    20         45.1539    49.0673    8.6668     % 
LB close or above UB, fathomed
2676   648    20         45.1539    49.0673    8.6668     % 
LB close or above UB, fathomed
2677   647    22         45.1539    49.0673    8.6668     % 
UB: 49.067322834645665
branching on 1 with b.
2678   648    23         45.1539    49.0673    8.6668     % 
LB close or above UB, fathomed
2679   647    23         45.1539    49.0673    8.6668     % 
UB: 49.067322834645665
branching on 2 with b.
2680   648    24         45.1539    49.0673    8.6668     % 
UB: 49.067322834645665
branching on 3 with b.
2681   649    25         45.1539    49.0673    8.6668     % 
UB: 49.067322834645665
branching on 1 with b.
2682   650    26         45.1539    49.0673    8.6668     % 
LB close or above UB, fathomed
2683   649    26         45.1539    49.0673    8.6668     % 
UB: 49.067322834645665
branching on 2 with b.
2684   650    25         45.1539    49.0673    8.6668     % 
LB close or above UB, fathomed
2685   649    24         45.1539    49.0673    8.6668     % 
LB close or above UB, fathomed
2686   648    22         45.1539    49.0673    8.6668     % 
LB close or above UB, fathomed
2687   647    19         45.1539    49.0673    8.6668     % 
LB close or above UB, fathomed
2688   646    19         45.1539    49.0673    8.6668     % 
UB: 49.067322834645665
branching on CartesianIndex(1, 4) with c.
2689   647    17         45.1539    49.0673    8.6668     % 
UB: 49.067322834645665
branching on 3 with b.
2690   648    18         45.1539    49.0673    8.6668     % 
LB close or above UB, fathomed
2691   647    18         45.1539    49.0673    8.6668     % 
UB: 49.067322834645665
branching on 1 with b.
2692   648    19         45.1539    49.0673    8.6668     % 
UB: 49.067322834645665
branching on CartesianIndex(1, 6) with c.
2693   649    20         45.1539    49.0673    8.6668     % 
LB close or above UB, fathomed
2694   648    20         45.1539    49.0673    8.6668     % 
UB: 49.067322834645665
branching on CartesianIndex(1, 7) with c.
2695   649    21         45.1539    49.0673    8.6668     % 
UB: 49.067322834645665
branching on 2 with b.
2696   650    22         45.1539    49.0673    8.6668     % 
UB: 49.067322834645665
branching on 3 with b.
2697   651    23         45.1539    49.0673    8.6668     % 
UB: 49.067322834645665
branching on 1 with b.
2698   652    24         45.1539    49.0673    8.6668     % 
UB: 49.067322834645665
branching on 2 with b.
2699   653    25         45.1539    49.0673    8.6668     % 
UB: 49.067322834645665
branching on 3 with b.
2700   654    26         45.1539    49.0673    8.6668     % 
UB: 49.067322834645665
branching on 1 with b.
2701   655    27         45.1539    49.0673    8.6668     % 
LB close or above UB, fathomed
2702   654    27         45.1539    49.0673    8.6668     % 
LB close or above UB, fathomed
2703   653    26         45.1539    49.0673    8.6668     % 
LB close or above UB, fathomed
2704   652    25         45.1539    49.0673    8.6668     % 
LB close or above UB, fathomed
2705   651    24         45.1539    49.0673    8.6668     % 
LB close or above UB, fathomed
2706   650    23         45.1539    49.0673    8.6668     % 
LB close or above UB, fathomed
2707   649    22         45.1539    49.0673    8.6668     % 
LB close or above UB, fathomed
2708   648    21         45.1539    49.0673    8.6668     % 
LB close or above UB, fathomed
2709   647    19         45.1539    49.0673    8.6668     % 
LB close or above UB, fathomed
2710   646    17         45.1539    49.0673    8.6668     % 
LB close or above UB, fathomed
2711   645    33         45.1539    49.0673    8.6668     % 
LB close or above UB, fathomed
2712   644    33         45.1539    49.0673    8.6668     % 
UB: 49.067322834645665
branching on 3 with b.
2713   645    20         45.1539    49.0673    8.6668     % 
LB close or above UB, fathomed
2714   644    20         45.1539    49.0673    8.6668     % 
LB close or above UB, fathomed
2715   643    31         45.1539    49.0673    8.6668     % 
UB: 49.067322834645665
branching on 3 with b.
2716   644    32         45.1539    49.0673    8.6668     % 
LB close or above UB, fathomed
2717   643    32         45.1539    49.0673    8.6668     % 
UB: 49.067322834645665
branching on 1 with b.
2718   644    33         45.1539    49.0673    8.6668     % 
LB close or above UB, fathomed
2719   643    33         45.1539    49.0673    8.6668     % 
UB: 49.067322834645665
branching on 2 with b.
2720   644    31         45.1539    49.0673    8.6668     % 
LB close or above UB, fathomed
2721   643    31         45.1539    49.0673    8.6668     % 
UB: 49.067322834645665
branching on 3 with b.
2722   644    32         45.1539    49.0673    8.6668     % 
LB close or above UB, fathomed
2723   643    32         45.1539    49.0673    8.6668     % 
LB close or above UB, fathomed
2724   642    31         45.1539    49.0673    8.6668     % 
LB close or above UB, fathomed
2725   641    35         45.1539    49.0673    8.6668     % 
LB close or above UB, fathomed
2726   640    35         45.1539    49.0673    8.6668     % 
UB: 49.067322834645665
branching on 3 with b.
2727   641    42         45.1539    49.0673    8.6668     % 
UB: 49.067322834645665
branching on 2 with b.
2728   642    42         45.1539    49.0673    8.6668     % 
UB: 49.067322834645665
branching on 2 with b.
2729   643    33         45.1539    49.0673    8.6668     % 
LB close or above UB, fathomed
2730   642    33         45.1539    49.0673    8.6668     % 
UB: 49.067322834645665
branching on 1 with b.
2731   643    24         45.1539    49.0673    8.6668     % 
UB: 49.067322834645665
branching on 3 with b.
2732   644    25         45.1539    49.0673    8.6668     % 
UB: 49.067322834645665
branching on 1 with b.
2733   645    25         45.1539    49.0673    8.6668     % 
LB close or above UB, fathomed
2734   644    24         45.1539    49.0673    8.6668     % 
LB close or above UB, fathomed
2735   643    22         45.1539    49.0673    8.6668     % 
LB close or above UB, fathomed
2736   642    22         45.1539    49.0673    8.6668     % 
LB close or above UB, fathomed
2737   641    21         45.1539    49.0673    8.6668     % 
LB close or above UB, fathomed
2738   640    21         45.1539    49.0673    8.6668     % 
UB: 49.067322834645665
branching on CartesianIndex(1, 6) with c.
2739   641    38         45.1539    49.0673    8.6668     % 
LB close or above UB, fathomed
2740   640    38         45.1539    49.0673    8.6668     % 
LB close or above UB, fathomed
2741   639    38         45.1539    49.0673    8.6668     % 
LB close or above UB, fathomed
2742   638    38         45.1539    49.0673    8.6668     % 
LB close or above UB, fathomed
2743   637    38         45.1539    49.0673    8.6668     % 
UB: 49.067322834645665
branching on 1 with b.
2744   638    38         45.1539    49.0673    8.6668     % 
UB: 49.067322834645665
branching on 1 with b.
2745   639    39         45.1539    49.0673    8.6668     % 
LB close or above UB, fathomed
2746   638    39         45.1539    49.0673    8.6668     % 
UB: 49.067322834645665
branching on 2 with b.
2747   639    40         45.1539    49.0673    8.6668     % 
LB close or above UB, fathomed
2748   638    40         45.1539    49.0673    8.6668     % 
UB: 49.067322834645665
branching on 3 with b.
2749   639    38         45.1539    49.0673    8.6668     % 
UB: 49.067322834645665
branching on 1 with b.
2750   640    39         45.1539    49.0673    8.6668     % 
UB: 49.067322834645665
branching on 2 with b.
2751   641    40         45.1539    49.0673    8.6668     % 
LB close or above UB, fathomed
2752   640    40         45.1539    49.0673    8.6668     % 
UB: 49.067322834645665
branching on 3 with b.
2753   641    39         45.1539    49.0673    8.6668     % 
LB close or above UB, fathomed
2754   640    38         45.1539    49.0673    8.6668     % 
LB close or above UB, fathomed
2755   639    37         45.1539    49.0673    8.6668     % 
LB close or above UB, fathomed
2756   638    37         45.1539    49.0673    8.6668     % 
LB close or above UB, fathomed
2757   637    36         45.1539    49.0673    8.6668     % 
UB: 49.067322834645665
branching on 1 with b.
2758   638    36         45.1539    49.0673    8.6668     % 
LB close or above UB, fathomed
2759   637    36         45.1539    49.0673    8.6668     % 
LB close or above UB, fathomed
2760   636    36         45.1539    49.0673    8.6668     % 
UB: 49.067322834645665
branching on 1 with b.
2761   637    36         45.1539    49.0673    8.6668     % 
LB close or above UB, fathomed
2762   636    36         45.1539    49.0673    8.6668     % 
UB: 49.067322834645665
branching on 1 with b.
2763   637    36         45.1539    49.0673    8.6668     % 
UB: 49.067322834645665
branching on 1 with b.
2764   638    37         45.1539    49.0673    8.6668     % 
UB: 49.067322834645665
branching on 2 with b.
2765   639    38         45.1539    49.0673    8.6668     % 
LB close or above UB, fathomed
2766   638    38         45.1539    49.0673    8.6668     % 
UB: 49.067322834645665
branching on 3 with b.
2767   639    37         45.1539    49.0673    8.6668     % 
LB close or above UB, fathomed
2768   638    36         45.1539    49.0673    8.6668     % 
LB close or above UB, fathomed
2769   637    28         45.1539    49.0673    8.6668     % 
UB: 49.067322834645665
branching on 3 with b.
2770   638    28         45.1539    49.0673    8.6668     % 
LB close or above UB, fathomed
2771   637    25         45.1539    49.0673    8.6668     % 
UB: 49.067322834645665
branching on 3 with b.
2772   638    26         45.1539    49.0673    8.6668     % 
LB close or above UB, fathomed
2773   637    26         45.1539    49.0673    8.6668     % 
UB: 49.067322834645665
branching on 1 with b.
2774   638    27         45.1539    49.0673    8.6668     % 
UB: 49.067322834645665
branching on 2 with b.
2775   639    27         45.1539    49.0673    8.6668     % 
UB: 49.067322834645665
branching on 2 with b.
2776   640    28         45.1539    49.0673    8.6668     % 
UB: 49.067322834645665
branching on 3 with b.
2777   641    28         45.1539    49.0673    8.6668     % 
LB close or above UB, fathomed
2778   640    25         45.1539    49.0673    8.6668     % 
LB close or above UB, fathomed
2779   639    18         45.1539    49.0673    8.6668     % 
LB close or above UB, fathomed
2780   638    18         45.1539    49.0673    8.6668     % 
LB close or above UB, fathomed
2781   637    30         45.1539    49.0673    8.6668     % 
LB close or above UB, fathomed
2782   636    30         45.1539    49.0673    8.6668     % 
UB: 49.067322834645665
branching on 2 with b.
2783   637    31         45.1539    49.0673    8.6668     % 
UB: 49.067322834645665
branching on 3 with b.
2784   638    32         45.1539    49.0673    8.6668     % 
LB close or above UB, fathomed
2785   637    32         45.1539    49.0673    8.6668     % 
LB close or above UB, fathomed
2786   636    31         45.1539    49.0673    8.6668     % 
LB close or above UB, fathomed
2787   635    30         45.1539    49.0673    8.6668     % 
UB: 49.067322834645665
branching on 2 with b.
2788   636    30         45.1539    49.0673    8.6668     % 
UB: 49.067322834645665
branching on 2 with b.
2789   637    31         45.1539    49.0673    8.6668     % 
LB close or above UB, fathomed
2790   636    31         45.1539    49.0673    8.6668     % 
LB close or above UB, fathomed
2791   635    28         45.1539    49.0673    8.6668     % 
UB: 49.067322834645665
branching on 1 with b.
2792   636    28         45.1539    49.0673    8.6668     % 
LB close or above UB, fathomed
2793   635    23         45.1539    49.0673    8.6668     % 
LB close or above UB, fathomed
2794   634    23         45.1539    49.0673    8.6668     % 
UB: 49.067322834645665
branching on 1 with b.
2795   635    24         45.1539    49.0673    8.6668     % 
UB: 49.067322834645665
branching on 2 with b.
2796   636    24         45.1539    49.0673    8.6668     % 
LB close or above UB, fathomed
2797   635    37         45.1539    49.0673    8.6668     % 
LB close or above UB, fathomed
2798   634    37         45.1539    49.0673    8.6668     % 
UB: 49.067322834645665
branching on 3 with b.
2799   635    21         45.1539    49.0673    8.6668     % 
UB: 49.067322834645665
branching on CartesianIndex(1, 6) with c.
2800   636    22         45.1539    49.0673    8.6668     % 
LB close or above UB, fathomed
2801   635    22         45.1539    49.0673    8.6668     % 
UB: 49.067322834645665
branching on 2 with b.
2802   636    23         45.1539    49.0673    8.6668     % 
LB close or above UB, fathomed
2803   635    23         45.1539    49.0673    8.6668     % 
UB: 49.067322834645665
branching on CartesianIndex(1, 7) with c.
2804   636    24         45.1539    49.0673    8.6668     % 
UB: 49.067322834645665
branching on 3 with b.
2805   637    24         45.1539    49.0673    8.6668     % 
LB close or above UB, fathomed
2806   636    21         45.1539    49.0673    8.6668     % 
LB close or above UB, fathomed
2807   635    32         45.1539    49.0673    8.6668     % 
LB close or above UB, fathomed
2808   634    32         45.1539    49.0673    8.6668     % 
UB: 49.067322834645665
branching on 2 with b.
2809   635    23         45.1539    49.0673    8.6668     % 
UB: 49.067322834645665
branching on 3 with b.
2810   636    24         45.1539    49.0673    8.6668     % 
UB: 49.067322834645665
branching on 1 with b.
2811   637    25         45.1539    49.0673    8.6668     % 
UB: 49.067322834645665
branching on 2 with b.
2812   638    25         45.1539    49.0673    8.6668     % 
LB close or above UB, fathomed
2813   637    24         45.1539    49.0673    8.6668     % 
LB close or above UB, fathomed
2814   636    23         45.1539    49.0673    8.6668     % 
LB close or above UB, fathomed
2815   635    25         45.1539    49.0673    8.6668     % 
UB: 49.067322834645665
branching on 3 with b.
2816   636    26         45.1539    49.0673    8.6668     % 
UB: 49.067322834645665
branching on 1 with b.
2817   637    26         45.1539    49.0673    8.6668     % 
LB close or above UB, fathomed
2818   636    25         45.1539    49.0673    8.6668     % 
LB close or above UB, fathomed
2819   635    20         45.1539    49.0673    8.6668     % 
LB close or above UB, fathomed
2820   634    20         45.1539    49.0673    8.6668     % 
UB: 49.067322834645665
branching on CartesianIndex(1, 5) with c.
2821   635    21         45.1539    49.0673    8.6668     % 
UB: 49.067322834645665
branching on CartesianIndex(1, 6) with c.
2822   636    22         45.1539    49.0673    8.6668     % 
LB close or above UB, fathomed
2823   635    22         45.1539    49.0673    8.6668     % 
UB: 49.067322834645665
branching on CartesianIndex(1, 7) with c.
2824   636    23         45.1539    49.0673    8.6668     % 
UB: 49.067322834645665
branching on 3 with b.
2825   637    24         45.1539    49.0673    8.6668     % 
UB: 49.067322834645665
branching on 1 with b.
2826   638    25         45.1539    49.0673    8.6668     % 
LB close or above UB, fathomed
2827   637    25         45.1539    49.0673    8.6668     % 
UB: 49.067322834645665
branching on 2 with b.
2828   638    26         45.1539    49.0673    8.6668     % 
LB close or above UB, fathomed
2829   637    26         45.1539    49.0673    8.6668     % 
UB: 49.067322834645665
branching on 3 with b.
2830   638    27         45.1539    49.0673    8.6668     % 
UB: 49.067322834645665
branching on 1 with b.
2831   639    28         45.1539    49.0673    8.6668     % 
LB close or above UB, fathomed
2832   638    28         45.1539    49.0673    8.6668     % 
UB: 49.067322834645665
branching on 2 with b.
2833   639    29         45.1539    49.0673    8.6668     % 
LB close or above UB, fathomed
2834   638    29         45.1539    49.0673    8.6668     % 
UB: 49.067322834645665
branching on 3 with b.
2835   639    30         45.1539    49.0673    8.6668     % 
UB: 49.067322834645665
branching on 1 with b.
2836   640    30         45.1539    49.0673    8.6668     % 
LB close or above UB, fathomed
2837   639    27         45.1539    49.0673    8.6668     % 
LB close or above UB, fathomed
2838   638    24         45.1539    49.0673    8.6668     % 
LB close or above UB, fathomed
2839   637    23         45.1539    49.0673    8.6668     % 
LB close or above UB, fathomed
2840   636    21         45.1539    49.0673    8.6668     % 
LB close or above UB, fathomed
2841   635    25         45.1539    49.0673    8.6668     % 
LB close or above UB, fathomed
2842   634    25         45.1539    49.0673    8.6668     % 
UB: 49.067322834645665
branching on 1 with b.
2843   635    26         45.1539    49.0673    8.6668     % 
UB: 49.067322834645665
branching on 2 with b.
2844   636    26         45.1539    49.0673    8.6668     % 
LB close or above UB, fathomed
2845   635    37         45.1539    49.0673    8.6668     % 
UB: 49.067322834645665
branching on 2 with b.
2846   636    38         45.1539    49.0673    8.6668     % 
UB: 49.067322834645665
branching on 3 with b.
2847   637    38         45.1539    49.0673    8.6668     % 
LB close or above UB, fathomed
2848   636    37         45.1539    49.0673    8.6668     % 
LB close or above UB, fathomed
2849   635    34         45.1539    49.0673    8.6668     % 
UB: 49.067322834645665
branching on 3 with b.
2850   636    35         45.1539    49.0673    8.6668     % 
LB close or above UB, fathomed
2851   635    35         45.1539    49.0673    8.6668     % 
UB: 49.067322834645665
branching on 1 with b.
2852   636    34         45.1539    49.0673    8.6668     % 
LB close or above UB, fathomed
2853   635    32         45.1539    49.0673    8.6668     % 
LB close or above UB, fathomed
2854   634    32         45.1539    49.0673    8.6668     % 
UB: 49.067322834645665
branching on 1 with b.
2855   635    29         45.1539    49.0673    8.6668     % 
LB close or above UB, fathomed
2856   634    29         45.1539    49.0673    8.6668     % 
LB close or above UB, fathomed
2857   633    13         45.1539    49.0673    8.6668     % 
LB close or above UB, fathomed
2858   632    13         45.1539    49.0673    8.6668     % 
UB: 49.067322834645665
branching on CartesianIndex(1, 5) with c.
2859   633    14         45.1539    49.0673    8.6668     % 
UB: 49.067322834645665
branching on 2 with b.
2860   634    15         45.1539    49.0673    8.6668     % 
LB close or above UB, fathomed
2861   633    15         45.1539    49.0673    8.6668     % 
LB close or above UB, fathomed
2862   632    14         45.1539    49.0673    8.6668     % 
LB close or above UB, fathomed
2863   631    38         45.1539    49.0673    8.6668     % 
UB: 49.067322834645665
branching on 1 with b.
2864   632    39         45.1539    49.0673    8.6668     % 
UB: 49.067322834645665
branching on 2 with b.
2865   633    40         45.1539    49.0673    8.6668     % 
UB: 49.067322834645665
branching on 3 with b.
2866   634    40         45.1539    49.0673    8.6668     % 
LB close or above UB, fathomed
2867   633    39         45.1539    49.0673    8.6668     % 
UB: 49.067322834645665
branching on 2 with b.
2868   634    38         45.1539    49.0673    8.6668     % 
LB close or above UB, fathomed
2869   633    41         45.1539    49.0673    8.6668     % 
UB: 49.067322834645665
branching on 1 with b.
2870   633    41         45.1539    49.0673    8.6668     % 
UB: 49.067322834645665
branching on 1 with b.
2871   633    38         45.1539    49.0673    8.6668     % 
UB: 49.067322834645665
branching on 1 with b.
2872   634    39         45.1539    49.0673    8.6668     % 
UB: 49.067322834645665
branching on 2 with b.
2873   635    39         45.1539    49.0673    8.6668     % 
UB: 49.067322834645665
branching on 2 with b.
2874   636    40         45.1539    49.0673    8.6668     % 
UB: 49.067322834645665
branching on 3 with b.
2875   637    40         45.1539    49.0673    8.6668     % 
LB close or above UB, fathomed
2876   636    38         45.1539    49.0673    8.6668     % 
LB close or above UB, fathomed
2877   635    41         45.1539    49.0673    8.6668     % 
UB: 49.067322834645665
branching on 1 with b.
2878   635    41         45.1539    49.0673    8.6668     % 
UB: 49.067322834645665
branching on 1 with b.
2879   635    40         45.1539    49.0673    8.6668     % 
UB: 49.067322834645665
branching on 3 with b.
2880   636    40         45.1539    49.0673    8.6668     % 
LB close or above UB, fathomed
2881   635    42         45.1539    49.0673    8.6668     % 
UB: 49.067322834645665
branching on 2 with b.
2882   636    42         45.1539    49.0673    8.6668     % 
UB: 49.067322834645665
branching on 2 with b.
2883   637    43         45.1539    49.0673    8.6668     % 
UB: 49.067322834645665
branching on 3 with b.
2884   638    44         45.1539    49.0673    8.6668     % 
UB: 49.067322834645665
branching on 1 with b.
2885   639    45         45.1539    49.0673    8.6668     % 
UB: 49.067322834645665
branching on 2 with b.
2886   639    45         45.1539    49.0673    8.6668     % 
UB: 49.067322834645665
branching on 2 with b.
2887   639    44         45.1539    49.0673    8.6668     % 
UB: 49.067322834645665
branching on 1 with b.
2888   640    45         45.1539    49.0673    8.6668     % 
UB: 49.067322834645665
branching on 2 with b.
2889   640    45         45.1539    49.0673    8.6668     % 
UB: 49.067322834645665
branching on 2 with b.
2890   640    43         45.1539    49.0673    8.6668     % 
UB: 49.067322834645665
branching on 3 with b.
2891   641    41         45.1539    49.0673    8.6668     % 
UB: 49.067322834645665
branching on 1 with b.
2892   642    41         45.1539    49.0673    8.6668     % 
UB: 49.067322834645665
branching on 1 with b.
2893   643    42         45.1539    49.0673    8.6668     % 
UB: 49.067322834645665
branching on 2 with b.
2894   644    42         45.1539    49.0673    8.6668     % 
UB: 49.067322834645665
branching on 2 with b.
2895   645    41         45.1539    49.0673    8.6668     % 
UB: 49.067322834645665
branching on 1 with b.
2896   646    41         45.1539    49.0673    8.6668     % 
UB: 49.067322834645665
branching on 1 with b.
2897   647    40         45.1539    49.0673    8.6668     % 
UB: 49.067322834645665
branching on 3 with b.
2898   648    40         45.1539    49.0673    8.6668     % 
LB close or above UB, fathomed
2899   647    15         45.1539    49.0673    8.6668     % 
UB: 49.067322834645665
branching on CartesianIndex(3, 3) with a.
2900   648    15         45.1539    49.0673    8.6668     % 
UB: 49.067322834645665
branching on 1 with b.
2901   649    16         45.1539    49.0673    8.6668     % 
LB close or above UB, fathomed
2902   648    16         45.1539    49.0673    8.6668     % 
UB: 49.067322834645665
branching on CartesianIndex(2, 3) with a.
2903   649    21         45.1539    49.0673    8.6668     % 
UB: 49.067322834645665
branching on 3 with b.
2904   650    21         45.1539    49.0673    8.6668     % 
LB close or above UB, fathomed
2905   649    29         45.1539    49.0673    8.6668     % 
UB: 49.067322834645665
branching on 3 with b.
2906   650    30         45.1539    49.0673    8.6668     % 
LB close or above UB, fathomed
2907   649    30         45.1539    49.0673    8.6668     % 
LB close or above UB, fathomed
2908   648    29         45.1539    49.0673    8.6668     % 
LB close or above UB, fathomed
2909   647    32         45.1539    49.0673    8.6668     % 
UB: 49.067322834645665
branching on 3 with b.
2910   648    33         45.1539    49.0673    8.6668     % 
UB: 49.067322834645665
branching on 1 with b.
2911   649    33         45.1539    49.0673    8.6668     % 
UB: 49.067322834645665
branching on 1 with b.
2912   650    32         45.1539    49.0673    8.6668     % 
LB close or above UB, fathomed
2913   649    34         45.1539    49.0673    8.6668     % 
UB: 49.067322834645665
branching on 2 with b.
2914   650    35         45.1539    49.0673    8.6668     % 
LB close or above UB, fathomed
2915   649    35         45.1539    49.0673    8.6668     % 
UB: 49.067322834645665
branching on 3 with b.
2916   650    34         45.1539    49.0673    8.6668     % 
UB: 49.067322834645665
branching on 2 with b.
2917   651    34         45.1539    49.0673    8.6668     % 
UB: 49.067322834645665
branching on 2 with b.
2918   652    35         45.1539    49.0673    8.6668     % 
LB close or above UB, fathomed
2919   651    35         45.1539    49.0673    8.6668     % 
UB: 49.067322834645665
branching on 3 with b.
2920   652    34         45.1539    49.0673    8.6668     % 
UB: 49.067322834645665
branching on 2 with b.
2921   653    34         45.1539    49.0673    8.6668     % 
LB close or above UB, fathomed
2922   652    34         45.1539    49.0673    8.6668     % 
LB close or above UB, fathomed
2923   651    33         45.1539    49.0673    8.6668     % 
LB close or above UB, fathomed
2924   650    33         45.1539    49.0673    8.6668     % 
UB: 49.067322834645665
branching on 3 with b.
2925   651    34         45.1539    49.0673    8.6668     % 
LB close or above UB, fathomed
2926   650    34         45.1539    49.0673    8.6668     % 
UB: 49.067322834645665
branching on 3 with b.
2927   651    38         45.1539    49.0673    8.6668     % 
UB: 49.067322834645665
branching on 1 with b.
2928   651    38         45.1539    49.0673    8.6668     % 
UB: 49.067322834645665
branching on 1 with b.
2929   651    39         45.1539    49.0673    8.6668     % 
UB: 49.067322834645665
branching on 2 with b.
2930   652    40         45.1539    49.0673    8.6668     % 
UB: 49.067322834645665
branching on 3 with b.
2931   653    40         45.1539    49.0673    8.6668     % 
LB close or above UB, fathomed
2932   652    35         45.1539    49.0673    8.6668     % 
UB: 49.067322834645665
branching on 1 with b.
2933   653    36         45.1539    49.0673    8.6668     % 
UB: 49.067322834645665
branching on 2 with b.
2934   654    37         45.1539    49.0673    8.6668     % 
LB close or above UB, fathomed
2935   653    37         45.1539    49.0673    8.6668     % 
UB: 49.067322834645665
branching on 3 with b.
2936   654    36         45.1539    49.0673    8.6668     % 
UB: 49.067322834645665
branching on 2 with b.
2937   655    37         45.1539    49.0673    8.6668     % 
LB close or above UB, fathomed
2938   654    37         45.1539    49.0673    8.6668     % 
UB: 49.067322834645665
branching on 3 with b.
2939   655    35         45.1539    49.0673    8.6668     % 
UB: 49.067322834645665
branching on 1 with b.
2940   656    37         45.1539    49.0673    8.6668     % 
LB close or above UB, fathomed
2941   655    37         45.1539    49.0673    8.6668     % 
LB close or above UB, fathomed
2942   654    29         45.1539    49.0673    8.6668     % 
UB: 49.067322834645665
branching on 1 with b.
2943   655    29         45.1539    49.0673    8.6668     % 
LB close or above UB, fathomed
2944   654    29         45.1539    49.0673    8.6668     % 
LB close or above UB, fathomed
2945   653    29         45.1539    49.0673    8.6668     % 
LB close or above UB, fathomed
2946   652    29         45.1539    49.0673    8.6668     % 
LB close or above UB, fathomed
2947   651    29         45.1539    49.0673    8.6668     % 
LB close or above UB, fathomed
2948   650    35         45.1539    49.0673    8.6668     % 
LB close or above UB, fathomed
2949   649    35         45.1539    49.0673    8.6668     % 
UB: 49.067322834645665
branching on 3 with b.
2950   650    36         45.1539    49.0673    8.6668     % 
LB close or above UB, fathomed
2951   649    36         45.1539    49.0673    8.6668     % 
UB: 49.067322834645665
branching on 1 with b.
2952   649    35         45.1539    49.0673    8.6668     % 
LB close or above UB, fathomed
2953   648    35         45.1539    49.0673    8.6668     % 
UB: 49.067322834645665
branching on 3 with b.
2954   649    36         45.1539    49.0673    8.6668     % 
UB: 49.067322834645665
branching on 1 with b.
2955   649    37         45.1539    49.0673    8.6668     % 
UB: 49.067322834645665
branching on 2 with b.
2956   650    38         45.1539    49.0673    8.6668     % 
UB: 49.067322834645665
branching on 3 with b.
2957   651    38         45.1539    49.0673    8.6668     % 
LB close or above UB, fathomed
2958   650    36         45.1539    49.0673    8.6668     % 
LB close or above UB, fathomed
2959   649    36         45.1539    49.0673    8.6668     % 
LB close or above UB, fathomed
2960   648    36         45.1539    49.0673    8.6668     % 
UB: 49.067322834645665
branching on 1 with b.
2961   649    35         45.1539    49.0673    8.6668     % 
LB close or above UB, fathomed
2962   648    35         45.1539    49.0673    8.6668     % 
UB: 49.067322834645665
branching on 3 with b.
2963   649    36         45.1539    49.0673    8.6668     % 
UB: 49.067322834645665
branching on 1 with b.
2964   650    37         45.1539    49.0673    8.6668     % 
UB: 49.067322834645665
branching on 2 with b.
2965   651    37         45.1539    49.0673    8.6668     % 
UB: 49.067322834645665
branching on 2 with b.
2966   652    38         45.1539    49.0673    8.6668     % 
UB: 49.067322834645665
branching on 3 with b.
2967   653    38         45.1539    49.0673    8.6668     % 
LB close or above UB, fathomed
2968   652    36         45.1539    49.0673    8.6668     % 
LB close or above UB, fathomed
2969   651    42         45.1539    49.0673    8.6668     % 
UB: 49.067322834645665
branching on 2 with b.
2970   652    42         45.1539    49.0673    8.6668     % 
UB: 49.067322834645665
branching on 2 with b.
2971   653    38         45.1539    49.0673    8.6668     % 
UB: 49.067322834645665
branching on 1 with b.
2972   653    38         45.1539    49.0673    8.6668     % 
UB: 49.067322834645665
branching on 1 with b.
2973   653    39         45.1539    49.0673    8.6668     % 
UB: 49.067322834645665
branching on 2 with b.
2974   654    40         45.1539    49.0673    8.6668     % 
UB: 49.067322834645665
branching on 3 with b.
2975   655    40         45.1539    49.0673    8.6668     % 
LB close or above UB, fathomed
2976   654    34         45.1539    49.0673    8.6668     % 
UB: 49.067322834645665
branching on 2 with b.
2977   655    35         45.1539    49.0673    8.6668     % 
LB close or above UB, fathomed
2978   654    35         45.1539    49.0673    8.6668     % 
UB: 49.067322834645665
branching on 3 with b.
2979   655    34         45.1539    49.0673    8.6668     % 
LB close or above UB, fathomed
2980   654    34         45.1539    49.0673    8.6668     % 
UB: 49.067322834645665
branching on 2 with b.
2981   655    35         45.1539    49.0673    8.6668     % 
LB close or above UB, fathomed
2982   654    35         45.1539    49.0673    8.6668     % 
UB: 49.067322834645665
branching on 3 with b.
2983   655    34         45.1539    49.0673    8.6668     % 
LB close or above UB, fathomed
2984   654    26         45.1539    49.0673    8.6668     % 
LB close or above UB, fathomed
2985   653    26         45.1539    49.0673    8.6668     % 
UB: 49.067322834645665
branching on 2 with b.
2986   654    27         45.1539    49.0673    8.6668     % 
LB close or above UB, fathomed
2987   653    27         45.1539    49.0673    8.6668     % 
UB: 49.067322834645665
branching on 3 with b.
2988   654    28         45.1539    49.0673    8.6668     % 
UB: 49.067322834645665
branching on 1 with b.
2989   655    28         45.1539    49.0673    8.6668     % 
LB close or above UB, fathomed
2990   654    21         45.1539    49.0673    8.6668     % 
LB close or above UB, fathomed
2991   653    21         45.1539    49.0673    8.6668     % 
UB: 49.067322834645665
branching on CartesianIndex(1, 7) with c.
2992   654    19         45.1539    49.0673    8.6668     % 
LB close or above UB, fathomed
2993   653    19         45.1539    49.0673    8.6668     % 
LB close or above UB, fathomed
2994   652    27         45.1539    49.0673    8.6668     % 
LB close or above UB, fathomed
2995   651    27         45.1539    49.0673    8.6668     % 
LB close or above UB, fathomed
2996   650    26         45.1539    49.0673    8.6668     % 
LB close or above UB, fathomed
2997   649    26         45.1539    49.0673    8.6668     % 
LB close or above UB, fathomed
2998   648    36         45.1539    49.0673    8.6668     % 
UB: 49.067322834645665
branching on 2 with b.
2999   649    37         45.1539    49.0673    8.6668     % 
LB close or above UB, fathomed
3000   648    37         45.1539    49.0673    8.6668     % 
UB: 49.067322834645665
branching on 3 with b.
3001   649    36         45.1539    49.0673    8.6668     % 
UB: 49.067322834645665
branching on 2 with b.
3002   650    38         45.1539    49.0673    8.6668     % 
UB: 49.067322834645665
branching on 1 with b.
3003   651    38         45.1539    49.0673    8.6668     % 
UB: 49.067322834645665
branching on 1 with b.
3004   652    39         45.1539    49.0673    8.6668     % 
UB: 49.067322834645665
branching on 2 with b.
3005   653    39         45.1539    49.0673    8.6668     % 
UB: 49.067322834645665
branching on 2 with b.
3006   654    40         45.1539    49.0673    8.6668     % 
LB close or above UB, fathomed
3007   653    40         45.1539    49.0673    8.6668     % 
UB: 49.067322834645665
branching on 3 with b.
3008   654    28         45.1539    49.0673    8.6668     % 
LB close or above UB, fathomed
3009   653    28         45.1539    49.0673    8.6668     % 
UB: 49.067322834645665
branching on 3 with b.
3010   654    29         45.1539    49.0673    8.6668     % 
LB close or above UB, fathomed
3011   653    29         45.1539    49.0673    8.6668     % 
UB: 49.067322834645665
branching on 1 with b.
3012   654    30         45.1539    49.0673    8.6668     % 
LB close or above UB, fathomed
3013   653    30         45.1539    49.0673    8.6668     % 
UB: 49.067322834645665
branching on 2 with b.
3014   654    31         45.1539    49.0673    8.6668     % 
LB close or above UB, fathomed
3015   653    31         45.1539    49.0673    8.6668     % 
UB: 49.067322834645665
branching on 3 with b.
3016   654    38         45.1539    49.0673    8.6668     % 
LB close or above UB, fathomed
3017   653    38         45.1539    49.0673    8.6668     % 
LB close or above UB, fathomed
3018   652    38         45.1539    49.0673    8.6668     % 
LB close or above UB, fathomed
3019   651    38         45.1539    49.0673    8.6668     % 
LB close or above UB, fathomed
3020   650    38         45.1539    49.0673    8.6668     % 
UB: 49.067322834645665
branching on 1 with b.
3021   651    38         45.1539    49.0673    8.6668     % 
UB: 49.067322834645665
branching on 1 with b.
3022   652    39         45.1539    49.0673    8.6668     % 
LB close or above UB, fathomed
3023   651    39         45.1539    49.0673    8.6668     % 
UB: 49.067322834645665
branching on 2 with b.
3024   652    40         45.1539    49.0673    8.6668     % 
UB: 49.067322834645665
branching on 3 with b.
3025   653    40         45.1539    49.0673    8.6668     % 
LB close or above UB, fathomed
3026   652    40         45.1539    49.0673    8.6668     % 
UB: 49.067322834645665
branching on 3 with b.
3027   653    40         45.1539    49.0673    8.6668     % 
LB close or above UB, fathomed
3028   652    38         45.1539    49.0673    8.6668     % 
UB: 49.067322834645665
branching on 1 with b.
3029   653    39         45.1539    49.0673    8.6668     % 
UB: 49.067322834645665
branching on 2 with b.
3030   654    40         45.1539    49.0673    8.6668     % 
UB: 49.067322834645665
branching on 3 with b.
3031   655    40         45.1539    49.0673    8.6668     % 
LB close or above UB, fathomed
3032   654    39         45.1539    49.0673    8.6668     % 
LB close or above UB, fathomed
3033   653    38         45.1539    49.0673    8.6668     % 
LB close or above UB, fathomed
3034   652    36         45.1539    49.0673    8.6668     % 
UB: 49.067322834645665
branching on 1 with b.
3035   653    37         45.1539    49.0673    8.6668     % 
UB: 49.067322834645665
branching on 2 with b.
3036   654    38         45.1539    49.0673    8.6668     % 
LB close or above UB, fathomed
3037   653    38         45.1539    49.0673    8.6668     % 
UB: 49.067322834645665
branching on 3 with b.
3038   654    37         45.1539    49.0673    8.6668     % 
LB close or above UB, fathomed
3039   653    36         45.1539    49.0673    8.6668     % 
LB close or above UB, fathomed
3040   652    35         45.1539    49.0673    8.6668     % 
LB close or above UB, fathomed
3041   651    35         45.1539    49.0673    8.6668     % 
LB close or above UB, fathomed
3042   650    36         45.1539    49.0673    8.6668     % 
LB close or above UB, fathomed
3043   649    36         45.1539    49.0673    8.6668     % 
UB: 49.067322834645665
branching on 2 with b.
3044   650    36         45.1539    49.0673    8.6668     % 
LB close or above UB, fathomed
3045   649    36         45.1539    49.0673    8.6668     % 
UB: 49.067322834645665
branching on 1 with b.
3046   650    36         45.1539    49.0673    8.6668     % 
LB close or above UB, fathomed
3047   649    36         45.1539    49.0673    8.6668     % 
UB: 49.067322834645665
branching on 1 with b.
3048   650    36         45.1539    49.0673    8.6668     % 
UB: 49.067322834645665
branching on 1 with b.
3049   651    37         45.1539    49.0673    8.6668     % 
UB: 49.067322834645665
branching on 2 with b.
3050   652    38         45.1539    49.0673    8.6668     % 
UB: 49.067322834645665
branching on 3 with b.
3051   653    38         45.1539    49.0673    8.6668     % 
LB close or above UB, fathomed
3052   652    37         45.1539    49.0673    8.6668     % 
LB close or above UB, fathomed
3053   651    36         45.1539    49.0673    8.6668     % 
LB close or above UB, fathomed
3054   650    38         45.1539    49.0673    8.6668     % 
UB: 49.067322834645665
branching on 1 with b.
3055   651    38         45.1539    49.0673    8.6668     % 
UB: 49.067322834645665
branching on 1 with b.
3056   652    39         45.1539    49.0673    8.6668     % 
UB: 49.067322834645665
branching on 2 with b.
3057   653    39         45.1539    49.0673    8.6668     % 
UB: 49.067322834645665
branching on 2 with b.
3058   654    40         45.1539    49.0673    8.6668     % 
LB close or above UB, fathomed
3059   653    40         45.1539    49.0673    8.6668     % 
UB: 49.067322834645665
branching on 3 with b.
3060   654    37         45.1539    49.0673    8.6668     % 
LB close or above UB, fathomed
3061   653    37         45.1539    49.0673    8.6668     % 
UB: 49.067322834645665
branching on 3 with b.
3062   654    27         45.1539    49.0673    8.6668     % 
LB close or above UB, fathomed
3063   653    27         45.1539    49.0673    8.6668     % 
LB close or above UB, fathomed
3064   652    29         45.1539    49.0673    8.6668     % 
LB close or above UB, fathomed
3065   651    29         45.1539    49.0673    8.6668     % 
LB close or above UB, fathomed
3066   650    36         45.1539    49.0673    8.6668     % 
UB: 49.067322834645665
branching on 2 with b.
3067   651    37         45.1539    49.0673    8.6668     % 
LB close or above UB, fathomed
3068   650    37         45.1539    49.0673    8.6668     % 
LB close or above UB, fathomed
3069   649    36         45.1539    49.0673    8.6668     % 
UB: 49.067322834645665
branching on 2 with b.
3070   650    37         45.1539    49.0673    8.6668     % 
LB close or above UB, fathomed
3071   649    37         45.1539    49.0673    8.6668     % 
LB close or above UB, fathomed
3072   648    38         45.1539    49.0673    8.6668     % 
UB: 49.067322834645665
branching on 1 with b.
3073   649    38         45.1539    49.0673    8.6668     % 
UB: 49.067322834645665
branching on 1 with b.
3074   650    39         45.1539    49.0673    8.6668     % 
UB: 49.067322834645665
branching on 2 with b.
3075   651    40         45.1539    49.0673    8.6668     % 
LB close or above UB, fathomed
3076   650    40         45.1539    49.0673    8.6668     % 
UB: 49.067322834645665
branching on 3 with b.
3077   651    39         45.1539    49.0673    8.6668     % 
UB: 49.067322834645665
branching on 2 with b.
3078   652    30         45.1539    49.0673    8.6668     % 
UB: 49.067322834645665
branching on 2 with b.
3079   653    30         45.1539    49.0673    8.6668     % 
UB: 49.067322834645665
branching on 2 with b.
3080   654    31         45.1539    49.0673    8.6668     % 
LB close or above UB, fathomed
3081   653    31         45.1539    49.0673    8.6668     % 
UB: 49.067322834645665
branching on 3 with b.
3082   654    30         45.1539    49.0673    8.6668     % 
LB close or above UB, fathomed
3083   653    30         45.1539    49.0673    8.6668     % 
UB: 49.067322834645665
branching on 2 with b.
3084   654    31         45.1539    49.0673    8.6668     % 
LB close or above UB, fathomed
3085   653    31         45.1539    49.0673    8.6668     % 
UB: 49.067322834645665
branching on 3 with b.
3086   654    32         45.1539    49.0673    8.6668     % 
LB close or above UB, fathomed
3087   653    32         45.1539    49.0673    8.6668     % 
LB close or above UB, fathomed
3088   652    36         45.1539    49.0673    8.6668     % 
LB close or above UB, fathomed
3089   651    36         45.1539    49.0673    8.6668     % 
UB: 49.067322834645665
branching on 2 with b.
3090   652    31         45.1539    49.0673    8.6668     % 
LB close or above UB, fathomed
3091   651    31         45.1539    49.0673    8.6668     % 
UB: 49.067322834645665
branching on 3 with b.
3092   652    32         45.1539    49.0673    8.6668     % 
LB close or above UB, fathomed
3093   651    32         45.1539    49.0673    8.6668     % 
LB close or above UB, fathomed
3094   650    25         45.1539    49.0673    8.6668     % 
LB close or above UB, fathomed
3095   649    25         45.1539    49.0673    8.6668     % 
LB close or above UB, fathomed
3096   648    32         45.1539    49.0673    8.6668     % 
UB: 49.067322834645665
branching on 2 with b.
3097   649    33         45.1539    49.0673    8.6668     % 
LB close or above UB, fathomed
3098   648    33         45.1539    49.0673    8.6668     % 
UB: 49.067322834645665
branching on 3 with b.
3099   649    32         45.1539    49.0673    8.6668     % 
UB: 49.067322834645665
branching on 2 with b.
3100   650    33         45.1539    49.0673    8.6668     % 
LB close or above UB, fathomed
3101   649    33         45.1539    49.0673    8.6668     % 
UB: 49.067322834645665
branching on 3 with b.
3102   650    28         45.1539    49.0673    8.6668     % 
UB: 49.067322834645665
branching on 3 with b.
3103   651    28         45.1539    49.0673    8.6668     % 
LB close or above UB, fathomed
3104   650    12         45.1539    49.0673    8.6668     % 
LB close or above UB, fathomed
3105   649    12         45.1539    49.0673    8.6668     % 
LB close or above UB, fathomed
3106   648    27         45.1539    49.0673    8.6668     % 
LB close or above UB, fathomed
3107   647    27         45.1539    49.0673    8.6668     % 
UB: 49.067322834645665
branching on 1 with b.
3108   648    28         45.1539    49.0673    8.6668     % 
LB close or above UB, fathomed
3109   647    28         45.1539    49.0673    8.6668     % 
UB: 49.067322834645665
branching on 2 with b.
3110   648    29         45.1539    49.0673    8.6668     % 
UB: 49.067322834645665
branching on 3 with b.
3111   649    30         45.1539    49.0673    8.6668     % 
LB close or above UB, fathomed
3112   648    30         45.1539    49.0673    8.6668     % 
UB: 49.067322834645665
branching on 1 with b.
3113   649    31         45.1539    49.0673    8.6668     % 
LB close or above UB, fathomed
3114   648    31         45.1539    49.0673    8.6668     % 
UB: 49.067322834645665
branching on 2 with b.
3115   649    32         45.1539    49.0673    8.6668     % 
UB: 49.067322834645665
branching on 3 with b.
3116   650    33         45.1539    49.0673    8.6668     % 
LB close or above UB, fathomed
3117   649    33         45.1539    49.0673    8.6668     % 
LB close or above UB, fathomed
3118   648    32         45.1539    49.0673    8.6668     % 
LB close or above UB, fathomed
3119   647    29         45.1539    49.0673    8.6668     % 
LB close or above UB, fathomed
3120   646    35         45.1539    49.0673    8.6668     % 
UB: 49.067322834645665
branching on 1 with b.
3121   647    36         45.1539    49.0673    8.6668     % 
UB: 49.067322834645665
branching on 2 with b.
3122   648    36         45.1539    49.0673    8.6668     % 
LB close or above UB, fathomed
3123   647    35         45.1539    49.0673    8.6668     % 
UB: 49.067322834645665
branching on 1 with b.
3124   648    14         45.1539    49.0673    8.6668     % 
LB close or above UB, fathomed
3125   647    14         45.1539    49.0673    8.6668     % 
LB close or above UB, fathomed
3126   646    35         45.1539    49.0673    8.6668     % 
UB: 49.067322834645665
branching on 1 with b.
3127   647    36         45.1539    49.0673    8.6668     % 
LB close or above UB, fathomed
3128   646    36         45.1539    49.0673    8.6668     % 
UB: 49.067322834645665
branching on 2 with b.
3129   647    35         45.1539    49.0673    8.6668     % 
UB: 49.067322834645665
branching on 1 with b.
3130   648    25         45.1539    49.0673    8.6668     % 
LB close or above UB, fathomed
3131   647    25         45.1539    49.0673    8.6668     % 
LB close or above UB, fathomed
3132   646    21         45.1539    49.0673    8.6668     % 
LB close or above UB, fathomed
3133   645    21         45.1539    49.0673    8.6668     % 
UB: 49.067322834645665
branching on CartesianIndex(1, 6) with c.
3134   646    22         45.1539    49.0673    8.6668     % 
LB close or above UB, fathomed
3135   645    22         45.1539    49.0673    8.6668     % 
UB: 49.067322834645665
branching on 3 with b.
3136   646    23         45.1539    49.0673    8.6668     % 
LB close or above UB, fathomed
3137   645    23         45.1539    49.0673    8.6668     % 
UB: 49.067322834645665
branching on CartesianIndex(1, 7) with c.
3138   646    24         45.1539    49.0673    8.6668     % 
UB: 49.067322834645665
branching on 1 with b.
3139   647    25         45.1539    49.0673    8.6668     % 
LB close or above UB, fathomed
3140   646    25         45.1539    49.0673    8.6668     % 
LB close or above UB, fathomed
3141   645    24         45.1539    49.0673    8.6668     % 
LB close or above UB, fathomed
3142   644    20         45.1539    49.0673    8.6668     % 
UB: 49.067322834645665
branching on 3 with b.
3143   645    21         45.1539    49.0673    8.6668     % 
LB close or above UB, fathomed
3144   644    21         45.1539    49.0673    8.6668     % 
UB: 49.067322834645665
branching on 1 with b.
3145   645    22         45.1539    49.0673    8.6668     % 
LB close or above UB, fathomed
3146   644    22         45.1539    49.0673    8.6668     % 
LB close or above UB, fathomed
3147   643    20         45.1539    49.0673    8.6668     % 
LB close or above UB, fathomed
3148   642    25         45.1539    49.0673    8.6668     % 
LB close or above UB, fathomed
3149   641    25         45.1539    49.0673    8.6668     % 
LB close or above UB, fathomed
3150   640    33         45.1539    49.0673    8.6668     % 
UB: 49.067322834645665
branching on 1 with b.
3151   641    33         45.1539    49.0673    8.6668     % 
LB close or above UB, fathomed
3152   640    35         45.1539    49.0673    8.6668     % 
LB close or above UB, fathomed
3153   639    35         45.1539    49.0673    8.6668     % 
LB close or above UB, fathomed
3154   638    35         45.1539    49.0673    8.6668     % 
UB: 49.067322834645665
branching on 1 with b.
3155   639    36         45.1539    49.0673    8.6668     % 
LB close or above UB, fathomed
3156   638    36         45.1539    49.0673    8.6668     % 
UB: 49.067322834645665
branching on 2 with b.
3157   639    37         45.1539    49.0673    8.6668     % 
UB: 49.067322834645665
branching on 3 with b.
3158   640    38         45.1539    49.0673    8.6668     % 
UB: 49.067322834645665
branching on 1 with b.
3159   641    38         45.1539    49.0673    8.6668     % 
UB: 49.067322834645665
branching on 1 with b.
3160   642    39         45.1539    49.0673    8.6668     % 
UB: 49.067322834645665
branching on 2 with b.
3161   643    40         45.1539    49.0673    8.6668     % 
UB: 49.067322834645665
branching on 3 with b.
3162   644    41         45.1539    49.0673    8.6668     % 
UB: 49.067322834645665
branching on 1 with b.
3163   645    41         45.1539    49.0673    8.6668     % 
UB: 49.067322834645665
branching on 1 with b.
3164   646    40         45.1539    49.0673    8.6668     % 
LB close or above UB, fathomed
3165   645    39         45.1539    49.0673    8.6668     % 
LB close or above UB, fathomed
3166   644    37         45.1539    49.0673    8.6668     % 
LB close or above UB, fathomed
3167   643    35         45.1539    49.0673    8.6668     % 
LB close or above UB, fathomed
3168   642    30         45.1539    49.0673    8.6668     % 
UB: 49.067322834645665
branching on 3 with b.
3169   643    30         45.1539    49.0673    8.6668     % 
LB close or above UB, fathomed
3170   642    23         45.1539    49.0673    8.6668     % 
LB close or above UB, fathomed
3171   641    23         45.1539    49.0673    8.6668     % 
UB: 49.067322834645665
branching on 1 with b.
3172   642    24         45.1539    49.0673    8.6668     % 
LB close or above UB, fathomed
3173   641    24         45.1539    49.0673    8.6668     % 
LB close or above UB, fathomed
3174   640    29         45.1539    49.0673    8.6668     % 
LB close or above UB, fathomed
3175   639    29         45.1539    49.0673    8.6668     % 
LB close or above UB, fathomed
3176   638    18         45.1539    49.0673    8.6668     % 
LB close or above UB, fathomed
3177   637    18         45.1539    49.0673    8.6668     % 
LB close or above UB, fathomed
3178   636    16         45.1539    49.0673    8.6668     % 
LB close or above UB, fathomed
3179   635    16         45.1539    49.0673    8.6668     % 
LB close or above UB, fathomed
3180   634    16         45.1539    49.0673    8.6668     % 
LB close or above UB, fathomed
3181   633    16         45.1539    49.0673    8.6668     % 
LB close or above UB, fathomed
3182   632    18         45.1539    49.0673    8.6668     % 
LB close or above UB, fathomed
3183   631    18         45.1539    49.0673    8.6668     % 
UB: 49.067322834645665
branching on CartesianIndex(1, 7) with c.
3184   632    18         45.1539    49.0673    8.6668     % 
LB close or above UB, fathomed
3185   631    18         45.1539    49.0673    8.6668     % 
UB: 49.067322834645665
branching on CartesianIndex(1, 4) with c.
3186   632    19         45.1539    49.0673    8.6668     % 
UB: 49.067322834645665
branching on CartesianIndex(1, 5) with c.
3187   633    20         45.1539    49.0673    8.6668     % 
LB close or above UB, fathomed
3188   632    20         45.1539    49.0673    8.6668     % 
UB: 49.067322834645665
branching on CartesianIndex(1, 6) with c.
3189   633    21         45.1539    49.0673    8.6668     % 
LB close or above UB, fathomed
3190   632    21         45.1539    49.0673    8.6668     % 
UB: 49.067322834645665
branching on 1 with b.
3191   633    22         45.1539    49.0673    8.6668     % 
LB close or above UB, fathomed
3192   632    22         45.1539    49.0673    8.6668     % 
LB close or above UB, fathomed
3193   631    19         45.1539    49.0673    8.6668     % 
UB: 49.067322834645665
branching on CartesianIndex(1, 5) with c.
3194   632    24         45.1539    49.0673    8.6668     % 
UB: 49.067322834645665
branching on 1 with b.
3195   633    25         45.1539    49.0673    8.6668     % 
UB: 49.067322834645665
branching on 2 with b.
3196   634    26         45.1539    49.0673    8.6668     % 
LB close or above UB, fathomed
3197   633    26         45.1539    49.0673    8.6668     % 
UB: 49.067322834645665
branching on 3 with b.
3198   634    27         45.1539    49.0673    8.6668     % 
UB: 49.067322834645665
branching on 1 with b.
3199   635    28         45.1539    49.0673    8.6668     % 
UB: 49.067322834645665
branching on 2 with b.
3200   636    28         45.1539    49.0673    8.6668     % 
LB close or above UB, fathomed
3201   635    27         45.1539    49.0673    8.6668     % 
LB close or above UB, fathomed
3202   634    25         45.1539    49.0673    8.6668     % 
LB close or above UB, fathomed
3203   633    24         45.1539    49.0673    8.6668     % 
LB close or above UB, fathomed
3204   632    15         45.1539    49.0673    8.6668     % 
UB: 49.067322834645665
branching on CartesianIndex(3, 2) with a.
3205   633    16         45.1539    49.0673    8.6668     % 
LB close or above UB, fathomed
3206   632    16         45.1539    49.0673    8.6668     % 
LB close or above UB, fathomed
3207   631    15         45.1539    49.0673    8.6668     % 
LB close or above UB, fathomed
3208   630    8          45.1539    49.0673    8.6668     % 
LB close or above UB, fathomed
3209   629    8          45.1539    49.0673    8.6668     % 
LB close or above UB, fathomed
3210   628    22         45.1539    49.0673    8.6668     % 
UB: 49.067322834645665
branching on 2 with b.
3211   629    23         45.1539    49.0673    8.6668     % 
LB close or above UB, fathomed
3212   628    23         45.1539    49.0673    8.6668     % 
UB: 49.067322834645665
branching on 3 with b.
3213   629    24         45.1539    49.0673    8.6668     % 
UB: 49.067322834645665
branching on 1 with b.
3214   630    25         45.1539    49.0673    8.6668     % 
LB close or above UB, fathomed
3215   629    25         45.1539    49.0673    8.6668     % 
UB: 49.067322834645665
branching on 2 with b.
3216   630    24         45.1539    49.0673    8.6668     % 
LB close or above UB, fathomed
3217   629    22         45.1539    49.0673    8.6668     % 
LB close or above UB, fathomed
3218   628    19         45.1539    49.0673    8.6668     % 
UB: 49.067322834645665
branching on CartesianIndex(1, 4) with c.
3219   629    20         45.1539    49.0673    8.6668     % 
LB close or above UB, fathomed
3220   628    20         45.1539    49.0673    8.6668     % 
UB: 49.067322834645665
branching on 3 with b.
3221   629    21         45.1539    49.0673    8.6668     % 
UB: 49.067322834645665
branching on CartesianIndex(1, 5) with c.
3222   630    22         45.1539    49.0673    8.6668     % 
UB: 49.067322834645665
branching on CartesianIndex(1, 6) with c.
3223   631    23         45.1539    49.0673    8.6668     % 
UB: 49.067322834645665
branching on CartesianIndex(1, 7) with c.
3224   632    24         45.1539    49.0673    8.6668     % 
LB close or above UB, fathomed
3225   631    24         45.1539    49.0673    8.6668     % 
LB close or above UB, fathomed
3226   630    23         45.1539    49.0673    8.6668     % 
LB close or above UB, fathomed
3227   629    22         45.1539    49.0673    8.6668     % 
LB close or above UB, fathomed
3228   628    21         45.1539    49.0673    8.6668     % 
LB close or above UB, fathomed
3229   627    19         45.1539    49.0673    8.6668     % 
LB close or above UB, fathomed
3230   626    34         45.1539    49.0673    8.6668     % 
UB: 49.067322834645665
branching on 1 with b.
3231   627    35         45.1539    49.0673    8.6668     % 
LB close or above UB, fathomed
3232   626    35         45.1539    49.0673    8.6668     % 
LB close or above UB, fathomed
3233   625    34         45.1539    49.0673    8.6668     % 
LB close or above UB, fathomed
3234   624    40         45.1539    49.0673    8.6668     % 
UB: 49.067322834645665
branching on 3 with b.
3235   625    40         45.1539    49.0673    8.6668     % 
LB close or above UB, fathomed
3236   624    39         45.1539    49.0673    8.6668     % 
UB: 49.067322834645665
branching on 2 with b.
3237   625    40         45.1539    49.0673    8.6668     % 
UB: 49.067322834645665
branching on 3 with b.
3238   626    40         45.1539    49.0673    8.6668     % 
LB close or above UB, fathomed
3239   625    39         45.1539    49.0673    8.6668     % 
UB: 49.067322834645665
branching on 2 with b.
3240   626    39         45.1539    49.0673    8.6668     % 
UB: 49.067322834645665
branching on 2 with b.
3241   627    39         45.1539    49.0673    8.6668     % 
UB: 49.067322834645665
branching on 2 with b.
3242   628    40         45.1539    49.0673    8.6668     % 
UB: 49.067322834645665
branching on 3 with b.
3243   629    40         45.1539    49.0673    8.6668     % 
LB close or above UB, fathomed
3244   628    42         45.1539    49.0673    8.6668     % 
UB: 49.067322834645665
branching on 2 with b.
3245   629    42         45.1539    49.0673    8.6668     % 
UB: 49.067322834645665
branching on 2 with b.
3246   630    43         45.1539    49.0673    8.6668     % 
UB: 49.067322834645665
branching on 3 with b.
3247   630    44         45.1539    49.0673    8.6668     % 
UB: 49.067322834645665
branching on 1 with b.
3248   631    45         45.1539    49.0673    8.6668     % 
UB: 49.067322834645665
branching on 2 with b.
3249   631    45         45.1539    49.0673    8.6668     % 
UB: 49.067322834645665
branching on 2 with b.
3250   631    43         45.1539    49.0673    8.6668     % 
UB: 49.067322834645665
branching on 3 with b.
3251   631    39         45.1539    49.0673    8.6668     % 
UB: 49.067322834645665
branching on 2 with b.
3252   632    39         45.1539    49.0673    8.6668     % 
UB: 49.067322834645665
branching on 2 with b.
3253   633    40         45.1539    49.0673    8.6668     % 
UB: 49.067322834645665
branching on 3 with b.
3254   634    40         45.1539    49.0673    8.6668     % 
LB close or above UB, fathomed
3255   633    21         45.1539    49.0673    8.6668     % 
LB close or above UB, fathomed
3256   632    21         45.1539    49.0673    8.6668     % 
UB: 49.067322834645665
branching on CartesianIndex(1, 7) with c.
3257   633    22         45.1539    49.0673    8.6668     % 
UB: 49.067322834645665
branching on 2 with b.
3258   634    23         45.1539    49.0673    8.6668     % 
LB close or above UB, fathomed
3259   633    23         45.1539    49.0673    8.6668     % 
UB: 49.067322834645665
branching on 3 with b.
3260   634    24         45.1539    49.0673    8.6668     % 
LB close or above UB, fathomed
3261   633    24         45.1539    49.0673    8.6668     % 
UB: 49.067322834645665
branching on 1 with b.
3262   634    25         45.1539    49.0673    8.6668     % 
UB: 49.067322834645665
branching on 2 with b.
3263   635    26         45.1539    49.0673    8.6668     % 
UB: 49.067322834645665
branching on 3 with b.
3264   636    26         45.1539    49.0673    8.6668     % 
UB: 49.067322834645665
branching on 3 with b.
3265   637    25         45.1539    49.0673    8.6668     % 
LB close or above UB, fathomed
3266   636    22         45.1539    49.0673    8.6668     % 
LB close or above UB, fathomed
3267   635    32         45.1539    49.0673    8.6668     % 
UB: 49.067322834645665
branching on 1 with b.
3268   636    32         45.1539    49.0673    8.6668     % 
LB close or above UB, fathomed
3269   635    41         45.1539    49.0673    8.6668     % 
UB: 49.067322834645665
branching on 1 with b.
3270   636    41         45.1539    49.0673    8.6668     % 
UB: 49.067322834645665
branching on 1 with b.
3271   637    42         45.1539    49.0673    8.6668     % 
UB: 49.067322834645665
branching on 2 with b.
3272   638    42         45.1539    49.0673    8.6668     % 
UB: 49.067322834645665
branching on 2 with b.
3273   639    43         45.1539    49.0673    8.6668     % 
UB: 49.067322834645665
branching on 3 with b.
3274   640    44         45.1539    49.0673    8.6668     % 
UB: 49.067322834645665
branching on 1 with b.
3275   641    44         45.1539    49.0673    8.6668     % 
UB: 49.067322834645665
branching on 1 with b.
3276   642    45         45.1539    49.0673    8.6668     % 
UB: 49.067322834645665
branching on 2 with b.
3277   642    45         45.1539    49.0673    8.6668     % 
UB: 49.067322834645665
branching on 2 with b.
3278   642    43         45.1539    49.0673    8.6668     % 
UB: 49.067322834645665
branching on 3 with b.
3279   643    30         45.1539    49.0673    8.6668     % 
UB: 49.067322834645665
branching on 2 with b.
3280   644    31         45.1539    49.0673    8.6668     % 
UB: 49.067322834645665
branching on 3 with b.
3281   645    32         45.1539    49.0673    8.6668     % 
LB close or above UB, fathomed
3282   644    32         45.1539    49.0673    8.6668     % 
UB: 49.067322834645665
branching on 1 with b.
3283   645    31         45.1539    49.0673    8.6668     % 
LB close or above UB, fathomed
3284   644    30         45.1539    49.0673    8.6668     % 
LB close or above UB, fathomed
3285   643    31         45.1539    49.0673    8.6668     % 
UB: 49.067322834645665
branching on 3 with b.
3286   644    32         45.1539    49.0673    8.6668     % 
UB: 49.067322834645665
branching on 1 with b.
3287   645    32         45.1539    49.0673    8.6668     % 
LB close or above UB, fathomed
3288   644    31         45.1539    49.0673    8.6668     % 
LB close or above UB, fathomed
3289   643    31         45.1539    49.0673    8.6668     % 
UB: 49.067322834645665
branching on 3 with b.
3290   644    32         45.1539    49.0673    8.6668     % 
UB: 49.067322834645665
branching on 1 with b.
3291   645    32         45.1539    49.0673    8.6668     % 
LB close or above UB, fathomed
3292   644    31         45.1539    49.0673    8.6668     % 
LB close or above UB, fathomed
3293   643    26         45.1539    49.0673    8.6668     % 
LB close or above UB, fathomed
3294   642    26         45.1539    49.0673    8.6668     % 
UB: 49.067322834645665
branching on 3 with b.
3295   643    26         45.1539    49.0673    8.6668     % 
LB close or above UB, fathomed
3296   642    26         45.1539    49.0673    8.6668     % 
LB close or above UB, fathomed
3297   641    41         45.1539    49.0673    8.6668     % 
UB: 49.067322834645665
branching on 1 with b.
3298   642    41         45.1539    49.0673    8.6668     % 
UB: 49.067322834645665
branching on 1 with b.
3299   643    33         45.1539    49.0673    8.6668     % 
UB: 49.067322834645665
branching on 2 with b.
3300   644    33         45.1539    49.0673    8.6668     % 
UB: 49.067322834645665
branching on 2 with b.
3301   645    17         45.1539    49.0673    8.6668     % 
UB: 49.067322834645665
branching on CartesianIndex(1, 4) with c.
3302   646    18         45.1539    49.0673    8.6668     % 
LB close or above UB, fathomed
3303   645    18         45.1539    49.0673    8.6668     % 
UB: 49.067322834645665
branching on CartesianIndex(1, 5) with c.
3304   646    19         45.1539    49.0673    8.6668     % 
UB: 49.067322834645665
branching on 1 with b.
3305   647    20         45.1539    49.0673    8.6668     % 
UB: 49.067322834645665
branching on CartesianIndex(1, 6) with c.
3306   648    21         45.1539    49.0673    8.6668     % 
UB: 49.067322834645665
branching on CartesianIndex(1, 7) with c.
3307   649    22         45.1539    49.0673    8.6668     % 
LB close or above UB, fathomed
3308   648    22         45.1539    49.0673    8.6668     % 
UB: 49.067322834645665
branching on 2 with b.
3309   649    23         45.1539    49.0673    8.6668     % 
UB: 49.067322834645665
branching on 3 with b.
3310   650    24         45.1539    49.0673    8.6668     % 
LB close or above UB, fathomed
3311   649    24         45.1539    49.0673    8.6668     % 
LB close or above UB, fathomed
3312   648    23         45.1539    49.0673    8.6668     % 
LB close or above UB, fathomed
3313   647    21         45.1539    49.0673    8.6668     % 
LB close or above UB, fathomed
3314   646    20         45.1539    49.0673    8.6668     % 
LB close or above UB, fathomed
3315   645    19         45.1539    49.0673    8.6668     % 
LB close or above UB, fathomed
3316   644    17         45.1539    49.0673    8.6668     % 
LB close or above UB, fathomed
3317   643    15         45.1539    49.0673    8.6668     % 
LB close or above UB, fathomed
3318   642    15         45.1539    49.0673    8.6668     % 
UB: 49.067322834645665
branching on 1 with b.
3319   643    16         45.1539    49.0673    8.6668     % 
UB: 49.067322834645665
branching on CartesianIndex(1, 5) with c.
3320   644    17         45.1539    49.0673    8.6668     % 
UB: 49.067322834645665
branching on CartesianIndex(1, 6) with c.
3321   645    18         45.1539    49.0673    8.6668     % 
LB close or above UB, fathomed
3322   644    18         45.1539    49.0673    8.6668     % 
UB: 49.067322834645665
branching on CartesianIndex(1, 7) with c.
3323   645    19         45.1539    49.0673    8.6668     % 
UB: 49.067322834645665
branching on 2 with b.
3324   646    20         45.1539    49.0673    8.6668     % 
UB: 49.067322834645665
branching on 3 with b.
3325   647    21         45.1539    49.0673    8.6668     % 
UB: 49.067322834645665
branching on 1 with b.
3326   648    22         45.1539    49.0673    8.6668     % 
UB: 49.067322834645665
branching on 2 with b.
3327   649    22         45.1539    49.0673    8.6668     % 
LB close or above UB, fathomed
3328   648    21         45.1539    49.0673    8.6668     % 
UB: 49.067322834645665
branching on 1 with b.
3329   649    22         45.1539    49.0673    8.6668     % 
UB: 49.067322834645665
branching on 2 with b.
3330   650    23         45.1539    49.0673    8.6668     % 
UB: 49.067322834645665
branching on 3 with b.
3331   651    24         45.1539    49.0673    8.6668     % 
UB: 49.067322834645665
branching on 1 with b.
3332   652    25         45.1539    49.0673    8.6668     % 
LB close or above UB, fathomed
3333   651    25         45.1539    49.0673    8.6668     % 
LB close or above UB, fathomed
3334   650    24         45.1539    49.0673    8.6668     % 
LB close or above UB, fathomed
3335   649    23         45.1539    49.0673    8.6668     % 
LB close or above UB, fathomed
3336   648    22         45.1539    49.0673    8.6668     % 
LB close or above UB, fathomed
3337   647    20         45.1539    49.0673    8.6668     % 
LB close or above UB, fathomed
3338   646    19         45.1539    49.0673    8.6668     % 
LB close or above UB, fathomed
3339   645    17         45.1539    49.0673    8.6668     % 
LB close or above UB, fathomed
3340   644    16         45.1539    49.0673    8.6668     % 
LB close or above UB, fathomed
3341   643    21         45.1539    49.0673    8.6668     % 
LB close or above UB, fathomed
3342   642    21         45.1539    49.0673    8.6668     % 
UB: 49.067322834645665
branching on CartesianIndex(1, 5) with c.
3343   643    22         45.1539    49.0673    8.6668     % 
UB: 49.067322834645665
branching on 3 with b.
3344   644    23         45.1539    49.0673    8.6668     % 
UB: 49.067322834645665
branching on CartesianIndex(1, 6) with c.
3345   645    24         45.1539    49.0673    8.6668     % 
LB close or above UB, fathomed
3346   644    24         45.1539    49.0673    8.6668     % 
UB: 49.067322834645665
branching on CartesianIndex(1, 7) with c.
3347   645    25         45.1539    49.0673    8.6668     % 
UB: 49.067322834645665
branching on 1 with b.
3348   646    26         45.1539    49.0673    8.6668     % 
LB close or above UB, fathomed
3349   645    26         45.1539    49.0673    8.6668     % 
LB close or above UB, fathomed
3350   644    25         45.1539    49.0673    8.6668     % 
LB close or above UB, fathomed
3351   643    23         45.1539    49.0673    8.6668     % 
LB close or above UB, fathomed
3352   642    22         45.1539    49.0673    8.6668     % 
LB close or above UB, fathomed
3353   641    26         45.1539    49.0673    8.6668     % 
UB: 49.067322834645665
branching on 1 with b.
3354   642    27         45.1539    49.0673    8.6668     % 
UB: 49.067322834645665
branching on 2 with b.
3355   643    27         45.1539    49.0673    8.6668     % 
LB close or above UB, fathomed
3356   642    26         45.1539    49.0673    8.6668     % 
LB close or above UB, fathomed
3357   641    28         45.1539    49.0673    8.6668     % 
LB close or above UB, fathomed
3358   640    28         45.1539    49.0673    8.6668     % 
UB: 49.067322834645665
branching on 3 with b.
3359   641    29         45.1539    49.0673    8.6668     % 
LB close or above UB, fathomed
3360   640    29         45.1539    49.0673    8.6668     % 
LB close or above UB, fathomed
3361   639    33         45.1539    49.0673    8.6668     % 
UB: 49.067322834645665
branching on 2 with b.
3362   640    33         45.1539    49.0673    8.6668     % 
UB: 49.067322834645665
branching on 2 with b.
3363   641    20         45.1539    49.0673    8.6668     % 
LB close or above UB, fathomed
3364   640    20         45.1539    49.0673    8.6668     % 
UB: 49.067322834645665
branching on 2 with b.
3365   641    21         45.1539    49.0673    8.6668     % 
LB close or above UB, fathomed
3366   640    21         45.1539    49.0673    8.6668     % 
UB: 49.067322834645665
branching on 3 with b.
3367   641    22         45.1539    49.0673    8.6668     % 
LB close or above UB, fathomed
3368   640    22         45.1539    49.0673    8.6668     % 
UB: 49.067322834645665
branching on CartesianIndex(1, 7) with c.
3369   641    23         45.1539    49.0673    8.6668     % 
UB: 49.067322834645665
branching on 1 with b.
3370   642    24         45.1539    49.0673    8.6668     % 
UB: 49.067322834645665
branching on 2 with b.
3371   643    25         45.1539    49.0673    8.6668     % 
LB close or above UB, fathomed
3372   642    25         45.1539    49.0673    8.6668     % 
UB: 49.067322834645665
branching on 3 with b.
3373   643    26         45.1539    49.0673    8.6668     % 
LB close or above UB, fathomed
3374   642    26         45.1539    49.0673    8.6668     % 
LB close or above UB, fathomed
3375   641    24         45.1539    49.0673    8.6668     % 
LB close or above UB, fathomed
3376   640    23         45.1539    49.0673    8.6668     % 
LB close or above UB, fathomed
3377   639    26         45.1539    49.0673    8.6668     % 
UB: 49.067322834645665
branching on 2 with b.
3378   640    26         45.1539    49.0673    8.6668     % 
LB close or above UB, fathomed
3379   639    36         45.1539    49.0673    8.6668     % 
UB: 49.067322834645665
branching on 2 with b.
3380   640    37         45.1539    49.0673    8.6668     % 
LB close or above UB, fathomed
3381   639    37         45.1539    49.0673    8.6668     % 
LB close or above UB, fathomed
3382   638    36         45.1539    49.0673    8.6668     % 
UB: 49.067322834645665
branching on 2 with b.
3383   639    37         45.1539    49.0673    8.6668     % 
LB close or above UB, fathomed
3384   638    37         45.1539    49.0673    8.6668     % 
LB close or above UB, fathomed
3385   637    19         45.1539    49.0673    8.6668     % 
LB close or above UB, fathomed
3386   636    19         45.1539    49.0673    8.6668     % 
UB: 49.067322834645665
branching on CartesianIndex(4, 3) with a.
3387   637    21         45.1539    49.0673    8.6668     % 
LB close or above UB, fathomed
3388   636    21         45.1539    49.0673    8.6668     % 
UB: 49.067322834645665
branching on 1 with b.
3389   637    22         45.1539    49.0673    8.6668     % 
LB close or above UB, fathomed
3390   636    22         45.1539    49.0673    8.6668     % 
LB close or above UB, fathomed
3391   635    20         45.1539    49.0673    8.6668     % 
UB: 49.067322834645665
branching on 2 with b.
3392   636    21         45.1539    49.0673    8.6668     % 
UB: 49.067322834645665
branching on 3 with b.
3393   637    22         45.1539    49.0673    8.6668     % 
LB close or above UB, fathomed
3394   636    22         45.1539    49.0673    8.6668     % 
UB: 49.067322834645665
branching on 1 with b.
3395   637    23         45.1539    49.0673    8.6668     % 
LB close or above UB, fathomed
3396   636    23         45.1539    49.0673    8.6668     % 
LB close or above UB, fathomed
3397   635    21         45.1539    49.0673    8.6668     % 
LB close or above UB, fathomed
3398   634    20         45.1539    49.0673    8.6668     % 
LB close or above UB, fathomed
3399   633    20         45.1539    49.0673    8.6668     % 
LB close or above UB, fathomed
3400   632    20         45.1539    49.0673    8.6668     % 
UB: 49.067322834645665
branching on CartesianIndex(1, 5) with c.
3401   633    21         45.1539    49.0673    8.6668     % 
UB: 49.067322834645665
branching on CartesianIndex(1, 6) with c.
3402   634    22         45.1539    49.0673    8.6668     % 
LB close or above UB, fathomed
3403   633    22         45.1539    49.0673    8.6668     % 
UB: 49.067322834645665
branching on CartesianIndex(1, 7) with c.
3404   634    23         45.1539    49.0673    8.6668     % 
UB: 49.067322834645665
branching on 1 with b.
3405   635    24         45.1539    49.0673    8.6668     % 
UB: 49.067322834645665
branching on 2 with b.
3406   636    25         45.1539    49.0673    8.6668     % 
UB: 49.067322834645665
branching on 3 with b.
3407   637    26         45.1539    49.0673    8.6668     % 
UB: 49.067322834645665
branching on 1 with b.
3408   638    27         45.1539    49.0673    8.6668     % 
LB close or above UB, fathomed
3409   637    27         45.1539    49.0673    8.6668     % 
LB close or above UB, fathomed
3410   636    26         45.1539    49.0673    8.6668     % 
LB close or above UB, fathomed
3411   635    25         45.1539    49.0673    8.6668     % 
LB close or above UB, fathomed
3412   634    24         45.1539    49.0673    8.6668     % 
LB close or above UB, fathomed
3413   633    23         45.1539    49.0673    8.6668     % 
LB close or above UB, fathomed
3414   632    21         45.1539    49.0673    8.6668     % 
LB close or above UB, fathomed
3415   631    21         45.1539    49.0673    8.6668     % 
LB close or above UB, fathomed
3416   630    21         45.1539    49.0673    8.6668     % 
UB: 49.067322834645665
branching on CartesianIndex(1, 7) with c.
3417   631    22         45.1539    49.0673    8.6668     % 
UB: 49.067322834645665
branching on 2 with b.
3418   632    23         45.1539    49.0673    8.6668     % 
UB: 49.067322834645665
branching on 3 with b.
3419   633    24         45.1539    49.0673    8.6668     % 
LB close or above UB, fathomed
3420   632    24         45.1539    49.0673    8.6668     % 
UB: 49.067322834645665
branching on 1 with b.
3421   633    25         45.1539    49.0673    8.6668     % 
UB: 49.067322834645665
branching on 2 with b.
3422   634    26         45.1539    49.0673    8.6668     % 
UB: 49.067322834645665
branching on 3 with b.
3423   635    27         45.1539    49.0673    8.6668     % 
LB close or above UB, fathomed
3424   634    27         45.1539    49.0673    8.6668     % 
LB close or above UB, fathomed
3425   633    26         45.1539    49.0673    8.6668     % 
LB close or above UB, fathomed
3426   632    25         45.1539    49.0673    8.6668     % 
LB close or above UB, fathomed
3427   631    23         45.1539    49.0673    8.6668     % 
LB close or above UB, fathomed
3428   630    22         45.1539    49.0673    8.6668     % 
LB close or above UB, fathomed
3429   629    16         45.2070    49.0673    8.5392     % 
LB close or above UB, fathomed
3430   628    16         45.2070    49.0673    8.5392     % 
LB close or above UB, fathomed
3431   627    13         46.7845    49.0673    4.8794     % 
UB: 49.067322834645665
branching on CartesianIndex(2, 3) with a.
3432   628    13         46.7845    49.0673    4.8794     % 
LB close or above UB, fathomed
3433   627    10         47.0461    49.0673    4.2963     % 
LB close or above UB, fathomed
3434   626    10         47.0461    49.0673    4.2963     % 
LB close or above UB, fathomed
3435   625    11         47.0570    49.0673    4.2722     % 
LB close or above UB, fathomed
3436   624    11         47.0570    49.0673    4.2722     % 
UB: 49.067322834645665
branching on 3 with b.
3437   625    12         47.0570    49.0673    4.2722     % 
UB: 49.067322834645665
branching on CartesianIndex(4, 3) with a.
3438   626    13         47.0570    49.0673    4.2722     % 
LB close or above UB, fathomed
3439   625    13         47.0570    49.0673    4.2722     % 
UB: 49.067322834645665
branching on CartesianIndex(1, 5) with c.
3440   626    14         47.0570    49.0673    4.2722     % 
LB close or above UB, fathomed
3441   625    14         47.0570    49.0673    4.2722     % 
UB: 49.067322834645665
branching on CartesianIndex(1, 6) with c.
3442   626    15         47.0570    49.0673    4.2722     % 
LB close or above UB, fathomed
3443   625    15         47.0570    49.0673    4.2722     % 
UB: 49.067322834645665
branching on 1 with b.
3444   626    16         47.0570    49.0673    4.2722     % 
LB close or above UB, fathomed
3445   625    16         47.0570    49.0673    4.2722     % 
LB close or above UB, fathomed
3446   624    12         47.0570    49.0673    4.2722     % 
LB close or above UB, fathomed
3447   623    10         47.0606    49.0673    4.2641     % 
LB close or above UB, fathomed
3448   622    10         47.0606    49.0673    4.2641     % 
LB close or above UB, fathomed
3449   621    8          47.0606    49.0673    4.2641     % 
LB close or above UB, fathomed
3450   620    8          47.0606    49.0673    4.2641     % 
UB: 49.067322834645665
branching on CartesianIndex(3, 1) with a.
3451   621    9          47.0606    49.0673    4.2641     % 
LB close or above UB, fathomed
3452   620    9          47.0606    49.0673    4.2641     % 
LB close or above UB, fathomed
3453   619    10         47.0606    49.0673    4.2641     % 
LB close or above UB, fathomed
3454   618    10         47.0606    49.0673    4.2641     % 
LB close or above UB, fathomed
3455   617    14         47.0606    49.0673    4.2641     % 
LB close or above UB, fathomed
3456   616    14         47.0606    49.0673    4.2641     % 
UB: 49.067322834645665
branching on 3 with b.
3457   617    15         47.0606    49.0673    4.2641     % 
LB close or above UB, fathomed
3458   616    15         47.0606    49.0673    4.2641     % 
UB: 49.067322834645665
branching on 1 with b.
3459   617    16         47.0606    49.0673    4.2641     % 
UB: 49.067322834645665
branching on CartesianIndex(1, 6) with c.
3460   618    17         47.0606    49.0673    4.2641     % 
LB close or above UB, fathomed
3461   617    17         47.0606    49.0673    4.2641     % 
UB: 49.067322834645665
branching on 3 with b.
3462   618    18         47.0606    49.0673    4.2641     % 
LB close or above UB, fathomed
3463   617    18         47.0606    49.0673    4.2641     % 
LB close or above UB, fathomed
3464   616    16         47.0606    49.0673    4.2641     % 
LB close or above UB, fathomed
3465   615    26         47.1009    49.0673    4.1749     % 
LB close or above UB, fathomed
3466   614    26         47.1009    49.0673    4.1749     % 
LB close or above UB, fathomed
3467   613    17         47.1106    49.0673    4.1534     % 
LB close or above UB, fathomed
3468   612    17         47.1106    49.0673    4.1534     % 
UB: 49.067322834645665
branching on CartesianIndex(1, 4) with c.
3469   613    18         47.1106    49.0673    4.1534     % 
LB close or above UB, fathomed
3470   612    18         47.1106    49.0673    4.1534     % 
UB: 49.067322834645665
branching on CartesianIndex(1, 5) with c.
3471   613    19         47.1106    49.0673    4.1534     % 
UB: 49.067322834645665
branching on CartesianIndex(1, 6) with c.
3472   614    20         47.1106    49.0673    4.1534     % 
LB close or above UB, fathomed
3473   613    20         47.1106    49.0673    4.1534     % 
UB: 49.067322834645665
branching on CartesianIndex(1, 7) with c.
3474   614    19         47.1106    49.0673    4.1534     % 
LB close or above UB, fathomed
3475   613    21         47.1106    49.0673    4.1534     % 
UB: 49.067322834645665
branching on 1 with b.
3476   614    22         47.1106    49.0673    4.1534     % 
LB close or above UB, fathomed
3477   613    22         47.1106    49.0673    4.1534     % 
LB close or above UB, fathomed
3478   612    21         47.1106    49.0673    4.1534     % 
LB close or above UB, fathomed
3479   611    21         47.1106    49.0673    4.1534     % 
UB: 49.067322834645665
branching on 3 with b.
3480   612    21         47.1106    49.0673    4.1534     % 
LB close or above UB, fathomed
3481   611    20         47.1106    49.0673    4.1534     % 
LB close or above UB, fathomed
3482   610    20         47.1106    49.0673    4.1534     % 
UB: 49.067322834645665
branching on CartesianIndex(1, 5) with c.
3483   611    21         47.1106    49.0673    4.1534     % 
UB: 49.067322834645665
branching on 1 with b.
3484   612    22         47.1106    49.0673    4.1534     % 
UB: 49.067322834645665
branching on CartesianIndex(1, 6) with c.
3485   613    22         47.1106    49.0673    4.1534     % 
LB close or above UB, fathomed
3486   612    21         47.1106    49.0673    4.1534     % 
LB close or above UB, fathomed
3487   611    22         47.1106    49.0673    4.1534     % 
LB close or above UB, fathomed
3488   610    22         47.1106    49.0673    4.1534     % 
UB: 49.067322834645665
branching on 1 with b.
3489   611    23         47.1106    49.0673    4.1534     % 
UB: 49.067322834645665
branching on 2 with b.
3490   612    24         47.1106    49.0673    4.1534     % 
UB: 49.067322834645665
branching on 3 with b.
3491   613    24         47.1106    49.0673    4.1534     % 
LB close or above UB, fathomed
3492   612    23         47.1106    49.0673    4.1534     % 
LB close or above UB, fathomed
3493   611    34         47.1106    49.0673    4.1534     % 
LB close or above UB, fathomed
3494   610    34         47.1106    49.0673    4.1534     % 
LB close or above UB, fathomed
3495   609    28         47.1106    49.0673    4.1534     % 
LB close or above UB, fathomed
3496   608    28         47.1106    49.0673    4.1534     % 
LB close or above UB, fathomed
3497   607    20         47.1106    49.0673    4.1534     % 
UB: 49.067322834645665
branching on 3 with b.
3498   608    21         47.1106    49.0673    4.1534     % 
LB close or above UB, fathomed
3499   607    21         47.1106    49.0673    4.1534     % 
UB: 49.067322834645665
branching on 1 with b.
3500   608    22         47.1106    49.0673    4.1534     % 
UB: 49.067322834645665
branching on 2 with b.
3501   609    22         47.1106    49.0673    4.1534     % 
LB close or above UB, fathomed
3502   608    20         47.1106    49.0673    4.1534     % 
LB close or above UB, fathomed
3503   607    34         47.1106    49.0673    4.1534     % 
LB close or above UB, fathomed
3504   606    34         47.1106    49.0673    4.1534     % 
LB close or above UB, fathomed
3505   605    23         47.1106    49.0673    4.1534     % 
UB: 49.067322834645665
branching on 3 with b.
3506   606    24         47.1106    49.0673    4.1534     % 
LB close or above UB, fathomed
3507   605    24         47.1106    49.0673    4.1534     % 
LB close or above UB, fathomed
3508   604    23         47.1106    49.0673    4.1534     % 
LB close or above UB, fathomed
3509   603    20         47.1106    49.0673    4.1534     % 
LB close or above UB, fathomed
3510   602    20         47.1106    49.0673    4.1534     % 
UB: 49.067322834645665
branching on CartesianIndex(1, 5) with c.
3511   603    31         47.1106    49.0673    4.1534     % 
UB: 49.067322834645665
branching on 3 with b.
3512   604    31         47.1106    49.0673    4.1534     % 
LB close or above UB, fathomed
3513   603    20         47.1106    49.0673    4.1534     % 
UB: 49.067322834645665
branching on CartesianIndex(1, 6) with c.
3514   604    21         47.1106    49.0673    4.1534     % 
LB close or above UB, fathomed
3515   603    21         47.1106    49.0673    4.1534     % 
UB: 49.067322834645665
branching on CartesianIndex(1, 7) with c.
3516   604    22         47.1106    49.0673    4.1534     % 
UB: 49.067322834645665
branching on 3 with b.
3517   605    23         47.1106    49.0673    4.1534     % 
LB close or above UB, fathomed
3518   604    23         47.1106    49.0673    4.1534     % 
UB: 49.067322834645665
branching on 1 with b.
3519   605    22         47.1106    49.0673    4.1534     % 
LB close or above UB, fathomed
3520   604    20         47.1106    49.0673    4.1534     % 
LB close or above UB, fathomed
3521   603    24         47.1106    49.0673    4.1534     % 
LB close or above UB, fathomed
3522   602    24         47.1106    49.0673    4.1534     % 
LB close or above UB, fathomed
3523   601    21         47.1106    49.0673    4.1534     % 
LB close or above UB, fathomed
3524   600    21         47.1106    49.0673    4.1534     % 
LB close or above UB, fathomed
3525   599    25         47.1106    49.0673    4.1534     % 
LB close or above UB, fathomed
3526   598    25         47.1106    49.0673    4.1534     % 
LB close or above UB, fathomed
3527   597    23         47.1106    49.0673    4.1534     % 
LB close or above UB, fathomed
3528   596    23         47.1106    49.0673    4.1534     % 
UB: 49.067322834645665
branching on CartesianIndex(1, 7) with c.
3529   597    24         47.1106    49.0673    4.1534     % 
UB: 49.067322834645665
branching on 2 with b.
3530   598    25         47.1106    49.0673    4.1534     % 
LB close or above UB, fathomed
3531   597    25         47.1106    49.0673    4.1534     % 
LB close or above UB, fathomed
3532   596    24         47.1106    49.0673    4.1534     % 
LB close or above UB, fathomed
3533   595    29         47.1106    49.0673    4.1534     % 
LB close or above UB, fathomed
3534   594    29         47.1106    49.0673    4.1534     % 
LB close or above UB, fathomed
3535   593    26         47.1106    49.0673    4.1534     % 
LB close or above UB, fathomed
3536   592    26         47.1106    49.0673    4.1534     % 
LB close or above UB, fathomed
3537   591    29         47.1106    49.0673    4.1534     % 
UB: 49.067322834645665
branching on 2 with b.
3538   592    30         47.1106    49.0673    4.1534     % 
LB close or above UB, fathomed
3539   591    30         47.1106    49.0673    4.1534     % 
UB: 49.067322834645665
branching on 3 with b.
3540   592    31         47.1106    49.0673    4.1534     % 
LB close or above UB, fathomed
3541   591    31         47.1106    49.0673    4.1534     % 
LB close or above UB, fathomed
3542   590    29         47.1106    49.0673    4.1534     % 
LB close or above UB, fathomed
3543   589    28         47.1106    49.0673    4.1534     % 
LB close or above UB, fathomed
3544   588    28         47.1106    49.0673    4.1534     % 
LB close or above UB, fathomed
3545   587    29         47.1106    49.0673    4.1534     % 
LB close or above UB, fathomed
3546   586    29         47.1106    49.0673    4.1534     % 
LB close or above UB, fathomed
3547   585    32         47.1106    49.0673    4.1534     % 
UB: 49.067322834645665
branching on 2 with b.
3548   586    33         47.1106    49.0673    4.1534     % 
UB: 49.067322834645665
branching on 3 with b.
3549   587    33         47.1106    49.0673    4.1534     % 
LB close or above UB, fathomed
3550   586    32         47.1106    49.0673    4.1534     % 
UB: 49.067322834645665
branching on 2 with b.
3551   587    33         47.1106    49.0673    4.1534     % 
UB: 49.067322834645665
branching on 3 with b.
3552   588    33         47.1106    49.0673    4.1534     % 
LB close or above UB, fathomed
3553   587    28         47.1106    49.0673    4.1534     % 
LB close or above UB, fathomed
3554   586    28         47.1106    49.0673    4.1534     % 
LB close or above UB, fathomed
3555   585    16         47.1106    49.0673    4.1534     % 
UB: 49.067322834645665
branching on CartesianIndex(4, 3) with a.
3556   586    17         47.1106    49.0673    4.1534     % 
LB close or above UB, fathomed
3557   585    17         47.1106    49.0673    4.1534     % 
UB: 49.067322834645665
branching on CartesianIndex(1, 4) with c.
3558   586    18         47.1106    49.0673    4.1534     % 
LB close or above UB, fathomed
3559   585    18         47.1106    49.0673    4.1534     % 
UB: 49.067322834645665
branching on CartesianIndex(1, 5) with c.
3560   586    19         47.1106    49.0673    4.1534     % 
UB: 49.067322834645665
branching on CartesianIndex(1, 6) with c.
3561   587    20         47.1106    49.0673    4.1534     % 
LB close or above UB, fathomed
3562   586    20         47.1106    49.0673    4.1534     % 
UB: 49.067322834645665
branching on CartesianIndex(1, 7) with c.
3563   587    21         47.1106    49.0673    4.1534     % 
UB: 49.067322834645665
branching on 1 with b.
3564   588    22         47.1106    49.0673    4.1534     % 
UB: 49.067322834645665
branching on 2 with b.
3565   589    23         47.1106    49.0673    4.1534     % 
LB close or above UB, fathomed
3566   588    23         47.1106    49.0673    4.1534     % 
UB: 49.067322834645665
branching on 3 with b.
3567   589    24         47.1106    49.0673    4.1534     % 
UB: 49.067322834645665
branching on 1 with b.
3568   590    25         47.1106    49.0673    4.1534     % 
LB close or above UB, fathomed
3569   589    25         47.1106    49.0673    4.1534     % 
LB close or above UB, fathomed
3570   588    24         47.1106    49.0673    4.1534     % 
LB close or above UB, fathomed
3571   587    22         47.1106    49.0673    4.1534     % 
LB close or above UB, fathomed
3572   586    21         47.1106    49.0673    4.1534     % 
LB close or above UB, fathomed
3573   585    19         47.1106    49.0673    4.1534     % 
LB close or above UB, fathomed
3574   584    16         47.1106    49.0673    4.1534     % 
LB close or above UB, fathomed
3575   583    32         47.1106    49.0673    4.1534     % 
LB close or above UB, fathomed
3576   582    32         47.1106    49.0673    4.1534     % 
LB close or above UB, fathomed
3577   581    32         47.1106    49.0673    4.1534     % 
LB close or above UB, fathomed
3578   580    32         47.1106    49.0673    4.1534     % 
UB: 49.067322834645665
branching on 2 with b.
3579   581    33         47.1106    49.0673    4.1534     % 
UB: 49.067322834645665
branching on 3 with b.
3580   582    33         47.1106    49.0673    4.1534     % 
LB close or above UB, fathomed
3581   581    32         47.1106    49.0673    4.1534     % 
LB close or above UB, fathomed
3582   580    32         47.1106    49.0673    4.1534     % 
LB close or above UB, fathomed
3583   579    20         47.1106    49.0673    4.1534     % 
LB close or above UB, fathomed
3584   578    20         47.1106    49.0673    4.1534     % 
UB: 49.067322834645665
branching on CartesianIndex(1, 5) with c.
3585   579    17         47.1106    49.0673    4.1534     % 
UB: 49.067322834645665
branching on CartesianIndex(4, 2) with a.
3586   580    18         47.1106    49.0673    4.1534     % 
LB close or above UB, fathomed
3587   579    18         47.1106    49.0673    4.1534     % 
UB: 49.067322834645665
branching on 3 with b.
3588   580    19         47.1106    49.0673    4.1534     % 
LB close or above UB, fathomed
3589   579    19         47.1106    49.0673    4.1534     % 
UB: 49.067322834645665
branching on CartesianIndex(1, 3) with a.
3590   580    20         47.1106    49.0673    4.1534     % 
LB close or above UB, fathomed
3591   579    20         47.1106    49.0673    4.1534     % 
LB close or above UB, fathomed
3592   578    17         47.1106    49.0673    4.1534     % 
LB close or above UB, fathomed
3593   577    21         47.1106    49.0673    4.1534     % 
UB: 49.067322834645665
branching on CartesianIndex(1, 6) with c.
3594   578    22         47.1106    49.0673    4.1534     % 
LB close or above UB, fathomed
3595   577    22         47.1106    49.0673    4.1534     % 
UB: 49.067322834645665
branching on CartesianIndex(1, 7) with c.
3596   578    23         47.1106    49.0673    4.1534     % 
UB: 49.067322834645665
branching on 3 with b.
3597   579    24         47.1106    49.0673    4.1534     % 
UB: 49.067322834645665
branching on 1 with b.
3598   580    25         47.1106    49.0673    4.1534     % 
LB close or above UB, fathomed
3599   579    25         47.1106    49.0673    4.1534     % 
LB close or above UB, fathomed
3600   578    24         47.1106    49.0673    4.1534     % 
LB close or above UB, fathomed
3601   577    23         47.1106    49.0673    4.1534     % 
LB close or above UB, fathomed
3602   576    21         47.1106    49.0673    4.1534     % 
LB close or above UB, fathomed
3603   575    34         47.1106    49.0673    4.1534     % 
UB: 49.067322834645665
branching on 1 with b.
3604   576    35         47.1106    49.0673    4.1534     % 
UB: 49.067322834645665
branching on 2 with b.
3605   577    36         47.1106    49.0673    4.1534     % 
LB close or above UB, fathomed
3606   576    36         47.1106    49.0673    4.1534     % 
LB close or above UB, fathomed
3607   575    35         47.1106    49.0673    4.1534     % 
UB: 49.067322834645665
branching on 2 with b.
3608   576    36         47.1106    49.0673    4.1534     % 
LB close or above UB, fathomed
3609   575    36         47.1106    49.0673    4.1534     % 
LB close or above UB, fathomed
3610   574    34         47.1106    49.0673    4.1534     % 
LB close or above UB, fathomed
3611   573    34         47.1106    49.0673    4.1534     % 
UB: 49.067322834645665
branching on 1 with b.
3612   574    35         47.1106    49.0673    4.1534     % 
UB: 49.067322834645665
branching on 2 with b.
3613   575    36         47.1106    49.0673    4.1534     % 
LB close or above UB, fathomed
3614   574    36         47.1106    49.0673    4.1534     % 
LB close or above UB, fathomed
3615   573    35         47.1106    49.0673    4.1534     % 
UB: 49.067322834645665
branching on 2 with b.
3616   574    36         47.1106    49.0673    4.1534     % 
LB close or above UB, fathomed
3617   573    36         47.1106    49.0673    4.1534     % 
LB close or above UB, fathomed
3618   572    34         47.1106    49.0673    4.1534     % 
LB close or above UB, fathomed
3619   571    32         47.1106    49.0673    4.1534     % 
LB close or above UB, fathomed
3620   570    32         47.1106    49.0673    4.1534     % 
LB close or above UB, fathomed
3621   569    23         47.1106    49.0673    4.1534     % 
UB: 49.067322834645665
branching on 3 with b.
3622   570    24         47.1106    49.0673    4.1534     % 
LB close or above UB, fathomed
3623   569    24         47.1106    49.0673    4.1534     % 
UB: 49.067322834645665
branching on 1 with b.
3624   570    25         47.1106    49.0673    4.1534     % 
LB close or above UB, fathomed
3625   569    25         47.1106    49.0673    4.1534     % 
LB close or above UB, fathomed
3626   568    23         47.1106    49.0673    4.1534     % 
LB close or above UB, fathomed
3627   567    34         47.1106    49.0673    4.1534     % 
UB: 49.067322834645665
branching on 3 with b.
3628   568    35         47.1106    49.0673    4.1534     % 
LB close or above UB, fathomed
3629   567    35         47.1106    49.0673    4.1534     % 
LB close or above UB, fathomed
3630   566    34         47.1106    49.0673    4.1534     % 
LB close or above UB, fathomed
3631   565    31         47.1106    49.0673    4.1534     % 
LB close or above UB, fathomed
3632   564    31         47.1106    49.0673    4.1534     % 
LB close or above UB, fathomed
3633   563    34         47.1106    49.0673    4.1534     % 
LB close or above UB, fathomed
3634   562    34         47.1106    49.0673    4.1534     % 
UB: 49.067322834645665
branching on 2 with b.
3635   563    35         47.1106    49.0673    4.1534     % 
UB: 49.067322834645665
branching on 3 with b.
3636   564    36         47.1106    49.0673    4.1534     % 
LB close or above UB, fathomed
3637   563    36         47.1106    49.0673    4.1534     % 
LB close or above UB, fathomed
3638   562    35         47.1106    49.0673    4.1534     % 
LB close or above UB, fathomed
3639   561    36         47.1106    49.0673    4.1534     % 
LB close or above UB, fathomed
3640   560    36         47.1106    49.0673    4.1534     % 
LB close or above UB, fathomed
3641   559    32         47.1106    49.0673    4.1534     % 
LB close or above UB, fathomed
3642   558    32         47.1106    49.0673    4.1534     % 
LB close or above UB, fathomed
3643   557    38         47.1106    49.0673    4.1534     % 
UB: 49.067322834645665
branching on 1 with b.
3644   557    39         47.1106    49.0673    4.1534     % 
UB: 49.067322834645665
branching on 2 with b.
3645   558    40         47.1106    49.0673    4.1534     % 
LB close or above UB, fathomed
3646   557    40         47.1106    49.0673    4.1534     % 
LB close or above UB, fathomed
3647   556    38         47.1106    49.0673    4.1534     % 
LB close or above UB, fathomed
3648   555    40         47.1106    49.0673    4.1534     % 
LB close or above UB, fathomed
3649   554    40         47.1106    49.0673    4.1534     % 
LB close or above UB, fathomed
3650   553    37         47.1106    49.0673    4.1534     % 
LB close or above UB, fathomed
3651   552    37         47.1106    49.0673    4.1534     % 
UB: 49.067322834645665
branching on 2 with b.
3652   553    38         47.1106    49.0673    4.1534     % 
LB close or above UB, fathomed
3653   552    38         47.1106    49.0673    4.1534     % 
LB close or above UB, fathomed
3654   551    37         47.1106    49.0673    4.1534     % 
UB: 49.067322834645665
branching on 2 with b.
3655   552    38         47.1106    49.0673    4.1534     % 
LB close or above UB, fathomed
3656   551    38         47.1106    49.0673    4.1534     % 
LB close or above UB, fathomed
3657   550    37         47.1106    49.0673    4.1534     % 
LB close or above UB, fathomed
3658   549    41         47.1106    49.0673    4.1534     % 
UB: 49.067322834645665
branching on 1 with b.
3659   550    42         47.1106    49.0673    4.1534     % 
LB close or above UB, fathomed
3660   549    42         47.1106    49.0673    4.1534     % 
UB: 49.067322834645665
branching on 2 with b.
3661   550    43         47.1106    49.0673    4.1534     % 
UB: 49.067322834645665
branching on 3 with b.
3662   551    44         47.1106    49.0673    4.1534     % 
UB: 49.067322834645665
branching on 1 with b.
3663   552    45         47.1106    49.0673    4.1534     % 
LB close or above UB, fathomed
3664   551    45         47.1106    49.0673    4.1534     % 
LB close or above UB, fathomed
3665   550    44         47.1106    49.0673    4.1534     % 
LB close or above UB, fathomed
3666   549    43         47.1106    49.0673    4.1534     % 
LB close or above UB, fathomed
3667   548    41         47.1106    49.0673    4.1534     % 
LB close or above UB, fathomed
3668   547    41         47.1106    49.0673    4.1534     % 
LB close or above UB, fathomed
3669   546    41         47.1106    49.0673    4.1534     % 
LB close or above UB, fathomed
3670   545    41         47.1106    49.0673    4.1534     % 
LB close or above UB, fathomed
3671   544    41         47.1106    49.0673    4.1534     % 
LB close or above UB, fathomed
3672   543    41         47.1106    49.0673    4.1534     % 
LB close or above UB, fathomed
3673   542    41         47.1106    49.0673    4.1534     % 
LB close or above UB, fathomed
3674   541    40         47.1106    49.0673    4.1534     % 
LB close or above UB, fathomed
3675   540    40         47.1106    49.0673    4.1534     % 
LB close or above UB, fathomed
3676   539    37         47.1106    49.0673    4.1534     % 
LB close or above UB, fathomed
3677   538    37         47.1106    49.0673    4.1534     % 
LB close or above UB, fathomed
3678   537    38         47.1106    49.0673    4.1534     % 
UB: 49.067322834645665
branching on 1 with b.
3679   538    39         47.1106    49.0673    4.1534     % 
LB close or above UB, fathomed
3680   537    39         47.1106    49.0673    4.1534     % 
UB: 49.067322834645665
branching on 2 with b.
3681   538    40         47.1106    49.0673    4.1534     % 
LB close or above UB, fathomed
3682   537    40         47.1106    49.0673    4.1534     % 
LB close or above UB, fathomed
3683   536    38         47.1106    49.0673    4.1534     % 
LB close or above UB, fathomed
3684   535    29         47.1106    49.0673    4.1534     % 
UB: 49.067322834645665
branching on 2 with b.
3685   536    30         47.1106    49.0673    4.1534     % 
LB close or above UB, fathomed
3686   535    30         47.1106    49.0673    4.1534     % 
LB close or above UB, fathomed
3687   534    29         47.1106    49.0673    4.1534     % 
LB close or above UB, fathomed
3688   533    36         47.1106    49.0673    4.1534     % 
UB: 49.067322834645665
branching on 1 with b.
3689   534    36         47.1106    49.0673    4.1534     % 
LB close or above UB, fathomed
3690   533    41         47.1106    49.0673    4.1534     % 
LB close or above UB, fathomed
3691   532    41         47.1106    49.0673    4.1534     % 
LB close or above UB, fathomed
3692   531    43         47.1106    49.0673    4.1534     % 
LB close or above UB, fathomed
3693   530    43         47.1106    49.0673    4.1534     % 
LB close or above UB, fathomed
3694   529    36         47.1106    49.0673    4.1534     % 
UB: 49.067322834645665
branching on 1 with b.
3695   529    36         47.1106    49.0673    4.1534     % 
LB close or above UB, fathomed
3696   528    36         47.1106    49.0673    4.1534     % 
UB: 49.067322834645665
branching on 1 with b.
3697   529    36         47.1106    49.0673    4.1534     % 
LB close or above UB, fathomed
3698   528    36         47.1106    49.0673    4.1534     % 
UB: 49.067322834645665
branching on 2 with b.
3699   529    37         47.1106    49.0673    4.1534     % 
LB close or above UB, fathomed
3700   528    37         47.1106    49.0673    4.1534     % 
LB close or above UB, fathomed
3701   527    36         47.1106    49.0673    4.1534     % 
UB: 49.067322834645665
branching on 2 with b.
3702   528    37         47.1106    49.0673    4.1534     % 
LB close or above UB, fathomed
3703   527    37         47.1106    49.0673    4.1534     % 
LB close or above UB, fathomed
3704   526    41         47.1106    49.0673    4.1534     % 
LB close or above UB, fathomed
3705   525    41         47.1106    49.0673    4.1534     % 
LB close or above UB, fathomed
3706   524    34         47.1106    49.0673    4.1534     % 
LB close or above UB, fathomed
3707   523    34         47.1106    49.0673    4.1534     % 
LB close or above UB, fathomed
3708   522    35         47.1106    49.0673    4.1534     % 
LB close or above UB, fathomed
3709   521    35         47.1106    49.0673    4.1534     % 
LB close or above UB, fathomed
3710   520    36         47.1106    49.0673    4.1534     % 
LB close or above UB, fathomed
3711   519    36         47.1106    49.0673    4.1534     % 
LB close or above UB, fathomed
3712   518    34         47.1106    49.0673    4.1534     % 
UB: 49.067322834645665
branching on 2 with b.
3713   519    35         47.1106    49.0673    4.1534     % 
LB close or above UB, fathomed
3714   518    35         47.1106    49.0673    4.1534     % 
LB close or above UB, fathomed
3715   517    34         47.1106    49.0673    4.1534     % 
LB close or above UB, fathomed
3716   516    41         47.1106    49.0673    4.1534     % 
LB close or above UB, fathomed
3717   515    41         47.1106    49.0673    4.1534     % 
LB close or above UB, fathomed
3718   514    42         47.1106    49.0673    4.1534     % 
LB close or above UB, fathomed
3719   513    42         47.1106    49.0673    4.1534     % 
LB close or above UB, fathomed
3720   512    43         47.1106    49.0673    4.1534     % 
LB close or above UB, fathomed
3721   511    43         47.1106    49.0673    4.1534     % 
LB close or above UB, fathomed
3722   510    46         47.1106    49.0673    4.1534     % 
UB: 49.067322834645665
branching on 3 with b.
3723   511    47         47.1106    49.0673    4.1534     % 
UB: 49.067322834645665
branching on 1 with b.
3724   511    48         47.1106    49.0673    4.1534     % 
UB: 49.067322834645665
branching on 2 with b.
3725   511    49         47.1106    49.0673    4.1534     % 
UB: 49.067322834645665
branching on 3 with b.
3726   511    50         47.1106    49.0673    4.1534     % 
UB: 49.067322834645665
branching on 1 with b.
3727   512    51         47.1106    49.0673    4.1534     % 
LB close or above UB, fathomed
3728   511    51         47.1106    49.0673    4.1534     % 
LB close or above UB, fathomed
3729   510    47         47.1106    49.0673    4.1534     % 
LB close or above UB, fathomed
3730   509    46         47.1106    49.0673    4.1534     % 
UB: 49.067322834645665
branching on 3 with b.
3731   510    47         47.1106    49.0673    4.1534     % 
UB: 49.067322834645665
branching on 1 with b.
3732   510    48         47.1106    49.0673    4.1534     % 
UB: 49.067322834645665
branching on 2 with b.
3733   510    49         47.1106    49.0673    4.1534     % 
UB: 49.067322834645665
branching on 3 with b.
3734   510    50         47.1106    49.0673    4.1534     % 
UB: 49.067322834645665
branching on 1 with b.
3735   510    51         47.1106    49.0673    4.1534     % 
UB: 49.067322834645665
branching on 2 with b.
3736   511    52         47.1106    49.0673    4.1534     % 
LB close or above UB, fathomed
3737   510    52         47.1106    49.0673    4.1534     % 
LB close or above UB, fathomed
3738   509    47         47.1106    49.0673    4.1534     % 
LB close or above UB, fathomed
3739   508    46         47.1106    49.0673    4.1534     % 
UB: 49.067322834645665
branching on 3 with b.
3740   508    47         47.1106    49.0673    4.1534     % 
UB: 49.067322834645665
branching on 1 with b.
3741   508    48         47.1106    49.0673    4.1534     % 
UB: 49.067322834645665
branching on 2 with b.
3742   508    49         47.1106    49.0673    4.1534     % 
UB: 49.067322834645665
branching on 3 with b.
3743   508    50         47.1106    49.0673    4.1534     % 
UB: 49.067322834645665
branching on 1 with b.
3744   509    51         47.1106    49.0673    4.1534     % 
LB close or above UB, fathomed
3745   508    51         47.1106    49.0673    4.1534     % 
LB close or above UB, fathomed
3746   507    46         47.1106    49.0673    4.1534     % 
UB: 49.067322834645665
branching on 3 with b.
3747   507    47         47.1106    49.0673    4.1534     % 
UB: 49.067322834645665
branching on 1 with b.
3748   507    48         47.1106    49.0673    4.1534     % 
UB: 49.067322834645665
branching on 2 with b.
3749   507    49         47.1106    49.0673    4.1534     % 
UB: 49.067322834645665
branching on 3 with b.
3750   507    50         47.1106    49.0673    4.1534     % 
UB: 49.067322834645665
branching on 1 with b.
3751   507    51         47.1106    49.0673    4.1534     % 
UB: 49.067322834645665
branching on 2 with b.
3752   508    52         47.1106    49.0673    4.1534     % 
LB close or above UB, fathomed
3753   507    52         47.1106    49.0673    4.1534     % 
LB close or above UB, fathomed
3754   506    43         47.1106    49.0673    4.1534     % 
UB: 49.067322834645665
branching on 3 with b.
3755   507    44         47.1106    49.0673    4.1534     % 
UB: 49.067322834645665
branching on 1 with b.
3756   507    45         47.1106    49.0673    4.1534     % 
UB: 49.067322834645665
branching on 2 with b.
3757   507    46         47.1106    49.0673    4.1534     % 
UB: 49.067322834645665
branching on 3 with b.
3758   507    47         47.1106    49.0673    4.1534     % 
UB: 49.067322834645665
branching on 1 with b.
3759   507    48         47.1106    49.0673    4.1534     % 
UB: 49.067322834645665
branching on 2 with b.
3760   507    49         47.1106    49.0673    4.1534     % 
UB: 49.067322834645665
branching on 3 with b.
3761   507    50         47.1106    49.0673    4.1534     % 
UB: 49.067322834645665
branching on 1 with b.
3762   507    51         47.1106    49.0673    4.1534     % 
UB: 49.067322834645665
branching on 2 with b.
3763   508    52         47.1106    49.0673    4.1534     % 
LB close or above UB, fathomed
3764   507    52         47.1106    49.0673    4.1534     % 
LB close or above UB, fathomed
3765   506    44         47.1106    49.0673    4.1534     % 
UB: 49.067322834645665
branching on 1 with b.
3766   506    45         47.1106    49.0673    4.1534     % 
UB: 49.067322834645665
branching on 2 with b.
3767   506    46         47.1106    49.0673    4.1534     % 
UB: 49.067322834645665
branching on 3 with b.
3768   507    47         47.1106    49.0673    4.1534     % 
UB: 49.067322834645665
branching on 1 with b.
3769   507    48         47.1106    49.0673    4.1534     % 
UB: 49.067322834645665
branching on 2 with b.
3770   507    49         47.1106    49.0673    4.1534     % 
UB: 49.067322834645665
branching on 3 with b.
3771   507    50         47.1106    49.0673    4.1534     % 
UB: 49.067322834645665
branching on 1 with b.
3772   507    51         47.1106    49.0673    4.1534     % 
UB: 49.067322834645665
branching on 2 with b.
3773   508    52         47.1106    49.0673    4.1534     % 
LB close or above UB, fathomed
3774   507    52         47.1106    49.0673    4.1534     % 
LB close or above UB, fathomed
3775   506    47         47.1106    49.0673    4.1534     % 
LB close or above UB, fathomed
3776   505    43         47.1106    49.0673    4.1534     % 
LB close or above UB, fathomed
3777   504    40         47.1106    49.0673    4.1534     % 
LB close or above UB, fathomed
3778   503    40         47.1106    49.0673    4.1534     % 
LB close or above UB, fathomed
3779   502    33         47.1106    49.0673    4.1534     % 
UB: 49.067322834645665
branching on 2 with b.
3780   503    34         47.1106    49.0673    4.1534     % 
LB close or above UB, fathomed
3781   502    34         47.1106    49.0673    4.1534     % 
LB close or above UB, fathomed
3782   501    33         47.1106    49.0673    4.1534     % 
UB: 49.067322834645665
branching on 2 with b.
3783   502    34         47.1106    49.0673    4.1534     % 
LB close or above UB, fathomed
3784   501    34         47.1106    49.0673    4.1534     % 
LB close or above UB, fathomed
3785   500    39         47.1106    49.0673    4.1534     % 
LB close or above UB, fathomed
3786   499    39         47.1106    49.0673    4.1534     % 
LB close or above UB, fathomed
3787   498    31         47.1106    49.0673    4.1534     % 
LB close or above UB, fathomed
3788   497    31         47.1106    49.0673    4.1534     % 
UB: 49.067322834645665
branching on 2 with b.
3789   498    32         47.1106    49.0673    4.1534     % 
LB close or above UB, fathomed
3790   497    32         47.1106    49.0673    4.1534     % 
LB close or above UB, fathomed
3791   496    27         47.1106    49.0673    4.1534     % 
UB: 49.067322834645665
branching on 2 with b.
3792   497    28         47.1106    49.0673    4.1534     % 
LB close or above UB, fathomed
3793   496    28         47.1106    49.0673    4.1534     % 
LB close or above UB, fathomed
3794   495    27         47.1106    49.0673    4.1534     % 
LB close or above UB, fathomed
3795   494    31         47.1106    49.0673    4.1534     % 
UB: 49.067322834645665
branching on 3 with b.
3796   495    32         47.1106    49.0673    4.1534     % 
LB close or above UB, fathomed
3797   494    32         47.1106    49.0673    4.1534     % 
LB close or above UB, fathomed
3798   493    31         47.1106    49.0673    4.1534     % 
LB close or above UB, fathomed
3799   492    29         47.1106    49.0673    4.1534     % 
LB close or above UB, fathomed
3800   491    29         47.1106    49.0673    4.1534     % 
LB close or above UB, fathomed
3801   490    39         47.1106    49.0673    4.1534     % 
UB: 49.067322834645665
branching on 1 with b.
3802   491    40         47.1106    49.0673    4.1534     % 
LB close or above UB, fathomed
3803   490    40         47.1106    49.0673    4.1534     % 
LB close or above UB, fathomed
3804   489    39         47.1106    49.0673    4.1534     % 
UB: 49.067322834645665
branching on 1 with b.
3805   490    40         47.1106    49.0673    4.1534     % 
LB close or above UB, fathomed
3806   489    40         47.1106    49.0673    4.1534     % 
LB close or above UB, fathomed
3807   488    39         47.1106    49.0673    4.1534     % 
LB close or above UB, fathomed
3808   487    39         47.1106    49.0673    4.1534     % 
UB: 49.067322834645665
branching on 2 with b.
3809   488    40         47.1106    49.0673    4.1534     % 
LB close or above UB, fathomed
3810   487    40         47.1106    49.0673    4.1534     % 
LB close or above UB, fathomed
3811   486    22         47.1106    49.0673    4.1534     % 
LB close or above UB, fathomed
3812   485    22         47.1106    49.0673    4.1534     % 
UB: 49.067322834645665
branching on CartesianIndex(1, 7) with c.
3813   486    23         47.1106    49.0673    4.1534     % 
UB: 49.067322834645665
branching on 3 with b.
3814   487    23         47.1106    49.0673    4.1534     % 
LB close or above UB, fathomed
3815   486    34         47.1106    49.0673    4.1534     % 
UB: 49.067322834645665
branching on 2 with b.
3816   487    34         47.1106    49.0673    4.1534     % 
UB: 49.067322834645665
branching on 2 with b.
3817   488    35         47.1106    49.0673    4.1534     % 
LB close or above UB, fathomed
3818   487    35         47.1106    49.0673    4.1534     % 
LB close or above UB, fathomed
3819   486    43         47.1106    49.0673    4.1534     % 
LB close or above UB, fathomed
3820   485    43         47.1106    49.0673    4.1534     % 
UB: 49.067322834645665
branching on 3 with b.
3821   486    44         47.1106    49.0673    4.1534     % 
UB: 49.067322834645665
branching on 1 with b.
3822   487    45         47.1106    49.0673    4.1534     % 
LB close or above UB, fathomed
3823   486    45         47.1106    49.0673    4.1534     % 
LB close or above UB, fathomed
3824   485    44         47.1106    49.0673    4.1534     % 
UB: 49.067322834645665
branching on 1 with b.
3825   486    45         47.1106    49.0673    4.1534     % 
LB close or above UB, fathomed
3826   485    45         47.1106    49.0673    4.1534     % 
LB close or above UB, fathomed
3827   484    34         47.1106    49.0673    4.1534     % 
LB close or above UB, fathomed
3828   483    34         47.1106    49.0673    4.1534     % 
LB close or above UB, fathomed
3829   482    35         47.1106    49.0673    4.1534     % 
UB: 49.067322834645665
branching on 2 with b.
3830   483    35         47.1106    49.0673    4.1534     % 
UB: 49.067322834645665
branching on 2 with b.
3831   484    36         47.1106    49.0673    4.1534     % 
LB close or above UB, fathomed
3832   483    36         47.1106    49.0673    4.1534     % 
LB close or above UB, fathomed
3833   482    25         47.1106    49.0673    4.1534     % 
LB close or above UB, fathomed
3834   481    25         47.1106    49.0673    4.1534     % 
UB: 49.067322834645665
branching on CartesianIndex(1, 7) with c.
3835   482    26         47.1106    49.0673    4.1534     % 
UB: 49.067322834645665
branching on 3 with b.
3836   483    27         47.1106    49.0673    4.1534     % 
UB: 49.067322834645665
branching on 1 with b.
3837   484    28         47.1106    49.0673    4.1534     % 
LB close or above UB, fathomed
3838   483    28         47.1106    49.0673    4.1534     % 
LB close or above UB, fathomed
3839   482    27         47.1106    49.0673    4.1534     % 
LB close or above UB, fathomed
3840   481    26         47.1106    49.0673    4.1534     % 
LB close or above UB, fathomed
3841   480    36         47.1106    49.0673    4.1534     % 
LB close or above UB, fathomed
3842   479    36         47.1106    49.0673    4.1534     % 
LB close or above UB, fathomed
3843   478    36         47.1106    49.0673    4.1534     % 
LB close or above UB, fathomed
3844   477    36         47.1106    49.0673    4.1534     % 
LB close or above UB, fathomed
3845   476    36         47.1106    49.0673    4.1534     % 
LB close or above UB, fathomed
3846   475    36         47.1106    49.0673    4.1534     % 
LB close or above UB, fathomed
3847   474    35         47.1106    49.0673    4.1534     % 
LB close or above UB, fathomed
3848   473    35         47.1106    49.0673    4.1534     % 
LB close or above UB, fathomed
3849   472    36         47.1106    49.0673    4.1534     % 
UB: 49.067322834645665
branching on 2 with b.
3850   473    37         47.1106    49.0673    4.1534     % 
LB close or above UB, fathomed
3851   472    37         47.1106    49.0673    4.1534     % 
LB close or above UB, fathomed
3852   471    36         47.1106    49.0673    4.1534     % 
LB close or above UB, fathomed
3853   470    37         47.1106    49.0673    4.1534     % 
UB: 49.067322834645665
branching on 2 with b.
3854   471    38         47.1106    49.0673    4.1534     % 
LB close or above UB, fathomed
3855   470    38         47.1106    49.0673    4.1534     % 
LB close or above UB, fathomed
3856   469    37         47.1106    49.0673    4.1534     % 
LB close or above UB, fathomed
3857   468    37         47.1106    49.0673    4.1534     % 
UB: 49.067322834645665
branching on 2 with b.
3858   469    38         47.1106    49.0673    4.1534     % 
LB close or above UB, fathomed
3859   468    38         47.1106    49.0673    4.1534     % 
LB close or above UB, fathomed
3860   467    37         47.1106    49.0673    4.1534     % 
LB close or above UB, fathomed
3861   466    38         47.1106    49.0673    4.1534     % 
LB close or above UB, fathomed
3862   465    38         47.1106    49.0673    4.1534     % 
UB: 49.067322834645665
branching on 1 with b.
3863   465    39         47.1106    49.0673    4.1534     % 
UB: 49.067322834645665
branching on 2 with b.
3864   466    40         47.1106    49.0673    4.1534     % 
LB close or above UB, fathomed
3865   465    40         47.1106    49.0673    4.1534     % 
LB close or above UB, fathomed
3866   464    36         47.1106    49.0673    4.1534     % 
LB close or above UB, fathomed
3867   463    36         47.1106    49.0673    4.1534     % 
LB close or above UB, fathomed
3868   462    33         47.1106    49.0673    4.1534     % 
LB close or above UB, fathomed
3869   461    33         47.1106    49.0673    4.1534     % 
UB: 49.067322834645665
branching on 3 with b.
3870   462    34         47.1106    49.0673    4.1534     % 
LB close or above UB, fathomed
3871   461    34         47.1106    49.0673    4.1534     % 
LB close or above UB, fathomed
3872   460    31         47.1106    49.0673    4.1534     % 
LB close or above UB, fathomed
3873   459    31         47.1106    49.0673    4.1534     % 
UB: 49.067322834645665
branching on 3 with b.
3874   460    32         47.1106    49.0673    4.1534     % 
LB close or above UB, fathomed
3875   459    32         47.1106    49.0673    4.1534     % 
LB close or above UB, fathomed
3876   458    33         47.1106    49.0673    4.1534     % 
LB close or above UB, fathomed
3877   457    33         47.1106    49.0673    4.1534     % 
UB: 49.067322834645665
branching on 2 with b.
3878   458    34         47.1106    49.0673    4.1534     % 
LB close or above UB, fathomed
3879   457    34         47.1106    49.0673    4.1534     % 
LB close or above UB, fathomed
3880   456    29         47.1106    49.0673    4.1534     % 
LB close or above UB, fathomed
3881   455    29         47.1106    49.0673    4.1534     % 
LB close or above UB, fathomed
3882   454    36         47.1106    49.0673    4.1534     % 
LB close or above UB, fathomed
3883   453    36         47.1106    49.0673    4.1534     % 
LB close or above UB, fathomed
3884   452    36         47.1106    49.0673    4.1534     % 
UB: 49.067322834645665
branching on 1 with b.
3885   452    37         47.1106    49.0673    4.1534     % 
UB: 49.067322834645665
branching on 2 with b.
3886   453    38         47.1106    49.0673    4.1534     % 
LB close or above UB, fathomed
3887   452    38         47.1106    49.0673    4.1534     % 
LB close or above UB, fathomed
3888   451    36         47.1106    49.0673    4.1534     % 
LB close or above UB, fathomed
3889   450    36         47.1106    49.0673    4.1534     % 
LB close or above UB, fathomed
3890   449    36         47.1106    49.0673    4.1534     % 
LB close or above UB, fathomed
3891   448    36         47.1106    49.0673    4.1534     % 
UB: 49.067322834645665
branching on 1 with b.
3892   449    37         47.1106    49.0673    4.1534     % 
LB close or above UB, fathomed
3893   448    37         47.1106    49.0673    4.1534     % 
UB: 49.067322834645665
branching on 2 with b.
3894   449    38         47.1106    49.0673    4.1534     % 
LB close or above UB, fathomed
3895   448    38         47.1106    49.0673    4.1534     % 
LB close or above UB, fathomed
3896   447    36         47.1106    49.0673    4.1534     % 
LB close or above UB, fathomed
3897   446    36         47.1106    49.0673    4.1534     % 
UB: 49.067322834645665
branching on 1 with b.
3898   447    37         47.1106    49.0673    4.1534     % 
LB close or above UB, fathomed
3899   446    37         47.1106    49.0673    4.1534     % 
UB: 49.067322834645665
branching on 2 with b.
3900   447    38         47.1106    49.0673    4.1534     % 
LB close or above UB, fathomed
3901   446    38         47.1106    49.0673    4.1534     % 
LB close or above UB, fathomed
3902   445    36         47.1106    49.0673    4.1534     % 
LB close or above UB, fathomed
3903   444    38         47.1106    49.0673    4.1534     % 
LB close or above UB, fathomed
3904   443    38         47.1106    49.0673    4.1534     % 
UB: 49.067322834645665
branching on 1 with b.
3905   443    39         47.1106    49.0673    4.1534     % 
UB: 49.067322834645665
branching on 2 with b.
3906   444    40         47.1106    49.0673    4.1534     % 
LB close or above UB, fathomed
3907   443    40         47.1106    49.0673    4.1534     % 
LB close or above UB, fathomed
3908   442    21         47.1106    49.0673    4.1534     % 
UB: 49.067322834645665
branching on CartesianIndex(1, 6) with c.
3909   443    22         47.1106    49.0673    4.1534     % 
LB close or above UB, fathomed
3910   442    22         47.1106    49.0673    4.1534     % 
UB: 49.067322834645665
branching on 2 with b.
3911   443    23         47.1106    49.0673    4.1534     % 
UB: 49.067322834645665
branching on CartesianIndex(1, 7) with c.
3912   444    24         47.1106    49.0673    4.1534     % 
UB: 49.067322834645665
branching on 3 with b.
3913   445    24         47.1106    49.0673    4.1534     % 
LB close or above UB, fathomed
3914   444    23         47.1106    49.0673    4.1534     % 
LB close or above UB, fathomed
3915   443    21         47.1106    49.0673    4.1534     % 
LB close or above UB, fathomed
3916   442    21         47.1106    49.0673    4.1534     % 
UB: 49.067322834645665
branching on 3 with b.
3917   443    22         47.1106    49.0673    4.1534     % 
LB close or above UB, fathomed
3918   442    22         47.1106    49.0673    4.1534     % 
UB: 49.067322834645665
branching on 1 with b.
3919   443    23         47.1106    49.0673    4.1534     % 
UB: 49.067322834645665
branching on 2 with b.
3920   444    24         47.1106    49.0673    4.1534     % 
UB: 49.067322834645665
branching on 3 with b.
3921   445    25         47.1106    49.0673    4.1534     % 
LB close or above UB, fathomed
3922   444    25         47.1106    49.0673    4.1534     % 
LB close or above UB, fathomed
3923   443    24         47.1106    49.0673    4.1534     % 
UB: 49.067322834645665
branching on 3 with b.
3924   444    25         47.1106    49.0673    4.1534     % 
LB close or above UB, fathomed
3925   443    25         47.1106    49.0673    4.1534     % 
LB close or above UB, fathomed
3926   442    23         47.1106    49.0673    4.1534     % 
LB close or above UB, fathomed
3927   441    21         47.1106    49.0673    4.1534     % 
UB: 49.067322834645665
branching on 3 with b.
3928   442    22         47.1106    49.0673    4.1534     % 
LB close or above UB, fathomed
3929   441    22         47.1106    49.0673    4.1534     % 
UB: 49.067322834645665
branching on 1 with b.
3930   442    23         47.1106    49.0673    4.1534     % 
UB: 49.067322834645665
branching on 2 with b.
3931   443    24         47.1106    49.0673    4.1534     % 
UB: 49.067322834645665
branching on 3 with b.
3932   444    25         47.1106    49.0673    4.1534     % 
LB close or above UB, fathomed
3933   443    25         47.1106    49.0673    4.1534     % 
LB close or above UB, fathomed
3934   442    24         47.1106    49.0673    4.1534     % 
UB: 49.067322834645665
branching on 3 with b.
3935   443    25         47.1106    49.0673    4.1534     % 
LB close or above UB, fathomed
3936   442    25         47.1106    49.0673    4.1534     % 
LB close or above UB, fathomed
3937   441    23         47.1106    49.0673    4.1534     % 
LB close or above UB, fathomed
3938   440    21         47.1106    49.0673    4.1534     % 
UB: 49.067322834645665
branching on 3 with b.
3939   441    22         47.1106    49.0673    4.1534     % 
LB close or above UB, fathomed
3940   440    22         47.1106    49.0673    4.1534     % 
UB: 49.067322834645665
branching on 1 with b.
3941   441    23         47.1106    49.0673    4.1534     % 
UB: 49.067322834645665
branching on 2 with b.
3942   442    24         47.1106    49.0673    4.1534     % 
UB: 49.067322834645665
branching on 3 with b.
3943   443    25         47.1106    49.0673    4.1534     % 
LB close or above UB, fathomed
3944   442    25         47.1106    49.0673    4.1534     % 
LB close or above UB, fathomed
3945   441    24         47.1106    49.0673    4.1534     % 
UB: 49.067322834645665
branching on 3 with b.
3946   442    25         47.1106    49.0673    4.1534     % 
LB close or above UB, fathomed
3947   441    25         47.1106    49.0673    4.1534     % 
LB close or above UB, fathomed
3948   440    23         47.1106    49.0673    4.1534     % 
LB close or above UB, fathomed
3949   439    21         47.1106    49.0673    4.1534     % 
UB: 49.067322834645665
branching on 3 with b.
3950   440    22         47.1106    49.0673    4.1534     % 
LB close or above UB, fathomed
3951   439    22         47.1106    49.0673    4.1534     % 
UB: 49.067322834645665
branching on 1 with b.
3952   440    23         47.1106    49.0673    4.1534     % 
UB: 49.067322834645665
branching on 2 with b.
3953   441    24         47.1106    49.0673    4.1534     % 
UB: 49.067322834645665
branching on 3 with b.
3954   442    25         47.1106    49.0673    4.1534     % 
LB close or above UB, fathomed
3955   441    25         47.1106    49.0673    4.1534     % 
LB close or above UB, fathomed
3956   440    24         47.1106    49.0673    4.1534     % 
UB: 49.067322834645665
branching on 3 with b.
3957   441    25         47.1106    49.0673    4.1534     % 
LB close or above UB, fathomed
3958   440    25         47.1106    49.0673    4.1534     % 
LB close or above UB, fathomed
3959   439    23         47.1106    49.0673    4.1534     % 
LB close or above UB, fathomed
3960   438    40         47.1106    49.0673    4.1534     % 
LB close or above UB, fathomed
3961   437    40         47.1106    49.0673    4.1534     % 
LB close or above UB, fathomed
3962   436    35         47.1106    49.0673    4.1534     % 
LB close or above UB, fathomed
3963   435    35         47.1106    49.0673    4.1534     % 
LB close or above UB, fathomed
3964   434    37         47.1106    49.0673    4.1534     % 
LB close or above UB, fathomed
3965   433    37         47.1106    49.0673    4.1534     % 
LB close or above UB, fathomed
3966   432    33         47.1106    49.0673    4.1534     % 
LB close or above UB, fathomed
3967   431    33         47.1106    49.0673    4.1534     % 
LB close or above UB, fathomed
3968   430    33         47.1106    49.0673    4.1534     % 
LB close or above UB, fathomed
3969   429    33         47.1106    49.0673    4.1534     % 
LB close or above UB, fathomed
3970   428    20         47.1106    49.0673    4.1534     % 
UB: 49.067322834645665
branching on 3 with b.
3971   429    21         47.1106    49.0673    4.1534     % 
LB close or above UB, fathomed
3972   428    21         47.1106    49.0673    4.1534     % 
UB: 49.067322834645665
branching on 1 with b.
3973   429    22         47.1106    49.0673    4.1534     % 
UB: 49.067322834645665
branching on 2 with b.
3974   430    23         47.1106    49.0673    4.1534     % 
UB: 49.067322834645665
branching on 3 with b.
3975   431    24         47.1106    49.0673    4.1534     % 
LB close or above UB, fathomed
3976   430    24         47.1106    49.0673    4.1534     % 
LB close or above UB, fathomed
3977   429    23         47.1106    49.0673    4.1534     % 
UB: 49.067322834645665
branching on 3 with b.
3978   430    24         47.1106    49.0673    4.1534     % 
LB close or above UB, fathomed
3979   429    24         47.1106    49.0673    4.1534     % 
LB close or above UB, fathomed
3980   428    22         47.1106    49.0673    4.1534     % 
LB close or above UB, fathomed
3981   427    20         47.1106    49.0673    4.1534     % 
UB: 49.067322834645665
branching on 3 with b.
3982   428    19         47.1106    49.0673    4.1534     % 
UB: 49.067322834645665
branching on CartesianIndex(1, 6) with c.
3983   429    19         47.1106    49.0673    4.1534     % 
UB: 49.067322834645665
branching on 2 with b.
3984   430    25         47.1106    49.0673    4.1534     % 
UB: 49.067322834645665
branching on 3 with b.
3985   431    26         47.1106    49.0673    4.1534     % 
LB close or above UB, fathomed
3986   430    26         47.1106    49.0673    4.1534     % 
LB close or above UB, fathomed
3987   429    25         47.1106    49.0673    4.1534     % 
LB close or above UB, fathomed
3988   428    31         47.1106    49.0673    4.1534     % 
LB close or above UB, fathomed
3989   427    31         47.1106    49.0673    4.1534     % 
LB close or above UB, fathomed
3990   426    33         47.1106    49.0673    4.1534     % 
LB close or above UB, fathomed
3991   425    33         47.1106    49.0673    4.1534     % 
UB: 49.067322834645665
branching on 2 with b.
3992   426    34         47.1106    49.0673    4.1534     % 
LB close or above UB, fathomed
3993   425    34         47.1106    49.0673    4.1534     % 
LB close or above UB, fathomed
3994   424    29         47.1106    49.0673    4.1534     % 
LB close or above UB, fathomed
3995   423    29         47.1106    49.0673    4.1534     % 
LB close or above UB, fathomed
3996   422    33         47.1106    49.0673    4.1534     % 
LB close or above UB, fathomed
3997   421    33         47.1106    49.0673    4.1534     % 
LB close or above UB, fathomed
3998   420    30         47.1106    49.0673    4.1534     % 
LB close or above UB, fathomed
3999   419    30         47.1106    49.0673    4.1534     % 
UB: 49.067322834645665
branching on 3 with b.
4000   420    31         47.1106    49.0673    4.1534     % 
LB close or above UB, fathomed
4001   419    31         47.1106    49.0673    4.1534     % 
LB close or above UB, fathomed
4002   418    34         47.1106    49.0673    4.1534     % 
UB: 49.067322834645665
branching on 3 with b.
4003   419    35         47.1106    49.0673    4.1534     % 
UB: 49.067322834645665
branching on 1 with b.
4004   420    36         47.1106    49.0673    4.1534     % 
LB close or above UB, fathomed
4005   419    36         47.1106    49.0673    4.1534     % 
UB: 49.067322834645665
branching on 2 with b.
4006   420    37         47.1106    49.0673    4.1534     % 
LB close or above UB, fathomed
4007   419    37         47.1106    49.0673    4.1534     % 
LB close or above UB, fathomed
4008   418    35         47.1106    49.0673    4.1534     % 
LB close or above UB, fathomed
4009   417    34         47.1106    49.0673    4.1534     % 
LB close or above UB, fathomed
4010   416    25         47.1106    49.0673    4.1534     % 
LB close or above UB, fathomed
4011   415    25         47.1106    49.0673    4.1534     % 
LB close or above UB, fathomed
4012   414    17         47.1106    49.0673    4.1534     % 
UB: 49.067322834645665
branching on CartesianIndex(1, 6) with c.
4013   415    18         47.1106    49.0673    4.1534     % 
LB close or above UB, fathomed
4014   414    18         47.1106    49.0673    4.1534     % 
UB: 49.067322834645665
branching on CartesianIndex(1, 7) with c.
4015   415    19         47.1106    49.0673    4.1534     % 
UB: 49.067322834645665
branching on 1 with b.
4016   416    20         47.1106    49.0673    4.1534     % 
LB close or above UB, fathomed
4017   415    20         47.1106    49.0673    4.1534     % 
UB: 49.067322834645665
branching on 2 with b.
4018   416    21         47.1106    49.0673    4.1534     % 
LB close or above UB, fathomed
4019   415    21         47.1106    49.0673    4.1534     % 
LB close or above UB, fathomed
4020   414    19         47.1106    49.0673    4.1534     % 
LB close or above UB, fathomed
4021   413    17         47.1106    49.0673    4.1534     % 
LB close or above UB, fathomed
4022   412    33         47.1106    49.0673    4.1534     % 
LB close or above UB, fathomed
4023   411    33         47.1106    49.0673    4.1534     % 
LB close or above UB, fathomed
4024   410    13         47.1106    49.0673    4.1534     % 
LB close or above UB, fathomed
4025   409    13         47.1106    49.0673    4.1534     % 
LB close or above UB, fathomed
4026   408    14         47.1106    49.0673    4.1534     % 
UB: 49.067322834645665
branching on CartesianIndex(2, 3) with a.
4027   409    15         47.1106    49.0673    4.1534     % 
LB close or above UB, fathomed
4028   408    15         47.1106    49.0673    4.1534     % 
LB close or above UB, fathomed
4029   407    14         47.1106    49.0673    4.1534     % 
LB close or above UB, fathomed
4030   406    23         47.1106    49.0673    4.1534     % 
UB: 49.067322834645665
branching on 3 with b.
4031   407    24         47.1106    49.0673    4.1534     % 
LB close or above UB, fathomed
4032   406    24         47.1106    49.0673    4.1534     % 
UB: 49.067322834645665
branching on 1 with b.
4033   407    25         47.1106    49.0673    4.1534     % 
LB close or above UB, fathomed
4034   406    25         47.1106    49.0673    4.1534     % 
LB close or above UB, fathomed
4035   405    23         47.1106    49.0673    4.1534     % 
LB close or above UB, fathomed
4036   404    30         47.1106    49.0673    4.1534     % 
LB close or above UB, fathomed
4037   403    30         47.1106    49.0673    4.1534     % 
LB close or above UB, fathomed
4038   402    27         47.1106    49.0673    4.1534     % 
LB close or above UB, fathomed
4039   401    27         47.1106    49.0673    4.1534     % 
LB close or above UB, fathomed
4040   400    17         47.1106    49.0673    4.1534     % 
LB close or above UB, fathomed
4041   399    17         47.1106    49.0673    4.1534     % 
UB: 49.067322834645665
branching on CartesianIndex(1, 4) with c.
4042   400    18         47.1106    49.0673    4.1534     % 
LB close or above UB, fathomed
4043   399    18         47.1106    49.0673    4.1534     % 
UB: 49.067322834645665
branching on CartesianIndex(1, 5) with c.
4044   400    19         47.1106    49.0673    4.1534     % 
UB: 49.067322834645665
branching on 1 with b.
4045   401    20         47.1106    49.0673    4.1534     % 
LB close or above UB, fathomed
4046   400    20         47.1106    49.0673    4.1534     % 
LB close or above UB, fathomed
4047   399    19         47.1106    49.0673    4.1534     % 
LB close or above UB, fathomed
4048   398    29         47.1106    49.0673    4.1534     % 
LB close or above UB, fathomed
4049   397    29         47.1106    49.0673    4.1534     % 
LB close or above UB, fathomed
4050   396    20         47.1106    49.0673    4.1534     % 
UB: 49.067322834645665
branching on CartesianIndex(1, 6) with c.
4051   397    21         47.1106    49.0673    4.1534     % 
LB close or above UB, fathomed
4052   396    21         47.1106    49.0673    4.1534     % 
UB: 49.067322834645665
branching on CartesianIndex(1, 7) with c.
4053   397    22         47.1106    49.0673    4.1534     % 
UB: 49.067322834645665
branching on 3 with b.
4054   398    23         47.1106    49.0673    4.1534     % 
LB close or above UB, fathomed
4055   397    23         47.1106    49.0673    4.1534     % 
UB: 49.067322834645665
branching on 1 with b.
4056   398    24         47.1106    49.0673    4.1534     % 
UB: 49.067322834645665
branching on 2 with b.
4057   399    25         47.1106    49.0673    4.1534     % 
UB: 49.067322834645665
branching on 3 with b.
4058   400    26         47.1106    49.0673    4.1534     % 
LB close or above UB, fathomed
4059   399    26         47.1106    49.0673    4.1534     % 
LB close or above UB, fathomed
4060   398    25         47.1106    49.0673    4.1534     % 
UB: 49.067322834645665
branching on 3 with b.
4061   399    26         47.1106    49.0673    4.1534     % 
LB close or above UB, fathomed
4062   398    26         47.1106    49.0673    4.1534     % 
LB close or above UB, fathomed
4063   397    24         47.1106    49.0673    4.1534     % 
LB close or above UB, fathomed
4064   396    22         47.1106    49.0673    4.1534     % 
LB close or above UB, fathomed
4065   395    20         47.1106    49.0673    4.1534     % 
UB: 49.067322834645665
branching on CartesianIndex(1, 6) with c.
4066   396    21         47.1106    49.0673    4.1534     % 
LB close or above UB, fathomed
4067   395    21         47.1106    49.0673    4.1534     % 
UB: 49.067322834645665
branching on CartesianIndex(1, 7) with c.
4068   396    22         47.1106    49.0673    4.1534     % 
UB: 49.067322834645665
branching on 3 with b.
4069   397    23         47.1106    49.0673    4.1534     % 
LB close or above UB, fathomed
4070   396    23         47.1106    49.0673    4.1534     % 
UB: 49.067322834645665
branching on 1 with b.
4071   397    24         47.1106    49.0673    4.1534     % 
UB: 49.067322834645665
branching on 2 with b.
4072   398    25         47.1106    49.0673    4.1534     % 
UB: 49.067322834645665
branching on 3 with b.
4073   399    26         47.1106    49.0673    4.1534     % 
LB close or above UB, fathomed
4074   398    26         47.1106    49.0673    4.1534     % 
LB close or above UB, fathomed
4075   397    25         47.1106    49.0673    4.1534     % 
UB: 49.067322834645665
branching on 3 with b.
4076   398    26         47.1106    49.0673    4.1534     % 
LB close or above UB, fathomed
4077   397    26         47.1106    49.0673    4.1534     % 
LB close or above UB, fathomed
4078   396    24         47.1106    49.0673    4.1534     % 
LB close or above UB, fathomed
4079   395    22         47.1106    49.0673    4.1534     % 
LB close or above UB, fathomed
4080   394    20         47.1106    49.0673    4.1534     % 
LB close or above UB, fathomed
4081   393    20         47.1106    49.0673    4.1534     % 
UB: 49.067322834645665
branching on CartesianIndex(1, 7) with c.
4082   394    21         47.1106    49.0673    4.1534     % 
UB: 49.067322834645665
branching on 2 with b.
4083   395    22         47.1106    49.0673    4.1534     % 
UB: 49.067322834645665
branching on 3 with b.
4084   396    23         47.1106    49.0673    4.1534     % 
LB close or above UB, fathomed
4085   395    23         47.1106    49.0673    4.1534     % 
UB: 49.067322834645665
branching on 1 with b.
4086   396    24         47.1106    49.0673    4.1534     % 
UB: 49.067322834645665
branching on 2 with b.
4087   397    25         47.1106    49.0673    4.1534     % 
UB: 49.067322834645665
branching on 3 with b.
4088   398    26         47.1106    49.0673    4.1534     % 
LB close or above UB, fathomed
4089   397    26         47.1106    49.0673    4.1534     % 
LB close or above UB, fathomed
4090   396    25         47.1106    49.0673    4.1534     % 
UB: 49.067322834645665
branching on 3 with b.
4091   397    26         47.1106    49.0673    4.1534     % 
LB close or above UB, fathomed
4092   396    26         47.1106    49.0673    4.1534     % 
LB close or above UB, fathomed
4093   395    24         47.1106    49.0673    4.1534     % 
LB close or above UB, fathomed
4094   394    22         47.1106    49.0673    4.1534     % 
UB: 49.067322834645665
branching on 3 with b.
4095   395    23         47.1106    49.0673    4.1534     % 
LB close or above UB, fathomed
4096   394    23         47.1106    49.0673    4.1534     % 
UB: 49.067322834645665
branching on 1 with b.
4097   395    24         47.1106    49.0673    4.1534     % 
UB: 49.067322834645665
branching on 2 with b.
4098   396    25         47.1106    49.0673    4.1534     % 
UB: 49.067322834645665
branching on 3 with b.
4099   397    26         47.1106    49.0673    4.1534     % 
LB close or above UB, fathomed
4100   396    26         47.1106    49.0673    4.1534     % 
LB close or above UB, fathomed
4101   395    25         47.1106    49.0673    4.1534     % 
UB: 49.067322834645665
branching on 3 with b.
4102   396    26         47.1106    49.0673    4.1534     % 
LB close or above UB, fathomed
4103   395    26         47.1106    49.0673    4.1534     % 
LB close or above UB, fathomed
4104   394    24         47.1106    49.0673    4.1534     % 
LB close or above UB, fathomed
4105   393    21         47.1106    49.0673    4.1534     % 
LB close or above UB, fathomed
4106   392    21         47.1106    49.0673    4.1534     % 
LB close or above UB, fathomed
4107   391    21         47.1106    49.0673    4.1534     % 
UB: 49.067322834645665
branching on 1 with b.
4108   392    22         47.1106    49.0673    4.1534     % 
UB: 49.067322834645665
branching on 2 with b.
4109   393    23         47.1106    49.0673    4.1534     % 
UB: 49.067322834645665
branching on 3 with b.
4110   394    24         47.1106    49.0673    4.1534     % 
LB close or above UB, fathomed
4111   393    24         47.1106    49.0673    4.1534     % 
LB close or above UB, fathomed
4112   392    23         47.1106    49.0673    4.1534     % 
UB: 49.067322834645665
branching on 3 with b.
4113   393    24         47.1106    49.0673    4.1534     % 
LB close or above UB, fathomed
4114   392    24         47.1106    49.0673    4.1534     % 
LB close or above UB, fathomed
4115   391    22         47.1106    49.0673    4.1534     % 
LB close or above UB, fathomed
4116   390    25         47.1106    49.0673    4.1534     % 
LB close or above UB, fathomed
4117   389    25         47.1106    49.0673    4.1534     % 
LB close or above UB, fathomed
4118   388    36         47.1106    49.0673    4.1534     % 
LB close or above UB, fathomed
4119   387    36         47.1106    49.0673    4.1534     % 
LB close or above UB, fathomed
4120   386    35         47.1106    49.0673    4.1534     % 
LB close or above UB, fathomed
4121   385    35         47.1106    49.0673    4.1534     % 
LB close or above UB, fathomed
4122   384    24         47.1106    49.0673    4.1534     % 
LB close or above UB, fathomed
4123   383    24         47.1106    49.0673    4.1534     % 
UB: 49.067322834645665
branching on 1 with b.
4124   384    25         47.1106    49.0673    4.1534     % 
LB close or above UB, fathomed
4125   383    25         47.1106    49.0673    4.1534     % 
UB: 49.067322834645665
branching on 2 with b.
4126   384    26         47.1106    49.0673    4.1534     % 
UB: 49.067322834645665
branching on 3 with b.
4127   385    27         47.1106    49.0673    4.1534     % 
LB close or above UB, fathomed
4128   384    27         47.1106    49.0673    4.1534     % 
UB: 49.067322834645665
branching on 1 with b.
4129   385    28         47.1106    49.0673    4.1534     % 
LB close or above UB, fathomed
4130   384    28         47.1106    49.0673    4.1534     % 
UB: 49.067322834645665
branching on 2 with b.
4131   385    29         47.1106    49.0673    4.1534     % 
LB close or above UB, fathomed
4132   384    29         47.1106    49.0673    4.1534     % 
LB close or above UB, fathomed
4133   383    26         47.1106    49.0673    4.1534     % 
LB close or above UB, fathomed
4134   382    37         47.1106    49.0673    4.1534     % 
UB: 49.067322834645665
branching on 2 with b.
4135   383    38         47.1106    49.0673    4.1534     % 
LB close or above UB, fathomed
4136   382    38         47.1106    49.0673    4.1534     % 
LB close or above UB, fathomed
4137   381    37         47.1106    49.0673    4.1534     % 
UB: 49.067322834645665
branching on 2 with b.
4138   382    38         47.1106    49.0673    4.1534     % 
LB close or above UB, fathomed
4139   381    38         47.1106    49.0673    4.1534     % 
LB close or above UB, fathomed
4140   380    37         47.1106    49.0673    4.1534     % 
UB: 49.067322834645665
branching on 2 with b.
4141   381    38         47.1106    49.0673    4.1534     % 
LB close or above UB, fathomed
4142   380    38         47.1106    49.0673    4.1534     % 
LB close or above UB, fathomed
4143   379    37         47.1106    49.0673    4.1534     % 
UB: 49.067322834645665
branching on 2 with b.
4144   380    38         47.1106    49.0673    4.1534     % 
LB close or above UB, fathomed
4145   379    38         47.1106    49.0673    4.1534     % 
LB close or above UB, fathomed
4146   378    37         47.1106    49.0673    4.1534     % 
LB close or above UB, fathomed
4147   377    34         47.1106    49.0673    4.1534     % 
UB: 49.067322834645665
branching on 1 with b.
4148   378    35         47.1106    49.0673    4.1534     % 
LB close or above UB, fathomed
4149   377    35         47.1106    49.0673    4.1534     % 
UB: 49.067322834645665
branching on 2 with b.
4150   378    36         47.1106    49.0673    4.1534     % 
LB close or above UB, fathomed
4151   377    36         47.1106    49.0673    4.1534     % 
LB close or above UB, fathomed
4152   376    34         47.1106    49.0673    4.1534     % 
LB close or above UB, fathomed
4153   375    14         47.1106    49.0673    4.1534     % 
LB close or above UB, fathomed
4154   374    14         47.1106    49.0673    4.1534     % 
LB close or above UB, fathomed
4155   373    20         47.1106    49.0673    4.1534     % 
LB close or above UB, fathomed
4156   372    20         47.1106    49.0673    4.1534     % 
UB: 49.067322834645665
branching on CartesianIndex(1, 4) with c.
4157   373    21         47.1106    49.0673    4.1534     % 
LB close or above UB, fathomed
4158   372    21         47.1106    49.0673    4.1534     % 
UB: 49.067322834645665
branching on CartesianIndex(1, 5) with c.
4159   373    22         47.1106    49.0673    4.1534     % 
UB: 49.067322834645665
branching on CartesianIndex(1, 6) with c.
4160   374    23         47.1106    49.0673    4.1534     % 
LB close or above UB, fathomed
4161   373    23         47.1106    49.0673    4.1534     % 
UB: 49.067322834645665
branching on CartesianIndex(1, 7) with c.
4162   374    24         47.1106    49.0673    4.1534     % 
UB: 49.067322834645665
branching on 2 with b.
4163   375    25         47.1106    49.0673    4.1534     % 
LB close or above UB, fathomed
4164   374    25         47.1106    49.0673    4.1534     % 
UB: 49.067322834645665
branching on 3 with b.
4165   375    26         47.1106    49.0673    4.1534     % 
LB close or above UB, fathomed
4166   374    26         47.1106    49.0673    4.1534     % 
UB: 49.067322834645665
branching on 1 with b.
4167   375    27         47.1106    49.0673    4.1534     % 
LB close or above UB, fathomed
4168   374    27         47.1106    49.0673    4.1534     % 
UB: 49.067322834645665
branching on 2 with b.
4169   375    28         47.1106    49.0673    4.1534     % 
LB close or above UB, fathomed
4170   374    28         47.1106    49.0673    4.1534     % 
LB close or above UB, fathomed
4171   373    24         47.1106    49.0673    4.1534     % 
LB close or above UB, fathomed
4172   372    22         47.1106    49.0673    4.1534     % 
LB close or above UB, fathomed
4173   371    27         47.1106    49.0673    4.1534     % 
LB close or above UB, fathomed
4174   370    27         47.1106    49.0673    4.1534     % 
LB close or above UB, fathomed
4175   369    34         47.1106    49.0673    4.1534     % 
LB close or above UB, fathomed
4176   368    34         47.1106    49.0673    4.1534     % 
LB close or above UB, fathomed
4177   367    28         47.1106    49.0673    4.1534     % 
LB close or above UB, fathomed
4178   366    28         47.1106    49.0673    4.1534     % 
UB: 49.067322834645665
branching on 3 with b.
4179   367    29         47.1106    49.0673    4.1534     % 
LB close or above UB, fathomed
4180   366    29         47.1106    49.0673    4.1534     % 
LB close or above UB, fathomed
4181   365    34         47.1106    49.0673    4.1534     % 
UB: 49.067322834645665
branching on 3 with b.
4182   366    35         47.1106    49.0673    4.1534     % 
LB close or above UB, fathomed
4183   365    35         47.1106    49.0673    4.1534     % 
LB close or above UB, fathomed
4184   364    34         47.1106    49.0673    4.1534     % 
LB close or above UB, fathomed
4185   363    42         47.1106    49.0673    4.1534     % 
LB close or above UB, fathomed
4186   362    42         47.1106    49.0673    4.1534     % 
UB: 49.067322834645665
branching on 2 with b.
4187   363    43         47.1106    49.0673    4.1534     % 
UB: 49.067322834645665
branching on 3 with b.
4188   364    44         47.1106    49.0673    4.1534     % 
UB: 49.067322834645665
branching on 1 with b.
4189   365    45         47.1106    49.0673    4.1534     % 
LB close or above UB, fathomed
4190   364    45         47.1106    49.0673    4.1534     % 
LB close or above UB, fathomed
4191   363    44         47.1106    49.0673    4.1534     % 
UB: 49.067322834645665
branching on 1 with b.
4192   364    45         47.1106    49.0673    4.1534     % 
LB close or above UB, fathomed
4193   363    45         47.1106    49.0673    4.1534     % 
LB close or above UB, fathomed
4194   362    43         47.1106    49.0673    4.1534     % 
UB: 49.067322834645665
branching on 3 with b.
4195   363    44         47.1106    49.0673    4.1534     % 
UB: 49.067322834645665
branching on 1 with b.
4196   364    45         47.1106    49.0673    4.1534     % 
LB close or above UB, fathomed
4197   363    45         47.1106    49.0673    4.1534     % 
LB close or above UB, fathomed
4198   362    44         47.1106    49.0673    4.1534     % 
UB: 49.067322834645665
branching on 1 with b.
4199   363    45         47.1106    49.0673    4.1534     % 
LB close or above UB, fathomed
4200   362    45         47.1106    49.0673    4.1534     % 
LB close or above UB, fathomed
4201   361    42         47.1106    49.0673    4.1534     % 
LB close or above UB, fathomed
4202   360    42         47.1106    49.0673    4.1534     % 
UB: 49.067322834645665
branching on 2 with b.
4203   361    43         47.1106    49.0673    4.1534     % 
UB: 49.067322834645665
branching on 3 with b.
4204   361    44         47.1106    49.0673    4.1534     % 
UB: 49.067322834645665
branching on 1 with b.
4205   362    45         47.1106    49.0673    4.1534     % 
LB close or above UB, fathomed
4206   361    45         47.1106    49.0673    4.1534     % 
LB close or above UB, fathomed
4207   360    43         47.1106    49.0673    4.1534     % 
UB: 49.067322834645665
branching on 3 with b.
4208   360    44         47.1106    49.0673    4.1534     % 
UB: 49.067322834645665
branching on 1 with b.
4209   361    45         47.1106    49.0673    4.1534     % 
LB close or above UB, fathomed
4210   360    45         47.1106    49.0673    4.1534     % 
LB close or above UB, fathomed
4211   359    27         47.1106    49.0673    4.1534     % 
LB close or above UB, fathomed
4212   358    27         47.1106    49.0673    4.1534     % 
LB close or above UB, fathomed
4213   357    33         47.1106    49.0673    4.1534     % 
LB close or above UB, fathomed
4214   356    33         47.1106    49.0673    4.1534     % 
LB close or above UB, fathomed
4215   355    33         47.1106    49.0673    4.1534     % 
LB close or above UB, fathomed
4216   354    33         47.1106    49.0673    4.1534     % 
LB close or above UB, fathomed
4217   353    33         47.1106    49.0673    4.1534     % 
UB: 49.067322834645665
branching on 2 with b.
4218   354    34         47.1106    49.0673    4.1534     % 
LB close or above UB, fathomed
4219   353    34         47.1106    49.0673    4.1534     % 
LB close or above UB, fathomed
4220   352    33         47.1106    49.0673    4.1534     % 
LB close or above UB, fathomed
4221   351    44         47.1106    49.0673    4.1534     % 
LB close or above UB, fathomed
4222   350    44         47.1106    49.0673    4.1534     % 
UB: 49.067322834645665
branching on 1 with b.
4223   351    45         47.1106    49.0673    4.1534     % 
LB close or above UB, fathomed
4224   350    45         47.1106    49.0673    4.1534     % 
LB close or above UB, fathomed
4225   349    46         47.1106    49.0673    4.1534     % 
UB: 49.067322834645665
branching on 3 with b.
4226   350    47         47.1106    49.0673    4.1534     % 
UB: 49.067322834645665
branching on 1 with b.
4227   350    48         47.1106    49.0673    4.1534     % 
UB: 49.067322834645665
branching on 2 with b.
4228   350    49         47.1106    49.0673    4.1534     % 
UB: 49.067322834645665
branching on 3 with b.
4229   350    50         47.1106    49.0673    4.1534     % 
UB: 49.067322834645665
branching on 1 with b.
4230   351    51         47.1106    49.0673    4.1534     % 
LB close or above UB, fathomed
4231   350    51         47.1106    49.0673    4.1534     % 
LB close or above UB, fathomed
4232   349    47         47.1106    49.0673    4.1534     % 
UB: 49.067322834645665
branching on 1 with b.
4233   349    48         47.1106    49.0673    4.1534     % 
UB: 49.067322834645665
branching on 2 with b.
4234   349    49         47.1106    49.0673    4.1534     % 
UB: 49.067322834645665
branching on 3 with b.
4235   349    50         47.1106    49.0673    4.1534     % 
UB: 49.067322834645665
branching on 1 with b.
4236   350    51         47.1106    49.0673    4.1534     % 
LB close or above UB, fathomed
4237   349    51         47.1106    49.0673    4.1534     % 
LB close or above UB, fathomed
4238   348    46         47.1106    49.0673    4.1534     % 
UB: 49.067322834645665
branching on 3 with b.
4239   349    47         47.1106    49.0673    4.1534     % 
UB: 49.067322834645665
branching on 1 with b.
4240   349    48         47.1106    49.0673    4.1534     % 
UB: 49.067322834645665
branching on 2 with b.
4241   349    49         47.1106    49.0673    4.1534     % 
UB: 49.067322834645665
branching on 3 with b.
4242   349    50         47.1106    49.0673    4.1534     % 
UB: 49.067322834645665
branching on 1 with b.
4243   349    51         47.1106    49.0673    4.1534     % 
UB: 49.067322834645665
branching on 2 with b.
4244   350    52         47.1106    49.0673    4.1534     % 
LB close or above UB, fathomed
4245   349    52         47.1106    49.0673    4.1534     % 
LB close or above UB, fathomed
4246   348    47         47.1106    49.0673    4.1534     % 
UB: 49.067322834645665
branching on 1 with b.
4247   348    48         47.1106    49.0673    4.1534     % 
UB: 49.067322834645665
branching on 2 with b.
4248   348    49         47.1106    49.0673    4.1534     % 
UB: 49.067322834645665
branching on 3 with b.
4249   348    50         47.1106    49.0673    4.1534     % 
UB: 49.067322834645665
branching on 1 with b.
4250   348    51         47.1106    49.0673    4.1534     % 
UB: 49.067322834645665
branching on 2 with b.
4251   349    52         47.1106    49.0673    4.1534     % 
LB close or above UB, fathomed
4252   348    52         47.1106    49.0673    4.1534     % 
LB close or above UB, fathomed
4253   347    45         47.1106    49.0673    4.1534     % 
LB close or above UB, fathomed
4254   346    45         47.1106    49.0673    4.1534     % 
LB close or above UB, fathomed
4255   345    43         47.1106    49.0673    4.1534     % 
UB: 49.067322834645665
branching on 3 with b.
4256   346    44         47.1106    49.0673    4.1534     % 
LB close or above UB, fathomed
4257   345    44         47.1106    49.0673    4.1534     % 
UB: 49.067322834645665
branching on 1 with b.
4258   345    45         47.1106    49.0673    4.1534     % 
UB: 49.067322834645665
branching on 2 with b.
4259   345    46         47.1106    49.0673    4.1534     % 
UB: 49.067322834645665
branching on 3 with b.
4260   346    47         47.1106    49.0673    4.1534     % 
UB: 49.067322834645665
branching on 1 with b.
4261   346    48         47.1106    49.0673    4.1534     % 
UB: 49.067322834645665
branching on 2 with b.
4262   346    49         47.1106    49.0673    4.1534     % 
UB: 49.067322834645665
branching on 3 with b.
4263   346    50         47.1106    49.0673    4.1534     % 
UB: 49.067322834645665
branching on 1 with b.
4264   346    51         47.1106    49.0673    4.1534     % 
UB: 49.067322834645665
branching on 2 with b.
4265   347    52         47.1106    49.0673    4.1534     % 
LB close or above UB, fathomed
4266   346    52         47.1106    49.0673    4.1534     % 
LB close or above UB, fathomed
4267   345    47         47.1106    49.0673    4.1534     % 
UB: 49.067322834645665
branching on 1 with b.
4268   345    48         47.1106    49.0673    4.1534     % 
UB: 49.067322834645665
branching on 2 with b.
4269   345    49         47.1106    49.0673    4.1534     % 
UB: 49.067322834645665
branching on 3 with b.
4270   345    50         47.1106    49.0673    4.1534     % 
UB: 49.067322834645665
branching on 1 with b.
4271   345    51         47.1106    49.0673    4.1534     % 
UB: 49.067322834645665
branching on 2 with b.
4272   346    52         47.1106    49.0673    4.1534     % 
LB close or above UB, fathomed
4273   345    52         47.1106    49.0673    4.1534     % 
LB close or above UB, fathomed
4274   344    43         47.1106    49.0673    4.1534     % 
LB close or above UB, fathomed
4275   343    42         47.1106    49.0673    4.1534     % 
LB close or above UB, fathomed
4276   342    42         47.1106    49.0673    4.1534     % 
UB: 49.067322834645665
branching on 2 with b.
4277   343    43         47.1106    49.0673    4.1534     % 
UB: 49.067322834645665
branching on 3 with b.
4278   344    44         47.1106    49.0673    4.1534     % 
LB close or above UB, fathomed
4279   343    44         47.1106    49.0673    4.1534     % 
UB: 49.067322834645665
branching on 1 with b.
4280   344    45         47.1106    49.0673    4.1534     % 
LB close or above UB, fathomed
4281   343    45         47.1106    49.0673    4.1534     % 
LB close or above UB, fathomed
4282   342    43         47.1106    49.0673    4.1534     % 
LB close or above UB, fathomed
4283   341    33         47.1106    49.0673    4.1534     % 
LB close or above UB, fathomed
4284   340    33         47.1106    49.0673    4.1534     % 
LB close or above UB, fathomed
4285   339    27         47.1106    49.0673    4.1534     % 
LB close or above UB, fathomed
4286   338    27         47.1106    49.0673    4.1534     % 
LB close or above UB, fathomed
4287   337    27         47.1106    49.0673    4.1534     % 
LB close or above UB, fathomed
4288   336    27         47.1106    49.0673    4.1534     % 
LB close or above UB, fathomed
4289   335    41         47.1106    49.0673    4.1534     % 
LB close or above UB, fathomed
4290   334    41         47.1106    49.0673    4.1534     % 
UB: 49.067322834645665
branching on 1 with b.
4291   335    42         47.1106    49.0673    4.1534     % 
LB close or above UB, fathomed
4292   334    42         47.1106    49.0673    4.1534     % 
LB close or above UB, fathomed
4293   333    40         47.1106    49.0673    4.1534     % 
LB close or above UB, fathomed
4294   332    40         47.1106    49.0673    4.1534     % 
LB close or above UB, fathomed
4295   331    44         47.1106    49.0673    4.1534     % 
UB: 49.067322834645665
branching on 1 with b.
4296   332    45         47.1106    49.0673    4.1534     % 
LB close or above UB, fathomed
4297   331    45         47.1106    49.0673    4.1534     % 
LB close or above UB, fathomed
4298   330    46         47.1106    49.0673    4.1534     % 
UB: 49.067322834645665
branching on 3 with b.
4299   330    47         47.1106    49.0673    4.1534     % 
UB: 49.067322834645665
branching on 1 with b.
4300   330    48         47.1106    49.0673    4.1534     % 
UB: 49.067322834645665
branching on 2 with b.
4301   330    49         47.1106    49.0673    4.1534     % 
UB: 49.067322834645665
branching on 3 with b.
4302   331    50         47.1106    49.0673    4.1534     % 
UB: 49.067322834645665
branching on 1 with b.
4303   332    51         47.1106    49.0673    4.1534     % 
LB close or above UB, fathomed
4304   331    51         47.1106    49.0673    4.1534     % 
LB close or above UB, fathomed
4305   330    50         47.1106    49.0673    4.1534     % 
LB close or above UB, fathomed
4306   329    46         47.1106    49.0673    4.1534     % 
UB: 49.067322834645665
branching on 3 with b.
4307   329    47         47.1106    49.0673    4.1534     % 
UB: 49.067322834645665
branching on 1 with b.
4308   329    48         47.1106    49.0673    4.1534     % 
UB: 49.067322834645665
branching on 2 with b.
4309   329    49         47.1106    49.0673    4.1534     % 
UB: 49.067322834645665
branching on 3 with b.
4310   330    50         47.1106    49.0673    4.1534     % 
UB: 49.067322834645665
branching on 1 with b.
4311   330    51         47.1106    49.0673    4.1534     % 
UB: 49.067322834645665
branching on 2 with b.
4312   331    52         47.1106    49.0673    4.1534     % 
LB close or above UB, fathomed
4313   330    52         47.1106    49.0673    4.1534     % 
LB close or above UB, fathomed
4314   329    50         47.1106    49.0673    4.1534     % 
LB close or above UB, fathomed
4315   328    43         47.1106    49.0673    4.1534     % 
UB: 49.067322834645665
branching on 3 with b.
4316   328    44         47.1106    49.0673    4.1534     % 
UB: 49.067322834645665
branching on 1 with b.
4317   328    45         47.1106    49.0673    4.1534     % 
UB: 49.067322834645665
branching on 2 with b.
4318   328    46         47.1106    49.0673    4.1534     % 
UB: 49.067322834645665
branching on 3 with b.
4319   328    47         47.1106    49.0673    4.1534     % 
UB: 49.067322834645665
branching on 1 with b.
4320   328    48         47.1106    49.0673    4.1534     % 
UB: 49.067322834645665
branching on 2 with b.
4321   328    49         47.1106    49.0673    4.1534     % 
UB: 49.067322834645665
branching on 3 with b.
4322   329    50         47.1106    49.0673    4.1534     % 
UB: 49.067322834645665
branching on 1 with b.
4323   329    51         47.1106    49.0673    4.1534     % 
UB: 49.067322834645665
branching on 2 with b.
4324   330    52         47.1106    49.0673    4.1534     % 
LB close or above UB, fathomed
4325   329    52         47.1106    49.0673    4.1534     % 
LB close or above UB, fathomed
4326   328    50         47.1106    49.0673    4.1534     % 
LB close or above UB, fathomed
4327   327    43         47.1106    49.0673    4.1534     % 
LB close or above UB, fathomed
4328   326    41         47.1106    49.0673    4.1534     % 
LB close or above UB, fathomed
4329   325    41         47.1106    49.0673    4.1534     % 
UB: 49.067322834645665
branching on 1 with b.
4330   325    42         47.1106    49.0673    4.1534     % 
UB: 49.067322834645665
branching on 2 with b.
4331   326    43         47.1106    49.0673    4.1534     % 
UB: 49.067322834645665
branching on 3 with b.
4332   327    44         47.1106    49.0673    4.1534     % 
LB close or above UB, fathomed
4333   326    44         47.1106    49.0673    4.1534     % 
UB: 49.067322834645665
branching on 1 with b.
4334   326    45         47.1106    49.0673    4.1534     % 
UB: 49.067322834645665
branching on 2 with b.
4335   326    46         47.1106    49.0673    4.1534     % 
UB: 49.067322834645665
branching on 3 with b.
4336   327    47         47.1106    49.0673    4.1534     % 
UB: 49.067322834645665
branching on 1 with b.
4337   327    48         47.1106    49.0673    4.1534     % 
UB: 49.067322834645665
branching on 2 with b.
4338   327    49         47.1106    49.0673    4.1534     % 
UB: 49.067322834645665
branching on 3 with b.
4339   327    50         47.1106    49.0673    4.1534     % 
UB: 49.067322834645665
branching on 1 with b.
4340   327    51         47.1106    49.0673    4.1534     % 
UB: 49.067322834645665
branching on 2 with b.
4341   328    52         47.1106    49.0673    4.1534     % 
LB close or above UB, fathomed
4342   327    52         47.1106    49.0673    4.1534     % 
LB close or above UB, fathomed
4343   326    47         47.1106    49.0673    4.1534     % 
UB: 49.067322834645665
branching on 1 with b.
4344   326    48         47.1106    49.0673    4.1534     % 
UB: 49.067322834645665
branching on 2 with b.
4345   326    49         47.1106    49.0673    4.1534     % 
UB: 49.067322834645665
branching on 3 with b.
4346   326    50         47.1106    49.0673    4.1534     % 
UB: 49.067322834645665
branching on 1 with b.
4347   326    51         47.1106    49.0673    4.1534     % 
UB: 49.067322834645665
branching on 2 with b.
4348   327    52         47.1106    49.0673    4.1534     % 
LB close or above UB, fathomed
4349   326    52         47.1106    49.0673    4.1534     % 
LB close or above UB, fathomed
4350   325    43         47.1106    49.0673    4.1534     % 
LB close or above UB, fathomed
4351   324    40         47.1106    49.0673    4.1534     % 
LB close or above UB, fathomed
4352   323    40         47.1106    49.0673    4.1534     % 
LB close or above UB, fathomed
4353   322    40         47.1106    49.0673    4.1534     % 
LB close or above UB, fathomed
4354   321    40         47.1106    49.0673    4.1534     % 
LB close or above UB, fathomed
4355   320    41         47.1106    49.0673    4.1534     % 
LB close or above UB, fathomed
4356   319    41         47.1106    49.0673    4.1534     % 
UB: 49.067322834645665
branching on 1 with b.
4357   319    42         47.1106    49.0673    4.1534     % 
UB: 49.067322834645665
branching on 2 with b.
4358   320    43         47.1106    49.0673    4.1534     % 
UB: 49.067322834645665
branching on 3 with b.
4359   321    44         47.1106    49.0673    4.1534     % 
LB close or above UB, fathomed
4360   320    44         47.1106    49.0673    4.1534     % 
UB: 49.067322834645665
branching on 1 with b.
4361   320    45         47.1106    49.0673    4.1534     % 
UB: 49.067322834645665
branching on 2 with b.
4362   320    46         47.1106    49.0673    4.1534     % 
UB: 49.067322834645665
branching on 3 with b.
4363   321    47         47.1106    49.0673    4.1534     % 
UB: 49.067322834645665
branching on 1 with b.
4364   322    48         47.1106    49.0673    4.1534     % 
UB: 49.067322834645665
branching on 2 with b.
4365   322    49         47.1106    49.0673    4.1534     % 
UB: 49.067322834645665
branching on 3 with b.
4366   322    50         47.1106    49.0673    4.1534     % 
UB: 49.067322834645665
branching on 1 with b.
4367   322    51         47.1106    49.0673    4.1534     % 
UB: 49.067322834645665
branching on 2 with b.
4368   323    52         47.1106    49.0673    4.1534     % 
LB close or above UB, fathomed
4369   322    52         47.1106    49.0673    4.1534     % 
LB close or above UB, fathomed
4370   321    48         47.1106    49.0673    4.1534     % 
UB: 49.067322834645665
branching on 2 with b.
4371   321    49         47.1106    49.0673    4.1534     % 
UB: 49.067322834645665
branching on 3 with b.
4372   321    50         47.1106    49.0673    4.1534     % 
UB: 49.067322834645665
branching on 1 with b.
4373   321    51         47.1106    49.0673    4.1534     % 
UB: 49.067322834645665
branching on 2 with b.
4374   322    52         47.1106    49.0673    4.1534     % 
LB close or above UB, fathomed
4375   321    52         47.1106    49.0673    4.1534     % 
LB close or above UB, fathomed
4376   320    47         47.1106    49.0673    4.1534     % 
UB: 49.067322834645665
branching on 1 with b.
4377   321    48         47.1106    49.0673    4.1534     % 
UB: 49.067322834645665
branching on 2 with b.
4378   321    49         47.1106    49.0673    4.1534     % 
UB: 49.067322834645665
branching on 3 with b.
4379   321    50         47.1106    49.0673    4.1534     % 
UB: 49.067322834645665
branching on 1 with b.
4380   321    51         47.1106    49.0673    4.1534     % 
UB: 49.067322834645665
branching on 2 with b.
4381   322    52         47.1106    49.0673    4.1534     % 
LB close or above UB, fathomed
4382   321    52         47.1106    49.0673    4.1534     % 
LB close or above UB, fathomed
4383   320    48         47.1106    49.0673    4.1534     % 
UB: 49.067322834645665
branching on 2 with b.
4384   320    49         47.1106    49.0673    4.1534     % 
UB: 49.067322834645665
branching on 3 with b.
4385   320    50         47.1106    49.0673    4.1534     % 
UB: 49.067322834645665
branching on 1 with b.
4386   320    51         47.1106    49.0673    4.1534     % 
UB: 49.067322834645665
branching on 2 with b.
4387   321    52         47.1106    49.0673    4.1534     % 
LB close or above UB, fathomed
4388   320    52         47.1106    49.0673    4.1534     % 
LB close or above UB, fathomed
4389   319    43         47.1106    49.0673    4.1534     % 
LB close or above UB, fathomed
4390   318    41         47.1106    49.0673    4.1534     % 
LB close or above UB, fathomed
4391   317    41         47.1106    49.0673    4.1534     % 
LB close or above UB, fathomed
4392   316    26         47.1106    49.0673    4.1534     % 
LB close or above UB, fathomed
4393   315    26         47.1106    49.0673    4.1534     % 
LB close or above UB, fathomed
4394   314    29         47.1106    49.0673    4.1534     % 
LB close or above UB, fathomed
4395   313    29         47.1106    49.0673    4.1534     % 
UB: 49.067322834645665
branching on 3 with b.
4396   314    30         47.1106    49.0673    4.1534     % 
LB close or above UB, fathomed
4397   313    30         47.1106    49.0673    4.1534     % 
LB close or above UB, fathomed
4398   312    20         47.1106    49.0673    4.1534     % 
LB close or above UB, fathomed
4399   311    20         47.1106    49.0673    4.1534     % 
UB: 49.067322834645665
branching on CartesianIndex(1, 6) with c.
4400   312    21         47.1106    49.0673    4.1534     % 
LB close or above UB, fathomed
4401   311    21         47.1106    49.0673    4.1534     % 
UB: 49.067322834645665
branching on CartesianIndex(1, 7) with c.
4402   312    22         47.1106    49.0673    4.1534     % 
UB: 49.067322834645665
branching on 1 with b.
4403   313    23         47.1106    49.0673    4.1534     % 
LB close or above UB, fathomed
4404   312    23         47.1106    49.0673    4.1534     % 
LB close or above UB, fathomed
4405   311    22         47.1106    49.0673    4.1534     % 
LB close or above UB, fathomed
4406   310    19         47.1106    49.0673    4.1534     % 
UB: 49.067322834645665
branching on 2 with b.
4407   311    20         47.1106    49.0673    4.1534     % 
UB: 49.067322834645665
branching on 3 with b.
4408   312    21         47.1106    49.0673    4.1534     % 
UB: 49.067322834645665
branching on 1 with b.
4409   313    22         47.1106    49.0673    4.1534     % 
LB close or above UB, fathomed
4410   312    22         47.1106    49.0673    4.1534     % 
LB close or above UB, fathomed
4411   311    21         47.1106    49.0673    4.1534     % 
LB close or above UB, fathomed
4412   310    20         47.1106    49.0673    4.1534     % 
UB: 49.067322834645665
branching on 3 with b.
4413   311    21         47.1106    49.0673    4.1534     % 
UB: 49.067322834645665
branching on 1 with b.
4414   312    22         47.1106    49.0673    4.1534     % 
LB close or above UB, fathomed
4415   311    22         47.1106    49.0673    4.1534     % 
LB close or above UB, fathomed
4416   310    21         47.1106    49.0673    4.1534     % 
LB close or above UB, fathomed
4417   309    19         47.1106    49.0673    4.1534     % 
LB close or above UB, fathomed
4418   308    42         47.1106    49.0673    4.1534     % 
LB close or above UB, fathomed
4419   307    42         47.1106    49.0673    4.1534     % 
UB: 49.067322834645665
branching on 2 with b.
4420   308    43         47.1106    49.0673    4.1534     % 
LB close or above UB, fathomed
4421   307    43         47.1106    49.0673    4.1534     % 
LB close or above UB, fathomed
4422   306    42         47.1106    49.0673    4.1534     % 
LB close or above UB, fathomed
4423   305    42         47.1106    49.0673    4.1534     % 
UB: 49.067322834645665
branching on 2 with b.
4424   306    43         47.1106    49.0673    4.1534     % 
LB close or above UB, fathomed
4425   305    43         47.1106    49.0673    4.1534     % 
LB close or above UB, fathomed
4426   304    39         47.1106    49.0673    4.1534     % 
UB: 49.067322834645665
branching on 2 with b.
4427   305    40         47.1106    49.0673    4.1534     % 
UB: 49.067322834645665
branching on 3 with b.
4428   306    41         47.1106    49.0673    4.1534     % 
LB close or above UB, fathomed
4429   305    41         47.1106    49.0673    4.1534     % 
UB: 49.067322834645665
branching on 1 with b.
4430   306    42         47.1106    49.0673    4.1534     % 
LB close or above UB, fathomed
4431   305    42         47.1106    49.0673    4.1534     % 
UB: 49.067322834645665
branching on 2 with b.
4432   306    43         47.1106    49.0673    4.1534     % 
LB close or above UB, fathomed
4433   305    43         47.1106    49.0673    4.1534     % 
LB close or above UB, fathomed
4434   304    40         47.1106    49.0673    4.1534     % 
LB close or above UB, fathomed
4435   303    39         47.1106    49.0673    4.1534     % 
LB close or above UB, fathomed
4436   302    37         47.1106    49.0673    4.1534     % 
UB: 49.067322834645665
branching on 3 with b.
4437   303    38         47.1106    49.0673    4.1534     % 
LB close or above UB, fathomed
4438   302    38         47.1106    49.0673    4.1534     % 
UB: 49.067322834645665
branching on 1 with b.
4439   303    39         47.1106    49.0673    4.1534     % 
LB close or above UB, fathomed
4440   302    39         47.1106    49.0673    4.1534     % 
UB: 49.067322834645665
branching on 2 with b.
4441   303    40         47.1106    49.0673    4.1534     % 
UB: 49.067322834645665
branching on 3 with b.
4442   304    41         47.1106    49.0673    4.1534     % 
LB close or above UB, fathomed
4443   303    41         47.1106    49.0673    4.1534     % 
LB close or above UB, fathomed
4444   302    40         47.1106    49.0673    4.1534     % 
LB close or above UB, fathomed
4445   301    37         47.1106    49.0673    4.1534     % 
LB close or above UB, fathomed
4446   300    36         47.1106    49.0673    4.1534     % 
LB close or above UB, fathomed
4447   299    36         47.1106    49.0673    4.1534     % 
LB close or above UB, fathomed
4448   298    37         47.1106    49.0673    4.1534     % 
UB: 49.067322834645665
branching on 3 with b.
4449   299    38         47.1106    49.0673    4.1534     % 
LB close or above UB, fathomed
4450   298    38         47.1106    49.0673    4.1534     % 
UB: 49.067322834645665
branching on 1 with b.
4451   299    39         47.1106    49.0673    4.1534     % 
UB: 49.067322834645665
branching on 2 with b.
4452   300    40         47.1106    49.0673    4.1534     % 
UB: 49.067322834645665
branching on 3 with b.
4453   301    41         47.1106    49.0673    4.1534     % 
LB close or above UB, fathomed
4454   300    41         47.1106    49.0673    4.1534     % 
LB close or above UB, fathomed
4455   299    40         47.1106    49.0673    4.1534     % 
LB close or above UB, fathomed
4456   298    39         47.1106    49.0673    4.1534     % 
LB close or above UB, fathomed
4457   297    37         47.1106    49.0673    4.1534     % 
LB close or above UB, fathomed
4458   296    34         47.1106    49.0673    4.1534     % 
UB: 49.067322834645665
branching on 1 with b.
4459   297    35         47.1106    49.0673    4.1534     % 
UB: 49.067322834645665
branching on 2 with b.
4460   298    36         47.1106    49.0673    4.1534     % 
LB close or above UB, fathomed
4461   297    36         47.1106    49.0673    4.1534     % 
LB close or above UB, fathomed
4462   296    35         47.1106    49.0673    4.1534     % 
UB: 49.067322834645665
branching on 2 with b.
4463   297    36         47.1106    49.0673    4.1534     % 
LB close or above UB, fathomed
4464   296    36         47.1106    49.0673    4.1534     % 
LB close or above UB, fathomed
4465   295    34         47.1106    49.0673    4.1534     % 
LB close or above UB, fathomed
4466   294    34         47.1106    49.0673    4.1534     % 
UB: 49.067322834645665
branching on 1 with b.
4467   295    35         47.1106    49.0673    4.1534     % 
LB close or above UB, fathomed
4468   294    35         47.1106    49.0673    4.1534     % 
UB: 49.067322834645665
branching on 2 with b.
4469   295    36         47.1106    49.0673    4.1534     % 
LB close or above UB, fathomed
4470   294    36         47.1106    49.0673    4.1534     % 
LB close or above UB, fathomed
4471   293    34         47.1106    49.0673    4.1534     % 
LB close or above UB, fathomed
4472   292    37         47.1106    49.0673    4.1534     % 
LB close or above UB, fathomed
4473   291    37         47.1106    49.0673    4.1534     % 
LB close or above UB, fathomed
4474   290    31         47.1106    49.0673    4.1534     % 
LB close or above UB, fathomed
4475   289    31         47.1106    49.0673    4.1534     % 
LB close or above UB, fathomed
4476   288    40         47.1106    49.0673    4.1534     % 
LB close or above UB, fathomed
4477   287    40         47.1106    49.0673    4.1534     % 
LB close or above UB, fathomed
4478   286    41         47.1106    49.0673    4.1534     % 
LB close or above UB, fathomed
4479   285    41         47.1106    49.0673    4.1534     % 
LB close or above UB, fathomed
4480   284    39         47.1106    49.0673    4.1534     % 
UB: 49.067322834645665
branching on 2 with b.
4481   285    40         47.1106    49.0673    4.1534     % 
LB close or above UB, fathomed
4482   284    40         47.1106    49.0673    4.1534     % 
LB close or above UB, fathomed
4483   283    39         47.1106    49.0673    4.1534     % 
LB close or above UB, fathomed
4484   282    41         47.1106    49.0673    4.1534     % 
LB close or above UB, fathomed
4485   281    41         47.1106    49.0673    4.1534     % 
LB close or above UB, fathomed
4486   280    39         47.1106    49.0673    4.1534     % 
LB close or above UB, fathomed
4487   279    39         47.1106    49.0673    4.1534     % 
UB: 49.067322834645665
branching on 2 with b.
4488   280    40         47.1106    49.0673    4.1534     % 
LB close or above UB, fathomed
4489   279    40         47.1106    49.0673    4.1534     % 
LB close or above UB, fathomed
4490   278    39         47.1106    49.0673    4.1534     % 
UB: 49.067322834645665
branching on 1 with b.
4491   279    40         47.1106    49.0673    4.1534     % 
LB close or above UB, fathomed
4492   278    40         47.1106    49.0673    4.1534     % 
UB: 49.067322834645665
branching on 2 with b.
4493   279    41         47.1106    49.0673    4.1534     % 
UB: 49.067322834645665
branching on 3 with b.
4494   279    42         47.1106    49.0673    4.1534     % 
UB: 49.067322834645665
branching on 1 with b.
4495   280    43         47.1106    49.0673    4.1534     % 
LB close or above UB, fathomed
4496   279    43         47.1106    49.0673    4.1534     % 
LB close or above UB, fathomed
4497   278    41         47.1106    49.0673    4.1534     % 
LB close or above UB, fathomed
4498   277    39         47.1106    49.0673    4.1534     % 
UB: 49.067322834645665
branching on 1 with b.
4499   278    40         47.1106    49.0673    4.1534     % 
LB close or above UB, fathomed
4500   277    40         47.1106    49.0673    4.1534     % 
UB: 49.067322834645665
branching on 2 with b.
4501   278    41         47.1106    49.0673    4.1534     % 
UB: 49.067322834645665
branching on 3 with b.
4502   279    42         47.1106    49.0673    4.1534     % 
UB: 49.067322834645665
branching on 1 with b.
4503   280    43         47.1106    49.0673    4.1534     % 
LB close or above UB, fathomed
4504   279    43         47.1106    49.0673    4.1534     % 
LB close or above UB, fathomed
4505   278    42         47.1106    49.0673    4.1534     % 
LB close or above UB, fathomed
4506   277    41         47.1106    49.0673    4.1534     % 
LB close or above UB, fathomed
4507   276    37         47.1106    49.0673    4.1534     % 
LB close or above UB, fathomed
4508   275    37         47.1106    49.0673    4.1534     % 
LB close or above UB, fathomed
4509   274    39         47.1106    49.0673    4.1534     % 
LB close or above UB, fathomed
4510   273    39         47.1106    49.0673    4.1534     % 
LB close or above UB, fathomed
4511   272    39         47.1106    49.0673    4.1534     % 
LB close or above UB, fathomed
4512   271    39         47.1106    49.0673    4.1534     % 
UB: 49.067322834645665
branching on 2 with b.
4513   272    40         47.1106    49.0673    4.1534     % 
LB close or above UB, fathomed
4514   271    40         47.1106    49.0673    4.1534     % 
LB close or above UB, fathomed
4515   270    32         47.1106    49.0673    4.1534     % 
LB close or above UB, fathomed
4516   269    32         47.1106    49.0673    4.1534     % 
LB close or above UB, fathomed
4517   268    39         47.1106    49.0673    4.1534     % 
LB close or above UB, fathomed
4518   267    39         47.1106    49.0673    4.1534     % 
UB: 49.067322834645665
branching on 2 with b.
4519   268    40         47.1106    49.0673    4.1534     % 
LB close or above UB, fathomed
4520   267    40         47.1106    49.0673    4.1534     % 
LB close or above UB, fathomed
4521   266    36         47.1106    49.0673    4.1534     % 
LB close or above UB, fathomed
4522   265    36         47.1106    49.0673    4.1534     % 
LB close or above UB, fathomed
4523   264    39         47.1106    49.0673    4.1534     % 
UB: 49.067322834645665
branching on 2 with b.
4524   265    40         47.1106    49.0673    4.1534     % 
LB close or above UB, fathomed
4525   264    40         47.1106    49.0673    4.1534     % 
LB close or above UB, fathomed
4526   263    43         47.1106    49.0673    4.1534     % 
LB close or above UB, fathomed
4527   262    43         47.1106    49.0673    4.1534     % 
UB: 49.067322834645665
branching on 3 with b.
4528   262    44         47.1106    49.0673    4.1534     % 
UB: 49.067322834645665
branching on 1 with b.
4529   263    45         47.1106    49.0673    4.1534     % 
LB close or above UB, fathomed
4530   262    45         47.1106    49.0673    4.1534     % 
LB close or above UB, fathomed
4531   261    39         47.1106    49.0673    4.1534     % 
LB close or above UB, fathomed
4532   260    39         47.1106    49.0673    4.1534     % 
LB close or above UB, fathomed
4533   259    38         47.1106    49.0673    4.1534     % 
LB close or above UB, fathomed
4534   258    38         47.1106    49.0673    4.1534     % 
LB close or above UB, fathomed
4535   257    37         47.1106    49.0673    4.1534     % 
LB close or above UB, fathomed
4536   256    37         47.1106    49.0673    4.1534     % 
UB: 49.067322834645665
branching on 2 with b.
4537   257    38         47.1106    49.0673    4.1534     % 
LB close or above UB, fathomed
4538   256    38         47.1106    49.0673    4.1534     % 
LB close or above UB, fathomed
4539   255    39         47.1106    49.0673    4.1534     % 
LB close or above UB, fathomed
4540   254    39         47.1106    49.0673    4.1534     % 
LB close or above UB, fathomed
4541   253    37         47.1106    49.0673    4.1534     % 
UB: 49.067322834645665
branching on 2 with b.
4542   254    38         47.1106    49.0673    4.1534     % 
LB close or above UB, fathomed
4543   253    38         47.1106    49.0673    4.1534     % 
LB close or above UB, fathomed
4544   252    36         47.1106    49.0673    4.1534     % 
LB close or above UB, fathomed
4545   251    36         47.1106    49.0673    4.1534     % 
LB close or above UB, fathomed
4546   250    30         47.1106    49.0673    4.1534     % 
LB close or above UB, fathomed
4547   249    30         47.1106    49.0673    4.1534     % 
UB: 49.067322834645665
branching on 2 with b.
4548   250    31         47.1106    49.0673    4.1534     % 
UB: 49.067322834645665
branching on 3 with b.
4549   251    32         47.1106    49.0673    4.1534     % 
LB close or above UB, fathomed
4550   250    32         47.1106    49.0673    4.1534     % 
LB close or above UB, fathomed
4551   249    31         47.1106    49.0673    4.1534     % 
LB close or above UB, fathomed
4552   248    38         47.1106    49.0673    4.1534     % 
LB close or above UB, fathomed
4553   247    38         47.1106    49.0673    4.1534     % 
UB: 49.067322834645665
branching on 1 with b.
4554   248    39         47.1106    49.0673    4.1534     % 
UB: 49.067322834645665
branching on 2 with b.
4555   249    40         47.1106    49.0673    4.1534     % 
LB close or above UB, fathomed
4556   248    40         47.1106    49.0673    4.1534     % 
LB close or above UB, fathomed
4557   247    39         47.1106    49.0673    4.1534     % 
LB close or above UB, fathomed
4558   246    38         47.1106    49.0673    4.1534     % 
LB close or above UB, fathomed
4559   245    38         47.1106    49.0673    4.1534     % 
UB: 49.067322834645665
branching on 1 with b.
4560   245    39         47.1106    49.0673    4.1534     % 
UB: 49.067322834645665
branching on 2 with b.
4561   246    40         47.1106    49.0673    4.1534     % 
LB close or above UB, fathomed
4562   245    40         47.1106    49.0673    4.1534     % 
LB close or above UB, fathomed
4563   244    39         47.1106    49.0673    4.1534     % 
UB: 49.067322834645665
branching on 2 with b.
4564   245    40         47.1106    49.0673    4.1534     % 
LB close or above UB, fathomed
4565   244    40         47.1106    49.0673    4.1534     % 
LB close or above UB, fathomed
4566   243    35         47.1106    49.0673    4.1534     % 
LB close or above UB, fathomed
4567   242    35         47.1106    49.0673    4.1534     % 
LB close or above UB, fathomed
4568   241    35         47.1106    49.0673    4.1534     % 
LB close or above UB, fathomed
4569   240    35         47.1106    49.0673    4.1534     % 
LB close or above UB, fathomed
4570   239    36         47.1106    49.0673    4.1534     % 
UB: 49.067322834645665
branching on 1 with b.
4571   240    37         47.1106    49.0673    4.1534     % 
LB close or above UB, fathomed
4572   239    37         47.1106    49.0673    4.1534     % 
UB: 49.067322834645665
branching on 2 with b.
4573   240    38         47.1106    49.0673    4.1534     % 
LB close or above UB, fathomed
4574   239    38         47.1106    49.0673    4.1534     % 
LB close or above UB, fathomed
4575   238    36         47.1106    49.0673    4.1534     % 
LB close or above UB, fathomed
4576   237    34         47.1106    49.0673    4.1534     % 
UB: 49.067322834645665
branching on 2 with b.
4577   238    35         47.1106    49.0673    4.1534     % 
LB close or above UB, fathomed
4578   237    35         47.1106    49.0673    4.1534     % 
LB close or above UB, fathomed
4579   236    34         47.1106    49.0673    4.1534     % 
LB close or above UB, fathomed
4580   235    22         47.1106    49.0673    4.1534     % 
LB close or above UB, fathomed
4581   234    22         47.1106    49.0673    4.1534     % 
UB: 49.067322834645665
branching on 1 with b.
4582   235    23         47.1106    49.0673    4.1534     % 
LB close or above UB, fathomed
4583   234    23         47.1106    49.0673    4.1534     % 
LB close or above UB, fathomed
4584   233    17         47.1106    49.0673    4.1534     % 
UB: 49.067322834645665
branching on CartesianIndex(3, 3) with a.
4585   234    18         47.1106    49.0673    4.1534     % 
LB close or above UB, fathomed
4586   233    18         47.1106    49.0673    4.1534     % 
UB: 49.067322834645665
branching on CartesianIndex(1, 4) with c.
4587   234    19         47.1106    49.0673    4.1534     % 
LB close or above UB, fathomed
4588   233    19         47.1106    49.0673    4.1534     % 
UB: 49.067322834645665
branching on CartesianIndex(1, 5) with c.
4589   234    20         47.1106    49.0673    4.1534     % 
UB: 49.067322834645665
branching on CartesianIndex(1, 6) with c.
4590   235    21         47.1106    49.0673    4.1534     % 
LB close or above UB, fathomed
4591   234    21         47.1106    49.0673    4.1534     % 
UB: 49.067322834645665
branching on CartesianIndex(1, 7) with c.
4592   235    22         47.1106    49.0673    4.1534     % 
UB: 49.067322834645665
branching on 2 with b.
4593   236    23         47.1106    49.0673    4.1534     % 
LB close or above UB, fathomed
4594   235    23         47.1106    49.0673    4.1534     % 
UB: 49.067322834645665
branching on 3 with b.
4595   236    24         47.1106    49.0673    4.1534     % 
UB: 49.067322834645665
branching on 1 with b.
4596   237    25         47.1106    49.0673    4.1534     % 
LB close or above UB, fathomed
4597   236    25         47.1106    49.0673    4.1534     % 
LB close or above UB, fathomed
4598   235    24         47.1106    49.0673    4.1534     % 
LB close or above UB, fathomed
4599   234    22         47.1106    49.0673    4.1534     % 
LB close or above UB, fathomed
4600   233    20         47.1106    49.0673    4.1534     % 
LB close or above UB, fathomed
4601   232    17         47.1106    49.0673    4.1534     % 
LB close or above UB, fathomed
4602   231    16         47.1106    49.0673    4.1534     % 
UB: 49.067322834645665
branching on CartesianIndex(1, 4) with c.
4603   232    17         47.1106    49.0673    4.1534     % 
LB close or above UB, fathomed
4604   231    17         47.1106    49.0673    4.1534     % 
UB: 49.067322834645665
branching on CartesianIndex(1, 5) with c.
4605   232    18         47.1106    49.0673    4.1534     % 
UB: 49.067322834645665
branching on CartesianIndex(1, 6) with c.
4606   233    19         47.1106    49.0673    4.1534     % 
LB close or above UB, fathomed
4607   232    19         47.1106    49.0673    4.1534     % 
UB: 49.067322834645665
branching on CartesianIndex(1, 7) with c.
4608   233    20         47.1106    49.0673    4.1534     % 
UB: 49.067322834645665
branching on 2 with b.
4609   234    21         47.1106    49.0673    4.1534     % 
UB: 49.067322834645665
branching on 3 with b.
4610   235    22         47.1106    49.0673    4.1534     % 
UB: 49.067322834645665
branching on 1 with b.
4611   236    23         47.1106    49.0673    4.1534     % 
UB: 49.067322834645665
branching on 2 with b.
4612   237    24         47.1106    49.0673    4.1534     % 
UB: 49.067322834645665
branching on 3 with b.
4613   238    25         47.1106    49.0673    4.1534     % 
UB: 49.067322834645665
branching on 1 with b.
4614   239    26         47.1106    49.0673    4.1534     % 
LB close or above UB, fathomed
4615   238    26         47.1106    49.0673    4.1534     % 
LB close or above UB, fathomed
4616   237    25         47.1106    49.0673    4.1534     % 
LB close or above UB, fathomed
4617   236    24         47.1106    49.0673    4.1534     % 
LB close or above UB, fathomed
4618   235    23         47.1106    49.0673    4.1534     % 
LB close or above UB, fathomed
4619   234    22         47.1106    49.0673    4.1534     % 
LB close or above UB, fathomed
4620   233    21         47.1106    49.0673    4.1534     % 
LB close or above UB, fathomed
4621   232    20         47.1106    49.0673    4.1534     % 
LB close or above UB, fathomed
4622   231    18         47.1106    49.0673    4.1534     % 
LB close or above UB, fathomed
4623   230    16         47.1106    49.0673    4.1534     % 
LB close or above UB, fathomed
4624   229    16         47.1106    49.0673    4.1534     % 
UB: 49.067322834645665
branching on CartesianIndex(4, 3) with a.
4625   230    16         47.1106    49.0673    4.1534     % 
LB close or above UB, fathomed
4626   229    42         47.1106    49.0673    4.1534     % 
LB close or above UB, fathomed
4627   228    42         47.1106    49.0673    4.1534     % 
LB close or above UB, fathomed
4628   227    43         47.1106    49.0673    4.1534     % 
LB close or above UB, fathomed
4629   226    43         47.1106    49.0673    4.1534     % 
UB: 49.067322834645665
branching on 3 with b.
4630   227    44         47.1106    49.0673    4.1534     % 
LB close or above UB, fathomed
4631   226    44         47.1106    49.0673    4.1534     % 
UB: 49.067322834645665
branching on 1 with b.
4632   227    45         47.1106    49.0673    4.1534     % 
LB close or above UB, fathomed
4633   226    45         47.1106    49.0673    4.1534     % 
LB close or above UB, fathomed
4634   225    42         47.1106    49.0673    4.1534     % 
LB close or above UB, fathomed
4635   224    42         47.1106    49.0673    4.1534     % 
LB close or above UB, fathomed
4636   223    44         47.1106    49.0673    4.1534     % 
UB: 49.067322834645665
branching on 1 with b.
4637   224    45         47.1106    49.0673    4.1534     % 
LB close or above UB, fathomed
4638   223    45         47.1106    49.0673    4.1534     % 
LB close or above UB, fathomed
4639   222    44         47.1106    49.0673    4.1534     % 
UB: 49.067322834645665
branching on 1 with b.
4640   223    45         47.1106    49.0673    4.1534     % 
LB close or above UB, fathomed
4641   222    45         47.1106    49.0673    4.1534     % 
LB close or above UB, fathomed
4642   221    41         47.1106    49.0673    4.1534     % 
LB close or above UB, fathomed
4643   220    41         47.1106    49.0673    4.1534     % 
LB close or above UB, fathomed
4644   219    42         47.1106    49.0673    4.1534     % 
UB: 49.067322834645665
branching on 2 with b.
4645   220    43         47.1106    49.0673    4.1534     % 
UB: 49.067322834645665
branching on 3 with b.
4646   221    44         47.1106    49.0673    4.1534     % 
UB: 49.067322834645665
branching on 1 with b.
4647   221    45         47.1106    49.0673    4.1534     % 
UB: 49.067322834645665
branching on 2 with b.
4648   221    46         47.1106    49.0673    4.1534     % 
UB: 49.067322834645665
branching on 3 with b.
4649   221    47         47.1106    49.0673    4.1534     % 
UB: 49.067322834645665
branching on 1 with b.
4650   221    48         47.1106    49.0673    4.1534     % 
UB: 49.067322834645665
branching on 2 with b.
4651   221    49         47.1106    49.0673    4.1534     % 
UB: 49.067322834645665
branching on 3 with b.
4652   221    50         47.1106    49.0673    4.1534     % 
UB: 49.067322834645665
branching on 1 with b.
4653   221    51         47.1106    49.0673    4.1534     % 
UB: 49.067322834645665
branching on 2 with b.
4654   222    52         47.1106    49.0673    4.1534     % 
LB close or above UB, fathomed
4655   221    52         47.1106    49.0673    4.1534     % 
LB close or above UB, fathomed
4656   220    44         47.1106    49.0673    4.1534     % 
UB: 49.067322834645665
branching on 1 with b.
4657   220    45         47.1106    49.0673    4.1534     % 
UB: 49.067322834645665
branching on 2 with b.
4658   220    46         47.1106    49.0673    4.1534     % 
UB: 49.067322834645665
branching on 3 with b.
4659   221    47         47.1106    49.0673    4.1534     % 
UB: 49.067322834645665
branching on 1 with b.
4660   221    48         47.1106    49.0673    4.1534     % 
UB: 49.067322834645665
branching on 2 with b.
4661   221    49         47.1106    49.0673    4.1534     % 
UB: 49.067322834645665
branching on 3 with b.
4662   221    50         47.1106    49.0673    4.1534     % 
UB: 49.067322834645665
branching on 1 with b.
4663   221    51         47.1106    49.0673    4.1534     % 
UB: 49.067322834645665
branching on 2 with b.
4664   222    52         47.1106    49.0673    4.1534     % 
LB close or above UB, fathomed
4665   221    52         47.1106    49.0673    4.1534     % 
LB close or above UB, fathomed
4666   220    47         47.1106    49.0673    4.1534     % 
UB: 49.067322834645665
branching on 1 with b.
4667   220    48         47.1106    49.0673    4.1534     % 
UB: 49.067322834645665
branching on 2 with b.
4668   220    49         47.1106    49.0673    4.1534     % 
UB: 49.067322834645665
branching on 3 with b.
4669   220    50         47.1106    49.0673    4.1534     % 
UB: 49.067322834645665
branching on 1 with b.
4670   220    51         47.1106    49.0673    4.1534     % 
UB: 49.067322834645665
branching on 2 with b.
4671   221    52         47.1106    49.0673    4.1534     % 
LB close or above UB, fathomed
4672   220    52         47.1106    49.0673    4.1534     % 
LB close or above UB, fathomed
4673   219    43         47.1106    49.0673    4.1534     % 
LB close or above UB, fathomed
4674   218    42         47.1106    49.0673    4.1534     % 
UB: 49.067322834645665
branching on 2 with b.
4675   219    43         47.1106    49.0673    4.1534     % 
UB: 49.067322834645665
branching on 3 with b.
4676   219    44         47.1106    49.0673    4.1534     % 
UB: 49.067322834645665
branching on 1 with b.
4677   219    45         47.1106    49.0673    4.1534     % 
UB: 49.067322834645665
branching on 2 with b.
4678   219    46         47.1106    49.0673    4.1534     % 
UB: 49.067322834645665
branching on 3 with b.
4679   219    47         47.1106    49.0673    4.1534     % 
UB: 49.067322834645665
branching on 1 with b.
4680   219    48         47.1106    49.0673    4.1534     % 
UB: 49.067322834645665
branching on 2 with b.
4681   219    49         47.1106    49.0673    4.1534     % 
UB: 49.067322834645665
branching on 3 with b.
4682   220    50         47.1106    49.0673    4.1534     % 
UB: 49.067322834645665
branching on 1 with b.
4683   220    51         47.1106    49.0673    4.1534     % 
UB: 49.067322834645665
branching on 2 with b.
4684   221    52         47.1106    49.0673    4.1534     % 
LB close or above UB, fathomed
4685   220    52         47.1106    49.0673    4.1534     % 
LB close or above UB, fathomed
4686   219    50         47.1106    49.0673    4.1534     % 
LB close or above UB, fathomed
4687   218    43         47.1106    49.0673    4.1534     % 
LB close or above UB, fathomed
4688   217    41         47.1106    49.0673    4.1534     % 
UB: 49.067322834645665
branching on 1 with b.
4689   217    42         47.1106    49.0673    4.1534     % 
UB: 49.067322834645665
branching on 2 with b.
4690   218    43         47.1106    49.0673    4.1534     % 
UB: 49.067322834645665
branching on 3 with b.
4691   219    44         47.1106    49.0673    4.1534     % 
UB: 49.067322834645665
branching on 1 with b.
4692   219    45         47.1106    49.0673    4.1534     % 
UB: 49.067322834645665
branching on 2 with b.
4693   219    46         47.1106    49.0673    4.1534     % 
UB: 49.067322834645665
branching on 3 with b.
4694   220    47         47.1106    49.0673    4.1534     % 
UB: 49.067322834645665
branching on 1 with b.
4695   220    48         47.1106    49.0673    4.1534     % 
UB: 49.067322834645665
branching on 2 with b.
4696   220    49         47.1106    49.0673    4.1534     % 
UB: 49.067322834645665
branching on 3 with b.
4697   221    50         47.1106    49.0673    4.1534     % 
UB: 49.067322834645665
branching on 1 with b.
4698   221    51         47.1106    49.0673    4.1534     % 
UB: 49.067322834645665
branching on 2 with b.
4699   222    52         47.1106    49.0673    4.1534     % 
LB close or above UB, fathomed
4700   221    52         47.1106    49.0673    4.1534     % 
LB close or above UB, fathomed
4701   220    50         47.1106    49.0673    4.1534     % 
LB close or above UB, fathomed
4702   219    47         47.1106    49.0673    4.1534     % 
LB close or above UB, fathomed
4703   218    44         47.1106    49.0673    4.1534     % 
LB close or above UB, fathomed
4704   217    43         47.1106    49.0673    4.1534     % 
LB close or above UB, fathomed
4705   216    41         47.1106    49.0673    4.1534     % 
LB close or above UB, fathomed
4706   215    42         47.1106    49.0673    4.1534     % 
UB: 49.067322834645665
branching on 2 with b.
4707   216    43         47.1106    49.0673    4.1534     % 
UB: 49.067322834645665
branching on 3 with b.
4708   217    44         47.1106    49.0673    4.1534     % 
UB: 49.067322834645665
branching on 1 with b.
4709   217    45         47.1106    49.0673    4.1534     % 
UB: 49.067322834645665
branching on 2 with b.
4710   217    46         47.1106    49.0673    4.1534     % 
UB: 49.067322834645665
branching on 3 with b.
4711   217    47         47.1106    49.0673    4.1534     % 
UB: 49.067322834645665
branching on 1 with b.
4712   218    48         47.1106    49.0673    4.1534     % 
UB: 49.067322834645665
branching on 2 with b.
4713   218    49         47.1106    49.0673    4.1534     % 
UB: 49.067322834645665
branching on 3 with b.
4714   218    50         47.1106    49.0673    4.1534     % 
UB: 49.067322834645665
branching on 1 with b.
4715   218    51         47.1106    49.0673    4.1534     % 
UB: 49.067322834645665
branching on 2 with b.
4716   219    52         47.1106    49.0673    4.1534     % 
LB close or above UB, fathomed
4717   218    52         47.1106    49.0673    4.1534     % 
LB close or above UB, fathomed
4718   217    48         47.1106    49.0673    4.1534     % 
UB: 49.067322834645665
branching on 2 with b.
4719   217    49         47.1106    49.0673    4.1534     % 
UB: 49.067322834645665
branching on 3 with b.
4720   217    50         47.1106    49.0673    4.1534     % 
UB: 49.067322834645665
branching on 1 with b.
4721   217    51         47.1106    49.0673    4.1534     % 
UB: 49.067322834645665
branching on 2 with b.
4722   218    52         47.1106    49.0673    4.1534     % 
LB close or above UB, fathomed
4723   217    52         47.1106    49.0673    4.1534     % 
LB close or above UB, fathomed
4724   216    44         47.1106    49.0673    4.1534     % 
UB: 49.067322834645665
branching on 1 with b.
4725   216    45         47.1106    49.0673    4.1534     % 
UB: 49.067322834645665
branching on 2 with b.
4726   216    46         47.1106    49.0673    4.1534     % 
UB: 49.067322834645665
branching on 3 with b.
4727   217    47         47.1106    49.0673    4.1534     % 
UB: 49.067322834645665
branching on 1 with b.
4728   218    48         47.1106    49.0673    4.1534     % 
UB: 49.067322834645665
branching on 2 with b.
4729   218    49         47.1106    49.0673    4.1534     % 
UB: 49.067322834645665
branching on 3 with b.
4730   218    50         47.1106    49.0673    4.1534     % 
UB: 49.067322834645665
branching on 1 with b.
4731   218    51         47.1106    49.0673    4.1534     % 
UB: 49.067322834645665
branching on 2 with b.
4732   219    52         47.1106    49.0673    4.1534     % 
LB close or above UB, fathomed
4733   218    52         47.1106    49.0673    4.1534     % 
LB close or above UB, fathomed
4734   217    48         47.1106    49.0673    4.1534     % 
UB: 49.067322834645665
branching on 2 with b.
4735   217    49         47.1106    49.0673    4.1534     % 
UB: 49.067322834645665
branching on 3 with b.
4736   217    50         47.1106    49.0673    4.1534     % 
UB: 49.067322834645665
branching on 1 with b.
4737   217    51         47.1106    49.0673    4.1534     % 
UB: 49.067322834645665
branching on 2 with b.
4738   218    52         47.1106    49.0673    4.1534     % 
LB close or above UB, fathomed
4739   217    52         47.1106    49.0673    4.1534     % 
LB close or above UB, fathomed
4740   216    47         47.1106    49.0673    4.1534     % 
UB: 49.067322834645665
branching on 1 with b.
4741   217    48         47.1106    49.0673    4.1534     % 
UB: 49.067322834645665
branching on 2 with b.
4742   217    49         47.1106    49.0673    4.1534     % 
UB: 49.067322834645665
branching on 3 with b.
4743   217    50         47.1106    49.0673    4.1534     % 
UB: 49.067322834645665
branching on 1 with b.
4744   217    51         47.1106    49.0673    4.1534     % 
UB: 49.067322834645665
branching on 2 with b.
4745   218    52         47.1106    49.0673    4.1534     % 
LB close or above UB, fathomed
4746   217    52         47.1106    49.0673    4.1534     % 
LB close or above UB, fathomed
4747   216    48         47.1106    49.0673    4.1534     % 
UB: 49.067322834645665
branching on 2 with b.
4748   216    49         47.1106    49.0673    4.1534     % 
UB: 49.067322834645665
branching on 3 with b.
4749   216    50         47.1106    49.0673    4.1534     % 
UB: 49.067322834645665
branching on 1 with b.
4750   216    51         47.1106    49.0673    4.1534     % 
UB: 49.067322834645665
branching on 2 with b.
4751   217    52         47.1106    49.0673    4.1534     % 
LB close or above UB, fathomed
4752   216    52         47.1106    49.0673    4.1534     % 
LB close or above UB, fathomed
4753   215    43         47.1106    49.0673    4.1534     % 
LB close or above UB, fathomed
4754   214    42         47.1106    49.0673    4.1534     % 
UB: 49.067322834645665
branching on 2 with b.
4755   215    43         47.1106    49.0673    4.1534     % 
UB: 49.067322834645665
branching on 3 with b.
4756   215    44         47.1106    49.0673    4.1534     % 
UB: 49.067322834645665
branching on 1 with b.
4757   215    45         47.1106    49.0673    4.1534     % 
UB: 49.067322834645665
branching on 2 with b.
4758   215    46         47.1106    49.0673    4.1534     % 
UB: 49.067322834645665
branching on 3 with b.
4759   215    47         47.1106    49.0673    4.1534     % 
UB: 49.067322834645665
branching on 1 with b.
4760   216    48         47.1106    49.0673    4.1534     % 
UB: 49.067322834645665
branching on 2 with b.
4761   216    49         47.1106    49.0673    4.1534     % 
UB: 49.067322834645665
branching on 3 with b.
4762   217    50         47.1106    49.0673    4.1534     % 
UB: 49.067322834645665
branching on 1 with b.
4763   217    51         47.1106    49.0673    4.1534     % 
UB: 49.067322834645665
branching on 2 with b.
4764   218    52         47.1106    49.0673    4.1534     % 
LB close or above UB, fathomed
4765   217    52         47.1106    49.0673    4.1534     % 
LB close or above UB, fathomed
4766   216    50         47.1106    49.0673    4.1534     % 
LB close or above UB, fathomed
4767   215    48         47.1106    49.0673    4.1534     % 
UB: 49.067322834645665
branching on 2 with b.
4768   215    49         47.1106    49.0673    4.1534     % 
UB: 49.067322834645665
branching on 3 with b.
4769   216    50         47.1106    49.0673    4.1534     % 
UB: 49.067322834645665
branching on 1 with b.
4770   216    51         47.1106    49.0673    4.1534     % 
UB: 49.067322834645665
branching on 2 with b.
4771   217    52         47.1106    49.0673    4.1534     % 
LB close or above UB, fathomed
4772   216    52         47.1106    49.0673    4.1534     % 
LB close or above UB, fathomed
4773   215    50         47.1106    49.0673    4.1534     % 
LB close or above UB, fathomed
4774   214    43         47.1106    49.0673    4.1534     % 
LB close or above UB, fathomed
4775   213    40         47.1106    49.0673    4.1534     % 
LB close or above UB, fathomed
4776   212    40         47.1106    49.0673    4.1534     % 
LB close or above UB, fathomed
4777   211    41         47.1106    49.0673    4.1534     % 
UB: 49.067322834645665
branching on 1 with b.
4778   211    42         47.1106    49.0673    4.1534     % 
UB: 49.067322834645665
branching on 2 with b.
4779   212    43         47.1106    49.0673    4.1534     % 
UB: 49.067322834645665
branching on 3 with b.
4780   213    44         47.1106    49.0673    4.1534     % 
UB: 49.067322834645665
branching on 1 with b.
4781   213    45         47.1106    49.0673    4.1534     % 
UB: 49.067322834645665
branching on 2 with b.
4782   213    46         47.1106    49.0673    4.1534     % 
UB: 49.067322834645665
branching on 3 with b.
4783   214    47         47.1106    49.0673    4.1534     % 
UB: 49.067322834645665
branching on 1 with b.
4784   215    48         47.1106    49.0673    4.1534     % 
UB: 49.067322834645665
branching on 2 with b.
4785   215    49         47.1106    49.0673    4.1534     % 
UB: 49.067322834645665
branching on 3 with b.
4786   216    50         47.1106    49.0673    4.1534     % 
UB: 49.067322834645665
branching on 1 with b.
4787   216    51         47.1106    49.0673    4.1534     % 
UB: 49.067322834645665
branching on 2 with b.
4788   217    52         47.1106    49.0673    4.1534     % 
LB close or above UB, fathomed
4789   216    52         47.1106    49.0673    4.1534     % 
LB close or above UB, fathomed
4790   215    50         47.1106    49.0673    4.1534     % 
LB close or above UB, fathomed
4791   214    48         47.1106    49.0673    4.1534     % 
UB: 49.067322834645665
branching on 2 with b.
4792   214    49         47.1106    49.0673    4.1534     % 
UB: 49.067322834645665
branching on 3 with b.
4793   215    50         47.1106    49.0673    4.1534     % 
UB: 49.067322834645665
branching on 1 with b.
4794   215    51         47.1106    49.0673    4.1534     % 
UB: 49.067322834645665
branching on 2 with b.
4795   216    52         47.1106    49.0673    4.1534     % 
LB close or above UB, fathomed
4796   215    52         47.1106    49.0673    4.1534     % 
LB close or above UB, fathomed
4797   214    50         47.1106    49.0673    4.1534     % 
LB close or above UB, fathomed
4798   213    47         47.1106    49.0673    4.1534     % 
LB close or above UB, fathomed
4799   212    44         47.1106    49.0673    4.1534     % 
LB close or above UB, fathomed
4800   211    43         47.1106    49.0673    4.1534     % 
LB close or above UB, fathomed
4801   210    41         47.1106    49.0673    4.1534     % 
LB close or above UB, fathomed
4802   209    36         47.1106    49.0673    4.1534     % 
UB: 49.067322834645665
branching on 2 with b.
4803   210    37         47.1106    49.0673    4.1534     % 
LB close or above UB, fathomed
4804   209    37         47.1106    49.0673    4.1534     % 
LB close or above UB, fathomed
4805   208    36         47.1106    49.0673    4.1534     % 
UB: 49.067322834645665
branching on 2 with b.
4806   209    37         47.1106    49.0673    4.1534     % 
LB close or above UB, fathomed
4807   208    37         47.1106    49.0673    4.1534     % 
LB close or above UB, fathomed
4808   207    27         47.1106    49.0673    4.1534     % 
UB: 49.067322834645665
branching on 3 with b.
4809   208    28         47.1106    49.0673    4.1534     % 
LB close or above UB, fathomed
4810   207    28         47.1106    49.0673    4.1534     % 
UB: 49.067322834645665
branching on 1 with b.
4811   208    29         47.1106    49.0673    4.1534     % 
LB close or above UB, fathomed
4812   207    29         47.1106    49.0673    4.1534     % 
LB close or above UB, fathomed
4813   206    27         47.1106    49.0673    4.1534     % 
LB close or above UB, fathomed
4814   205    33         47.1106    49.0673    4.1534     % 
LB close or above UB, fathomed
4815   204    33         47.1106    49.0673    4.1534     % 
LB close or above UB, fathomed
4816   203    38         47.1106    49.0673    4.1534     % 
LB close or above UB, fathomed
4817   202    38         47.1106    49.0673    4.1534     % 
UB: 49.067322834645665
branching on 1 with b.
4818   203    39         47.1106    49.0673    4.1534     % 
LB close or above UB, fathomed
4819   202    39         47.1106    49.0673    4.1534     % 
UB: 49.067322834645665
branching on 2 with b.
4820   203    40         47.1106    49.0673    4.1534     % 
LB close or above UB, fathomed
4821   202    40         47.1106    49.0673    4.1534     % 
LB close or above UB, fathomed
4822   201    25         47.1106    49.0673    4.1534     % 
LB close or above UB, fathomed
4823   200    25         47.1106    49.0673    4.1534     % 
UB: 49.067322834645665
branching on 3 with b.
4824   201    26         47.1106    49.0673    4.1534     % 
LB close or above UB, fathomed
4825   200    26         47.1106    49.0673    4.1534     % 
UB: 49.067322834645665
branching on 1 with b.
4826   201    27         47.1106    49.0673    4.1534     % 
LB close or above UB, fathomed
4827   200    27         47.1106    49.0673    4.1534     % 
LB close or above UB, fathomed
4828   199    29         47.1106    49.0673    4.1534     % 
LB close or above UB, fathomed
4829   198    29         47.1106    49.0673    4.1534     % 
UB: 49.067322834645665
branching on 1 with b.
4830   199    30         47.1106    49.0673    4.1534     % 
LB close or above UB, fathomed
4831   198    30         47.1106    49.0673    4.1534     % 
LB close or above UB, fathomed
4832   197    37         47.1106    49.0673    4.1534     % 
LB close or above UB, fathomed
4833   196    37         47.1106    49.0673    4.1534     % 
UB: 49.067322834645665
branching on 2 with b.
4834   197    38         47.1106    49.0673    4.1534     % 
LB close or above UB, fathomed
4835   196    38         47.1106    49.0673    4.1534     % 
LB close or above UB, fathomed
4836   195    37         47.1106    49.0673    4.1534     % 
UB: 49.067322834645665
branching on 2 with b.
4837   196    38         47.1106    49.0673    4.1534     % 
LB close or above UB, fathomed
4838   195    38         47.1106    49.0673    4.1534     % 
LB close or above UB, fathomed
4839   194    37         47.1106    49.0673    4.1534     % 
LB close or above UB, fathomed
4840   193    41         47.1106    49.0673    4.1534     % 
UB: 49.067322834645665
branching on 1 with b.
4841   194    42         47.1106    49.0673    4.1534     % 
LB close or above UB, fathomed
4842   193    42         47.1106    49.0673    4.1534     % 
LB close or above UB, fathomed
4843   192    41         47.1106    49.0673    4.1534     % 
LB close or above UB, fathomed
4844   191    41         47.1106    49.0673    4.1534     % 
LB close or above UB, fathomed
4845   190    41         47.1106    49.0673    4.1534     % 
LB close or above UB, fathomed
4846   189    26         47.1106    49.0673    4.1534     % 
UB: 49.067322834645665
branching on 2 with b.
4847   190    27         47.1106    49.0673    4.1534     % 
LB close or above UB, fathomed
4848   189    27         47.1106    49.0673    4.1534     % 
LB close or above UB, fathomed
4849   188    26         47.1106    49.0673    4.1534     % 
LB close or above UB, fathomed
4850   187    43         47.1106    49.0673    4.1534     % 
LB close or above UB, fathomed
4851   186    43         47.1106    49.0673    4.1534     % 
LB close or above UB, fathomed
4852   185    36         47.1106    49.0673    4.1534     % 
LB close or above UB, fathomed
4853   184    36         47.1106    49.0673    4.1534     % 
LB close or above UB, fathomed
4854   183    27         47.1106    49.0673    4.1534     % 
LB close or above UB, fathomed
4855   182    27         47.1106    49.0673    4.1534     % 
LB close or above UB, fathomed
4856   181    37         47.1106    49.0673    4.1534     % 
LB close or above UB, fathomed
4857   180    37         47.1106    49.0673    4.1534     % 
UB: 49.067322834645665
branching on 1 with b.
4858   181    38         47.1106    49.0673    4.1534     % 
UB: 49.067322834645665
branching on 2 with b.
4859   182    39         47.1106    49.0673    4.1534     % 
LB close or above UB, fathomed
4860   181    39         47.1106    49.0673    4.1534     % 
LB close or above UB, fathomed
4861   180    38         47.1106    49.0673    4.1534     % 
LB close or above UB, fathomed
4862   179    37         47.1106    49.0673    4.1534     % 
LB close or above UB, fathomed
4863   178    37         47.1106    49.0673    4.1534     % 
UB: 49.067322834645665
branching on 1 with b.
4864   178    38         47.1106    49.0673    4.1534     % 
UB: 49.067322834645665
branching on 2 with b.
4865   179    39         47.1106    49.0673    4.1534     % 
LB close or above UB, fathomed
4866   178    39         47.1106    49.0673    4.1534     % 
LB close or above UB, fathomed
4867   177    35         47.1106    49.0673    4.1534     % 
LB close or above UB, fathomed
4868   176    35         47.1106    49.0673    4.1534     % 
UB: 49.067322834645665
branching on 2 with b.
4869   177    36         47.1106    49.0673    4.1534     % 
LB close or above UB, fathomed
4870   176    36         47.1106    49.0673    4.1534     % 
LB close or above UB, fathomed
4871   175    37         47.1106    49.0673    4.1534     % 
LB close or above UB, fathomed
4872   174    37         47.1106    49.0673    4.1534     % 
UB: 49.067322834645665
branching on 1 with b.
4873   175    38         47.1106    49.0673    4.1534     % 
LB close or above UB, fathomed
4874   174    38         47.1106    49.0673    4.1534     % 
UB: 49.067322834645665
branching on 2 with b.
4875   175    39         47.1106    49.0673    4.1534     % 
LB close or above UB, fathomed
4876   174    39         47.1106    49.0673    4.1534     % 
LB close or above UB, fathomed
4877   173    36         47.1106    49.0673    4.1534     % 
LB close or above UB, fathomed
4878   172    36         47.1106    49.0673    4.1534     % 
LB close or above UB, fathomed
4879   171    17         47.1106    49.0673    4.1534     % 
LB close or above UB, fathomed
4880   170    17         47.1106    49.0673    4.1534     % 
UB: 49.067322834645665
branching on CartesianIndex(1, 5) with c.
4881   171    18         47.1106    49.0673    4.1534     % 
LB close or above UB, fathomed
4882   170    18         47.1106    49.0673    4.1534     % 
LB close or above UB, fathomed
4883   169    29         47.1106    49.0673    4.1534     % 
LB close or above UB, fathomed
4884   168    29         47.1106    49.0673    4.1534     % 
LB close or above UB, fathomed
4885   167    14         47.1106    49.0673    4.1534     % 
LB close or above UB, fathomed
4886   166    14         47.1106    49.0673    4.1534     % 
LB close or above UB, fathomed
4887   165    34         47.1106    49.0673    4.1534     % 
LB close or above UB, fathomed
4888   164    34         47.1106    49.0673    4.1534     % 
LB close or above UB, fathomed
4889   163    34         47.1106    49.0673    4.1534     % 
LB close or above UB, fathomed
4890   162    34         47.1106    49.0673    4.1534     % 
LB close or above UB, fathomed
4891   161    30         47.1106    49.0673    4.1534     % 
LB close or above UB, fathomed
4892   160    30         47.1106    49.0673    4.1534     % 
LB close or above UB, fathomed
4893   159    38         47.1106    49.0673    4.1534     % 
UB: 49.067322834645665
branching on 1 with b.
4894   160    39         47.1106    49.0673    4.1534     % 
UB: 49.067322834645665
branching on 2 with b.
4895   161    40         47.1106    49.0673    4.1534     % 
LB close or above UB, fathomed
4896   160    40         47.1106    49.0673    4.1534     % 
LB close or above UB, fathomed
4897   159    39         47.1106    49.0673    4.1534     % 
LB close or above UB, fathomed
4898   158    38         47.1106    49.0673    4.1534     % 
LB close or above UB, fathomed
4899   157    41         47.1106    49.0673    4.1534     % 
LB close or above UB, fathomed
4900   156    41         47.1106    49.0673    4.1534     % 
LB close or above UB, fathomed
4901   155    38         47.1106    49.0673    4.1534     % 
UB: 49.067322834645665
branching on 1 with b.
4902   156    39         47.1106    49.0673    4.1534     % 
LB close or above UB, fathomed
4903   155    39         47.1106    49.0673    4.1534     % 
UB: 49.067322834645665
branching on 2 with b.
4904   156    40         47.1106    49.0673    4.1534     % 
LB close or above UB, fathomed
4905   155    40         47.1106    49.0673    4.1534     % 
LB close or above UB, fathomed
4906   154    38         47.1106    49.0673    4.1534     % 
LB close or above UB, fathomed
4907   153    41         47.1106    49.0673    4.1534     % 
LB close or above UB, fathomed
4908   152    41         47.1106    49.0673    4.1534     % 
LB close or above UB, fathomed
4909   151    41         47.1106    49.0673    4.1534     % 
LB close or above UB, fathomed
4910   150    41         47.1106    49.0673    4.1534     % 
LB close or above UB, fathomed
4911   149    14         47.1106    49.0673    4.1534     % 
LB close or above UB, fathomed
4912   148    14         47.1106    49.0673    4.1534     % 
LB close or above UB, fathomed
4913   147    14         47.1106    49.0673    4.1534     % 
UB: 49.067322834645665
branching on CartesianIndex(3, 2) with a.
4914   148    15         47.1106    49.0673    4.1534     % 
LB close or above UB, fathomed
4915   147    15         47.1106    49.0673    4.1534     % 
LB close or above UB, fathomed
4916   146    14         47.1106    49.0673    4.1534     % 
LB close or above UB, fathomed
4917   145    15         47.1106    49.0673    4.1534     % 
LB close or above UB, fathomed
4918   144    15         47.1106    49.0673    4.1534     % 
LB close or above UB, fathomed
4919   143    14         47.1106    49.0673    4.1534     % 
LB close or above UB, fathomed
4920   142    14         47.1106    49.0673    4.1534     % 
LB close or above UB, fathomed
4921   141    18         47.1106    49.0673    4.1534     % 
LB close or above UB, fathomed
4922   140    18         47.1106    49.0673    4.1534     % 
LB close or above UB, fathomed
4923   139    29         47.1106    49.0673    4.1534     % 
UB: 49.067322834645665
branching on 3 with b.
4924   140    30         47.1106    49.0673    4.1534     % 
LB close or above UB, fathomed
4925   139    30         47.1106    49.0673    4.1534     % 
UB: 49.067322834645665
branching on 1 with b.
4926   140    31         47.1106    49.0673    4.1534     % 
UB: 49.067322834645665
branching on 2 with b.
4927   141    32         47.1106    49.0673    4.1534     % 
UB: 49.067322834645665
branching on 3 with b.
4928   142    33         47.1106    49.0673    4.1534     % 
LB close or above UB, fathomed
4929   141    33         47.1106    49.0673    4.1534     % 
LB close or above UB, fathomed
4930   140    32         47.1106    49.0673    4.1534     % 
LB close or above UB, fathomed
4931   139    31         47.1106    49.0673    4.1534     % 
LB close or above UB, fathomed
4932   138    29         47.1106    49.0673    4.1534     % 
LB close or above UB, fathomed
4933   137    34         47.1106    49.0673    4.1534     % 
LB close or above UB, fathomed
4934   136    34         47.1106    49.0673    4.1534     % 
LB close or above UB, fathomed
4935   135    36         47.1106    49.0673    4.1534     % 
UB: 49.067322834645665
branching on 2 with b.
4936   136    37         47.1106    49.0673    4.1534     % 
LB close or above UB, fathomed
4937   135    37         47.1106    49.0673    4.1534     % 
LB close or above UB, fathomed
4938   134    36         47.1106    49.0673    4.1534     % 
LB close or above UB, fathomed
4939   133    14         47.1106    49.0673    4.1534     % 
LB close or above UB, fathomed
4940   132    14         47.1106    49.0673    4.1534     % 
LB close or above UB, fathomed
4941   131    29         47.1106    49.0673    4.1534     % 
LB close or above UB, fathomed
4942   130    29         47.1106    49.0673    4.1534     % 
UB: 49.067322834645665
branching on 3 with b.
4943   131    30         47.1106    49.0673    4.1534     % 
LB close or above UB, fathomed
4944   130    30         47.1106    49.0673    4.1534     % 
UB: 49.067322834645665
branching on 1 with b.
4945   131    31         47.1106    49.0673    4.1534     % 
LB close or above UB, fathomed
4946   130    31         47.1106    49.0673    4.1534     % 
LB close or above UB, fathomed
4947   129    21         47.1106    49.0673    4.1534     % 
LB close or above UB, fathomed
4948   128    21         47.1106    49.0673    4.1534     % 
UB: 49.067322834645665
branching on CartesianIndex(1, 7) with c.
4949   129    22         47.1106    49.0673    4.1534     % 
UB: 49.067322834645665
branching on 2 with b.
4950   130    23         47.1106    49.0673    4.1534     % 
UB: 49.067322834645665
branching on 3 with b.
4951   131    24         47.1106    49.0673    4.1534     % 
LB close or above UB, fathomed
4952   130    24         47.1106    49.0673    4.1534     % 
UB: 49.067322834645665
branching on 1 with b.
4953   131    25         47.1106    49.0673    4.1534     % 
UB: 49.067322834645665
branching on 2 with b.
4954   132    26         47.1106    49.0673    4.1534     % 
UB: 49.067322834645665
branching on 3 with b.
4955   133    27         47.1106    49.0673    4.1534     % 
LB close or above UB, fathomed
4956   132    27         47.1106    49.0673    4.1534     % 
LB close or above UB, fathomed
4957   131    26         47.1106    49.0673    4.1534     % 
UB: 49.067322834645665
branching on 3 with b.
4958   132    27         47.1106    49.0673    4.1534     % 
LB close or above UB, fathomed
4959   131    27         47.1106    49.0673    4.1534     % 
LB close or above UB, fathomed
4960   130    25         47.1106    49.0673    4.1534     % 
LB close or above UB, fathomed
4961   129    23         47.1106    49.0673    4.1534     % 
UB: 49.067322834645665
branching on 3 with b.
4962   130    24         47.1106    49.0673    4.1534     % 
LB close or above UB, fathomed
4963   129    24         47.1106    49.0673    4.1534     % 
UB: 49.067322834645665
branching on 1 with b.
4964   130    25         47.1106    49.0673    4.1534     % 
UB: 49.067322834645665
branching on 2 with b.
4965   131    26         47.1106    49.0673    4.1534     % 
UB: 49.067322834645665
branching on 3 with b.
4966   132    27         47.1106    49.0673    4.1534     % 
LB close or above UB, fathomed
4967   131    27         47.1106    49.0673    4.1534     % 
LB close or above UB, fathomed
4968   130    26         47.1106    49.0673    4.1534     % 
UB: 49.067322834645665
branching on 3 with b.
4969   131    27         47.1106    49.0673    4.1534     % 
LB close or above UB, fathomed
4970   130    27         47.1106    49.0673    4.1534     % 
LB close or above UB, fathomed
4971   129    25         47.1106    49.0673    4.1534     % 
LB close or above UB, fathomed
4972   128    22         47.1106    49.0673    4.1534     % 
LB close or above UB, fathomed
4973   127    17         47.1106    49.0673    4.1534     % 
UB: 49.067322834645665
branching on CartesianIndex(1, 6) with c.
4974   128    18         47.1106    49.0673    4.1534     % 
LB close or above UB, fathomed
4975   127    18         47.1106    49.0673    4.1534     % 
LB close or above UB, fathomed
4976   126    17         47.1106    49.0673    4.1534     % 
LB close or above UB, fathomed
4977   125    34         47.1106    49.0673    4.1534     % 
LB close or above UB, fathomed
4978   124    34         47.1106    49.0673    4.1534     % 
LB close or above UB, fathomed
4979   123    36         47.1106    49.0673    4.1534     % 
LB close or above UB, fathomed
4980   122    36         47.1106    49.0673    4.1534     % 
LB close or above UB, fathomed
4981   121    36         47.1106    49.0673    4.1534     % 
LB close or above UB, fathomed
4982   120    36         47.1106    49.0673    4.1534     % 
LB close or above UB, fathomed
4983   119    36         47.1106    49.0673    4.1534     % 
LB close or above UB, fathomed
4984   118    36         47.1106    49.0673    4.1534     % 
LB close or above UB, fathomed
4985   117    37         47.1106    49.0673    4.1534     % 
UB: 49.067322834645665
branching on 2 with b.
4986   118    38         47.1106    49.0673    4.1534     % 
LB close or above UB, fathomed
4987   117    38         47.1106    49.0673    4.1534     % 
LB close or above UB, fathomed
4988   116    37         47.1106    49.0673    4.1534     % 
LB close or above UB, fathomed
4989   115    37         47.1106    49.0673    4.1534     % 
UB: 49.067322834645665
branching on 2 with b.
4990   116    38         47.1106    49.0673    4.1534     % 
LB close or above UB, fathomed
4991   115    38         47.1106    49.0673    4.1534     % 
LB close or above UB, fathomed
4992   114    37         47.1106    49.0673    4.1534     % 
LB close or above UB, fathomed
4993   113    30         47.1106    49.0673    4.1534     % 
LB close or above UB, fathomed
4994   112    30         47.1106    49.0673    4.1534     % 
LB close or above UB, fathomed
4995   111    17         47.1106    49.0673    4.1534     % 
UB: 49.067322834645665
branching on CartesianIndex(2, 3) with a.
4996   112    18         47.1106    49.0673    4.1534     % 
LB close or above UB, fathomed
4997   111    18         47.1106    49.0673    4.1534     % 
LB close or above UB, fathomed
4998   110    17         47.1106    49.0673    4.1534     % 
LB close or above UB, fathomed
4999   109    38         47.1106    49.0673    4.1534     % 
LB close or above UB, fathomed
5000   108    38         47.1106    49.0673    4.1534     % 
LB close or above UB, fathomed
5001   107    38         47.1106    49.0673    4.1534     % 
LB close or above UB, fathomed
5002   106    38         47.1106    49.0673    4.1534     % 
LB close or above UB, fathomed
5003   105    18         47.1106    49.0673    4.1534     % 
UB: 49.067322834645665
branching on 3 with b.
5004   106    18         47.1106    49.0673    4.1534     % 
UB: 49.067322834645665
branching on 3 with b.
5005   107    19         47.1106    49.0673    4.1534     % 
LB close or above UB, fathomed
5006   106    19         47.1106    49.0673    4.1534     % 
UB: 49.067322834645665
branching on CartesianIndex(1, 6) with c.
5007   107    20         47.1106    49.0673    4.1534     % 
LB close or above UB, fathomed
5008   106    20         47.1106    49.0673    4.1534     % 
UB: 49.067322834645665
branching on CartesianIndex(1, 7) with c.
5009   107    21         47.1106    49.0673    4.1534     % 
UB: 49.067322834645665
branching on 1 with b.
5010   108    22         47.1106    49.0673    4.1534     % 
UB: 49.067322834645665
branching on 2 with b.
5011   109    23         47.1106    49.0673    4.1534     % 
UB: 49.067322834645665
branching on 3 with b.
5012   110    24         47.1106    49.0673    4.1534     % 
LB close or above UB, fathomed
5013   109    24         47.1106    49.0673    4.1534     % 
LB close or above UB, fathomed
5014   108    23         47.1106    49.0673    4.1534     % 
UB: 49.067322834645665
branching on 3 with b.
5015   109    24         47.1106    49.0673    4.1534     % 
LB close or above UB, fathomed
5016   108    24         47.1106    49.0673    4.1534     % 
LB close or above UB, fathomed
5017   107    22         47.1106    49.0673    4.1534     % 
LB close or above UB, fathomed
5018   106    21         47.1106    49.0673    4.1534     % 
LB close or above UB, fathomed
5019   105    25         47.1106    49.0673    4.1534     % 
UB: 49.067322834645665
branching on 2 with b.
5020   106    26         47.1106    49.0673    4.1534     % 
LB close or above UB, fathomed
5021   105    26         47.1106    49.0673    4.1534     % 
LB close or above UB, fathomed
5022   104    25         47.1106    49.0673    4.1534     % 
LB close or above UB, fathomed
5023   103    32         47.1106    49.0673    4.1534     % 
LB close or above UB, fathomed
5024   102    32         47.1106    49.0673    4.1534     % 
UB: 49.067322834645665
branching on 2 with b.
5025   103    33         47.1106    49.0673    4.1534     % 
LB close or above UB, fathomed
5026   102    33         47.1106    49.0673    4.1534     % 
LB close or above UB, fathomed
5027   101    36         47.1106    49.0673    4.1534     % 
UB: 49.067322834645665
branching on 1 with b.
5028   102    37         47.1106    49.0673    4.1534     % 
LB close or above UB, fathomed
5029   101    37         47.1106    49.0673    4.1534     % 
UB: 49.067322834645665
branching on 2 with b.
5030   102    38         47.1106    49.0673    4.1534     % 
LB close or above UB, fathomed
5031   101    38         47.1106    49.0673    4.1534     % 
LB close or above UB, fathomed
5032   100    36         47.1106    49.0673    4.1534     % 
LB close or above UB, fathomed
5033   99     28         47.1106    49.0673    4.1534     % 
LB close or above UB, fathomed
5034   98     28         47.1106    49.0673    4.1534     % 
UB: 49.067322834645665
branching on 1 with b.
5035   99     29         47.1106    49.0673    4.1534     % 
LB close or above UB, fathomed
5036   98     29         47.1106    49.0673    4.1534     % 
LB close or above UB, fathomed
5037   97     28         47.1106    49.0673    4.1534     % 
LB close or above UB, fathomed
5038   96     28         47.1106    49.0673    4.1534     % 
UB: 49.067322834645665
branching on 1 with b.
5039   97     29         47.1106    49.0673    4.1534     % 
LB close or above UB, fathomed
5040   96     29         47.1106    49.0673    4.1534     % 
LB close or above UB, fathomed
5041   95     40         47.1106    49.0673    4.1534     % 
LB close or above UB, fathomed
5042   94     40         47.1106    49.0673    4.1534     % 
LB close or above UB, fathomed
5043   93     41         47.1106    49.0673    4.1534     % 
LB close or above UB, fathomed
5044   92     41         47.1106    49.0673    4.1534     % 
UB: 49.067322834645665
branching on 1 with b.
5045   93     42         47.1106    49.0673    4.1534     % 
LB close or above UB, fathomed
5046   92     42         47.1106    49.0673    4.1534     % 
UB: 49.067322834645665
branching on 2 with b.
5047   93     43         47.1106    49.0673    4.1534     % 
UB: 49.067322834645665
branching on 3 with b.
5048   94     44         47.1106    49.0673    4.1534     % 
LB close or above UB, fathomed
5049   93     44         47.1106    49.0673    4.1534     % 
UB: 49.067322834645665
branching on 1 with b.
5050   94     45         47.1106    49.0673    4.1534     % 
LB close or above UB, fathomed
5051   93     45         47.1106    49.0673    4.1534     % 
LB close or above UB, fathomed
5052   92     43         47.1106    49.0673    4.1534     % 
UB: 49.067322834645665
branching on 3 with b.
5053   93     44         47.1106    49.0673    4.1534     % 
LB close or above UB, fathomed
5054   92     44         47.1106    49.0673    4.1534     % 
UB: 49.067322834645665
branching on 1 with b.
5055   93     45         47.1106    49.0673    4.1534     % 
LB close or above UB, fathomed
5056   92     45         47.1106    49.0673    4.1534     % 
LB close or above UB, fathomed
5057   91     18         47.1106    49.0673    4.1534     % 
UB: 49.067322834645665
branching on CartesianIndex(1, 5) with c.
5058   92     19         47.1106    49.0673    4.1534     % 
LB close or above UB, fathomed
5059   91     19         47.1106    49.0673    4.1534     % 
UB: 49.067322834645665
branching on CartesianIndex(1, 6) with c.
5060   92     20         47.1106    49.0673    4.1534     % 
LB close or above UB, fathomed
5061   91     20         47.1106    49.0673    4.1534     % 
UB: 49.067322834645665
branching on CartesianIndex(1, 7) with c.
5062   92     21         47.1106    49.0673    4.1534     % 
UB: 49.067322834645665
branching on 1 with b.
5063   93     22         47.1106    49.0673    4.1534     % 
LB close or above UB, fathomed
5064   92     22         47.1106    49.0673    4.1534     % 
LB close or above UB, fathomed
5065   91     21         47.1106    49.0673    4.1534     % 
LB close or above UB, fathomed
5066   90     18         47.1106    49.0673    4.1534     % 
LB close or above UB, fathomed
5067   89     21         47.1106    49.0673    4.1534     % 
UB: 49.067322834645665
branching on CartesianIndex(1, 6) with c.
5068   90     22         47.1106    49.0673    4.1534     % 
LB close or above UB, fathomed
5069   89     22         47.1106    49.0673    4.1534     % 
UB: 49.067322834645665
branching on 3 with b.
5070   90     23         47.1106    49.0673    4.1534     % 
LB close or above UB, fathomed
5071   89     23         47.1106    49.0673    4.1534     % 
UB: 49.067322834645665
branching on CartesianIndex(1, 7) with c.
5072   90     24         47.1106    49.0673    4.1534     % 
UB: 49.067322834645665
branching on 1 with b.
5073   91     25         47.1106    49.0673    4.1534     % 
UB: 49.067322834645665
branching on 2 with b.
5074   92     26         47.1106    49.0673    4.1534     % 
UB: 49.067322834645665
branching on 3 with b.
5075   93     27         47.1106    49.0673    4.1534     % 
LB close or above UB, fathomed
5076   92     27         47.1106    49.0673    4.1534     % 
LB close or above UB, fathomed
5077   91     26         47.1106    49.0673    4.1534     % 
UB: 49.067322834645665
branching on 3 with b.
5078   92     27         47.1106    49.0673    4.1534     % 
LB close or above UB, fathomed
5079   91     27         47.1106    49.0673    4.1534     % 
LB close or above UB, fathomed
5080   90     25         47.1106    49.0673    4.1534     % 
LB close or above UB, fathomed
5081   89     24         47.1106    49.0673    4.1534     % 
LB close or above UB, fathomed
5082   88     21         47.1106    49.0673    4.1534     % 
UB: 49.067322834645665
branching on 3 with b.
5083   89     22         47.1106    49.0673    4.1534     % 
LB close or above UB, fathomed
5084   88     22         47.1106    49.0673    4.1534     % 
UB: 49.067322834645665
branching on CartesianIndex(1, 6) with c.
5085   89     23         47.1106    49.0673    4.1534     % 
LB close or above UB, fathomed
5086   88     23         47.1106    49.0673    4.1534     % 
UB: 49.067322834645665
branching on CartesianIndex(1, 7) with c.
5087   89     24         47.1106    49.0673    4.1534     % 
UB: 49.067322834645665
branching on 1 with b.
5088   90     25         47.1106    49.0673    4.1534     % 
UB: 49.067322834645665
branching on 2 with b.
5089   91     26         47.1106    49.0673    4.1534     % 
UB: 49.067322834645665
branching on 3 with b.
5090   92     27         47.1106    49.0673    4.1534     % 
LB close or above UB, fathomed
5091   91     27         47.1106    49.0673    4.1534     % 
LB close or above UB, fathomed
5092   90     26         47.1106    49.0673    4.1534     % 
UB: 49.067322834645665
branching on 3 with b.
5093   91     27         47.1106    49.0673    4.1534     % 
LB close or above UB, fathomed
5094   90     27         47.1106    49.0673    4.1534     % 
LB close or above UB, fathomed
5095   89     25         47.1106    49.0673    4.1534     % 
LB close or above UB, fathomed
5096   88     24         47.1106    49.0673    4.1534     % 
LB close or above UB, fathomed
5097   87     21         47.1106    49.0673    4.1534     % 
LB close or above UB, fathomed
5098   86     21         47.1106    49.0673    4.1534     % 
UB: 49.067322834645665
branching on CartesianIndex(1, 7) with c.
5099   87     28         47.1106    49.0673    4.1534     % 
LB close or above UB, fathomed
5100   86     28         47.1106    49.0673    4.1534     % 
LB close or above UB, fathomed
5101   85     30         47.1106    49.0673    4.1534     % 
LB close or above UB, fathomed
5102   84     30         47.1106    49.0673    4.1534     % 
LB close or above UB, fathomed
5103   83     35         47.1106    49.0673    4.1534     % 
UB: 49.067322834645665
branching on 1 with b.
5104   84     36         47.1106    49.0673    4.1534     % 
UB: 49.067322834645665
branching on 2 with b.
5105   85     37         47.1106    49.0673    4.1534     % 
UB: 49.067322834645665
branching on 3 with b.
5106   86     38         47.1106    49.0673    4.1534     % 
LB close or above UB, fathomed
5107   85     38         47.1106    49.0673    4.1534     % 
UB: 49.067322834645665
branching on 1 with b.
5108   86     39         47.1106    49.0673    4.1534     % 
LB close or above UB, fathomed
5109   85     39         47.1106    49.0673    4.1534     % 
UB: 49.067322834645665
branching on 2 with b.
5110   86     40         47.1106    49.0673    4.1534     % 
UB: 49.067322834645665
branching on 3 with b.
5111   87     41         47.1106    49.0673    4.1534     % 
LB close or above UB, fathomed
5112   86     41         47.1106    49.0673    4.1534     % 
LB close or above UB, fathomed
5113   85     40         47.1106    49.0673    4.1534     % 
LB close or above UB, fathomed
5114   84     37         47.1106    49.0673    4.1534     % 
LB close or above UB, fathomed
5115   83     36         47.1106    49.0673    4.1534     % 
LB close or above UB, fathomed
5116   82     35         47.1106    49.0673    4.1534     % 
LB close or above UB, fathomed
5117   81     26         47.1106    49.0673    4.1534     % 
LB close or above UB, fathomed
5118   80     26         47.1106    49.0673    4.1534     % 
UB: 49.067322834645665
branching on 1 with b.
5119   81     27         47.1106    49.0673    4.1534     % 
LB close or above UB, fathomed
5120   80     27         47.1106    49.0673    4.1534     % 
UB: 49.067322834645665
branching on 2 with b.
5121   81     28         47.1106    49.0673    4.1534     % 
LB close or above UB, fathomed
5122   80     28         47.1106    49.0673    4.1534     % 
LB close or above UB, fathomed
5123   79     27         47.1106    49.0673    4.1534     % 
LB close or above UB, fathomed
5124   78     27         47.1106    49.0673    4.1534     % 
LB close or above UB, fathomed
5125   77     22         47.1106    49.0673    4.1534     % 
UB: 49.067322834645665
branching on 3 with b.
5126   78     23         47.1106    49.0673    4.1534     % 
LB close or above UB, fathomed
5127   77     23         47.1106    49.0673    4.1534     % 
UB: 49.067322834645665
branching on 1 with b.
5128   78     24         47.1106    49.0673    4.1534     % 
UB: 49.067322834645665
branching on 2 with b.
5129   79     25         47.1106    49.0673    4.1534     % 
UB: 49.067322834645665
branching on 3 with b.
5130   80     26         47.1106    49.0673    4.1534     % 
LB close or above UB, fathomed
5131   79     26         47.1106    49.0673    4.1534     % 
LB close or above UB, fathomed
5132   78     25         47.1106    49.0673    4.1534     % 
UB: 49.067322834645665
branching on 3 with b.
5133   79     26         47.1106    49.0673    4.1534     % 
LB close or above UB, fathomed
5134   78     26         47.1106    49.0673    4.1534     % 
LB close or above UB, fathomed
5135   77     24         47.1106    49.0673    4.1534     % 
LB close or above UB, fathomed
5136   76     22         47.1106    49.0673    4.1534     % 
UB: 49.067322834645665
branching on 3 with b.
5137   77     23         47.1106    49.0673    4.1534     % 
LB close or above UB, fathomed
5138   76     23         47.1106    49.0673    4.1534     % 
UB: 49.067322834645665
branching on 1 with b.
5139   77     24         47.1106    49.0673    4.1534     % 
UB: 49.067322834645665
branching on 2 with b.
5140   78     25         47.1106    49.0673    4.1534     % 
UB: 49.067322834645665
branching on 3 with b.
5141   79     26         47.1106    49.0673    4.1534     % 
LB close or above UB, fathomed
5142   78     26         47.1106    49.0673    4.1534     % 
LB close or above UB, fathomed
5143   77     25         47.1106    49.0673    4.1534     % 
UB: 49.067322834645665
branching on 3 with b.
5144   78     26         47.1106    49.0673    4.1534     % 
LB close or above UB, fathomed
5145   77     26         47.1106    49.0673    4.1534     % 
LB close or above UB, fathomed
5146   76     24         47.1106    49.0673    4.1534     % 
LB close or above UB, fathomed
5147   75     36         47.1106    49.0673    4.1534     % 
LB close or above UB, fathomed
5148   74     36         47.1106    49.0673    4.1534     % 
LB close or above UB, fathomed
5149   73     17         47.1106    49.0673    4.1534     % 
LB close or above UB, fathomed
5150   72     17         47.1106    49.0673    4.1534     % 
UB: 49.067322834645665
branching on CartesianIndex(1, 4) with c.
5151   73     18         47.1106    49.0673    4.1534     % 
LB close or above UB, fathomed
5152   72     18         47.1106    49.0673    4.1534     % 
UB: 49.067322834645665
branching on CartesianIndex(1, 5) with c.
5153   73     21         47.1106    49.0673    4.1534     % 
LB close or above UB, fathomed
5154   72     21         47.1106    49.0673    4.1534     % 
UB: 49.067322834645665
branching on CartesianIndex(1, 7) with c.
5155   73     22         47.1106    49.0673    4.1534     % 
UB: 49.067322834645665
branching on 2 with b.
5156   74     23         47.1106    49.0673    4.1534     % 
UB: 49.067322834645665
branching on 3 with b.
5157   75     24         47.1106    49.0673    4.1534     % 
LB close or above UB, fathomed
5158   74     24         47.1106    49.0673    4.1534     % 
UB: 49.067322834645665
branching on 1 with b.
5159   75     25         47.1106    49.0673    4.1534     % 
UB: 49.067322834645665
branching on 2 with b.
5160   76     26         47.1106    49.0673    4.1534     % 
UB: 49.067322834645665
branching on 3 with b.
5161   77     27         47.1106    49.0673    4.1534     % 
LB close or above UB, fathomed
5162   76     27         47.1106    49.0673    4.1534     % 
LB close or above UB, fathomed
5163   75     26         47.1106    49.0673    4.1534     % 
UB: 49.067322834645665
branching on 3 with b.
5164   76     27         47.1106    49.0673    4.1534     % 
LB close or above UB, fathomed
5165   75     27         47.1106    49.0673    4.1534     % 
LB close or above UB, fathomed
5166   74     25         47.1106    49.0673    4.1534     % 
LB close or above UB, fathomed
5167   73     23         47.1106    49.0673    4.1534     % 
UB: 49.067322834645665
branching on 3 with b.
5168   74     24         47.1106    49.0673    4.1534     % 
LB close or above UB, fathomed
5169   73     24         47.1106    49.0673    4.1534     % 
UB: 49.067322834645665
branching on 1 with b.
5170   74     25         47.1106    49.0673    4.1534     % 
UB: 49.067322834645665
branching on 2 with b.
5171   75     26         47.1106    49.0673    4.1534     % 
UB: 49.067322834645665
branching on 3 with b.
5172   76     27         47.1106    49.0673    4.1534     % 
LB close or above UB, fathomed
5173   75     27         47.1106    49.0673    4.1534     % 
LB close or above UB, fathomed
5174   74     26         47.1106    49.0673    4.1534     % 
UB: 49.067322834645665
branching on 3 with b.
5175   75     27         47.1106    49.0673    4.1534     % 
LB close or above UB, fathomed
5176   74     27         47.1106    49.0673    4.1534     % 
LB close or above UB, fathomed
5177   73     25         47.1106    49.0673    4.1534     % 
LB close or above UB, fathomed
5178   72     22         47.1106    49.0673    4.1534     % 
LB close or above UB, fathomed
5179   71     27         47.1106    49.0673    4.1534     % 
LB close or above UB, fathomed
5180   70     27         47.1106    49.0673    4.1534     % 
LB close or above UB, fathomed
5181   69     28         47.1106    49.0673    4.1534     % 
LB close or above UB, fathomed
5182   68     28         47.1106    49.0673    4.1534     % 
UB: 49.067322834645665
branching on 3 with b.
5183   69     29         47.1106    49.0673    4.1534     % 
LB close or above UB, fathomed
5184   68     29         47.1106    49.0673    4.1534     % 
UB: 49.067322834645665
branching on 1 with b.
5185   69     30         47.1106    49.0673    4.1534     % 
LB close or above UB, fathomed
5186   68     30         47.1106    49.0673    4.1534     % 
LB close or above UB, fathomed
5187   67     28         47.1106    49.0673    4.1534     % 
UB: 49.067322834645665
branching on 3 with b.
5188   68     29         47.1106    49.0673    4.1534     % 
LB close or above UB, fathomed
5189   67     29         47.1106    49.0673    4.1534     % 
UB: 49.067322834645665
branching on 1 with b.
5190   68     30         47.1106    49.0673    4.1534     % 
UB: 49.067322834645665
branching on 2 with b.
5191   69     31         47.1106    49.0673    4.1534     % 
UB: 49.067322834645665
branching on 3 with b.
5192   70     32         47.1106    49.0673    4.1534     % 
LB close or above UB, fathomed
5193   69     32         47.1106    49.0673    4.1534     % 
LB close or above UB, fathomed
5194   68     31         47.1106    49.0673    4.1534     % 
LB close or above UB, fathomed
5195   67     30         47.1106    49.0673    4.1534     % 
UB: 49.067322834645665
branching on 2 with b.
5196   68     31         47.1106    49.0673    4.1534     % 
UB: 49.067322834645665
branching on 3 with b.
5197   69     32         47.1106    49.0673    4.1534     % 
LB close or above UB, fathomed
5198   68     32         47.1106    49.0673    4.1534     % 
LB close or above UB, fathomed
5199   67     31         47.1106    49.0673    4.1534     % 
LB close or above UB, fathomed
5200   66     28         47.1106    49.0673    4.1534     % 
LB close or above UB, fathomed
5201   65     31         47.1106    49.0673    4.1534     % 
LB close or above UB, fathomed
5202   64     31         47.1106    49.0673    4.1534     % 
LB close or above UB, fathomed
5203   63     21         47.1106    49.0673    4.1534     % 
LB close or above UB, fathomed
5204   62     21         47.1106    49.0673    4.1534     % 
UB: 49.067322834645665
branching on CartesianIndex(1, 7) with c.
5205   63     22         47.1106    49.0673    4.1534     % 
UB: 49.067322834645665
branching on 2 with b.
5206   64     23         47.1106    49.0673    4.1534     % 
LB close or above UB, fathomed
5207   63     23         47.1106    49.0673    4.1534     % 
UB: 49.067322834645665
branching on 3 with b.
5208   64     24         47.1106    49.0673    4.1534     % 
LB close or above UB, fathomed
5209   63     24         47.1106    49.0673    4.1534     % 
UB: 49.067322834645665
branching on 1 with b.
5210   64     25         47.1106    49.0673    4.1534     % 
LB close or above UB, fathomed
5211   63     25         47.1106    49.0673    4.1534     % 
LB close or above UB, fathomed
5212   62     22         47.1106    49.0673    4.1534     % 
LB close or above UB, fathomed
5213   61     13         47.1106    49.0673    4.1534     % 
UB: 49.067322834645665
branching on CartesianIndex(1, 6) with c.
5214   62     14         47.1106    49.0673    4.1534     % 
LB close or above UB, fathomed
5215   61     14         47.1106    49.0673    4.1534     % 
LB close or above UB, fathomed
5216   60     13         47.1106    49.0673    4.1534     % 
LB close or above UB, fathomed
5217   59     29         47.1106    49.0673    4.1534     % 
LB close or above UB, fathomed
5218   58     29         47.1106    49.0673    4.1534     % 
LB close or above UB, fathomed
5219   57     32         47.1106    49.0673    4.1534     % 
LB close or above UB, fathomed
5220   56     32         47.1106    49.0673    4.1534     % 
UB: 49.067322834645665
branching on 2 with b.
5221   57     33         47.1106    49.0673    4.1534     % 
UB: 49.067322834645665
branching on 3 with b.
5222   58     34         47.1106    49.0673    4.1534     % 
UB: 49.067322834645665
branching on 1 with b.
5223   59     35         47.1106    49.0673    4.1534     % 
LB close or above UB, fathomed
5224   58     35         47.1106    49.0673    4.1534     % 
LB close or above UB, fathomed
5225   57     34         47.1106    49.0673    4.1534     % 
LB close or above UB, fathomed
5226   56     33         47.1106    49.0673    4.1534     % 
LB close or above UB, fathomed
5227   55     32         47.1106    49.0673    4.1534     % 
LB close or above UB, fathomed
5228   54     32         47.1106    49.0673    4.1534     % 
UB: 49.067322834645665
branching on 2 with b.
5229   55     33         47.1106    49.0673    4.1534     % 
UB: 49.067322834645665
branching on 3 with b.
5230   56     34         47.1106    49.0673    4.1534     % 
LB close or above UB, fathomed
5231   55     34         47.1106    49.0673    4.1534     % 
LB close or above UB, fathomed
5232   54     33         47.1106    49.0673    4.1534     % 
LB close or above UB, fathomed
5233   53     35         47.1106    49.0673    4.1534     % 
LB close or above UB, fathomed
5234   52     35         47.1106    49.0673    4.1534     % 
LB close or above UB, fathomed
5235   51     25         47.1106    49.0673    4.1534     % 
LB close or above UB, fathomed
5236   50     25         47.1106    49.0673    4.1534     % 
LB close or above UB, fathomed
5237   49     20         47.1106    49.0673    4.1534     % 
UB: 49.067322834645665
branching on CartesianIndex(1, 6) with c.
5238   50     21         47.1106    49.0673    4.1534     % 
LB close or above UB, fathomed
5239   49     21         47.1106    49.0673    4.1534     % 
UB: 49.067322834645665
branching on CartesianIndex(1, 7) with c.
5240   50     22         47.1106    49.0673    4.1534     % 
UB: 49.067322834645665
branching on 2 with b.
5241   51     23         47.1106    49.0673    4.1534     % 
LB close or above UB, fathomed
5242   50     23         47.1106    49.0673    4.1534     % 
UB: 49.067322834645665
branching on 3 with b.
5243   51     24         47.1106    49.0673    4.1534     % 
LB close or above UB, fathomed
5244   50     24         47.1106    49.0673    4.1534     % 
UB: 49.067322834645665
branching on 1 with b.
5245   51     25         47.1106    49.0673    4.1534     % 
LB close or above UB, fathomed
5246   50     25         47.1106    49.0673    4.1534     % 
LB close or above UB, fathomed
5247   49     22         47.1106    49.0673    4.1534     % 
LB close or above UB, fathomed
5248   48     20         47.1106    49.0673    4.1534     % 
LB close or above UB, fathomed
5249   47     26         47.1106    49.0673    4.1534     % 
LB close or above UB, fathomed
5250   46     26         47.1106    49.0673    4.1534     % 
UB: 49.067322834645665
branching on 3 with b.
5251   47     27         47.1106    49.0673    4.1534     % 
LB close or above UB, fathomed
5252   46     27         47.1106    49.0673    4.1534     % 
LB close or above UB, fathomed
5253   45     26         47.1106    49.0673    4.1534     % 
LB close or above UB, fathomed
5254   44     26         47.1106    49.0673    4.1534     % 
LB close or above UB, fathomed
5255   43     25         47.1106    49.0673    4.1534     % 
LB close or above UB, fathomed
5256   42     25         47.1106    49.0673    4.1534     % 
UB: 49.067322834645665
branching on 3 with b.
5257   43     26         47.1106    49.0673    4.1534     % 
UB: 49.067322834645665
branching on 1 with b.
5258   44     27         47.1106    49.0673    4.1534     % 
LB close or above UB, fathomed
5259   43     27         47.1106    49.0673    4.1534     % 
LB close or above UB, fathomed
5260   42     26         47.1106    49.0673    4.1534     % 
LB close or above UB, fathomed
5261   41     22         47.1106    49.0673    4.1534     % 
LB close or above UB, fathomed
5262   40     22         47.1106    49.0673    4.1534     % 
LB close or above UB, fathomed
5263   39     17         47.1106    49.0673    4.1534     % 
LB close or above UB, fathomed
5264   38     17         47.1106    49.0673    4.1534     % 
LB close or above UB, fathomed
5265   37     22         47.1106    49.0673    4.1534     % 
LB close or above UB, fathomed
5266   36     22         47.1106    49.0673    4.1534     % 
UB: 49.067322834645665
branching on 1 with b.
5267   37     23         47.1106    49.0673    4.1534     % 
UB: 49.067322834645665
branching on 2 with b.
5268   38     24         47.1106    49.0673    4.1534     % 
UB: 49.067322834645665
branching on 3 with b.
5269   39     25         47.1106    49.0673    4.1534     % 
LB close or above UB, fathomed
5270   38     25         47.1106    49.0673    4.1534     % 
LB close or above UB, fathomed
5271   37     24         47.1106    49.0673    4.1534     % 
UB: 49.067322834645665
branching on 3 with b.
5272   38     25         47.1106    49.0673    4.1534     % 
LB close or above UB, fathomed
5273   37     25         47.1106    49.0673    4.1534     % 
LB close or above UB, fathomed
5274   36     23         47.1106    49.0673    4.1534     % 
LB close or above UB, fathomed
5275   35     12         47.1106    49.0673    4.1534     % 
LB close or above UB, fathomed
5276   34     12         47.1106    49.0673    4.1534     % 
LB close or above UB, fathomed
5277   33     19         47.1106    49.0673    4.1534     % 
UB: 49.067322834645665
branching on 2 with b.
5278   34     20         47.1106    49.0673    4.1534     % 
LB close or above UB, fathomed
5279   33     20         47.1106    49.0673    4.1534     % 
LB close or above UB, fathomed
5280   32     19         47.1106    49.0673    4.1534     % 
LB close or above UB, fathomed
5281   31     19         47.1106    49.0673    4.1534     % 
UB: 49.067322834645665
branching on CartesianIndex(1, 6) with c.
5282   32     20         47.1106    49.0673    4.1534     % 
LB close or above UB, fathomed
5283   31     20         47.1106    49.0673    4.1534     % 
UB: 49.067322834645665
branching on CartesianIndex(1, 7) with c.
5284   32     21         47.1106    49.0673    4.1534     % 
UB: 49.067322834645665
branching on 1 with b.
5285   33     22         47.1106    49.0673    4.1534     % 
UB: 49.067322834645665
branching on 2 with b.
5286   34     23         47.1106    49.0673    4.1534     % 
UB: 49.067322834645665
branching on 3 with b.
5287   35     24         47.1106    49.0673    4.1534     % 
UB: 49.067322834645665
branching on 1 with b.
5288   36     25         47.1106    49.0673    4.1534     % 
LB close or above UB, fathomed
5289   35     25         47.1106    49.0673    4.1534     % 
LB close or above UB, fathomed
5290   34     24         47.1106    49.0673    4.1534     % 
LB close or above UB, fathomed
5291   33     23         47.1106    49.0673    4.1534     % 
LB close or above UB, fathomed
5292   32     22         47.1106    49.0673    4.1534     % 
LB close or above UB, fathomed
5293   31     21         47.1106    49.0673    4.1534     % 
LB close or above UB, fathomed
5294   30     19         47.1106    49.0673    4.1534     % 
LB close or above UB, fathomed
5295   29     22         47.1106    49.0673    4.1534     % 
UB: 49.067322834645665
branching on 2 with b.
5296   30     23         47.1106    49.0673    4.1534     % 
LB close or above UB, fathomed
5297   29     23         47.1106    49.0673    4.1534     % 
UB: 49.067322834645665
branching on 3 with b.
5298   30     24         47.1106    49.0673    4.1534     % 
LB close or above UB, fathomed
5299   29     24         47.1106    49.0673    4.1534     % 
UB: 49.067322834645665
branching on 1 with b.
5300   30     25         47.1106    49.0673    4.1534     % 
UB: 49.067322834645665
branching on 2 with b.
5301   31     26         47.1106    49.0673    4.1534     % 
UB: 49.067322834645665
branching on 3 with b.
5302   32     27         47.1106    49.0673    4.1534     % 
LB close or above UB, fathomed
5303   31     27         47.1106    49.0673    4.1534     % 
LB close or above UB, fathomed
5304   30     26         47.1106    49.0673    4.1534     % 
UB: 49.067322834645665
branching on 3 with b.
5305   31     27         47.1106    49.0673    4.1534     % 
LB close or above UB, fathomed
5306   30     27         47.1106    49.0673    4.1534     % 
LB close or above UB, fathomed
5307   29     25         47.1106    49.0673    4.1534     % 
LB close or above UB, fathomed
5308   28     22         47.1106    49.0673    4.1534     % 
LB close or above UB, fathomed
5309   27     19         47.1106    49.0673    4.1534     % 
LB close or above UB, fathomed
5310   26     19         47.1106    49.0673    4.1534     % 
UB: 49.067322834645665
branching on CartesianIndex(1, 6) with c.
5311   27     20         47.1106    49.0673    4.1534     % 
LB close or above UB, fathomed
5312   26     20         47.1106    49.0673    4.1534     % 
UB: 49.067322834645665
branching on CartesianIndex(1, 7) with c.
5313   27     21         47.1106    49.0673    4.1534     % 
UB: 49.067322834645665
branching on 1 with b.
5314   28     22         47.1106    49.0673    4.1534     % 
UB: 49.067322834645665
branching on 2 with b.
5315   29     23         47.1106    49.0673    4.1534     % 
UB: 49.067322834645665
branching on 3 with b.
5316   30     24         47.1106    49.0673    4.1534     % 
LB close or above UB, fathomed
5317   29     24         47.1106    49.0673    4.1534     % 
LB close or above UB, fathomed
5318   28     23         47.1106    49.0673    4.1534     % 
UB: 49.067322834645665
branching on 3 with b.
5319   29     24         47.1106    49.0673    4.1534     % 
LB close or above UB, fathomed
5320   28     24         47.1106    49.0673    4.1534     % 
LB close or above UB, fathomed
5321   27     22         47.1106    49.0673    4.1534     % 
LB close or above UB, fathomed
5322   26     21         47.1106    49.0673    4.1534     % 
LB close or above UB, fathomed
5323   25     17         47.1106    49.0673    4.1534     % 
UB: 49.067322834645665
branching on CartesianIndex(1, 4) with c.
5324   26     18         47.1106    49.0673    4.1534     % 
LB close or above UB, fathomed
5325   25     18         47.1106    49.0673    4.1534     % 
UB: 49.067322834645665
branching on CartesianIndex(1, 5) with c.
5326   26     19         47.1106    49.0673    4.1534     % 
UB: 49.067322834645665
branching on CartesianIndex(1, 6) with c.
5327   27     20         47.1106    49.0673    4.1534     % 
UB: 49.067322834645665
branching on CartesianIndex(1, 7) with c.
5328   28     21         47.1106    49.0673    4.1534     % 
LB close or above UB, fathomed
5329   27     21         47.1106    49.0673    4.1534     % 
UB: 49.067322834645665
branching on 1 with b.
5330   28     22         47.1106    49.0673    4.1534     % 
UB: 49.067322834645665
branching on 2 with b.
5331   29     23         47.1106    49.0673    4.1534     % 
UB: 49.067322834645665
branching on 3 with b.
5332   30     24         47.1106    49.0673    4.1534     % 
LB close or above UB, fathomed
5333   29     24         47.1106    49.0673    4.1534     % 
UB: 49.067322834645665
branching on 1 with b.
5334   30     25         47.1106    49.0673    4.1534     % 
LB close or above UB, fathomed
5335   29     25         47.1106    49.0673    4.1534     % 
LB close or above UB, fathomed
5336   28     23         47.1106    49.0673    4.1534     % 
LB close or above UB, fathomed
5337   27     22         47.1106    49.0673    4.1534     % 
LB close or above UB, fathomed
5338   26     20         47.1106    49.0673    4.1534     % 
LB close or above UB, fathomed
5339   25     19         47.1106    49.0673    4.1534     % 
LB close or above UB, fathomed
5340   24     17         47.1106    49.0673    4.1534     % 
LB close or above UB, fathomed
5341   23     19         47.1106    49.0673    4.1534     % 
UB: 49.067322834645665
branching on 3 with b.
5342   24     20         47.1106    49.0673    4.1534     % 
LB close or above UB, fathomed
5343   23     20         47.1106    49.0673    4.1534     % 
UB: 49.067322834645665
branching on 1 with b.
5344   24     21         47.1106    49.0673    4.1534     % 
UB: 49.067322834645665
branching on CartesianIndex(1, 7) with c.
5345   25     22         47.1106    49.0673    4.1534     % 
UB: 49.067322834645665
branching on 2 with b.
5346   26     23         47.1106    49.0673    4.1534     % 
UB: 49.067322834645665
branching on 3 with b.
5347   27     24         47.1106    49.0673    4.1534     % 
LB close or above UB, fathomed
5348   26     24         47.1106    49.0673    4.1534     % 
LB close or above UB, fathomed
5349   25     23         47.1106    49.0673    4.1534     % 
UB: 49.067322834645665
branching on 3 with b.
5350   26     24         47.1106    49.0673    4.1534     % 
LB close or above UB, fathomed
5351   25     24         47.1106    49.0673    4.1534     % 
LB close or above UB, fathomed
5352   24     22         47.1106    49.0673    4.1534     % 
LB close or above UB, fathomed
5353   23     21         47.1106    49.0673    4.1534     % 
LB close or above UB, fathomed
5354   22     19         47.1106    49.0673    4.1534     % 
UB: 49.067322834645665
branching on CartesianIndex(1, 7) with c.
5355   23     20         47.1106    49.0673    4.1534     % 
UB: 49.067322834645665
branching on 3 with b.
5356   24     21         47.1106    49.0673    4.1534     % 
LB close or above UB, fathomed
5357   23     21         47.1106    49.0673    4.1534     % 
UB: 49.067322834645665
branching on 1 with b.
5358   24     22         47.1106    49.0673    4.1534     % 
UB: 49.067322834645665
branching on 2 with b.
5359   25     23         47.1106    49.0673    4.1534     % 
UB: 49.067322834645665
branching on 3 with b.
5360   26     24         47.1106    49.0673    4.1534     % 
LB close or above UB, fathomed
5361   25     24         47.1106    49.0673    4.1534     % 
LB close or above UB, fathomed
5362   24     23         47.1106    49.0673    4.1534     % 
UB: 49.067322834645665
branching on 3 with b.
5363   25     24         47.1106    49.0673    4.1534     % 
LB close or above UB, fathomed
5364   24     24         47.1106    49.0673    4.1534     % 
LB close or above UB, fathomed
5365   23     22         47.1106    49.0673    4.1534     % 
LB close or above UB, fathomed
5366   22     20         47.1106    49.0673    4.1534     % 
LB close or above UB, fathomed
5367   21     17         47.1106    49.0673    4.1534     % 
UB: 49.067322834645665
branching on CartesianIndex(1, 6) with c.
5368   22     18         47.1106    49.0673    4.1534     % 
LB close or above UB, fathomed
5369   21     18         47.1106    49.0673    4.1534     % 
UB: 49.067322834645665
branching on CartesianIndex(1, 7) with c.
5370   22     19         47.1106    49.0673    4.1534     % 
UB: 49.067322834645665
branching on 2 with b.
5371   23     20         47.1106    49.0673    4.1534     % 
LB close or above UB, fathomed
5372   22     20         47.1106    49.0673    4.1534     % 
UB: 49.067322834645665
branching on 3 with b.
5373   23     21         47.1106    49.0673    4.1534     % 
LB close or above UB, fathomed
5374   22     21         47.1106    49.0673    4.1534     % 
UB: 49.067322834645665
branching on 1 with b.
5375   23     22         47.1106    49.0673    4.1534     % 
LB close or above UB, fathomed
5376   22     22         47.1106    49.0673    4.1534     % 
LB close or above UB, fathomed
5377   21     19         47.1106    49.0673    4.1534     % 
LB close or above UB, fathomed
5378   20     17         47.1106    49.0673    4.1534     % 
LB close or above UB, fathomed
5379   19     20         47.1106    49.0673    4.1534     % 
LB close or above UB, fathomed
5380   18     20         47.1106    49.0673    4.1534     % 
UB: 49.067322834645665
branching on 2 with b.
5381   19     21         47.1106    49.0673    4.1534     % 
LB close or above UB, fathomed
5382   18     21         47.1106    49.0673    4.1534     % 
UB: 49.067322834645665
branching on CartesianIndex(1, 7) with c.
5383   19     22         47.1106    49.0673    4.1534     % 
UB: 49.067322834645665
branching on 3 with b.
5384   20     23         47.1106    49.0673    4.1534     % 
LB close or above UB, fathomed
5385   19     23         47.1106    49.0673    4.1534     % 
UB: 49.067322834645665
branching on 1 with b.
5386   20     24         47.1106    49.0673    4.1534     % 
LB close or above UB, fathomed
5387   19     24         47.1106    49.0673    4.1534     % 
LB close or above UB, fathomed
5388   18     22         47.1106    49.0673    4.1534     % 
LB close or above UB, fathomed
5389   17     24         47.1106    49.0673    4.1534     % 
UB: 49.067322834645665
branching on 1 with b.
5390   18     25         47.1106    49.0673    4.1534     % 
LB close or above UB, fathomed
5391   17     25         47.1106    49.0673    4.1534     % 
LB close or above UB, fathomed
5392   16     24         47.1106    49.0673    4.1534     % 
LB close or above UB, fathomed
5393   15     19         47.1106    49.0673    4.1534     % 
LB close or above UB, fathomed
5394   14     19         47.1106    49.0673    4.1534     % 
UB: 49.067322834645665
branching on 2 with b.
5395   15     20         47.1106    49.0673    4.1534     % 
UB: 49.067322834645665
branching on 3 with b.
5396   16     21         47.1106    49.0673    4.1534     % 
LB close or above UB, fathomed
5397   15     21         47.1106    49.0673    4.1534     % 
UB: 49.067322834645665
branching on CartesianIndex(1, 6) with c.
5398   16     22         47.1106    49.0673    4.1534     % 
LB close or above UB, fathomed
5399   15     22         47.1106    49.0673    4.1534     % 
UB: 49.067322834645665
branching on CartesianIndex(1, 7) with c.
5400   16     23         47.1106    49.0673    4.1534     % 
UB: 49.067322834645665
branching on 1 with b.
5401   17     24         47.1106    49.0673    4.1534     % 
UB: 49.067322834645665
branching on 2 with b.
5402   18     25         47.1106    49.0673    4.1534     % 
UB: 49.067322834645665
branching on 3 with b.
5403   19     26         47.1106    49.0673    4.1534     % 
LB close or above UB, fathomed
5404   18     26         47.1106    49.0673    4.1534     % 
LB close or above UB, fathomed
5405   17     25         47.1106    49.0673    4.1534     % 
LB close or above UB, fathomed
5406   16     24         47.1106    49.0673    4.1534     % 
LB close or above UB, fathomed
5407   15     23         47.1106    49.0673    4.1534     % 
LB close or above UB, fathomed
5408   14     20         47.1106    49.0673    4.1534     % 
LB close or above UB, fathomed
5409   13     21         47.1106    49.0673    4.1534     % 
LB close or above UB, fathomed
5410   12     21         47.1106    49.0673    4.1534     % 
UB: 49.067322834645665
branching on CartesianIndex(1, 5) with c.
5411   13     22         47.1106    49.0673    4.1534     % 
UB: 49.067322834645665
branching on CartesianIndex(1, 6) with c.
5412   14     23         47.1106    49.0673    4.1534     % 
LB close or above UB, fathomed
5413   13     23         47.1106    49.0673    4.1534     % 
LB close or above UB, fathomed
5414   12     22         47.1106    49.0673    4.1534     % 
LB close or above UB, fathomed
5415   11     22         47.1106    49.0673    4.1534     % 
UB: 49.067322834645665
branching on CartesianIndex(1, 7) with c.
5416   12     23         47.1106    49.0673    4.1534     % 
UB: 49.067322834645665
branching on 3 with b.
5417   13     24         47.1106    49.0673    4.1534     % 
LB close or above UB, fathomed
5418   12     24         47.1106    49.0673    4.1534     % 
UB: 49.067322834645665
branching on 1 with b.
5419   13     25         47.1106    49.0673    4.1534     % 
UB: 49.067322834645665
branching on 2 with b.
5420   14     26         47.1106    49.0673    4.1534     % 
UB: 49.067322834645665
branching on 3 with b.
5421   15     27         47.1106    49.0673    4.1534     % 
LB close or above UB, fathomed
5422   14     27         47.1106    49.0673    4.1534     % 
LB close or above UB, fathomed
5423   13     26         47.1106    49.0673    4.1534     % 
LB close or above UB, fathomed
5424   12     25         47.1106    49.0673    4.1534     % 
LB close or above UB, fathomed
5425   11     23         47.1106    49.0673    4.1534     % 
LB close or above UB, fathomed
5426   10     22         47.1106    49.0673    4.1534     % 
LB close or above UB, fathomed
5427   9      25         47.1106    49.0673    4.1534     % 
LB close or above UB, fathomed
5428   8      25         47.1106    49.0673    4.1534     % 
UB: 49.067322834645665
branching on CartesianIndex(1, 4) with c.
5429   9      26         47.1106    49.0673    4.1534     % 
LB close or above UB, fathomed
5430   8      26         47.1106    49.0673    4.1534     % 
UB: 49.067322834645665
branching on CartesianIndex(1, 5) with c.
5431   9      27         47.1106    49.0673    4.1534     % 
UB: 49.067322834645665
branching on CartesianIndex(1, 6) with c.
5432   10     28         47.1106    49.0673    4.1534     % 
LB close or above UB, fathomed
5433   9      28         47.1106    49.0673    4.1534     % 
UB: 49.067322834645665
branching on 3 with b.
5434   10     29         47.1106    49.0673    4.1534     % 
LB close or above UB, fathomed
5435   9      29         47.1106    49.0673    4.1534     % 
UB: 49.067322834645665
branching on CartesianIndex(1, 7) with c.
5436   10     30         47.1106    49.0673    4.1534     % 
UB: 49.067322834645665
branching on 1 with b.
5437   11     31         47.1106    49.0673    4.1534     % 
UB: 49.067322834645665
branching on 2 with b.
5438   12     32         47.1106    49.0673    4.1534     % 
UB: 49.067322834645665
branching on 3 with b.
5439   13     33         47.1106    49.0673    4.1534     % 
LB close or above UB, fathomed
5440   12     33         47.1106    49.0673    4.1534     % 
LB close or above UB, fathomed
5441   11     32         47.1106    49.0673    4.1534     % 
LB close or above UB, fathomed
5442   10     31         47.1106    49.0673    4.1534     % 
LB close or above UB, fathomed
5443   9      30         47.1106    49.0673    4.1534     % 
LB close or above UB, fathomed
5444   8      27         47.1106    49.0673    4.1534     % 
LB close or above UB, fathomed
5445   7      20         47.1106    49.0673    4.1534     % 
LB close or above UB, fathomed
5446   6      20         47.1106    49.0673    4.1534     % 
UB: 49.067322834645665
branching on CartesianIndex(1, 5) with c.
5447   7      21         47.1106    49.0673    4.1534     % 
UB: 49.067322834645665
branching on 1 with b.
5448   8      22         47.1106    49.0673    4.1534     % 
LB close or above UB, fathomed
5449   7      22         47.1106    49.0673    4.1534     % 
LB close or above UB, fathomed
5450   6      21         47.1106    49.0673    4.1534     % 
LB close or above UB, fathomed
5451   5      19         47.1106    49.0673    4.1534     % 
LB close or above UB, fathomed
5452   4      19         47.1106    49.0673    4.1534     % 
UB: 49.067322834645665
branching on CartesianIndex(1, 5) with c.
5453   5      20         47.1106    49.0673    4.1534     % 
UB: 49.067322834645665
branching on CartesianIndex(1, 6) with c.
5454   6      21         47.1106    49.0673    4.1534     % 
LB close or above UB, fathomed
5455   5      21         47.1106    49.0673    4.1534     % 
UB: 49.067322834645665
branching on 2 with b.
5456   6      22         47.1106    49.0673    4.1534     % 
UB: 49.067322834645665
branching on 3 with b.
5457   7      23         47.1106    49.0673    4.1534     % 
LB close or above UB, fathomed
5458   6      23         47.1106    49.0673    4.1534     % 
UB: 49.067322834645665
branching on CartesianIndex(1, 7) with c.
5459   7      24         47.1106    49.0673    4.1534     % 
UB: 49.067322834645665
branching on 1 with b.
5460   8      25         47.1106    49.0673    4.1534     % 
UB: 49.067322834645665
branching on 2 with b.
5461   9      26         47.1106    49.0673    4.1534     % 
UB: 49.067322834645665
branching on 3 with b.
5462   10     27         47.1106    49.0673    4.1534     % 
LB close or above UB, fathomed
5463   9      27         47.1106    49.0673    4.1534     % 
LB close or above UB, fathomed
5464   8      26         47.1106    49.0673    4.1534     % 
UB: 49.067322834645665
branching on 3 with b.
5465   9      27         47.1106    49.0673    4.1534     % 
LB close or above UB, fathomed
5466   8      27         47.1106    49.0673    4.1534     % 
LB close or above UB, fathomed
5467   7      25         47.1106    49.0673    4.1534     % 
LB close or above UB, fathomed
5468   6      24         47.1106    49.0673    4.1534     % 
LB close or above UB, fathomed
5469   5      22         47.1106    49.0673    4.1534     % 
UB: 49.067322834645665
branching on 3 with b.
5470   6      23         47.1106    49.0673    4.1534     % 
LB close or above UB, fathomed
5471   5      23         47.1106    49.0673    4.1534     % 
UB: 49.067322834645665
branching on CartesianIndex(1, 7) with c.
5472   6      24         47.1106    49.0673    4.1534     % 
UB: 49.067322834645665
branching on 1 with b.
5473   7      25         47.1106    49.0673    4.1534     % 
UB: 49.067322834645665
branching on 2 with b.
5474   8      26         47.1106    49.0673    4.1534     % 
UB: 49.067322834645665
branching on 3 with b.
5475   9      27         47.1106    49.0673    4.1534     % 
LB close or above UB, fathomed
5476   8      27         47.1106    49.0673    4.1534     % 
LB close or above UB, fathomed
5477   7      26         47.1106    49.0673    4.1534     % 
UB: 49.067322834645665
branching on 3 with b.
5478   8      27         47.1106    49.0673    4.1534     % 
LB close or above UB, fathomed
5479   7      27         47.1106    49.0673    4.1534     % 
LB close or above UB, fathomed
5480   6      25         47.1106    49.0673    4.1534     % 
LB close or above UB, fathomed
5481   5      24         47.1106    49.0673    4.1534     % 
LB close or above UB, fathomed
5482   4      20         47.1106    49.0673    4.1534     % 
UB: 49.067322834645665
branching on 2 with b.
5483   5      21         47.1106    49.0673    4.1534     % 
UB: 49.067322834645665
branching on CartesianIndex(1, 6) with c.
5484   6      22         47.1106    49.0673    4.1534     % 
LB close or above UB, fathomed
5485   5      22         47.1106    49.0673    4.1534     % 
UB: 49.067322834645665
branching on CartesianIndex(1, 7) with c.
5486   6      23         47.1106    49.0673    4.1534     % 
UB: 49.067322834645665
branching on 3 with b.
5487   7      24         47.1106    49.0673    4.1534     % 
LB close or above UB, fathomed
5488   6      24         47.1106    49.0673    4.1534     % 
UB: 49.067322834645665
branching on 1 with b.
5489   7      25         47.1106    49.0673    4.1534     % 
UB: 49.067322834645665
branching on 2 with b.
5490   8      26         47.1106    49.0673    4.1534     % 
UB: 49.067322834645665
branching on 3 with b.
5491   9      27         47.1106    49.0673    4.1534     % 
LB close or above UB, fathomed
5492   8      27         47.1106    49.0673    4.1534     % 
LB close or above UB, fathomed
5493   7      26         47.1106    49.0673    4.1534     % 
UB: 49.067322834645665
branching on 3 with b.
5494   8      27         47.1106    49.0673    4.1534     % 
LB close or above UB, fathomed
5495   7      27         47.1106    49.0673    4.1534     % 
LB close or above UB, fathomed
5496   6      25         47.1106    49.0673    4.1534     % 
LB close or above UB, fathomed
5497   5      23         47.1106    49.0673    4.1534     % 
LB close or above UB, fathomed
5498   4      21         47.1106    49.0673    4.1534     % 
UB: 49.067322834645665
branching on CartesianIndex(1, 6) with c.
5499   5      22         47.1106    49.0673    4.1534     % 
LB close or above UB, fathomed
5500   4      22         47.1106    49.0673    4.1534     % 
UB: 49.067322834645665
branching on CartesianIndex(1, 7) with c.
5501   5      23         47.1106    49.0673    4.1534     % 
UB: 49.067322834645665
branching on 3 with b.
5502   6      24         47.1106    49.0673    4.1534     % 
LB close or above UB, fathomed
5503   5      24         47.1106    49.0673    4.1534     % 
UB: 49.067322834645665
branching on 1 with b.
5504   6      25         47.1106    49.0673    4.1534     % 
UB: 49.067322834645665
branching on 2 with b.
5505   7      26         47.1106    49.0673    4.1534     % 
UB: 49.067322834645665
branching on 3 with b.
5506   8      27         47.1106    49.0673    4.1534     % 
LB close or above UB, fathomed
5507   7      27         47.1106    49.0673    4.1534     % 
LB close or above UB, fathomed
5508   6      26         47.1106    49.0673    4.1534     % 
UB: 49.067322834645665
branching on 3 with b.
5509   7      27         47.1106    49.0673    4.1534     % 
LB close or above UB, fathomed
5510   6      27         47.1106    49.0673    4.1534     % 
LB close or above UB, fathomed
5511   5      25         47.1106    49.0673    4.1534     % 
LB close or above UB, fathomed
5512   4      23         47.1106    49.0673    4.1534     % 
LB close or above UB, fathomed
5513   3      21         47.1106    49.0673    4.1534     % 
LB close or above UB, fathomed
5514   2      21         47.1106    49.0673    4.1534     % 
UB: 49.067322834645665
branching on CartesianIndex(1, 5) with c.
5515   3      22         47.1106    49.0673    4.1534     % 
UB: 49.067322834645665
branching on CartesianIndex(1, 6) with c.
5516   4      23         47.1106    49.0673    4.1534     % 
LB close or above UB, fathomed
5517   3      23         47.1106    49.0673    4.1534     % 
UB: 49.067322834645665
branching on CartesianIndex(1, 7) with c.
5518   4      24         47.1106    49.0673    4.1534     % 
UB: 49.067322834645665
branching on 1 with b.
5519   5      25         47.1106    49.0673    4.1534     % 
LB close or above UB, fathomed
5520   4      25         47.1106    49.0673    4.1534     % 
LB close or above UB, fathomed
5521   3      24         47.1106    49.0673    4.1534     % 
LB close or above UB, fathomed
5522   2      22         47.1106    49.0673    4.1534     % 
LB close or above UB, fathomed
5523   1      15         48.1107    49.0673    1.9884     % 
LB close or above UB, fathomed
5524   0      15         48.1107    49.0673    1.9884     % 
LB close or above UB, fathomed
all node solved
solved nodes:  5525
5525                                                  4.9003e+01     4.9067e+01     0.1318  % 
5×3 Matrix{Float64}:
 0.0  0.0  0.0
 0.0  0.0  1.0
 1.0  0.0  0.0
 0.0  1.0  0.0
 0.0  0.0  0.0
3-element Vector{Float64}:
 0.39690722978766646
 0.22745450921244265
 0.3773917453860501
2×7 Matrix{Float64}:
 0.0  0.0  0.0  1.0  1.0  1.0  0.0
 0.0  0.0  0.0  0.0  0.0  0.0  1.0
3-element Vector{Float64}:
 1.0
 1.0
 1.0
5×3 Matrix{Float64}:
 0.0  0.0  0.0
 0.0  0.0  0.0
 0.0  0.0  1.0
 0.0  1.0  0.0
 1.0  0.0  0.0
3-element Vector{Float64}:
 0.53125
 0.276628822022845
 0.59375
2×7 Matrix{Float64}:
 0.0  0.0  0.0  1.0  0.0  1.0  0.0
 0.0  0.0  0.0  0.0  1.0  0.0  1.0
3-element Vector{Float64}:
 1.0
 1.0
 1.0
comparison (CRT and Glb)on prediction: Dict{Bool, Int64}(0 => 13, 1 => 110)
Dataname	 time	 objv	 lb	 gap	 train_w	 train_g	 test_w	 test_g
/work_bgfs/n/navarrodelacruz/odt/optimal_decision_tree/augmented_datasets/body/body_343.body	 192.0	 49.067322834645665	 49.003	 0.0013	 90.909	 93.316	 91.87	 89.431
