Running 6 processes.
Start training /work_bgfs/n/navarrodelacruz/odt/optimal_decision_tree/augmented_datasets/body/body_457.body with seed 1.
Any[]
(5, 497)
(5, 249)
(5, 125)
(5, 123)
dimension: 5, class: 2
cart cost: 72.54763779527556
size of X: (5, 374)
ngroups: 12
UB: 68.63425196850393
Iter	left	lev	LB	UB	gap	
0      0      1          4.0376     68.6343    1599.8738  % 
UB: 68.63425196850393
branching on 1 with d.
1      1      2          4.0376     68.6343    1599.8738  % 
LB close or above UB, fathomed
2      0      2          4.0376     68.6343    1599.8738  % 
UB: 68.63425196850393
branching on 2 with d.
3      1      3          4.0376     68.6343    1599.8738  % 
UB: 68.63425196850393
branching on 3 with d.
4      2      3          4.0376     68.6343    1599.8738  % 
UB: 68.63425196850393
branching on 3 with d.
5      3      4          4.0416     68.6343    1598.1870  % 
UB: 68.63425196850393
branching on CartesianIndex(1, 1) with a.
6      4      4          4.0416     68.6343    1598.1870  % 
UB: 68.63425196850393
branching on CartesianIndex(1, 1) with a.
7      5      5          4.0456     68.6343    1596.5034  % 
UB: 68.63425196850393
branching on CartesianIndex(2, 1) with a.
8      6      6          4.0456     68.6343    1596.5034  % 
UB: 68.63425196850393
branching on CartesianIndex(3, 1) with a.
9      7      6          4.0456     68.6343    1596.5034  % 
UB: 68.63425196850393
branching on 1 with b.
10     8      5          4.0456     68.6343    1596.5034  % 
UB: 68.63425196850393
branching on CartesianIndex(1, 2) with a.
11     9      7          6.0117     68.6343    1041.6869  % 
UB: 68.63425196850393
branching on 1 with b.
12     10     8          6.0117     68.6343    1041.6869  % 
UB: 66.67755905511811
branching on CartesianIndex(4, 1) with a.
13     11     9          6.0117     66.6776    1009.1386  % 
UB: 66.67755905511811
branching on CartesianIndex(1, 2) with a.
14     12     9          6.0117     66.6776    1009.1386  % 
UB: 66.67755905511811
branching on CartesianIndex(1, 2) with a.
15     13     8          6.0117     66.6776    1009.1386  % 
UB: 66.67755905511811
branching on CartesianIndex(4, 1) with a.
16     14     7          6.0117     66.6776    1009.1386  % 
UB: 66.67755905511811
branching on CartesianIndex(1, 2) with a.
17     15     10         6.0117     66.6776    1009.1334  % 
UB: 66.67755905511811
branching on 1 with b.
18     16     10         6.0117     66.6776    1009.1334  % 
UB: 66.67755905511811
branching on 1 with b.
19     17     11         9.9251     66.6776    571.8097   % 
UB: 66.67755905511811
branching on CartesianIndex(2, 2) with a.
20     18     11         9.9251     66.6776    571.8097   % 
UB: 66.67755905511811
branching on 2 with b.
21     19     12         9.9251     66.6776    571.8097   % 
UB: 66.67755905511811
branching on 3 with b.
22     20     13         9.9251     66.6776    571.8097   % 
UB: 66.67755905511811
branching on CartesianIndex(2, 2) with a.
23     21     13         9.9251     66.6776    571.8097   % 
UB: 64.72086614173227
branching on CartesianIndex(2, 2) with a.
24     22     12         9.9251     64.7209    552.0950   % 
UB: 64.72086614173227
branching on CartesianIndex(2, 2) with a.
25     23     14         11.8901    64.7209    444.3257   % 
UB: 64.72086614173227
branching on CartesianIndex(3, 2) with a.
26     24     15         11.8901    64.7209    444.3257   % 
UB: 64.72086614173227
branching on 1 with b.
27     25     15         11.8901    64.7209    444.3257   % 
UB: 64.72086614173227
branching on CartesianIndex(1, 3) with a.
28     26     14         11.8901    64.7209    444.3257   % 
UB: 64.72086614173227
branching on CartesianIndex(1, 3) with a.
29     27     16         11.8902    64.7209    444.3230   % 
UB: 64.72086614173227
branching on 2 with b.
30     28     16         11.8902    64.7209    444.3230   % 
UB: 64.72086614173227
branching on CartesianIndex(4, 2) with a.
31     29     14         17.7519    64.7209    264.5857   % 
UB: 64.72086614173227
branching on CartesianIndex(3, 2) with a.
32     30     15         17.7519    64.7209    264.5857   % 
UB: 64.72086614173227
branching on CartesianIndex(4, 2) with a.
33     31     15         17.7519    64.7209    264.5857   % 
UB: 64.72086614173227
branching on CartesianIndex(1, 3) with a.
34     32     14         17.7519    64.7209    264.5857   % 
UB: 64.72086614173227
branching on CartesianIndex(1, 3) with a.
35     33     11         19.7169    64.7209    228.2502   % 
UB: 64.72086614173227
branching on CartesianIndex(1, 3) with a.
36     34     11         19.7169    64.7209    228.2502   % 
UB: 64.72086614173227
branching on CartesianIndex(1, 3) with a.
37     35     12         19.7169    64.7209    228.2502   % 
UB: 64.72086614173227
branching on CartesianIndex(2, 3) with a.
38     36     13         19.7169    64.7209    228.2502   % 
UB: 64.72086614173227
branching on 2 with b.
39     37     13         19.7169    64.7209    228.2502   % 
UB: 64.72086614173227
branching on CartesianIndex(1, 4) with c.
40     38     12         19.7169    64.7209    228.2502   % 
UB: 64.72086614173227
branching on 2 with b.
41     39     16         21.6653    64.7209    198.7308   % 
LB close or above UB, fathomed
42     38     16         21.6653    64.7209    198.7308   % 
UB: 64.72086614173227
branching on CartesianIndex(1, 3) with a.
43     39     17         21.6653    64.7209    198.7308   % 
UB: 64.72086614173227
branching on 1 with b.
44     40     18         21.6653    64.7209    198.7308   % 
UB: 64.72086614173227
branching on CartesianIndex(2, 3) with a.
45     41     18         21.6653    64.7209    198.7308   % 
UB: 64.72086614173227
branching on CartesianIndex(2, 3) with a.
46     42     17         21.6653    64.7209    198.7308   % 
UB: 64.72086614173227
branching on CartesianIndex(1, 4) with c.
47     43     16         21.6736    64.7209    198.6166   % 
UB: 64.72086614173227
branching on 1 with b.
48     44     17         21.6736    64.7209    198.6166   % 
UB: 64.72086614173227
branching on CartesianIndex(2, 3) with a.
49     45     17         21.6736    64.7209    198.6166   % 
UB: 64.72086614173227
branching on CartesianIndex(2, 3) with a.
50     46     16         21.6736    64.7209    198.6166   % 
UB: 64.72086614173227
branching on 1 with b.
51     47     7          23.6210    64.7209    173.9973   % 
UB: 64.72086614173227
branching on CartesianIndex(1, 2) with a.
52     48     8          23.6210    64.7209    173.9973   % 
UB: 64.72086614173227
branching on 1 with b.
53     49     9          23.6210    64.7209    173.9973   % 
LB close or above UB, fathomed
54     48     9          23.6210    64.7209    173.9973   % 
UB: 64.72086614173227
branching on CartesianIndex(2, 2) with a.
55     49     10         23.6210    64.7209    173.9973   % 
UB: 64.72086614173227
branching on 2 with b.
56     50     11         23.6210    64.7209    173.9973   % 
UB: 64.72086614173227
branching on 3 with b.
57     51     11         23.6210    64.7209    173.9973   % 
UB: 64.72086614173227
branching on 3 with b.
58     52     10         23.6210    64.7209    173.9973   % 
UB: 64.72086614173227
branching on 2 with b.
59     53     8          23.6210    64.7209    173.9973   % 
UB: 64.72086614173227
branching on 1 with b.
60     54     7          23.6210    64.7209    173.9973   % 
UB: 64.72086614173227
branching on 1 with b.
61     55     12         25.5777    64.7209    153.0365   % 
UB: 64.72086614173227
branching on 1 with b.
62     56     12         25.5777    64.7209    153.0365   % 
UB: 64.72086614173227
branching on CartesianIndex(3, 2) with a.
63     57     10         25.5870    64.7209    152.9445   % 
UB: 64.72086614173227
branching on 1 with b.
64     58     11         25.5870    64.7209    152.9445   % 
UB: 64.72086614173227
branching on 2 with b.
65     59     11         25.5870    64.7209    152.9445   % 
UB: 64.72086614173227
branching on 2 with b.
66     60     12         25.5870    64.7209    152.9445   % 
UB: 64.72086614173227
branching on CartesianIndex(2, 2) with a.
67     61     12         25.5870    64.7209    152.9445   % 
UB: 64.72086614173227
branching on CartesianIndex(2, 2) with a.
68     62     10         25.5870    64.7209    152.9445   % 
UB: 64.72086614173227
branching on CartesianIndex(1, 3) with a.
69     63     13         25.5870    64.7209    152.9443   % 
UB: 64.72086614173227
branching on CartesianIndex(3, 2) with a.
70     64     13         25.5870    64.7209    152.9443   % 
UB: 64.72086614173227
branching on CartesianIndex(1, 3) with a.
71     65     17         25.5870    64.7209    152.9443   % 
LB close or above UB, fathomed
72     64     17         25.5870    64.7209    152.9443   % 
UB: 64.72086614173227
branching on CartesianIndex(1, 3) with a.
73     65     18         25.5870    64.7209    152.9443   % 
UB: 64.72086614173227
branching on CartesianIndex(2, 3) with a.
74     66     18         25.5870    64.7209    152.9443   % 
UB: 62.76417322834645
branching on CartesianIndex(1, 4) with c.
75     67     19         27.5437    62.7642    127.8712   % 
UB: 62.76417322834645
branching on CartesianIndex(3, 3) with a.
76     68     19         27.5437    62.7642    127.8712   % 
UB: 62.76417322834645
branching on CartesianIndex(1, 4) with c.
77     69     16         27.5437    62.7642    127.8712   % 
UB: 62.76417322834645
branching on CartesianIndex(2, 3) with a.
78     70     17         27.5437    62.7642    127.8712   % 
UB: 62.76417322834645
branching on CartesianIndex(3, 3) with a.
79     71     17         27.5437    62.7642    127.8712   % 
UB: 62.76417322834645
branching on 1 with b.
80     72     16         27.5437    62.7642    127.8712   % 
UB: 62.76417322834645
branching on 1 with b.
81     73     17         27.5437    62.7642    127.8712   % 
UB: 62.76417322834645
branching on CartesianIndex(4, 2) with a.
82     74     17         27.5437    62.7642    127.8712   % 
UB: 62.76417322834645
branching on CartesianIndex(4, 2) with a.
83     75     13         29.4911    62.7642    112.8244   % 
UB: 62.76417322834645
branching on 2 with b.
84     76     13         29.4911    62.7642    112.8244   % 
UB: 62.76417322834645
branching on CartesianIndex(3, 2) with a.
85     77     18         29.5003    62.7642    112.7575   % 
UB: 62.76417322834645
branching on CartesianIndex(3, 3) with a.
86     78     18         29.5003    62.7642    112.7575   % 
UB: 62.76417322834645
branching on CartesianIndex(1, 4) with c.
87     79     14         29.5004    62.7642    112.7571   % 
UB: 62.76417322834645
branching on CartesianIndex(4, 2) with a.
88     80     14         29.5004    62.7642    112.7571   % 
UB: 62.76417322834645
branching on 3 with b.
89     81     8          29.5004    62.7642    112.7571   % 
UB: 62.76417322834645
branching on 1 with b.
90     82     9          29.5004    62.7642    112.7571   % 
UB: 62.76417322834645
branching on CartesianIndex(2, 2) with a.
91     83     9          29.5004    62.7642    112.7571   % 
UB: 62.76417322834645
branching on 1 with b.
92     84     8          29.5004    62.7642    112.7571   % 
UB: 62.76417322834645
branching on 1 with b.
93     85     14         29.5004    62.7642    112.7571   % 
UB: 62.76417322834645
branching on CartesianIndex(3, 3) with a.
94     86     15         29.5004    62.7642    112.7571   % 
UB: 62.76417322834645
branching on CartesianIndex(4, 3) with a.
95     87     15         29.5004    62.7642    112.7571   % 
UB: 62.76417322834645
branching on 3 with b.
96     88     16         29.5004    62.7642    112.7571   % 
UB: 62.76417322834645
branching on CartesianIndex(1, 4) with c.
97     89     16         29.5004    62.7642    112.7571   % 
UB: 62.76417322834645
branching on 1 with b.
98     90     17         29.5004    62.7642    112.7571   % 
UB: 62.76417322834645
branching on 2 with b.
99     91     17         29.5004    62.7642    112.7571   % 
UB: 62.76417322834645
branching on CartesianIndex(1, 4) with c.
100    92     14         29.5004    62.7642    112.7571   % 
LB close or above UB, fathomed
101    91     18         29.5004    62.7642    112.7571   % 
LB close or above UB, fathomed
102    90     18         29.5004    62.7642    112.7571   % 
UB: 62.76417322834645
branching on CartesianIndex(1, 3) with a.
103    91     19         29.5004    62.7642    112.7571   % 
UB: 62.76417322834645
branching on CartesianIndex(2, 3) with a.
104    92     20         29.5004    62.7642    112.7571   % 
UB: 62.76417322834645
branching on CartesianIndex(3, 3) with a.
105    93     20         29.5004    62.7642    112.7571   % 
UB: 62.76417322834645
branching on CartesianIndex(1, 4) with c.
106    94     19         29.5004    62.7642    112.7571   % 
LB close or above UB, fathomed
107    93     14         31.4478    62.7642    99.5824    % 
UB: 62.76417322834645
branching on CartesianIndex(4, 2) with a.
108    94     14         31.4478    62.7642    99.5824    % 
UB: 62.76417322834645
branching on CartesianIndex(1, 3) with a.
109    95     15         31.4571    62.7642    99.5232    % 
UB: 62.76417322834645
branching on CartesianIndex(1, 3) with a.
110    96     15         31.4571    62.7642    99.5232    % 
UB: 62.76417322834645
branching on 1 with b.
111    97     9          31.4571    62.7642    99.5232    % 
LB close or above UB, fathomed
112    96     9          31.4571    62.7642    99.5232    % 
UB: 62.76417322834645
branching on 2 with b.
113    97     13         31.4571    62.7642    99.5232    % 
UB: 62.76417322834645
branching on CartesianIndex(1, 4) with c.
114    98     14         31.4571    62.7642    99.5232    % 
LB close or above UB, fathomed
115    97     14         31.4571    62.7642    99.5232    % 
UB: 62.76417322834645
branching on 3 with b.
116    98     15         31.4571    62.7642    99.5232    % 
UB: 62.76417322834645
branching on CartesianIndex(1, 5) with c.
117    99     15         31.4571    62.7642    99.5232    % 
UB: 62.76417322834645
branching on CartesianIndex(1, 5) with c.
118    100    13         31.4571    62.7642    99.5232    % 
LB close or above UB, fathomed
119    99     6          31.4571    62.7642    99.5232    % 
UB: 62.76417322834645
branching on 1 with b.
120    100    7          31.4571    62.7642    99.5232    % 
UB: 62.76417322834645
branching on 1 with b.
121    101    8          31.4571    62.7642    99.5232    % 
LB close or above UB, fathomed
122    100    8          31.4571    62.7642    99.5232    % 
UB: 62.76417322834645
branching on 2 with b.
123    101    9          31.4571    62.7642    99.5232    % 
UB: 62.76417322834645
branching on 3 with b.
124    102    9          31.4571    62.7642    99.5232    % 
UB: 62.76417322834645
branching on CartesianIndex(2, 2) with a.
125    103    7          31.4571    62.7642    99.5232    % 
UB: 62.76417322834645
branching on 1 with b.
126    104    6          31.4571    62.7642    99.5232    % 
UB: 62.76417322834645
branching on CartesianIndex(1, 3) with a.
127    105    10         31.4571    62.7642    99.5232    % 
UB: 62.76417322834645
branching on CartesianIndex(3, 2) with a.
128    106    10         31.4571    62.7642    99.5232    % 
UB: 62.76417322834645
branching on 1 with b.
129    107    11         31.4571    62.7642    99.5232    % 
UB: 62.76417322834645
branching on 3 with b.
130    108    12         31.4571    62.7642    99.5232    % 
UB: 62.76417322834645
branching on CartesianIndex(1, 3) with a.
131    109    13         31.4571    62.7642    99.5232    % 
UB: 62.76417322834645
branching on 1 with b.
132    110    13         31.4571    62.7642    99.5232    % 
UB: 62.76417322834645
branching on CartesianIndex(1, 4) with c.
133    111    12         31.4571    62.7642    99.5232    % 
UB: 62.76417322834645
branching on CartesianIndex(1, 3) with a.
134    112    11         31.4571    62.7642    99.5232    % 
UB: 62.76417322834645
branching on CartesianIndex(1, 3) with a.
135    113    12         31.4571    62.7642    99.5232    % 
UB: 62.76417322834645
branching on CartesianIndex(3, 2) with a.
136    114    12         31.4571    62.7642    99.5232    % 
LB close or above UB, fathomed
137    113    18         31.4571    62.7642    99.5232    % 
UB: 62.76417322834645
branching on CartesianIndex(3, 3) with a.
138    114    18         31.4571    62.7642    99.5232    % 
UB: 62.76417322834645
branching on 2 with b.
139    115    18         31.4571    62.7642    99.5232    % 
LB close or above UB, fathomed
140    114    18         31.4571    62.7642    99.5232    % 
UB: 62.76417322834645
branching on CartesianIndex(1, 5) with c.
141    115    19         31.4571    62.7642    99.5232    % 
UB: 62.76417322834645
branching on CartesianIndex(1, 6) with c.
142    116    20         31.4571    62.7642    99.5232    % 
LB close or above UB, fathomed
143    115    20         31.4571    62.7642    99.5232    % 
UB: 62.76417322834645
branching on 1 with b.
144    116    21         31.4571    62.7642    99.5232    % 
UB: 62.76417322834645
branching on CartesianIndex(1, 7) with c.
145    117    21         31.4571    62.7642    99.5232    % 
UB: 62.76417322834645
branching on CartesianIndex(1, 7) with c.
146    118    19         31.4571    62.7642    99.5232    % 
LB close or above UB, fathomed
147    117    19         31.4571    62.7642    99.5232    % 
UB: 62.76417322834645
branching on CartesianIndex(3, 3) with a.
148    118    19         31.4571    62.7642    99.5232    % 
UB: 62.76417322834645
branching on CartesianIndex(1, 4) with c.
149    119    15         33.4044    62.7642    87.8917    % 
UB: 62.76417322834645
branching on 2 with b.
150    120    15         33.4044    62.7642    87.8917    % 
UB: 62.76417322834645
branching on CartesianIndex(1, 3) with a.
151    121    19         33.4054    62.7642    87.8861    % 
UB: 62.76417322834645
branching on 2 with b.
152    122    19         33.4054    62.7642    87.8861    % 
UB: 62.76417322834645
branching on CartesianIndex(1, 4) with c.
153    123    11         33.4138    62.7642    87.8392    % 
UB: 62.76417322834645
branching on 1 with b.
154    124    11         33.4138    62.7642    87.8392    % 
UB: 62.76417322834645
branching on CartesianIndex(1, 3) with a.
155    125    10         33.4138    62.7642    87.8392    % 
UB: 62.76417322834645
branching on CartesianIndex(1, 3) with a.
156    126    11         33.4138    62.7642    87.8392    % 
UB: 62.76417322834645
branching on 3 with b.
157    127    12         33.4138    62.7642    87.8392    % 
UB: 62.76417322834645
branching on CartesianIndex(2, 3) with a.
158    128    12         33.4138    62.7642    87.8392    % 
LB close or above UB, fathomed
159    127    11         33.4138    62.7642    87.8392    % 
LB close or above UB, fathomed
160    126    10         33.4138    62.7642    87.8392    % 
UB: 62.76417322834645
branching on 3 with b.
161    127    13         33.4138    62.7642    87.8392    % 
UB: 62.76417322834645
branching on CartesianIndex(4, 2) with a.
162    128    13         33.4138    62.7642    87.8392    % 
UB: 62.76417322834645
branching on CartesianIndex(1, 3) with a.
163    129    14         33.4138    62.7642    87.8392    % 
UB: 62.76417322834645
branching on CartesianIndex(2, 3) with a.
164    130    15         33.4138    62.7642    87.8392    % 
UB: 62.76417322834645
branching on 1 with b.
165    131    16         33.4138    62.7642    87.8392    % 
UB: 62.76417322834645
branching on CartesianIndex(3, 3) with a.
166    132    16         33.4138    62.7642    87.8392    % 
UB: 62.76417322834645
branching on CartesianIndex(3, 3) with a.
167    133    15         33.4138    62.7642    87.8392    % 
LB close or above UB, fathomed
168    132    14         33.4138    62.7642    87.8392    % 
LB close or above UB, fathomed
169    131    14         33.4138    62.7642    87.8392    % 
UB: 62.76417322834645
branching on 2 with b.
170    132    14         33.4138    62.7642    87.8392    % 
UB: 62.76417322834645
branching on 2 with b.
171    133    10         33.4138    62.7642    87.8392    % 
UB: 62.76417322834645
branching on CartesianIndex(2, 2) with a.
172    134    11         33.4138    62.7642    87.8392    % 
UB: 62.76417322834645
branching on CartesianIndex(3, 2) with a.
173    135    11         33.4138    62.7642    87.8392    % 
UB: 62.76417322834645
branching on CartesianIndex(1, 3) with a.
174    136    10         33.4138    62.7642    87.8392    % 
UB: 62.76417322834645
branching on CartesianIndex(2, 2) with a.
175    137    16         33.4138    62.7642    87.8392    % 
UB: 62.76417322834645
branching on CartesianIndex(2, 3) with a.
176    138    16         33.4138    62.7642    87.8392    % 
UB: 62.76417322834645
branching on 1 with b.
177    139    19         33.4138    62.7642    87.8392    % 
LB close or above UB, fathomed
178    138    19         33.4138    62.7642    87.8392    % 
UB: 62.76417322834645
branching on CartesianIndex(1, 5) with c.
179    139    4          35.2666    62.7642    77.9707    % 
LB close or above UB, fathomed
180    138    4          35.2666    62.7642    77.9707    % 
UB: 62.76417322834645
branching on 1 with b.
181    139    5          35.2706    62.7642    77.9505    % 
UB: 62.76417322834645
branching on 1 with b.
182    140    6          35.2706    62.7642    77.9505    % 
UB: 62.76417322834645
branching on 3 with b.
183    141    6          35.2706    62.7642    77.9505    % 
UB: 62.76417322834645
branching on 3 with b.
184    142    5          35.2706    62.7642    77.9505    % 
LB close or above UB, fathomed
185    141    20         35.3621    62.7642    77.4898    % 
UB: 62.76417322834645
branching on 3 with b.
186    142    20         35.3621    62.7642    77.4898    % 
UB: 62.76417322834645
branching on CartesianIndex(3, 3) with a.
187    143    19         35.3704    62.7642    77.4482    % 
UB: 62.76417322834645
branching on 2 with b.
188    144    19         35.3704    62.7642    77.4482    % 
UB: 62.76417322834645
branching on CartesianIndex(1, 4) with c.
189    145    13         35.3704    62.7642    77.4481    % 
UB: 62.76417322834645
branching on CartesianIndex(3, 2) with a.
190    146    13         35.3704    62.7642    77.4481    % 
UB: 62.76417322834645
branching on CartesianIndex(1, 3) with a.
191    147    20         35.3705    62.7642    77.4479    % 
UB: 62.76417322834645
branching on CartesianIndex(4, 3) with a.
192    148    20         35.3705    62.7642    77.4479    % 
UB: 62.76417322834645
branching on CartesianIndex(1, 4) with c.
193    149    21         35.3705    62.7642    77.4479    % 
LB close or above UB, fathomed
194    148    21         35.3705    62.7642    77.4479    % 
UB: 62.76417322834645
branching on 2 with b.
195    149    22         35.3705    62.7642    77.4479    % 
UB: 62.76417322834645
branching on CartesianIndex(1, 5) with c.
196    150    22         35.3705    62.7642    77.4479    % 
UB: 62.76417322834645
branching on CartesianIndex(1, 5) with c.
197    151    20         35.3705    62.7642    77.4479    % 
UB: 62.76417322834645
branching on CartesianIndex(1, 6) with c.
198    152    21         35.3705    62.7642    77.4479    % 
LB close or above UB, fathomed
199    151    21         35.3705    62.7642    77.4479    % 
UB: 62.76417322834645
branching on CartesianIndex(1, 7) with c.
200    152    22         35.3705    62.7642    77.4479    % 
UB: 62.76417322834645
branching on 2 with b.
201    153    23         35.3705    62.7642    77.4479    % 
UB: 62.76417322834645
branching on 3 with b.
202    154    23         35.3705    62.7642    77.4479    % 
UB: 62.76417322834645
branching on 3 with b.
203    155    22         35.3705    62.7642    77.4479    % 
LB close or above UB, fathomed
204    154    20         35.3705    62.7642    77.4479    % 
LB close or above UB, fathomed
205    153    17         35.3705    62.7642    77.4479    % 
UB: 62.76417322834645
branching on CartesianIndex(3, 3) with a.
206    154    17         35.3705    62.7642    77.4479    % 
UB: 62.76417322834645
branching on CartesianIndex(1, 4) with c.
207    155    18         35.3705    62.7642    77.4479    % 
UB: 62.76417322834645
branching on CartesianIndex(1, 5) with c.
208    156    18         35.3705    62.7642    77.4479    % 
UB: 62.76417322834645
branching on CartesianIndex(1, 5) with c.
209    157    19         35.3705    62.7642    77.4479    % 
UB: 62.76417322834645
branching on CartesianIndex(1, 6) with c.
210    158    19         35.3705    62.7642    77.4479    % 
UB: 62.76417322834645
branching on CartesianIndex(1, 6) with c.
211    159    14         35.3705    62.7642    77.4479    % 
UB: 62.76417322834645
branching on CartesianIndex(1, 3) with a.
212    160    14         35.3705    62.7642    77.4479    % 
UB: 62.76417322834645
branching on CartesianIndex(1, 3) with a.
213    161    15         35.3705    62.7642    77.4479    % 
UB: 62.76417322834645
branching on CartesianIndex(2, 3) with a.
214    162    16         35.3705    62.7642    77.4479    % 
UB: 62.76417322834645
branching on CartesianIndex(3, 3) with a.
215    163    17         35.3705    62.7642    77.4479    % 
UB: 62.76417322834645
branching on CartesianIndex(4, 3) with a.
216    164    17         35.3705    62.7642    77.4479    % 
UB: 62.76417322834645
branching on CartesianIndex(1, 4) with c.
217    165    16         35.3705    62.7642    77.4479    % 
LB close or above UB, fathomed
218    164    15         35.3705    62.7642    77.4479    % 
LB close or above UB, fathomed
219    163    13         35.3705    62.7642    77.4479    % 
UB: 62.76417322834645
branching on CartesianIndex(3, 3) with a.
220    164    14         35.3705    62.7642    77.4479    % 
UB: 62.76417322834645
branching on CartesianIndex(4, 3) with a.
221    165    14         35.3705    62.7642    77.4479    % 
UB: 62.76417322834645
branching on CartesianIndex(1, 4) with c.
222    166    13         35.3705    62.7642    77.4479    % 
LB close or above UB, fathomed
223    165    12         35.3705    62.7642    77.4479    % 
UB: 62.76417322834645
branching on 2 with b.
224    166    12         35.3705    62.7642    77.4479    % 
UB: 62.76417322834645
branching on 2 with b.
225    167    13         35.3705    62.7642    77.4479    % 
UB: 62.76417322834645
branching on 3 with b.
226    168    14         35.3705    62.7642    77.4479    % 
UB: 62.76417322834645
branching on CartesianIndex(4, 2) with a.
227    169    14         35.3705    62.7642    77.4479    % 
UB: 62.76417322834645
branching on CartesianIndex(4, 2) with a.
228    170    13         35.3705    62.7642    77.4479    % 
UB: 62.76417322834645
branching on CartesianIndex(4, 2) with a.
229    171    18         35.3705    62.7642    77.4479    % 
UB: 62.76417322834645
branching on CartesianIndex(1, 4) with c.
230    172    18         35.3705    62.7642    77.4479    % 
UB: 62.76417322834645
branching on CartesianIndex(1, 4) with c.
231    173    14         35.3705    62.7642    77.4479    % 
UB: 62.76417322834645
branching on CartesianIndex(3, 2) with a.
232    174    14         35.3705    62.7642    77.4479    % 
UB: 62.76417322834645
branching on CartesianIndex(3, 2) with a.
233    175    17         35.3705    62.7642    77.4479    % 
LB close or above UB, fathomed
234    174    17         35.3705    62.7642    77.4479    % 
UB: 62.76417322834645
branching on CartesianIndex(1, 4) with c.
235    175    9          35.3705    62.7642    77.4479    % 
UB: 62.76417322834645
branching on CartesianIndex(1, 2) with a.
236    176    9          35.3705    62.7642    77.4479    % 
UB: 62.76417322834645
branching on 1 with b.
237    177    20         37.3271    62.7642    68.1464    % 
LB close or above UB, fathomed
238    176    20         37.3271    62.7642    68.1464    % 
UB: 62.76417322834645
branching on CartesianIndex(1, 5) with c.
239    177    21         37.3271    62.7642    68.1464    % 
UB: 62.76417322834645
branching on CartesianIndex(1, 6) with c.
240    178    22         37.3271    62.7642    68.1464    % 
LB close or above UB, fathomed
241    177    22         37.3271    62.7642    68.1464    % 
UB: 62.76417322834645
branching on 2 with b.
242    178    23         37.3271    62.7642    68.1464    % 
LB close or above UB, fathomed
243    177    23         37.3271    62.7642    68.1464    % 
UB: 62.76417322834645
branching on 3 with b.
244    178    24         37.3271    62.7642    68.1464    % 
UB: 62.76417322834645
branching on CartesianIndex(1, 7) with c.
245    179    25         37.3271    62.7642    68.1464    % 
UB: 62.76417322834645
branching on 1 with b.
246    180    26         37.3271    62.7642    68.1464    % 
UB: 62.76417322834645
branching on 2 with b.
247    181    26         37.3271    62.7642    68.1464    % 
UB: 62.76417322834645
branching on 2 with b.
248    182    25         37.3271    62.7642    68.1464    % 
LB close or above UB, fathomed
249    181    24         37.3271    62.7642    68.1464    % 
LB close or above UB, fathomed
250    180    21         37.3271    62.7642    68.1464    % 
LB close or above UB, fathomed
251    179    18         37.3272    62.7642    68.1461    % 
LB close or above UB, fathomed
252    178    18         37.3272    62.7642    68.1461    % 
UB: 62.76417322834645
branching on CartesianIndex(1, 5) with c.
253    179    19         37.3272    62.7642    68.1461    % 
UB: 62.76417322834645
branching on CartesianIndex(1, 6) with c.
254    180    20         37.3272    62.7642    68.1461    % 
LB close or above UB, fathomed
255    179    20         37.3272    62.7642    68.1461    % 
UB: 62.76417322834645
branching on CartesianIndex(1, 7) with c.
256    180    21         37.3272    62.7642    68.1461    % 
UB: 62.76417322834645
branching on 2 with b.
257    181    22         37.3272    62.7642    68.1461    % 
LB close or above UB, fathomed
258    180    22         37.3272    62.7642    68.1461    % 
UB: 62.76417322834645
branching on 3 with b.
259    181    23         37.3272    62.7642    68.1461    % 
UB: 62.76417322834645
branching on 1 with b.
260    182    24         37.3272    62.7642    68.1461    % 
UB: 62.76417322834645
branching on 2 with b.
261    183    25         37.3272    62.7642    68.1461    % 
UB: 62.76417322834645
branching on 3 with b.
262    184    25         37.3272    62.7642    68.1461    % 
UB: 62.76417322834645
branching on 3 with b.
263    185    24         37.3272    62.7642    68.1461    % 
UB: 62.76417322834645
branching on 2 with b.
264    186    23         37.3272    62.7642    68.1461    % 
LB close or above UB, fathomed
265    185    21         37.3272    62.7642    68.1461    % 
LB close or above UB, fathomed
266    184    19         37.3272    62.7642    68.1461    % 
LB close or above UB, fathomed
267    183    15         37.3272    62.7642    68.1461    % 
UB: 62.76417322834645
branching on CartesianIndex(4, 2) with a.
268    184    16         37.3272    62.7642    68.1461    % 
UB: 62.76417322834645
branching on CartesianIndex(1, 3) with a.
269    185    17         37.3272    62.7642    68.1461    % 
UB: 62.76417322834645
branching on 3 with b.
270    186    18         37.3272    62.7642    68.1461    % 
UB: 62.76417322834645
branching on 1 with b.
271    187    18         37.3272    62.7642    68.1461    % 
UB: 62.76417322834645
branching on 1 with b.
272    188    19         37.3272    62.7642    68.1461    % 
UB: 62.76417322834645
branching on CartesianIndex(2, 3) with a.
273    189    19         37.3272    62.7642    68.1461    % 
UB: 62.76417322834645
branching on 2 with b.
274    190    20         37.3272    62.7642    68.1461    % 
UB: 62.76417322834645
branching on CartesianIndex(2, 3) with a.
275    191    20         37.3272    62.7642    68.1461    % 
UB: 62.76417322834645
branching on CartesianIndex(2, 3) with a.
276    192    17         37.3272    62.7642    68.1461    % 
LB close or above UB, fathomed
277    191    16         37.3272    62.7642    68.1461    % 
UB: 62.76417322834645
branching on CartesianIndex(1, 3) with a.
278    192    15         37.3272    62.7642    68.1461    % 
UB: 62.76417322834645
branching on 3 with b.
279    193    15         37.3272    62.7642    68.1461    % 
UB: 62.76417322834645
branching on CartesianIndex(1, 3) with a.
280    194    15         37.3272    62.7642    68.1461    % 
UB: 62.76417322834645
branching on CartesianIndex(1, 3) with a.
281    195    16         37.3272    62.7642    68.1461    % 
UB: 62.76417322834645
branching on CartesianIndex(2, 3) with a.
282    196    17         37.3272    62.7642    68.1461    % 
UB: 62.76417322834645
branching on CartesianIndex(3, 3) with a.
283    197    17         37.3272    62.7642    68.1461    % 
UB: 62.76417322834645
branching on CartesianIndex(1, 4) with c.
284    198    16         37.3272    62.7642    68.1461    % 
UB: 62.76417322834645
branching on 1 with b.
285    199    24         37.3272    62.7642    68.1461    % 
UB: 62.76417322834645
branching on 1 with b.
286    200    25         37.3272    62.7642    68.1461    % 
UB: 62.76417322834645
branching on 2 with b.
287    201    26         37.3272    62.7642    68.1461    % 
UB: 62.76417322834645
branching on 3 with b.
288    202    27         37.3272    62.7642    68.1461    % 
UB: 62.76417322834645
branching on 1 with b.
289    203    28         37.3272    62.7642    68.1461    % 
UB: 62.76417322834645
branching on 2 with b.
290    204    28         37.3272    62.7642    68.1461    % 
UB: 62.76417322834645
branching on 2 with b.
291    205    27         37.3272    62.7642    68.1461    % 
LB close or above UB, fathomed
292    204    26         37.3272    62.7642    68.1461    % 
LB close or above UB, fathomed
293    203    25         37.3272    62.7642    68.1461    % 
UB: 62.76417322834645
branching on 2 with b.
294    204    24         37.3272    62.7642    68.1461    % 
LB close or above UB, fathomed
295    203    11         37.3272    62.7642    68.1461    % 
UB: 62.76417322834645
branching on CartesianIndex(3, 2) with a.
296    204    11         37.3272    62.7642    68.1461    % 
LB close or above UB, fathomed
297    203    12         37.3272    62.7642    68.1461    % 
UB: 62.76417322834645
branching on CartesianIndex(2, 3) with a.
298    204    13         37.3272    62.7642    68.1461    % 
UB: 62.76417322834645
branching on 1 with b.
299    205    13         37.3272    62.7642    68.1461    % 
UB: 62.76417322834645
branching on CartesianIndex(1, 4) with c.
300    206    12         37.3272    62.7642    68.1461    % 
LB close or above UB, fathomed
301    205    18         37.3272    62.7642    68.1461    % 
LB close or above UB, fathomed
302    204    18         37.3272    62.7642    68.1461    % 
UB: 62.76417322834645
branching on CartesianIndex(1, 3) with a.
303    205    19         37.3272    62.7642    68.1461    % 
UB: 62.76417322834645
branching on CartesianIndex(2, 3) with a.
304    206    20         37.3272    62.7642    68.1461    % 
UB: 62.76417322834645
branching on CartesianIndex(3, 3) with a.
305    207    20         37.3272    62.7642    68.1461    % 
UB: 62.76417322834645
branching on CartesianIndex(1, 4) with c.
306    208    19         37.3272    62.7642    68.1461    % 
LB close or above UB, fathomed
307    207    17         37.3272    62.7642    68.1461    % 
UB: 62.76417322834645
branching on 2 with b.
308    208    17         37.3272    62.7642    68.1461    % 
UB: 62.76417322834645
branching on 2 with b.
309    209    23         37.3272    62.7642    68.1461    % 
UB: 62.76417322834645
branching on CartesianIndex(1, 6) with c.
310    210    24         37.3272    62.7642    68.1461    % 
LB close or above UB, fathomed
311    209    24         37.3272    62.7642    68.1461    % 
UB: 62.76417322834645
branching on CartesianIndex(1, 7) with c.
312    210    25         37.3272    62.7642    68.1461    % 
UB: 62.76417322834645
branching on 3 with b.
313    211    26         37.3272    62.7642    68.1461    % 
UB: 62.76417322834645
branching on 1 with b.
314    212    27         37.3272    62.7642    68.1461    % 
UB: 62.76417322834645
branching on 2 with b.
315    213    27         37.3272    62.7642    68.1461    % 
UB: 62.76417322834645
branching on 2 with b.
316    214    26         37.3272    62.7642    68.1461    % 
LB close or above UB, fathomed
317    213    25         37.3272    62.7642    68.1461    % 
LB close or above UB, fathomed
318    212    23         37.3272    62.7642    68.1461    % 
LB close or above UB, fathomed
319    211    21         37.3272    62.7642    68.1461    % 
LB close or above UB, fathomed
320    210    21         37.3272    62.7642    68.1461    % 
UB: 62.76417322834645
branching on CartesianIndex(1, 4) with c.
321    211    22         37.3272    62.7642    68.1461    % 
LB close or above UB, fathomed
322    210    22         37.3272    62.7642    68.1461    % 
UB: 62.76417322834645
branching on CartesianIndex(1, 5) with c.
323    211    23         37.3272    62.7642    68.1461    % 
UB: 62.76417322834645
branching on CartesianIndex(1, 6) with c.
324    212    24         37.3272    62.7642    68.1461    % 
LB close or above UB, fathomed
325    211    24         37.3272    62.7642    68.1461    % 
UB: 62.76417322834645
branching on CartesianIndex(1, 7) with c.
326    212    25         37.3272    62.7642    68.1461    % 
UB: 62.76417322834645
branching on 3 with b.
327    213    26         37.3272    62.7642    68.1461    % 
UB: 62.76417322834645
branching on 1 with b.
328    214    27         37.3272    62.7642    68.1461    % 
UB: 62.76417322834645
branching on 2 with b.
329    215    27         37.3272    62.7642    68.1461    % 
UB: 62.76417322834645
branching on 2 with b.
330    216    26         37.3272    62.7642    68.1461    % 
LB close or above UB, fathomed
331    215    25         37.3272    62.7642    68.1461    % 
LB close or above UB, fathomed
332    214    23         37.3272    62.7642    68.1461    % 
LB close or above UB, fathomed
333    213    18         37.3272    62.7642    68.1461    % 
UB: 62.76417322834645
branching on CartesianIndex(4, 3) with a.
334    214    18         37.3272    62.7642    68.1461    % 
UB: 62.76417322834645
branching on CartesianIndex(1, 4) with c.
335    215    10         37.5716    62.7642    67.0523    % 
UB: 62.76417322834645
branching on CartesianIndex(2, 2) with a.
336    216    10         37.5716    62.7642    67.0523    % 
LB close or above UB, fathomed
337    215    15         38.4253    62.7642    63.3409    % 
UB: 62.76417322834645
branching on CartesianIndex(1, 5) with c.
338    216    15         38.4253    62.7642    63.3409    % 
UB: 62.76417322834645
branching on CartesianIndex(1, 5) with c.
339    217    7          39.1872    62.7642    60.1648    % 
UB: 62.76417322834645
branching on CartesianIndex(1, 1) with a.
340    218    7          39.1872    62.7642    60.1648    % 
LB close or above UB, fathomed
341    217    8          39.2069    62.7642    60.0843    % 
UB: 62.76417322834645
branching on CartesianIndex(2, 1) with a.
342    218    9          39.2069    62.7642    60.0843    % 
UB: 62.76417322834645
branching on CartesianIndex(3, 1) with a.
343    219    10         39.2069    62.7642    60.0843    % 
UB: 62.76417322834645
branching on CartesianIndex(4, 1) with a.
344    220    10         39.2069    62.7642    60.0843    % 
UB: 62.76417322834645
branching on CartesianIndex(1, 3) with a.
345    221    9          39.2069    62.7642    60.0843    % 
UB: 62.76417322834645
branching on CartesianIndex(1, 3) with a.
346    222    8          39.2069    62.7642    60.0843    % 
LB close or above UB, fathomed
347    221    10         39.2103    62.7642    60.0705    % 
UB: 62.76417322834645
branching on CartesianIndex(2, 3) with a.
348    222    11         39.2103    62.7642    60.0705    % 
UB: 62.76417322834645
branching on CartesianIndex(3, 3) with a.
349    223    12         39.2103    62.7642    60.0705    % 
UB: 62.76417322834645
branching on 1 with b.
350    224    12         39.2103    62.7642    60.0705    % 
UB: 62.76417322834645
branching on CartesianIndex(1, 5) with c.
351    225    11         39.2103    62.7642    60.0705    % 
LB close or above UB, fathomed
352    224    10         39.2103    62.7642    60.0705    % 
LB close or above UB, fathomed
353    223    14         39.2838    62.7642    59.7710    % 
UB: 62.76417322834645
branching on CartesianIndex(2, 3) with a.
354    224    15         39.2838    62.7642    59.7710    % 
UB: 62.76417322834645
branching on 3 with b.
355    225    15         39.2838    62.7642    59.7710    % 
UB: 62.76417322834645
branching on CartesianIndex(1, 4) with c.
356    226    14         39.2838    62.7642    59.7710    % 
LB close or above UB, fathomed
357    225    21         39.2839    62.7642    59.7709    % 
UB: 62.76417322834645
branching on CartesianIndex(3, 3) with a.
358    226    22         39.2839    62.7642    59.7709    % 
UB: 62.76417322834645
branching on CartesianIndex(4, 3) with a.
359    227    22         39.2839    62.7642    59.7709    % 
UB: 62.76417322834645
branching on CartesianIndex(1, 4) with c.
360    228    21         39.2839    62.7642    59.7709    % 
LB close or above UB, fathomed
361    227    22         39.2839    62.7642    59.7709    % 
UB: 62.76417322834645
branching on 2 with b.
362    228    23         39.2839    62.7642    59.7709    % 
UB: 62.76417322834645
branching on 3 with b.
363    229    23         39.2839    62.7642    59.7709    % 
UB: 62.76417322834645
branching on 3 with b.
364    230    22         39.2839    62.7642    59.7709    % 
LB close or above UB, fathomed
365    229    22         39.2839    62.7642    59.7709    % 
UB: 62.76417322834645
branching on 2 with b.
366    230    23         39.2839    62.7642    59.7709    % 
UB: 62.76417322834645
branching on 3 with b.
367    231    23         39.2839    62.7642    59.7709    % 
UB: 62.76417322834645
branching on 3 with b.
368    232    22         39.2839    62.7642    59.7709    % 
LB close or above UB, fathomed
369    231    28         39.2839    62.7642    59.7709    % 
LB close or above UB, fathomed
370    230    28         39.2839    62.7642    59.7709    % 
UB: 62.76417322834645
branching on 3 with b.
371    231    29         39.2839    62.7642    59.7709    % 
UB: 62.76417322834645
branching on 1 with b.
372    232    30         39.2839    62.7642    59.7709    % 
UB: 62.76417322834645
branching on 2 with b.
373    233    30         39.2839    62.7642    59.7709    % 
UB: 62.76417322834645
branching on 2 with b.
374    234    31         39.2839    62.7642    59.7709    % 
UB: 62.76417322834645
branching on 3 with b.
375    235    31         39.2839    62.7642    59.7709    % 
UB: 62.76417322834645
branching on 3 with b.
376    236    29         39.2839    62.7642    59.7709    % 
LB close or above UB, fathomed
377    235    14         39.2839    62.7642    59.7709    % 
UB: 62.76417322834645
branching on CartesianIndex(1, 5) with c.
378    236    14         39.2839    62.7642    59.7709    % 
UB: 62.76417322834645
branching on CartesianIndex(1, 5) with c.
379    237    15         39.2839    62.7642    59.7709    % 
UB: 62.76417322834645
branching on 1 with b.
380    238    16         39.2839    62.7642    59.7709    % 
LB close or above UB, fathomed
381    237    16         39.2839    62.7642    59.7709    % 
UB: 62.76417322834645
branching on 2 with b.
382    238    17         39.2839    62.7642    59.7709    % 
UB: 62.76417322834645
branching on 3 with b.
383    239    18         39.2839    62.7642    59.7709    % 
UB: 62.76417322834645
branching on CartesianIndex(1, 6) with c.
384    240    19         39.2839    62.7642    59.7709    % 
LB close or above UB, fathomed
385    239    19         39.2839    62.7642    59.7709    % 
UB: 62.76417322834645
branching on CartesianIndex(1, 7) with c.
386    240    20         39.2839    62.7642    59.7709    % 
UB: 62.76417322834645
branching on 1 with b.
387    241    21         39.2839    62.7642    59.7709    % 
UB: 62.76417322834645
branching on 2 with b.
388    242    21         39.2839    62.7642    59.7709    % 
UB: 62.76417322834645
branching on 2 with b.
389    243    20         39.2839    62.7642    59.7709    % 
LB close or above UB, fathomed
390    242    18         39.2839    62.7642    59.7709    % 
LB close or above UB, fathomed
391    241    17         39.2839    62.7642    59.7709    % 
UB: 62.76417322834645
branching on CartesianIndex(1, 6) with c.
392    242    15         39.2839    62.7642    59.7709    % 
UB: 62.76417322834645
branching on CartesianIndex(1, 6) with c.
393    243    16         39.2839    62.7642    59.7709    % 
UB: 62.76417322834645
branching on CartesianIndex(2, 3) with a.
394    244    16         39.2839    62.7642    59.7709    % 
LB close or above UB, fathomed
395    243    21         39.2839    62.7642    59.7709    % 
UB: 62.76417322834645
branching on CartesianIndex(3, 3) with a.
396    244    22         39.2839    62.7642    59.7709    % 
UB: 62.76417322834645
branching on CartesianIndex(4, 3) with a.
397    245    22         39.2839    62.7642    59.7709    % 
UB: 62.76417322834645
branching on CartesianIndex(1, 4) with c.
398    246    21         39.2839    62.7642    59.7709    % 
LB close or above UB, fathomed
399    245    20         39.2839    62.7642    59.7709    % 
LB close or above UB, fathomed
400    244    20         39.2839    62.7642    59.7709    % 
UB: 62.76417322834645
branching on CartesianIndex(1, 7) with c.
401    245    21         39.2839    62.7642    59.7709    % 
UB: 62.76417322834645
branching on 1 with b.
402    246    21         39.2839    62.7642    59.7709    % 
LB close or above UB, fathomed
403    245    17         39.2839    62.7642    59.7709    % 
UB: 62.76417322834645
branching on CartesianIndex(4, 3) with a.
404    246    17         39.2839    62.7642    59.7709    % 
UB: 62.76417322834645
branching on CartesianIndex(1, 4) with c.
405    247    17         39.2839    62.7642    59.7709    % 
UB: 62.76417322834645
branching on CartesianIndex(4, 3) with a.
406    248    17         39.2839    62.7642    59.7709    % 
UB: 62.76417322834645
branching on CartesianIndex(1, 4) with c.
407    249    20         39.2839    62.7642    59.7709    % 
UB: 62.76417322834645
branching on CartesianIndex(4, 3) with a.
408    250    20         39.2839    62.7642    59.7709    % 
UB: 62.76417322834645
branching on CartesianIndex(1, 4) with c.
409    251    11         39.2839    62.7642    59.7709    % 
UB: 62.76417322834645
branching on CartesianIndex(1, 3) with a.
410    252    11         39.2839    62.7642    59.7709    % 
UB: 62.76417322834645
branching on 2 with b.
411    253    12         39.2839    62.7642    59.7709    % 
UB: 62.76417322834645
branching on CartesianIndex(1, 3) with a.
412    254    12         39.2839    62.7642    59.7709    % 
UB: 62.76417322834645
branching on CartesianIndex(1, 3) with a.
413    255    13         39.2839    62.7642    59.7709    % 
UB: 62.76417322834645
branching on 3 with b.
414    256    14         39.2839    62.7642    59.7709    % 
UB: 62.76417322834645
branching on 1 with b.
415    257    15         39.2839    62.7642    59.7709    % 
UB: 62.76417322834645
branching on CartesianIndex(2, 3) with a.
416    258    15         39.2839    62.7642    59.7709    % 
UB: 62.76417322834645
branching on 2 with b.
417    259    14         39.2839    62.7642    59.7709    % 
UB: 62.76417322834645
branching on CartesianIndex(2, 3) with a.
418    260    13         39.2839    62.7642    59.7709    % 
UB: 62.76417322834645
branching on 3 with b.
419    261    16         39.2839    62.7642    59.7709    % 
UB: 62.76417322834645
branching on CartesianIndex(1, 6) with c.
420    262    17         39.2839    62.7642    59.7709    % 
LB close or above UB, fathomed
421    261    17         39.2839    62.7642    59.7709    % 
UB: 62.76417322834645
branching on 1 with b.
422    262    18         39.2839    62.7642    59.7709    % 
UB: 62.76417322834645
branching on 2 with b.
423    263    18         39.2839    62.7642    59.7709    % 
UB: 62.76417322834645
branching on CartesianIndex(1, 7) with c.
424    264    16         39.2839    62.7642    59.7709    % 
LB close or above UB, fathomed
425    263    16         39.2839    62.7642    59.7709    % 
LB close or above UB, fathomed
426    262    16         39.2839    62.7642    59.7709    % 
UB: 62.76417322834645
branching on 3 with b.
427    263    17         39.2839    62.7642    59.7709    % 
UB: 62.76417322834645
branching on 1 with b.
428    264    17         39.2839    62.7642    59.7709    % 
UB: 62.76417322834645
branching on 1 with b.
429    265    15         39.2839    62.7642    59.7709    % 
UB: 62.76417322834645
branching on 3 with b.
430    266    16         39.2839    62.7642    59.7709    % 
UB: 62.76417322834645
branching on CartesianIndex(1, 3) with a.
431    267    16         39.2839    62.7642    59.7709    % 
UB: 62.76417322834645
branching on CartesianIndex(1, 3) with a.
432    268    15         39.2839    62.7642    59.7709    % 
UB: 62.76417322834645
branching on 3 with b.
433    269    14         39.2839    62.7642    59.7709    % 
UB: 62.76417322834645
branching on 3 with b.
434    270    14         39.2839    62.7642    59.7709    % 
LB close or above UB, fathomed
435    269    8          39.2839    62.7642    59.7709    % 
UB: 62.76417322834645
branching on CartesianIndex(1, 2) with a.
436    270    9          39.2839    62.7642    59.7709    % 
UB: 62.76417322834645
branching on CartesianIndex(2, 2) with a.
437    271    10         39.2839    62.7642    59.7709    % 
UB: 62.76417322834645
branching on 2 with b.
438    272    11         39.2839    62.7642    59.7709    % 
UB: 62.76417322834645
branching on 3 with b.
439    273    11         39.2839    62.7642    59.7709    % 
UB: 62.76417322834645
branching on 3 with b.
440    274    10         39.2839    62.7642    59.7709    % 
LB close or above UB, fathomed
441    273    9          39.2839    62.7642    59.7709    % 
UB: 62.76417322834645
branching on 2 with b.
442    274    8          39.2839    62.7642    59.7709    % 
LB close or above UB, fathomed
443    273    14         39.2839    62.7642    59.7709    % 
LB close or above UB, fathomed
444    272    14         39.2839    62.7642    59.7709    % 
UB: 62.76417322834645
branching on CartesianIndex(1, 5) with c.
445    273    15         39.2839    62.7642    59.7709    % 
UB: 62.76417322834645
branching on CartesianIndex(1, 6) with c.
446    274    16         39.2839    62.7642    59.7709    % 
LB close or above UB, fathomed
447    273    16         39.2839    62.7642    59.7709    % 
UB: 62.76417322834645
branching on 2 with b.
448    274    17         39.2839    62.7642    59.7709    % 
UB: 62.76417322834645
branching on CartesianIndex(1, 7) with c.
449    275    18         39.2839    62.7642    59.7709    % 
UB: 62.76417322834645
branching on 3 with b.
450    276    19         39.2839    62.7642    59.7709    % 
UB: 62.76417322834645
branching on 1 with b.
451    277    19         39.2839    62.7642    59.7709    % 
UB: 62.76417322834645
branching on 1 with b.
452    278    18         39.2839    62.7642    59.7709    % 
LB close or above UB, fathomed
453    277    17         39.2839    62.7642    59.7709    % 
LB close or above UB, fathomed
454    276    15         39.2839    62.7642    59.7709    % 
LB close or above UB, fathomed
455    275    22         39.2839    62.7642    59.7709    % 
UB: 62.76417322834645
branching on 2 with b.
456    276    22         39.2839    62.7642    59.7709    % 
UB: 62.76417322834645
branching on 2 with b.
457    277    28         39.2839    62.7642    59.7709    % 
LB close or above UB, fathomed
458    276    28         39.2839    62.7642    59.7709    % 
UB: 62.76417322834645
branching on 3 with b.
459    277    29         39.2839    62.7642    59.7709    % 
UB: 62.76417322834645
branching on 1 with b.
460    278    30         39.2839    62.7642    59.7709    % 
UB: 62.76417322834645
branching on 2 with b.
461    279    31         39.2839    62.7642    59.7709    % 
UB: 62.76417322834645
branching on 3 with b.
462    280    31         39.2839    62.7642    59.7709    % 
UB: 62.76417322834645
branching on 3 with b.
463    281    30         39.2839    62.7642    59.7709    % 
UB: 62.76417322834645
branching on 2 with b.
464    282    29         39.2839    62.7642    59.7709    % 
LB close or above UB, fathomed
465    281    12         39.2839    62.7642    59.7709    % 
UB: 62.76417322834645
branching on CartesianIndex(4, 2) with a.
466    282    12         39.2839    62.7642    59.7709    % 
UB: 62.76417322834645
branching on CartesianIndex(1, 3) with a.
467    283    18         39.2839    62.7642    59.7709    % 
UB: 62.76417322834645
branching on 1 with b.
468    284    18         39.2839    62.7642    59.7709    % 
UB: 62.76417322834645
branching on CartesianIndex(1, 5) with c.
469    285    19         39.2839    62.7642    59.7709    % 
UB: 62.76417322834645
branching on CartesianIndex(1, 6) with c.
470    286    20         39.2839    62.7642    59.7709    % 
LB close or above UB, fathomed
471    285    20         39.2839    62.7642    59.7709    % 
UB: 62.76417322834645
branching on 1 with b.
472    286    21         39.2839    62.7642    59.7709    % 
UB: 62.76417322834645
branching on CartesianIndex(1, 7) with c.
473    287    21         39.2839    62.7642    59.7709    % 
UB: 62.76417322834645
branching on CartesianIndex(1, 7) with c.
474    288    19         39.2839    62.7642    59.7709    % 
UB: 62.76417322834645
branching on 1 with b.
475    289    15         39.2839    62.7642    59.7709    % 
UB: 62.76417322834645
branching on CartesianIndex(4, 2) with a.
476    290    16         39.2839    62.7642    59.7709    % 
UB: 62.76417322834645
branching on CartesianIndex(1, 3) with a.
477    291    16         39.2839    62.7642    59.7709    % 
UB: 62.76417322834645
branching on CartesianIndex(1, 3) with a.
478    292    17         39.2839    62.7642    59.7709    % 
UB: 62.76417322834645
branching on CartesianIndex(2, 3) with a.
479    293    18         39.2839    62.7642    59.7709    % 
UB: 62.76417322834645
branching on CartesianIndex(3, 3) with a.
480    294    19         39.2839    62.7642    59.7709    % 
UB: 62.76417322834645
branching on 3 with b.
481    295    19         39.2839    62.7642    59.7709    % 
UB: 62.76417322834645
branching on 3 with b.
482    296    18         39.2839    62.7642    59.7709    % 
LB close or above UB, fathomed
483    295    17         39.2839    62.7642    59.7709    % 
LB close or above UB, fathomed
484    294    15         39.2839    62.7642    59.7709    % 
UB: 62.76417322834645
branching on CartesianIndex(1, 3) with a.
485    295    19         39.2839    62.7642    59.7709    % 
LB close or above UB, fathomed
486    294    19         39.2839    62.7642    59.7709    % 
UB: 62.76417322834645
branching on CartesianIndex(1, 5) with c.
487    295    20         39.2839    62.7642    59.7709    % 
UB: 62.76417322834645
branching on CartesianIndex(1, 6) with c.
488    296    21         39.2839    62.7642    59.7709    % 
LB close or above UB, fathomed
489    295    21         39.2839    62.7642    59.7709    % 
UB: 62.76417322834645
branching on 3 with b.
490    296    22         39.2839    62.7642    59.7709    % 
UB: 62.76417322834645
branching on CartesianIndex(1, 7) with c.
491    297    23         39.2839    62.7642    59.7709    % 
UB: 62.76417322834645
branching on 1 with b.
492    298    24         39.2839    62.7642    59.7709    % 
UB: 62.76417322834645
branching on 2 with b.
493    299    24         39.2839    62.7642    59.7709    % 
UB: 62.76417322834645
branching on 2 with b.
494    300    23         39.2839    62.7642    59.7709    % 
LB close or above UB, fathomed
495    299    22         39.2839    62.7642    59.7709    % 
LB close or above UB, fathomed
496    298    20         39.2839    62.7642    59.7709    % 
LB close or above UB, fathomed
497    297    15         39.2839    62.7642    59.7709    % 
UB: 62.76417322834645
branching on 1 with b.
498    298    16         39.2839    62.7642    59.7709    % 
UB: 62.76417322834645
branching on 2 with b.
499    299    16         39.2839    62.7642    59.7709    % 
UB: 62.76417322834645
branching on CartesianIndex(2, 3) with a.
500    300    15         39.2839    62.7642    59.7709    % 
LB close or above UB, fathomed
501    299    15         39.2839    62.7642    59.7709    % 
UB: 62.76417322834645
branching on CartesianIndex(2, 3) with a.
502    300    15         39.2839    62.7642    59.7709    % 
UB: 62.76417322834645
branching on CartesianIndex(2, 3) with a.
503    301    16         39.2839    62.7642    59.7709    % 
UB: 62.76417322834645
branching on CartesianIndex(3, 3) with a.
504    302    17         39.2839    62.7642    59.7709    % 
UB: 62.76417322834645
branching on CartesianIndex(4, 3) with a.
505    303    17         39.2839    62.7642    59.7709    % 
UB: 62.76417322834645
branching on CartesianIndex(1, 4) with c.
506    304    16         39.2839    62.7642    59.7709    % 
LB close or above UB, fathomed
507    303    15         39.2839    62.7642    59.7709    % 
UB: 62.76417322834645
branching on 3 with b.
508    304    15         39.2839    62.7642    59.7709    % 
UB: 62.76417322834645
branching on CartesianIndex(2, 3) with a.
509    305    16         39.2839    62.7642    59.7709    % 
UB: 62.76417322834645
branching on CartesianIndex(3, 3) with a.
510    306    17         39.2839    62.7642    59.7709    % 
UB: 62.76417322834645
branching on CartesianIndex(4, 3) with a.
511    307    17         39.2839    62.7642    59.7709    % 
UB: 62.76417322834645
branching on CartesianIndex(1, 4) with c.
512    308    16         39.2839    62.7642    59.7709    % 
LB close or above UB, fathomed
513    307    11         39.2839    62.7642    59.7709    % 
UB: 62.76417322834645
branching on CartesianIndex(1, 3) with a.
514    308    12         39.2839    62.7642    59.7709    % 
UB: 62.76417322834645
branching on CartesianIndex(2, 3) with a.
515    309    13         39.2839    62.7642    59.7709    % 
UB: 62.76417322834645
branching on CartesianIndex(3, 3) with a.
516    310    14         39.2839    62.7642    59.7709    % 
UB: 62.76417322834645
branching on CartesianIndex(4, 3) with a.
517    311    14         39.2839    62.7642    59.7709    % 
UB: 62.76417322834645
branching on CartesianIndex(1, 4) with c.
518    312    13         39.2839    62.7642    59.7709    % 
LB close or above UB, fathomed
519    311    12         39.2839    62.7642    59.7709    % 
LB close or above UB, fathomed
520    310    11         39.2839    62.7642    59.7709    % 
LB close or above UB, fathomed
521    309    16         39.2839    62.7642    59.7709    % 
UB: 62.76417322834645
branching on CartesianIndex(2, 3) with a.
522    310    16         39.2839    62.7642    59.7709    % 
LB close or above UB, fathomed
523    309    19         39.2839    62.7642    59.7709    % 
LB close or above UB, fathomed
524    308    19         39.2839    62.7642    59.7709    % 
UB: 62.76417322834645
branching on CartesianIndex(1, 4) with c.
525    309    20         39.2839    62.7642    59.7709    % 
LB close or above UB, fathomed
526    308    20         39.2839    62.7642    59.7709    % 
UB: 62.76417322834645
branching on 2 with b.
527    309    21         39.2839    62.7642    59.7709    % 
LB close or above UB, fathomed
528    308    21         39.2839    62.7642    59.7709    % 
UB: 62.76417322834645
branching on CartesianIndex(1, 5) with c.
529    309    22         39.2839    62.7642    59.7709    % 
UB: 62.76417322834645
branching on 3 with b.
530    310    23         39.2839    62.7642    59.7709    % 
UB: 62.76417322834645
branching on 1 with b.
531    311    24         39.2839    62.7642    59.7709    % 
UB: 62.76417322834645
branching on CartesianIndex(1, 6) with c.
532    312    24         39.2839    62.7642    59.7709    % 
UB: 62.76417322834645
branching on CartesianIndex(1, 6) with c.
533    313    25         39.2839    62.7642    59.7709    % 
LB close or above UB, fathomed
534    312    25         39.2839    62.7642    59.7709    % 
UB: 62.76417322834645
branching on CartesianIndex(1, 7) with c.
535    313    26         39.2839    62.7642    59.7709    % 
UB: 62.76417322834645
branching on 2 with b.
536    314    27         39.2839    62.7642    59.7709    % 
UB: 62.76417322834645
branching on 3 with b.
537    315    27         39.2839    62.7642    59.7709    % 
UB: 62.76417322834645
branching on 3 with b.
538    316    26         39.2839    62.7642    59.7709    % 
LB close or above UB, fathomed
539    315    23         39.2839    62.7642    59.7709    % 
LB close or above UB, fathomed
540    314    22         39.2839    62.7642    59.7709    % 
LB close or above UB, fathomed
541    313    12         39.2839    62.7642    59.7709    % 
UB: 62.76417322834645
branching on 3 with b.
542    314    13         39.2839    62.7642    59.7709    % 
UB: 62.76417322834645
branching on CartesianIndex(2, 3) with a.
543    315    14         39.2839    62.7642    59.7709    % 
UB: 62.76417322834645
branching on CartesianIndex(3, 3) with a.
544    316    15         39.2839    62.7642    59.7709    % 
UB: 62.76417322834645
branching on CartesianIndex(4, 3) with a.
545    317    15         39.2839    62.7642    59.7709    % 
UB: 62.76417322834645
branching on CartesianIndex(1, 4) with c.
546    318    14         39.2839    62.7642    59.7709    % 
LB close or above UB, fathomed
547    317    13         39.2839    62.7642    59.7709    % 
LB close or above UB, fathomed
548    316    12         39.2839    62.7642    59.7709    % 
LB close or above UB, fathomed
549    315    15         39.7659    62.7642    57.8340    % 
LB close or above UB, fathomed
550    314    15         39.7659    62.7642    57.8340    % 
UB: 62.76417322834645
branching on CartesianIndex(1, 4) with c.
551    315    15         40.6500    62.7642    54.4012    % 
UB: 62.76417322834645
branching on 1 with b.
552    316    15         40.6500    62.7642    54.4012    % 
UB: 62.76417322834645
branching on CartesianIndex(1, 3) with a.
553    317    16         41.2312    62.7642    52.2249    % 
UB: 62.76417322834645
branching on CartesianIndex(1, 3) with a.
554    318    16         41.2312    62.7642    52.2249    % 
UB: 62.76417322834645
branching on CartesianIndex(1, 3) with a.
555    319    21         41.2322    62.7642    52.2212    % 
LB close or above UB, fathomed
556    318    21         41.2322    62.7642    52.2212    % 
UB: 62.76417322834645
branching on 1 with b.
557    319    22         41.2322    62.7642    52.2212    % 
UB: 62.76417322834645
branching on CartesianIndex(3, 3) with a.
558    320    22         41.2322    62.7642    52.2212    % 
UB: 62.76417322834645
branching on CartesianIndex(3, 3) with a.
559    321    27         41.2405    62.7642    52.1906    % 
UB: 62.76417322834645
branching on 3 with b.
560    322    27         41.2405    62.7642    52.1906    % 
UB: 62.76417322834645
branching on 3 with b.
561    323    23         41.2406    62.7642    52.1904    % 
UB: 62.76417322834645
branching on CartesianIndex(1, 6) with c.
562    324    24         41.2406    62.7642    52.1904    % 
LB close or above UB, fathomed
563    323    24         41.2406    62.7642    52.1904    % 
UB: 62.76417322834645
branching on CartesianIndex(1, 7) with c.
564    324    25         41.2406    62.7642    52.1904    % 
UB: 62.76417322834645
branching on 3 with b.
565    325    26         41.2406    62.7642    52.1904    % 
UB: 62.76417322834645
branching on 1 with b.
566    326    27         41.2406    62.7642    52.1904    % 
UB: 62.76417322834645
branching on 2 with b.
567    327    27         41.2406    62.7642    52.1904    % 
LB close or above UB, fathomed
568    326    26         41.2406    62.7642    52.1904    % 
LB close or above UB, fathomed
569    325    25         41.2406    62.7642    52.1904    % 
LB close or above UB, fathomed
570    324    23         41.2406    62.7642    52.1904    % 
LB close or above UB, fathomed
571    323    20         41.2406    62.7642    52.1904    % 
UB: 62.76417322834645
branching on 2 with b.
572    324    20         41.2406    62.7642    52.1904    % 
UB: 62.76417322834645
branching on 2 with b.
573    325    16         41.2406    62.7642    52.1904    % 
UB: 62.76417322834645
branching on 3 with b.
574    326    17         41.2406    62.7642    52.1904    % 
UB: 62.76417322834645
branching on CartesianIndex(2, 3) with a.
575    327    17         41.2406    62.7642    52.1904    % 
UB: 62.76417322834645
branching on CartesianIndex(2, 3) with a.
576    328    18         41.2406    62.7642    52.1904    % 
UB: 62.76417322834645
branching on 1 with b.
577    329    18         41.2406    62.7642    52.1904    % 
UB: 62.76417322834645
branching on CartesianIndex(1, 4) with c.
578    330    16         41.2406    62.7642    52.1904    % 
UB: 62.76417322834645
branching on 3 with b.
579    331    18         41.2406    62.7642    52.1904    % 
LB close or above UB, fathomed
580    330    18         41.2406    62.7642    52.1904    % 
UB: 62.76417322834645
branching on 1 with b.
581    331    19         41.2406    62.7642    52.1904    % 
UB: 62.76417322834645
branching on CartesianIndex(1, 5) with c.
582    332    19         41.2406    62.7642    52.1904    % 
UB: 62.76417322834645
branching on CartesianIndex(1, 5) with c.
583    333    16         41.2406    62.7642    52.1904    % 
UB: 62.76417322834645
branching on CartesianIndex(1, 5) with c.
584    334    16         41.2406    62.7642    52.1904    % 
UB: 62.76417322834645
branching on CartesianIndex(1, 5) with c.
585    335    17         41.2406    62.7642    52.1904    % 
UB: 62.76417322834645
branching on CartesianIndex(3, 3) with a.
586    336    18         41.2406    62.7642    52.1904    % 
UB: 62.76417322834645
branching on CartesianIndex(4, 3) with a.
587    337    18         41.2406    62.7642    52.1904    % 
UB: 62.76417322834645
branching on CartesianIndex(1, 4) with c.
588    338    17         41.2406    62.7642    52.1904    % 
LB close or above UB, fathomed
589    337    16         41.2406    62.7642    52.1904    % 
LB close or above UB, fathomed
590    336    16         41.2406    62.7642    52.1904    % 
UB: 62.76417322834645
branching on CartesianIndex(2, 3) with a.
591    337    17         41.2406    62.7642    52.1904    % 
UB: 62.76417322834645
branching on CartesianIndex(3, 3) with a.
592    338    18         41.2406    62.7642    52.1904    % 
UB: 62.76417322834645
branching on 1 with b.
593    339    18         41.2406    62.7642    52.1904    % 
UB: 62.76417322834645
branching on CartesianIndex(1, 4) with c.
594    340    17         41.2406    62.7642    52.1904    % 
LB close or above UB, fathomed
595    339    17         41.2406    62.7642    52.1904    % 
UB: 62.76417322834645
branching on CartesianIndex(2, 3) with a.
596    340    18         41.2406    62.7642    52.1904    % 
UB: 62.76417322834645
branching on CartesianIndex(3, 3) with a.
597    341    19         41.2406    62.7642    52.1904    % 
UB: 62.76417322834645
branching on CartesianIndex(4, 3) with a.
598    342    19         41.2406    62.7642    52.1904    % 
UB: 62.76417322834645
branching on CartesianIndex(1, 4) with c.
599    343    18         41.2406    62.7642    52.1904    % 
LB close or above UB, fathomed
600    342    17         41.2406    62.7642    52.1904    % 
UB: 62.76417322834645
branching on CartesianIndex(2, 3) with a.
601    343    18         41.2406    62.7642    52.1904    % 
UB: 62.76417322834645
branching on 3 with b.
602    344    19         41.2406    62.7642    52.1904    % 
LB close or above UB, fathomed
603    343    19         41.2406    62.7642    52.1904    % 
UB: 62.76417322834645
branching on CartesianIndex(3, 3) with a.
604    344    20         41.2406    62.7642    52.1904    % 
UB: 62.76417322834645
branching on CartesianIndex(4, 3) with a.
605    345    20         41.2406    62.7642    52.1904    % 
UB: 62.76417322834645
branching on CartesianIndex(1, 4) with c.
606    346    18         41.2406    62.7642    52.1904    % 
LB close or above UB, fathomed
607    345    25         41.2406    62.7642    52.1904    % 
LB close or above UB, fathomed
608    344    25         41.2406    62.7642    52.1904    % 
UB: 62.76417322834645
branching on 3 with b.
609    345    26         41.2406    62.7642    52.1904    % 
UB: 62.76417322834645
branching on 1 with b.
610    346    27         41.2406    62.7642    52.1904    % 
UB: 62.76417322834645
branching on 2 with b.
611    347    27         41.2406    62.7642    52.1904    % 
UB: 62.76417322834645
branching on 2 with b.
612    348    26         41.2406    62.7642    52.1904    % 
LB close or above UB, fathomed
613    347    16         41.2406    62.7642    52.1904    % 
UB: 62.76417322834645
branching on CartesianIndex(2, 3) with a.
614    348    17         41.2406    62.7642    52.1904    % 
UB: 62.76417322834645
branching on CartesianIndex(3, 3) with a.
615    349    18         41.2406    62.7642    52.1904    % 
UB: 62.76417322834645
branching on 3 with b.
616    350    18         41.2406    62.7642    52.1904    % 
UB: 62.76417322834645
branching on CartesianIndex(1, 4) with c.
617    351    17         41.2406    62.7642    52.1904    % 
LB close or above UB, fathomed
618    350    16         41.2406    62.7642    52.1904    % 
LB close or above UB, fathomed
619    349    22         41.2406    62.7642    52.1904    % 
UB: 62.76417322834645
branching on 2 with b.
620    350    23         41.2406    62.7642    52.1904    % 
LB close or above UB, fathomed
621    349    23         41.2406    62.7642    52.1904    % 
UB: 62.76417322834645
branching on 3 with b.
622    350    24         41.2406    62.7642    52.1904    % 
LB close or above UB, fathomed
623    349    24         41.2406    62.7642    52.1904    % 
UB: 62.76417322834645
branching on 1 with b.
624    350    25         41.2406    62.7642    52.1904    % 
UB: 62.76417322834645
branching on 2 with b.
625    351    25         41.2406    62.7642    52.1904    % 
UB: 62.76417322834645
branching on 2 with b.
626    352    22         41.2406    62.7642    52.1904    % 
LB close or above UB, fathomed
627    351    32         41.2406    62.7642    52.1904    % 
UB: 62.76417322834645
branching on 1 with b.
628    352    32         41.2406    62.7642    52.1904    % 
UB: 62.76417322834645
branching on 1 with b.
629    353    18         41.2406    62.7642    52.1904    % 
UB: 62.76417322834645
branching on 2 with b.
630    354    18         41.2406    62.7642    52.1904    % 
UB: 62.76417322834645
branching on CartesianIndex(1, 4) with c.
631    355    13         41.2406    62.7642    52.1904    % 
UB: 62.76417322834645
branching on 3 with b.
632    356    14         41.2406    62.7642    52.1904    % 
UB: 62.76417322834645
branching on CartesianIndex(2, 3) with a.
633    357    15         41.2406    62.7642    52.1904    % 
LB close or above UB, fathomed
634    356    15         41.2406    62.7642    52.1904    % 
UB: 62.76417322834645
branching on 1 with b.
635    357    14         41.2406    62.7642    52.1904    % 
LB close or above UB, fathomed
636    356    13         41.2406    62.7642    52.1904    % 
LB close or above UB, fathomed
637    355    17         41.2406    62.7642    52.1904    % 
UB: 62.76417322834645
branching on CartesianIndex(3, 3) with a.
638    356    17         41.2406    62.7642    52.1904    % 
UB: 62.76417322834645
branching on CartesianIndex(1, 4) with c.
639    357    18         41.2406    62.7642    52.1904    % 
UB: 62.76417322834645
branching on CartesianIndex(1, 5) with c.
640    358    19         41.2406    62.7642    52.1904    % 
LB close or above UB, fathomed
641    357    19         41.2406    62.7642    52.1904    % 
UB: 62.76417322834645
branching on CartesianIndex(1, 6) with c.
642    358    20         41.2406    62.7642    52.1904    % 
LB close or above UB, fathomed
643    357    20         41.2406    62.7642    52.1904    % 
UB: 62.76417322834645
branching on 1 with b.
644    358    21         41.2406    62.7642    52.1904    % 
UB: 62.76417322834645
branching on CartesianIndex(1, 7) with c.
645    359    21         41.2406    62.7642    52.1904    % 
UB: 62.76417322834645
branching on 2 with b.
646    360    18         41.2406    62.7642    52.1904    % 
UB: 62.76417322834645
branching on 1 with b.
647    361    32         41.2406    62.7642    52.1904    % 
UB: 62.76417322834645
branching on 1 with b.
648    362    32         41.2406    62.7642    52.1904    % 
UB: 62.76417322834645
branching on 1 with b.
649    363    16         41.2406    62.7642    52.1904    % 
UB: 62.76417322834645
branching on 1 with b.
650    364    16         41.2406    62.7642    52.1904    % 
UB: 62.76417322834645
branching on CartesianIndex(1, 6) with c.
651    365    11         41.2406    62.7642    52.1904    % 
UB: 62.76417322834645
branching on 1 with b.
652    366    11         41.2406    62.7642    52.1904    % 
LB close or above UB, fathomed
653    365    19         41.2406    62.7642    52.1904    % 
LB close or above UB, fathomed
654    364    19         41.2406    62.7642    52.1904    % 
UB: 62.76417322834645
branching on CartesianIndex(1, 4) with c.
655    365    20         41.2406    62.7642    52.1904    % 
LB close or above UB, fathomed
656    364    20         41.2406    62.7642    52.1904    % 
UB: 62.76417322834645
branching on 1 with b.
657    365    21         41.2406    62.7642    52.1904    % 
UB: 62.76417322834645
branching on CartesianIndex(1, 5) with c.
658    366    21         41.2406    62.7642    52.1904    % 
UB: 62.76417322834645
branching on 2 with b.
659    367    28         41.2406    62.7642    52.1904    % 
UB: 62.76417322834645
branching on 3 with b.
660    368    29         41.2406    62.7642    52.1904    % 
UB: 62.76417322834645
branching on 1 with b.
661    369    30         41.2406    62.7642    52.1904    % 
UB: 62.76417322834645
branching on 2 with b.
662    370    30         41.2406    62.7642    52.1904    % 
UB: 62.76417322834645
branching on 2 with b.
663    371    29         41.2406    62.7642    52.1904    % 
UB: 62.76417322834645
branching on 1 with b.
664    372    28         41.2406    62.7642    52.1904    % 
LB close or above UB, fathomed
665    371    29         41.2406    62.7642    52.1904    % 
UB: 62.76417322834645
branching on 3 with b.
666    372    29         41.2406    62.7642    52.1904    % 
LB close or above UB, fathomed
667    371    16         41.2406    62.7642    52.1904    % 
LB close or above UB, fathomed
668    370    16         41.2406    62.7642    52.1904    % 
UB: 62.76417322834645
branching on CartesianIndex(1, 3) with a.
669    371    17         41.2406    62.7642    52.1904    % 
UB: 62.76417322834645
branching on CartesianIndex(2, 3) with a.
670    372    18         41.2406    62.7642    52.1904    % 
UB: 62.76417322834645
branching on CartesianIndex(3, 3) with a.
671    373    19         41.2406    62.7642    52.1904    % 
UB: 62.76417322834645
branching on CartesianIndex(4, 3) with a.
672    374    19         41.2406    62.7642    52.1904    % 
UB: 62.76417322834645
branching on CartesianIndex(1, 4) with c.
673    375    18         41.2406    62.7642    52.1904    % 
LB close or above UB, fathomed
674    374    17         41.2406    62.7642    52.1904    % 
LB close or above UB, fathomed
675    373    17         41.2406    62.7642    52.1904    % 
UB: 62.76417322834645
branching on 3 with b.
676    374    18         41.2406    62.7642    52.1904    % 
LB close or above UB, fathomed
677    373    18         41.2406    62.7642    52.1904    % 
UB: 62.76417322834645
branching on CartesianIndex(2, 3) with a.
678    374    19         41.2406    62.7642    52.1904    % 
UB: 62.76417322834645
branching on 1 with b.
679    375    20         41.2406    62.7642    52.1904    % 
UB: 62.76417322834645
branching on CartesianIndex(3, 3) with a.
680    376    20         41.2406    62.7642    52.1904    % 
UB: 62.76417322834645
branching on CartesianIndex(3, 3) with a.
681    377    21         41.2406    62.7642    52.1904    % 
UB: 62.76417322834645
branching on CartesianIndex(4, 3) with a.
682    378    21         41.2406    62.7642    52.1904    % 
UB: 62.76417322834645
branching on CartesianIndex(1, 4) with c.
683    379    19         41.2406    62.7642    52.1904    % 
LB close or above UB, fathomed
684    378    17         41.2406    62.7642    52.1904    % 
LB close or above UB, fathomed
685    377    26         41.2406    62.7642    52.1904    % 
UB: 62.76417322834645
branching on 1 with b.
686    378    27         41.2406    62.7642    52.1904    % 
UB: 62.76417322834645
branching on 2 with b.
687    379    27         41.2406    62.7642    52.1904    % 
UB: 62.76417322834645
branching on 2 with b.
688    380    26         41.2406    62.7642    52.1904    % 
LB close or above UB, fathomed
689    379    24         41.2406    62.7642    52.1904    % 
UB: 62.76417322834645
branching on 1 with b.
690    380    25         41.2406    62.7642    52.1904    % 
UB: 62.76417322834645
branching on 2 with b.
691    381    26         41.2406    62.7642    52.1904    % 
LB close or above UB, fathomed
692    380    26         41.2406    62.7642    52.1904    % 
UB: 62.76417322834645
branching on 3 with b.
693    381    27         41.2406    62.7642    52.1904    % 
UB: 62.76417322834645
branching on 1 with b.
694    382    28         41.2406    62.7642    52.1904    % 
UB: 62.76417322834645
branching on 2 with b.
695    383    28         41.2406    62.7642    52.1904    % 
UB: 62.76417322834645
branching on 2 with b.
696    384    27         41.2406    62.7642    52.1904    % 
LB close or above UB, fathomed
697    383    25         41.2406    62.7642    52.1904    % 
UB: 62.76417322834645
branching on 2 with b.
698    384    24         41.2406    62.7642    52.1904    % 
LB close or above UB, fathomed
699    383    12         41.2406    62.7642    52.1904    % 
UB: 62.76417322834645
branching on CartesianIndex(4, 2) with a.
700    384    12         41.2406    62.7642    52.1904    % 
UB: 62.76417322834645
branching on CartesianIndex(1, 3) with a.
701    385    16         41.2406    62.7642    52.1904    % 
UB: 62.76417322834645
branching on CartesianIndex(1, 6) with c.
702    386    17         41.2406    62.7642    52.1904    % 
LB close or above UB, fathomed
703    385    17         41.2406    62.7642    52.1904    % 
UB: 62.76417322834645
branching on 1 with b.
704    386    18         41.2406    62.7642    52.1904    % 
LB close or above UB, fathomed
705    385    18         41.2406    62.7642    52.1904    % 
UB: 62.76417322834645
branching on CartesianIndex(1, 7) with c.
706    386    16         41.2406    62.7642    52.1904    % 
LB close or above UB, fathomed
707    385    20         41.2406    62.7642    52.1904    % 
LB close or above UB, fathomed
708    384    20         41.2406    62.7642    52.1904    % 
UB: 62.76417322834645
branching on 2 with b.
709    385    21         41.2406    62.7642    52.1904    % 
UB: 62.76417322834645
branching on CartesianIndex(1, 5) with c.
710    386    21         41.2406    62.7642    52.1904    % 
UB: 62.76417322834645
branching on CartesianIndex(1, 5) with c.
711    387    14         41.2406    62.7642    52.1904    % 
UB: 62.76417322834645
branching on 3 with b.
712    388    14         41.2406    62.7642    52.1904    % 
UB: 62.76417322834645
branching on 3 with b.
713    389    19         41.2406    62.7642    52.1904    % 
LB close or above UB, fathomed
714    388    19         41.2406    62.7642    52.1904    % 
UB: 62.76417322834645
branching on CartesianIndex(1, 5) with c.
715    389    20         41.2406    62.7642    52.1904    % 
UB: 62.76417322834645
branching on CartesianIndex(1, 6) with c.
716    390    21         41.2406    62.7642    52.1904    % 
LB close or above UB, fathomed
717    389    21         41.2406    62.7642    52.1904    % 
UB: 62.76417322834645
branching on 1 with b.
718    390    22         41.2406    62.7642    52.1904    % 
UB: 62.76417322834645
branching on CartesianIndex(1, 7) with c.
719    391    22         41.2406    62.7642    52.1904    % 
UB: 62.76417322834645
branching on CartesianIndex(1, 7) with c.
720    392    20         41.2406    62.7642    52.1904    % 
UB: 62.76417322834645
branching on CartesianIndex(1, 6) with c.
721    393    17         41.2406    62.7642    52.1904    % 
UB: 62.76417322834645
branching on CartesianIndex(2, 3) with a.
722    394    18         41.2406    62.7642    52.1904    % 
UB: 62.76417322834645
branching on CartesianIndex(3, 3) with a.
723    395    19         41.2406    62.7642    52.1904    % 
UB: 62.76417322834645
branching on 3 with b.
724    396    19         41.2406    62.7642    52.1904    % 
UB: 62.76417322834645
branching on CartesianIndex(1, 4) with c.
725    397    18         41.2406    62.7642    52.1904    % 
LB close or above UB, fathomed
726    396    17         41.2406    62.7642    52.1904    % 
LB close or above UB, fathomed
727    395    18         42.2189    62.7642    48.6637    % 
LB close or above UB, fathomed
728    394    18         42.2189    62.7642    48.6637    % 
UB: 62.76417322834645
branching on 3 with b.
729    395    11         42.3612    62.7642    48.1644    % 
UB: 62.76417322834645
branching on 1 with b.
730    396    11         42.3612    62.7642    48.1644    % 
LB close or above UB, fathomed
731    395    13         42.7081    62.7642    46.9609    % 
LB close or above UB, fathomed
732    394    13         42.7081    62.7642    46.9609    % 
UB: 62.76417322834645
branching on CartesianIndex(1, 3) with a.
733    395    7          43.1440    62.7642    45.4761    % 
UB: 62.76417322834645
branching on CartesianIndex(1, 1) with a.
734    396    7          43.1440    62.7642    45.4761    % 
LB close or above UB, fathomed
735    395    17         43.1879    62.7642    45.3281    % 
UB: 62.76417322834645
branching on CartesianIndex(2, 3) with a.
736    396    18         43.1879    62.7642    45.3281    % 
UB: 62.76417322834645
branching on CartesianIndex(3, 3) with a.
737    397    19         43.1879    62.7642    45.3281    % 
UB: 62.76417322834645
branching on CartesianIndex(4, 3) with a.
738    398    19         43.1879    62.7642    45.3281    % 
UB: 62.76417322834645
branching on CartesianIndex(1, 4) with c.
739    399    18         43.1879    62.7642    45.3281    % 
LB close or above UB, fathomed
740    398    17         43.1879    62.7642    45.3281    % 
LB close or above UB, fathomed
741    397    23         43.1889    62.7642    45.3248    % 
UB: 62.76417322834645
branching on CartesianIndex(4, 3) with a.
742    398    23         43.1889    62.7642    45.3248    % 
UB: 62.76417322834645
branching on CartesianIndex(1, 4) with c.
743    399    19         43.1972    62.7642    45.2967    % 
LB close or above UB, fathomed
744    398    19         43.1972    62.7642    45.2967    % 
UB: 62.76417322834645
branching on CartesianIndex(1, 5) with c.
745    399    20         43.1972    62.7642    45.2967    % 
UB: 62.76417322834645
branching on 3 with b.
746    400    21         43.1972    62.7642    45.2967    % 
UB: 62.76417322834645
branching on CartesianIndex(1, 6) with c.
747    401    22         43.1972    62.7642    45.2967    % 
LB close or above UB, fathomed
748    400    22         43.1972    62.7642    45.2967    % 
UB: 62.76417322834645
branching on CartesianIndex(1, 7) with c.
749    401    23         43.1972    62.7642    45.2967    % 
UB: 62.76417322834645
branching on 1 with b.
750    402    24         43.1972    62.7642    45.2967    % 
UB: 62.76417322834645
branching on 2 with b.
751    403    24         43.1972    62.7642    45.2967    % 
UB: 62.76417322834645
branching on 2 with b.
752    404    23         43.1972    62.7642    45.2967    % 
LB close or above UB, fathomed
753    403    21         43.1972    62.7642    45.2967    % 
LB close or above UB, fathomed
754    402    20         43.1972    62.7642    45.2967    % 
LB close or above UB, fathomed
755    401    18         43.1972    62.7642    45.2967    % 
LB close or above UB, fathomed
756    400    18         43.1972    62.7642    45.2967    % 
UB: 62.76417322834645
branching on CartesianIndex(1, 4) with c.
757    401    19         43.1972    62.7642    45.2967    % 
LB close or above UB, fathomed
758    400    19         43.1972    62.7642    45.2967    % 
UB: 62.76417322834645
branching on 3 with b.
759    401    20         43.1972    62.7642    45.2967    % 
LB close or above UB, fathomed
760    400    20         43.1972    62.7642    45.2967    % 
UB: 62.76417322834645
branching on CartesianIndex(1, 5) with c.
761    401    21         43.1972    62.7642    45.2967    % 
UB: 62.76417322834645
branching on CartesianIndex(1, 6) with c.
762    402    22         43.1972    62.7642    45.2967    % 
LB close or above UB, fathomed
763    401    22         43.1972    62.7642    45.2967    % 
UB: 62.76417322834645
branching on CartesianIndex(1, 7) with c.
764    402    23         43.1972    62.7642    45.2967    % 
UB: 62.76417322834645
branching on 1 with b.
765    403    24         43.1972    62.7642    45.2967    % 
UB: 62.76417322834645
branching on 2 with b.
766    404    24         43.1972    62.7642    45.2967    % 
UB: 62.76417322834645
branching on 2 with b.
767    405    23         43.1972    62.7642    45.2967    % 
LB close or above UB, fathomed
768    404    21         43.1972    62.7642    45.2967    % 
LB close or above UB, fathomed
769    403    21         43.1972    62.7642    45.2967    % 
LB close or above UB, fathomed
770    402    21         43.1972    62.7642    45.2967    % 
UB: 62.76417322834645
branching on 3 with b.
771    403    22         43.1972    62.7642    45.2967    % 
UB: 62.76417322834645
branching on CartesianIndex(1, 4) with c.
772    404    23         43.1972    62.7642    45.2967    % 
LB close or above UB, fathomed
773    403    23         43.1972    62.7642    45.2967    % 
UB: 62.76417322834645
branching on CartesianIndex(1, 5) with c.
774    404    24         43.1972    62.7642    45.2967    % 
UB: 62.76417322834645
branching on 1 with b.
775    405    25         43.1972    62.7642    45.2967    % 
UB: 62.76417322834645
branching on 2 with b.
776    406    25         43.1972    62.7642    45.2967    % 
UB: 62.76417322834645
branching on CartesianIndex(1, 6) with c.
777    407    26         43.1972    62.7642    45.2967    % 
LB close or above UB, fathomed
778    406    26         43.1972    62.7642    45.2967    % 
UB: 62.76417322834645
branching on CartesianIndex(1, 7) with c.
779    407    27         43.1972    62.7642    45.2967    % 
UB: 62.76417322834645
branching on 2 with b.
780    408    28         43.1972    62.7642    45.2967    % 
UB: 62.76417322834645
branching on 3 with b.
781    409    29         43.1972    62.7642    45.2967    % 
UB: 62.76417322834645
branching on 1 with b.
782    410    30         43.1972    62.7642    45.2967    % 
UB: 62.76417322834645
branching on 2 with b.
783    411    30         43.1972    62.7642    45.2967    % 
UB: 62.76417322834645
branching on 2 with b.
784    412    29         43.1972    62.7642    45.2967    % 
LB close or above UB, fathomed
785    411    28         43.1972    62.7642    45.2967    % 
LB close or above UB, fathomed
786    410    27         43.1972    62.7642    45.2967    % 
LB close or above UB, fathomed
787    409    24         43.1972    62.7642    45.2967    % 
LB close or above UB, fathomed
788    408    22         43.1972    62.7642    45.2967    % 
LB close or above UB, fathomed
789    407    25         43.1972    62.7642    45.2967    % 
UB: 62.76417322834645
branching on 3 with b.
790    408    25         43.1972    62.7642    45.2967    % 
UB: 62.76417322834645
branching on 3 with b.
791    409    22         43.1972    62.7642    45.2967    % 
UB: 62.76417322834645
branching on CartesianIndex(1, 6) with c.
792    410    23         43.1972    62.7642    45.2967    % 
LB close or above UB, fathomed
793    409    23         43.1972    62.7642    45.2967    % 
UB: 62.76417322834645
branching on 3 with b.
794    410    24         43.1972    62.7642    45.2967    % 
UB: 62.76417322834645
branching on 1 with b.
795    411    25         43.1972    62.7642    45.2967    % 
UB: 62.76417322834645
branching on CartesianIndex(1, 7) with c.
796    412    25         43.1972    62.7642    45.2967    % 
UB: 62.76417322834645
branching on 2 with b.
797    413    24         43.1972    62.7642    45.2967    % 
LB close or above UB, fathomed
798    412    22         43.1972    62.7642    45.2967    % 
LB close or above UB, fathomed
799    411    30         43.1972    62.7642    45.2967    % 
UB: 62.76417322834645
branching on 1 with b.
800    412    30         43.1972    62.7642    45.2967    % 
LB close or above UB, fathomed
801    411    31         43.1972    62.7642    45.2967    % 
UB: 62.76417322834645
branching on 3 with b.
802    412    31         43.1972    62.7642    45.2967    % 
LB close or above UB, fathomed
803    411    22         43.1972    62.7642    45.2967    % 
LB close or above UB, fathomed
804    410    22         43.1972    62.7642    45.2967    % 
UB: 62.76417322834645
branching on 3 with b.
805    411    23         43.1972    62.7642    45.2967    % 
LB close or above UB, fathomed
806    410    23         43.1972    62.7642    45.2967    % 
UB: 62.76417322834645
branching on CartesianIndex(1, 5) with c.
807    411    24         43.1972    62.7642    45.2967    % 
UB: 62.76417322834645
branching on CartesianIndex(1, 6) with c.
808    412    25         43.1972    62.7642    45.2967    % 
LB close or above UB, fathomed
809    411    25         43.1972    62.7642    45.2967    % 
UB: 62.76417322834645
branching on CartesianIndex(1, 7) with c.
810    412    26         43.1972    62.7642    45.2967    % 
UB: 62.76417322834645
branching on 1 with b.
811    413    27         43.1972    62.7642    45.2967    % 
UB: 62.76417322834645
branching on 2 with b.
812    414    27         43.1972    62.7642    45.2967    % 
UB: 62.76417322834645
branching on 2 with b.
813    415    26         43.1972    62.7642    45.2967    % 
LB close or above UB, fathomed
814    414    24         43.1972    62.7642    45.2967    % 
LB close or above UB, fathomed
815    413    12         43.1972    62.7642    45.2967    % 
UB: 62.76417322834645
branching on 2 with b.
816    414    13         43.1972    62.7642    45.2967    % 
UB: 62.76417322834645
branching on CartesianIndex(3, 2) with a.
817    415    13         43.1972    62.7642    45.2967    % 
LB close or above UB, fathomed
818    414    12         43.1972    62.7642    45.2967    % 
LB close or above UB, fathomed
819    413    33         43.1972    62.7642    45.2967    % 
UB: 62.76417322834645
branching on 2 with b.
820    414    34         43.1972    62.7642    45.2967    % 
UB: 62.76417322834645
branching on 3 with b.
821    415    34         43.1972    62.7642    45.2967    % 
UB: 62.76417322834645
branching on 3 with b.
822    416    33         43.1972    62.7642    45.2967    % 
UB: 62.76417322834645
branching on 2 with b.
823    417    28         43.1972    62.7642    45.2967    % 
LB close or above UB, fathomed
824    416    28         43.1972    62.7642    45.2967    % 
UB: 62.76417322834645
branching on 3 with b.
825    417    29         43.1972    62.7642    45.2967    % 
UB: 62.76417322834645
branching on 1 with b.
826    418    29         43.1972    62.7642    45.2967    % 
UB: 62.76417322834645
branching on 1 with b.
827    419    17         43.1972    62.7642    45.2967    % 
UB: 62.76417322834645
branching on CartesianIndex(1, 6) with c.
828    420    17         43.1972    62.7642    45.2967    % 
UB: 62.76417322834645
branching on CartesianIndex(1, 6) with c.
829    421    25         43.1972    62.7642    45.2967    % 
LB close or above UB, fathomed
830    420    25         43.1972    62.7642    45.2967    % 
UB: 62.76417322834645
branching on 3 with b.
831    421    26         43.1972    62.7642    45.2967    % 
UB: 62.76417322834645
branching on 1 with b.
832    422    27         43.1972    62.7642    45.2967    % 
UB: 62.76417322834645
branching on 2 with b.
833    423    27         43.1972    62.7642    45.2967    % 
UB: 62.76417322834645
branching on 2 with b.
834    424    28         43.1972    62.7642    45.2967    % 
UB: 62.76417322834645
branching on 3 with b.
835    425    28         43.1972    62.7642    45.2967    % 
UB: 62.76417322834645
branching on 3 with b.
836    426    29         43.1972    62.7642    45.2967    % 
UB: 62.76417322834645
branching on 1 with b.
837    427    29         43.1972    62.7642    45.2967    % 
LB close or above UB, fathomed
838    426    26         43.1972    62.7642    45.2967    % 
LB close or above UB, fathomed
839    425    13         43.1972    62.7642    45.2967    % 
UB: 62.76417322834645
branching on 1 with b.
840    426    14         43.1972    62.7642    45.2967    % 
UB: 62.76417322834645
branching on CartesianIndex(2, 3) with a.
841    427    14         43.1972    62.7642    45.2967    % 
UB: 62.76417322834645
branching on CartesianIndex(2, 3) with a.
842    428    13         43.1972    62.7642    45.2967    % 
LB close or above UB, fathomed
843    427    19         43.1972    62.7642    45.2967    % 
UB: 62.76417322834645
branching on CartesianIndex(1, 7) with c.
844    428    19         43.1972    62.7642    45.2967    % 
UB: 62.76417322834645
branching on CartesianIndex(1, 7) with c.
845    429    22         43.1972    62.7642    45.2967    % 
LB close or above UB, fathomed
846    428    22         43.1972    62.7642    45.2967    % 
UB: 62.76417322834645
branching on 3 with b.
847    429    23         43.1972    62.7642    45.2967    % 
LB close or above UB, fathomed
848    428    23         43.1972    62.7642    45.2967    % 
UB: 62.76417322834645
branching on 1 with b.
849    429    24         43.1972    62.7642    45.2967    % 
UB: 62.76417322834645
branching on 2 with b.
850    430    24         43.1972    62.7642    45.2967    % 
UB: 62.76417322834645
branching on 2 with b.
851    431    15         43.1972    62.7642    45.2967    % 
LB close or above UB, fathomed
852    430    15         43.1972    62.7642    45.2967    % 
UB: 62.76417322834645
branching on 1 with b.
853    431    24         43.1972    62.7642    45.2967    % 
LB close or above UB, fathomed
854    430    24         43.1972    62.7642    45.2967    % 
UB: 62.76417322834645
branching on 1 with b.
855    431    25         43.1972    62.7642    45.2967    % 
UB: 62.76417322834645
branching on 2 with b.
856    432    25         43.1972    62.7642    45.2967    % 
UB: 62.76417322834645
branching on 2 with b.
857    433    24         43.1972    62.7642    45.2967    % 
LB close or above UB, fathomed
858    432    24         43.1972    62.7642    45.2967    % 
UB: 62.76417322834645
branching on 1 with b.
859    433    25         43.1972    62.7642    45.2967    % 
UB: 62.76417322834645
branching on 2 with b.
860    434    26         43.1972    62.7642    45.2967    % 
UB: 62.76417322834645
branching on 3 with b.
861    435    27         43.1972    62.7642    45.2967    % 
LB close or above UB, fathomed
862    434    27         43.1972    62.7642    45.2967    % 
UB: 62.76417322834645
branching on 1 with b.
863    435    28         43.1972    62.7642    45.2967    % 
UB: 60.80748031496063
branching on 2 with b.
864    436    28         43.1972    60.8075    40.7670    % 
UB: 60.80748031496063
branching on 2 with b.
865    409    26         43.1972    60.8075    40.7670    % 
LB close or above UB, fathomed
866    408    25         43.1972    60.8075    40.7670    % 
UB: 60.80748031496063
branching on 2 with b.
867    409    29         43.1972    60.8075    40.7670    % 
UB: 60.80748031496063
branching on 3 with b.
868    410    30         43.1972    60.8075    40.7670    % 
UB: 60.80748031496063
branching on 1 with b.
869    411    31         43.1972    60.8075    40.7670    % 
UB: 60.80748031496063
branching on 2 with b.
870    412    31         43.1972    60.8075    40.7670    % 
UB: 60.80748031496063
branching on 2 with b.
871    413    30         43.1972    60.8075    40.7670    % 
LB close or above UB, fathomed
872    412    29         43.1972    60.8075    40.7670    % 
LB close or above UB, fathomed
873    411    25         43.1972    60.8075    40.7670    % 
UB: 60.80748031496063
branching on 3 with b.
874    412    25         43.1972    60.8075    40.7670    % 
UB: 60.80748031496063
branching on 3 with b.
875    413    18         43.1972    60.8075    40.7670    % 
LB close or above UB, fathomed
876    412    18         43.1972    60.8075    40.7670    % 
UB: 60.80748031496063
branching on CartesianIndex(1, 4) with c.
877    413    19         43.1972    60.8075    40.7670    % 
LB close or above UB, fathomed
878    412    19         43.1972    60.8075    40.7670    % 
UB: 60.80748031496063
branching on CartesianIndex(1, 5) with c.
879    413    20         43.1972    60.8075    40.7670    % 
UB: 60.80748031496063
branching on CartesianIndex(1, 6) with c.
880    414    21         43.1972    60.8075    40.7670    % 
LB close or above UB, fathomed
881    413    21         43.1972    60.8075    40.7670    % 
UB: 60.80748031496063
branching on CartesianIndex(1, 7) with c.
882    414    22         43.1972    60.8075    40.7670    % 
UB: 60.80748031496063
branching on 1 with b.
883    415    23         43.1972    60.8075    40.7670    % 
UB: 60.80748031496063
branching on 2 with b.
884    416    23         43.1972    60.8075    40.7670    % 
UB: 60.80748031496063
branching on 2 with b.
885    417    22         43.1972    60.8075    40.7670    % 
LB close or above UB, fathomed
886    416    20         43.1972    60.8075    40.7670    % 
UB: 60.80748031496063
branching on CartesianIndex(1, 6) with c.
887    417    16         43.1972    60.8075    40.7670    % 
UB: 60.80748031496063
branching on 2 with b.
888    418    16         43.1972    60.8075    40.7670    % 
UB: 60.80748031496063
branching on 2 with b.
889    419    9          43.1972    60.8075    40.7670    % 
UB: 60.80748031496063
branching on CartesianIndex(1, 3) with a.
890    420    10         43.1972    60.8075    40.7670    % 
UB: 60.80748031496063
branching on CartesianIndex(2, 3) with a.
891    421    11         43.1972    60.8075    40.7670    % 
UB: 60.80748031496063
branching on 1 with b.
892    422    11         43.1972    60.8075    40.7670    % 
UB: 60.80748031496063
branching on 1 with b.
893    423    12         43.1972    60.8075    40.7670    % 
LB close or above UB, fathomed
894    422    12         43.1972    60.8075    40.7670    % 
UB: 60.80748031496063
branching on CartesianIndex(1, 4) with c.
895    423    13         43.1972    60.8075    40.7670    % 
UB: 60.80748031496063
branching on CartesianIndex(1, 5) with c.
896    424    14         43.1972    60.8075    40.7670    % 
LB close or above UB, fathomed
897    423    14         43.1972    60.8075    40.7670    % 
UB: 60.80748031496063
branching on 2 with b.
898    424    13         43.1972    60.8075    40.7670    % 
UB: 60.80748031496063
branching on 2 with b.
899    425    14         43.1972    60.8075    40.7670    % 
UB: 60.80748031496063
branching on 3 with b.
900    426    15         43.1972    60.8075    40.7670    % 
UB: 60.80748031496063
branching on CartesianIndex(1, 5) with c.
901    427    15         43.1972    60.8075    40.7670    % 
LB close or above UB, fathomed
902    426    14         43.1972    60.8075    40.7670    % 
UB: 60.80748031496063
branching on CartesianIndex(1, 5) with c.
903    427    10         43.1972    60.8075    40.7670    % 
LB close or above UB, fathomed
904    426    9          43.1972    60.8075    40.7670    % 
LB close or above UB, fathomed
905    425    10         43.1972    60.8075    40.7670    % 
UB: 60.80748031496063
branching on 2 with b.
906    426    11         43.1972    60.8075    40.7670    % 
UB: 60.80748031496063
branching on CartesianIndex(2, 2) with a.
907    427    12         43.1972    60.8075    40.7670    % 
UB: 60.80748031496063
branching on CartesianIndex(3, 2) with a.
908    428    12         43.1972    60.8075    40.7670    % 
LB close or above UB, fathomed
909    427    11         43.1972    60.8075    40.7670    % 
UB: 60.80748031496063
branching on CartesianIndex(2, 2) with a.
910    428    10         43.1972    60.8075    40.7670    % 
LB close or above UB, fathomed
911    427    16         43.1972    60.8075    40.7670    % 
UB: 60.80748031496063
branching on CartesianIndex(1, 6) with c.
912    428    17         43.1972    60.8075    40.7670    % 
LB close or above UB, fathomed
913    427    17         43.1972    60.8075    40.7670    % 
UB: 60.80748031496063
branching on CartesianIndex(1, 7) with c.
914    428    18         43.1972    60.8075    40.7670    % 
UB: 60.80748031496063
branching on 1 with b.
915    429    19         43.1972    60.8075    40.7670    % 
UB: 60.80748031496063
branching on 2 with b.
916    430    19         43.1972    60.8075    40.7670    % 
UB: 60.80748031496063
branching on 2 with b.
917    431    18         43.1972    60.8075    40.7670    % 
LB close or above UB, fathomed
918    430    16         43.1972    60.8075    40.7670    % 
UB: 60.80748031496063
branching on 1 with b.
919    431    32         43.1972    60.8075    40.7670    % 
UB: 60.80748031496063
branching on 1 with b.
920    432    32         43.1972    60.8075    40.7670    % 
UB: 60.80748031496063
branching on 1 with b.
921    433    13         43.1972    60.8075    40.7670    % 
UB: 60.80748031496063
branching on CartesianIndex(2, 3) with a.
922    434    14         43.1972    60.8075    40.7670    % 
UB: 60.80748031496063
branching on CartesianIndex(3, 3) with a.
923    435    14         43.1972    60.8075    40.7670    % 
UB: 60.80748031496063
branching on CartesianIndex(1, 4) with c.
924    436    13         43.1972    60.8075    40.7670    % 
UB: 60.80748031496063
branching on CartesianIndex(1, 4) with c.
925    437    33         43.1972    60.8075    40.7670    % 
UB: 60.80748031496063
branching on 2 with b.
926    438    33         43.1972    60.8075    40.7670    % 
UB: 60.80748031496063
branching on 2 with b.
927    439    16         43.1972    60.8075    40.7670    % 
UB: 60.80748031496063
branching on CartesianIndex(1, 4) with c.
928    440    16         43.1972    60.8075    40.7670    % 
UB: 60.80748031496063
branching on CartesianIndex(1, 4) with c.
929    441    26         43.1972    60.8075    40.7670    % 
UB: 60.80748031496063
branching on 3 with b.
930    442    26         43.1972    60.8075    40.7670    % 
UB: 60.80748031496063
branching on 3 with b.
931    443    23         43.1972    60.8075    40.7670    % 
LB close or above UB, fathomed
932    442    23         43.1972    60.8075    40.7670    % 
UB: 60.80748031496063
branching on 3 with b.
933    443    24         43.1972    60.8075    40.7670    % 
LB close or above UB, fathomed
934    442    24         43.1972    60.8075    40.7670    % 
UB: 60.80748031496063
branching on 1 with b.
935    443    25         43.1972    60.8075    40.7670    % 
UB: 60.80748031496063
branching on 2 with b.
936    444    25         43.1972    60.8075    40.7670    % 
UB: 60.80748031496063
branching on 2 with b.
937    445    21         43.1972    60.8075    40.7670    % 
LB close or above UB, fathomed
938    444    21         43.1972    60.8075    40.7670    % 
UB: 60.80748031496063
branching on 2 with b.
939    445    22         43.1972    60.8075    40.7670    % 
UB: 60.80748031496063
branching on 3 with b.
940    446    22         43.1972    60.8075    40.7670    % 
UB: 60.80748031496063
branching on 3 with b.
941    447    17         43.1972    60.8075    40.7670    % 
LB close or above UB, fathomed
942    446    17         43.1972    60.8075    40.7670    % 
UB: 60.80748031496063
branching on CartesianIndex(1, 5) with c.
943    447    18         43.1972    60.8075    40.7670    % 
UB: 60.80748031496063
branching on 1 with b.
944    448    19         43.1972    60.8075    40.7670    % 
UB: 60.80748031496063
branching on CartesianIndex(1, 6) with c.
945    449    19         43.1972    60.8075    40.7670    % 
LB close or above UB, fathomed
946    448    18         43.1972    60.8075    40.7670    % 
LB close or above UB, fathomed
947    447    23         43.1972    60.8075    40.7670    % 
UB: 60.80748031496063
branching on 2 with b.
948    448    24         43.1972    60.8075    40.7670    % 
UB: 60.80748031496063
branching on 3 with b.
949    449    24         43.1972    60.8075    40.7670    % 
UB: 60.80748031496063
branching on 3 with b.
950    450    23         43.1972    60.8075    40.7670    % 
LB close or above UB, fathomed
951    449    12         43.2167    60.8075    40.7036    % 
UB: 60.80748031496063
branching on CartesianIndex(3, 2) with a.
952    450    12         43.2167    60.8075    40.7036    % 
UB: 60.80748031496063
branching on CartesianIndex(3, 2) with a.
953    451    12         45.1005    60.8075    34.8265    % 
UB: 60.80748031496063
branching on CartesianIndex(2, 3) with a.
954    452    12         45.1005    60.8075    34.8265    % 
UB: 60.80748031496063
branching on CartesianIndex(2, 3) with a.
955    453    8          45.1007    60.8075    34.8262    % 
UB: 60.80748031496063
branching on CartesianIndex(2, 1) with a.
956    454    9          45.1007    60.8075    34.8262    % 
UB: 60.80748031496063
branching on CartesianIndex(3, 1) with a.
957    455    10         45.1007    60.8075    34.8262    % 
UB: 60.80748031496063
branching on 1 with b.
958    456    10         45.1007    60.8075    34.8262    % 
LB close or above UB, fathomed
959    455    9          45.1007    60.8075    34.8262    % 
LB close or above UB, fathomed
960    454    8          45.1007    60.8075    34.8262    % 
LB close or above UB, fathomed
961    453    13         45.1039    60.8075    34.8163    % 
LB close or above UB, fathomed
962    452    13         45.1039    60.8075    34.8163    % 
UB: 60.80748031496063
branching on 1 with b.
963    453    14         45.1039    60.8075    34.8163    % 
UB: 60.80748031496063
branching on 3 with b.
964    454    14         45.1039    60.8075    34.8163    % 
UB: 60.80748031496063
branching on CartesianIndex(1, 6) with c.
965    455    16         45.1539    60.8075    34.6671    % 
LB close or above UB, fathomed
966    454    16         45.1539    60.8075    34.6671    % 
UB: 60.80748031496063
branching on 3 with b.
967    455    17         45.1539    60.8075    34.6671    % 
UB: 60.80748031496063
branching on CartesianIndex(1, 5) with c.
968    456    18         45.1539    60.8075    34.6671    % 
UB: 60.80748031496063
branching on CartesianIndex(1, 6) with c.
969    457    19         45.1539    60.8075    34.6671    % 
LB close or above UB, fathomed
970    456    19         45.1539    60.8075    34.6671    % 
UB: 60.80748031496063
branching on CartesianIndex(1, 7) with c.
971    457    20         45.1539    60.8075    34.6671    % 
UB: 60.80748031496063
branching on 1 with b.
972    458    21         45.1539    60.8075    34.6671    % 
UB: 60.80748031496063
branching on 2 with b.
973    459    21         45.1539    60.8075    34.6671    % 
UB: 60.80748031496063
branching on 2 with b.
974    460    20         45.1539    60.8075    34.6671    % 
LB close or above UB, fathomed
975    459    18         45.1539    60.8075    34.6671    % 
UB: 60.80748031496063
branching on 1 with b.
976    460    17         45.1539    60.8075    34.6671    % 
LB close or above UB, fathomed
977    459    32         45.1539    60.8075    34.6671    % 
UB: 60.80748031496063
branching on 3 with b.
978    460    32         45.1539    60.8075    34.6671    % 
UB: 60.80748031496063
branching on 3 with b.
979    461    25         45.1539    60.8075    34.6671    % 
LB close or above UB, fathomed
980    460    25         45.1539    60.8075    34.6671    % 
UB: 60.80748031496063
branching on 2 with b.
981    461    26         45.1539    60.8075    34.6671    % 
UB: 60.80748031496063
branching on CartesianIndex(1, 7) with c.
982    462    26         45.1539    60.8075    34.6671    % 
UB: 60.80748031496063
branching on CartesianIndex(1, 7) with c.
983    463    21         45.1539    60.8075    34.6671    % 
UB: 60.80748031496063
branching on CartesianIndex(4, 3) with a.
984    464    21         45.1539    60.8075    34.6671    % 
UB: 60.80748031496063
branching on CartesianIndex(1, 4) with c.
985    465    23         45.1539    60.8075    34.6671    % 
LB close or above UB, fathomed
986    464    23         45.1539    60.8075    34.6671    % 
UB: 60.80748031496063
branching on CartesianIndex(1, 4) with c.
987    465    24         45.1539    60.8075    34.6671    % 
LB close or above UB, fathomed
988    464    24         45.1539    60.8075    34.6671    % 
UB: 60.80748031496063
branching on CartesianIndex(1, 5) with c.
989    465    25         45.1539    60.8075    34.6671    % 
UB: 60.80748031496063
branching on 1 with b.
990    466    26         45.1539    60.8075    34.6671    % 
UB: 60.80748031496063
branching on CartesianIndex(1, 6) with c.
991    467    26         45.1539    60.8075    34.6671    % 
UB: 60.80748031496063
branching on CartesianIndex(1, 6) with c.
992    468    25         45.1539    60.8075    34.6671    % 
LB close or above UB, fathomed
993    467    29         45.1539    60.8075    34.6671    % 
UB: 60.80748031496063
branching on 3 with b.
994    468    30         45.1539    60.8075    34.6671    % 
UB: 60.80748031496063
branching on 1 with b.
995    469    30         45.1539    60.8075    34.6671    % 
UB: 60.80748031496063
branching on 1 with b.
996    470    29         45.1539    60.8075    34.6671    % 
LB close or above UB, fathomed
997    469    30         45.1539    60.8075    34.6671    % 
UB: 60.80748031496063
branching on 2 with b.
998    470    30         45.1539    60.8075    34.6671    % 
UB: 60.80748031496063
branching on 2 with b.
999    471    31         45.1539    60.8075    34.6671    % 
UB: 60.80748031496063
branching on 3 with b.
1000   472    31         45.1539    60.8075    34.6671    % 
UB: 60.80748031496063
branching on 3 with b.
1001   473    30         45.1539    60.8075    34.6671    % 
UB: 60.80748031496063
branching on 2 with b.
1002   474    31         45.1539    60.8075    34.6671    % 
UB: 60.80748031496063
branching on 3 with b.
1003   475    31         45.1539    60.8075    34.6671    % 
UB: 60.80748031496063
branching on 3 with b.
1004   476    30         45.1539    60.8075    34.6671    % 
UB: 60.80748031496063
branching on 2 with b.
1005   477    31         45.1539    60.8075    34.6671    % 
UB: 60.80748031496063
branching on 2 with b.
1006   478    31         45.1539    60.8075    34.6671    % 
UB: 60.80748031496063
branching on 2 with b.
1007   479    31         45.1539    60.8075    34.6671    % 
UB: 60.80748031496063
branching on 3 with b.
1008   480    32         45.1539    60.8075    34.6671    % 
UB: 60.80748031496063
branching on 1 with b.
1009   481    32         45.1539    60.8075    34.6671    % 
UB: 60.80748031496063
branching on 1 with b.
1010   482    31         45.1539    60.8075    34.6671    % 
LB close or above UB, fathomed
1011   481    28         45.1539    60.8075    34.6671    % 
UB: 60.80748031496063
branching on 3 with b.
1012   482    28         45.1539    60.8075    34.6671    % 
LB close or above UB, fathomed
1013   481    31         45.1539    60.8075    34.6671    % 
UB: 60.80748031496063
branching on 3 with b.
1014   482    31         45.1539    60.8075    34.6671    % 
LB close or above UB, fathomed
1015   481    28         45.1539    60.8075    34.6671    % 
LB close or above UB, fathomed
1016   480    28         45.1539    60.8075    34.6671    % 
UB: 60.80748031496063
branching on 3 with b.
1017   481    29         45.1539    60.8075    34.6671    % 
UB: 60.80748031496063
branching on 1 with b.
1018   482    29         45.1539    60.8075    34.6671    % 
UB: 60.80748031496063
branching on 1 with b.
1019   483    15         45.1539    60.8075    34.6671    % 
LB close or above UB, fathomed
1020   482    15         45.1539    60.8075    34.6671    % 
UB: 60.80748031496063
branching on CartesianIndex(1, 5) with c.
1021   483    16         45.1539    60.8075    34.6671    % 
UB: 60.80748031496063
branching on CartesianIndex(1, 6) with c.
1022   484    16         45.1539    60.8075    34.6671    % 
UB: 60.80748031496063
branching on 1 with b.
1023   485    18         45.1539    60.8075    34.6671    % 
LB close or above UB, fathomed
1024   484    18         45.1539    60.8075    34.6671    % 
UB: 60.80748031496063
branching on CartesianIndex(1, 4) with c.
1025   485    19         45.1539    60.8075    34.6671    % 
LB close or above UB, fathomed
1026   484    19         45.1539    60.8075    34.6671    % 
UB: 60.80748031496063
branching on CartesianIndex(1, 5) with c.
1027   485    20         45.1539    60.8075    34.6671    % 
UB: 60.80748031496063
branching on CartesianIndex(1, 6) with c.
1028   486    20         45.1539    60.8075    34.6671    % 
UB: 60.80748031496063
branching on CartesianIndex(1, 6) with c.
1029   487    24         45.1539    60.8075    34.6671    % 
LB close or above UB, fathomed
1030   486    24         45.1539    60.8075    34.6671    % 
UB: 60.80748031496063
branching on 1 with b.
1031   487    25         45.1539    60.8075    34.6671    % 
UB: 60.80748031496063
branching on 2 with b.
1032   488    26         45.1539    60.8075    34.6671    % 
LB close or above UB, fathomed
1033   487    26         45.1539    60.8075    34.6671    % 
UB: 60.80748031496063
branching on 3 with b.
1034   488    27         45.1539    60.8075    34.6671    % 
LB close or above UB, fathomed
1035   487    27         45.1539    60.8075    34.6671    % 
UB: 60.80748031496063
branching on 1 with b.
1036   488    28         45.1539    60.8075    34.6671    % 
UB: 60.80748031496063
branching on 2 with b.
1037   489    28         45.1539    60.8075    34.6671    % 
UB: 60.80748031496063
branching on 2 with b.
1038   490    25         45.1539    60.8075    34.6671    % 
LB close or above UB, fathomed
1039   489    18         45.1539    60.8075    34.6671    % 
LB close or above UB, fathomed
1040   488    18         45.1539    60.8075    34.6671    % 
UB: 60.80748031496063
branching on 3 with b.
1041   489    19         45.1539    60.8075    34.6671    % 
LB close or above UB, fathomed
1042   488    19         45.1539    60.8075    34.6671    % 
UB: 60.80748031496063
branching on CartesianIndex(1, 4) with c.
1043   489    20         45.1539    60.8075    34.6671    % 
LB close or above UB, fathomed
1044   488    20         45.1539    60.8075    34.6671    % 
UB: 60.80748031496063
branching on CartesianIndex(1, 5) with c.
1045   489    21         45.1539    60.8075    34.6671    % 
UB: 60.80748031496063
branching on CartesianIndex(1, 6) with c.
1046   490    22         45.1539    60.8075    34.6671    % 
LB close or above UB, fathomed
1047   489    22         45.1539    60.8075    34.6671    % 
UB: 60.80748031496063
branching on CartesianIndex(1, 7) with c.
1048   490    23         45.1539    60.8075    34.6671    % 
UB: 60.80748031496063
branching on 1 with b.
1049   491    24         45.1539    60.8075    34.6671    % 
UB: 60.80748031496063
branching on 2 with b.
1050   492    24         45.1539    60.8075    34.6671    % 
UB: 60.80748031496063
branching on 2 with b.
1051   493    23         45.1539    60.8075    34.6671    % 
LB close or above UB, fathomed
1052   492    21         45.1539    60.8075    34.6671    % 
LB close or above UB, fathomed
1053   491    20         45.1539    60.8075    34.6671    % 
LB close or above UB, fathomed
1054   490    20         45.1539    60.8075    34.6671    % 
UB: 60.80748031496063
branching on CartesianIndex(1, 5) with c.
1055   491    21         45.1539    60.8075    34.6671    % 
UB: 60.80748031496063
branching on CartesianIndex(1, 6) with c.
1056   492    22         45.1539    60.8075    34.6671    % 
LB close or above UB, fathomed
1057   491    22         45.1539    60.8075    34.6671    % 
UB: 60.80748031496063
branching on CartesianIndex(1, 7) with c.
1058   492    23         45.1539    60.8075    34.6671    % 
UB: 60.80748031496063
branching on 2 with b.
1059   493    24         45.1539    60.8075    34.6671    % 
UB: 60.80748031496063
branching on 3 with b.
1060   494    24         45.1539    60.8075    34.6671    % 
UB: 60.80748031496063
branching on 3 with b.
1061   495    23         45.1539    60.8075    34.6671    % 
LB close or above UB, fathomed
1062   494    21         45.1539    60.8075    34.6671    % 
LB close or above UB, fathomed
1063   493    25         45.1539    60.8075    34.6671    % 
UB: 60.80748031496063
branching on 3 with b.
1064   494    25         45.1539    60.8075    34.6671    % 
UB: 60.80748031496063
branching on 3 with b.
1065   495    21         45.1539    60.8075    34.6671    % 
LB close or above UB, fathomed
1066   494    21         45.1539    60.8075    34.6671    % 
UB: 60.80748031496063
branching on CartesianIndex(1, 7) with c.
1067   495    22         45.1539    60.8075    34.6671    % 
UB: 60.80748031496063
branching on 2 with b.
1068   496    23         45.1539    60.8075    34.6671    % 
UB: 60.80748031496063
branching on 3 with b.
1069   497    24         45.1539    60.8075    34.6671    % 
UB: 60.80748031496063
branching on 1 with b.
1070   498    24         45.1539    60.8075    34.6671    % 
UB: 60.80748031496063
branching on 1 with b.
1071   499    23         45.1539    60.8075    34.6671    % 
UB: 60.80748031496063
branching on 3 with b.
1072   500    22         45.1539    60.8075    34.6671    % 
LB close or above UB, fathomed
1073   499    30         45.1539    60.8075    34.6671    % 
UB: 60.80748031496063
branching on 2 with b.
1074   500    31         45.1539    60.8075    34.6671    % 
LB close or above UB, fathomed
1075   499    31         45.1539    60.8075    34.6671    % 
UB: 60.80748031496063
branching on 3 with b.
1076   500    32         45.1539    60.8075    34.6671    % 
UB: 60.80748031496063
branching on 1 with b.
1077   501    32         45.1539    60.8075    34.6671    % 
UB: 60.80748031496063
branching on 1 with b.
1078   502    30         45.1539    60.8075    34.6671    % 
UB: 60.80748031496063
branching on 2 with b.
1079   503    31         45.1539    60.8075    34.6671    % 
UB: 60.80748031496063
branching on 2 with b.
1080   504    31         45.1539    60.8075    34.6671    % 
UB: 60.80748031496063
branching on 2 with b.
1081   505    33         45.1539    60.8075    34.6671    % 
UB: 60.80748031496063
branching on 1 with b.
1082   506    33         45.1539    60.8075    34.6671    % 
UB: 60.80748031496063
branching on 1 with b.
1083   507    34         45.1539    60.8075    34.6671    % 
UB: 60.80748031496063
branching on 3 with b.
1084   508    34         45.1539    60.8075    34.6671    % 
UB: 60.80748031496063
branching on 3 with b.
1085   509    15         45.1539    60.8075    34.6671    % 
LB close or above UB, fathomed
1086   508    15         45.1539    60.8075    34.6671    % 
UB: 60.80748031496063
branching on CartesianIndex(1, 5) with c.
1087   509    16         45.1539    60.8075    34.6671    % 
UB: 60.80748031496063
branching on CartesianIndex(1, 6) with c.
1088   510    17         45.1539    60.8075    34.6671    % 
LB close or above UB, fathomed
1089   509    17         45.1539    60.8075    34.6671    % 
UB: 60.80748031496063
branching on 1 with b.
1090   510    18         45.1539    60.8075    34.6671    % 
UB: 60.80748031496063
branching on 2 with b.
1091   511    18         45.1539    60.8075    34.6671    % 
UB: 60.80748031496063
branching on CartesianIndex(1, 7) with c.
1092   512    16         45.1539    60.8075    34.6671    % 
LB close or above UB, fathomed
1093   511    33         45.1539    60.8075    34.6671    % 
UB: 60.80748031496063
branching on 2 with b.
1094   512    33         45.1539    60.8075    34.6671    % 
UB: 60.80748031496063
branching on 2 with b.
1095   513    15         45.1539    60.8075    34.6671    % 
UB: 60.80748031496063
branching on 3 with b.
1096   514    16         45.1539    60.8075    34.6671    % 
UB: 60.80748031496063
branching on CartesianIndex(1, 6) with c.
1097   515    16         45.1539    60.8075    34.6671    % 
LB close or above UB, fathomed
1098   514    15         45.1539    60.8075    34.6671    % 
UB: 60.80748031496063
branching on CartesianIndex(1, 6) with c.
1099   515    16         45.1539    60.8075    34.6671    % 
LB close or above UB, fathomed
1100   514    16         45.1539    60.8075    34.6671    % 
UB: 60.80748031496063
branching on CartesianIndex(1, 7) with c.
1101   515    17         45.1539    60.8075    34.6671    % 
UB: 60.80748031496063
branching on 3 with b.
1102   516    18         45.1539    60.8075    34.6671    % 
UB: 60.80748031496063
branching on 1 with b.
1103   517    18         45.1539    60.8075    34.6671    % 
LB close or above UB, fathomed
1104   516    17         45.1539    60.8075    34.6671    % 
LB close or above UB, fathomed
1105   515    15         45.1539    60.8075    34.6671    % 
UB: 60.80748031496063
branching on CartesianIndex(1, 6) with c.
1106   516    16         45.1539    60.8075    34.6671    % 
LB close or above UB, fathomed
1107   515    16         45.1539    60.8075    34.6671    % 
UB: 60.80748031496063
branching on CartesianIndex(1, 7) with c.
1108   516    17         45.1539    60.8075    34.6671    % 
UB: 60.80748031496063
branching on 3 with b.
1109   517    17         45.1539    60.8075    34.6671    % 
LB close or above UB, fathomed
1110   516    15         45.1539    60.8075    34.6671    % 
LB close or above UB, fathomed
1111   515    26         45.1539    60.8075    34.6671    % 
LB close or above UB, fathomed
1112   514    26         45.1539    60.8075    34.6671    % 
UB: 60.80748031496063
branching on 3 with b.
1113   515    27         45.1539    60.8075    34.6671    % 
LB close or above UB, fathomed
1114   514    27         45.1539    60.8075    34.6671    % 
UB: 60.80748031496063
branching on 1 with b.
1115   515    28         45.1539    60.8075    34.6671    % 
UB: 60.80748031496063
branching on 2 with b.
1116   516    29         45.1539    60.8075    34.6671    % 
LB close or above UB, fathomed
1117   515    29         45.1539    60.8075    34.6671    % 
UB: 60.80748031496063
branching on 3 with b.
1118   516    28         45.1539    60.8075    34.6671    % 
UB: 60.80748031496063
branching on 2 with b.
1119   517    16         45.1539    60.8075    34.6671    % 
LB close or above UB, fathomed
1120   516    16         45.1539    60.8075    34.6671    % 
UB: 60.80748031496063
branching on 2 with b.
1121   517    17         45.1539    60.8075    34.6671    % 
UB: 60.80748031496063
branching on CartesianIndex(1, 6) with c.
1122   518    18         45.1539    60.8075    34.6671    % 
LB close or above UB, fathomed
1123   517    18         45.1539    60.8075    34.6671    % 
UB: 60.80748031496063
branching on 3 with b.
1124   518    19         45.1539    60.8075    34.6671    % 
UB: 60.80748031496063
branching on CartesianIndex(1, 7) with c.
1125   519    20         45.1539    60.8075    34.6671    % 
UB: 60.80748031496063
branching on 1 with b.
1126   520    21         45.1539    60.8075    34.6671    % 
UB: 60.80748031496063
branching on 2 with b.
1127   521    21         45.1539    60.8075    34.6671    % 
UB: 60.80748031496063
branching on 2 with b.
1128   522    20         45.1539    60.8075    34.6671    % 
LB close or above UB, fathomed
1129   521    19         45.1539    60.8075    34.6671    % 
LB close or above UB, fathomed
1130   520    17         45.1539    60.8075    34.6671    % 
LB close or above UB, fathomed
1131   519    25         45.1539    60.8075    34.6671    % 
UB: 60.80748031496063
branching on 3 with b.
1132   520    25         45.1539    60.8075    34.6671    % 
UB: 60.80748031496063
branching on 3 with b.
1133   521    35         45.1539    60.8075    34.6671    % 
UB: 60.80748031496063
branching on 1 with b.
1134   522    35         45.1539    60.8075    34.6671    % 
UB: 60.80748031496063
branching on 1 with b.
1135   523    28         45.1539    60.8075    34.6671    % 
UB: 60.80748031496063
branching on 3 with b.
1136   524    28         45.1539    60.8075    34.6671    % 
UB: 60.80748031496063
branching on 3 with b.
1137   525    26         45.1539    60.8075    34.6671    % 
UB: 60.80748031496063
branching on 2 with b.
1138   526    26         45.1539    60.8075    34.6671    % 
LB close or above UB, fathomed
1139   525    19         45.1539    60.8075    34.6671    % 
UB: 60.80748031496063
branching on CartesianIndex(1, 7) with c.
1140   526    19         45.1539    60.8075    34.6671    % 
LB close or above UB, fathomed
1141   525    29         45.1539    60.8075    34.6671    % 
LB close or above UB, fathomed
1142   524    29         45.1539    60.8075    34.6671    % 
UB: 60.80748031496063
branching on 3 with b.
1143   525    30         45.1539    60.8075    34.6671    % 
UB: 60.80748031496063
branching on 1 with b.
1144   526    31         45.1539    60.8075    34.6671    % 
UB: 60.80748031496063
branching on 2 with b.
1145   527    31         45.1539    60.8075    34.6671    % 
UB: 60.80748031496063
branching on 2 with b.
1146   528    30         45.1539    60.8075    34.6671    % 
LB close or above UB, fathomed
1147   527    19         45.1539    60.8075    34.6671    % 
UB: 60.80748031496063
branching on CartesianIndex(1, 4) with c.
1148   528    19         45.1539    60.8075    34.6671    % 
UB: 60.80748031496063
branching on CartesianIndex(1, 4) with c.
1149   529    23         45.1539    60.8075    34.6671    % 
UB: 60.80748031496063
branching on CartesianIndex(4, 3) with a.
1150   530    23         45.1539    60.8075    34.6671    % 
UB: 60.80748031496063
branching on CartesianIndex(1, 4) with c.
1151   531    16         45.1539    60.8075    34.6671    % 
LB close or above UB, fathomed
1152   530    16         45.1539    60.8075    34.6671    % 
UB: 60.80748031496063
branching on CartesianIndex(1, 5) with c.
1153   531    17         45.1539    60.8075    34.6671    % 
UB: 60.80748031496063
branching on 1 with b.
1154   532    17         45.1539    60.8075    34.6671    % 
UB: 60.80748031496063
branching on CartesianIndex(1, 6) with c.
1155   533    18         45.1539    60.8075    34.6671    % 
LB close or above UB, fathomed
1156   532    18         45.1539    60.8075    34.6671    % 
UB: 60.80748031496063
branching on CartesianIndex(1, 5) with c.
1157   533    19         45.1539    60.8075    34.6671    % 
UB: 60.80748031496063
branching on CartesianIndex(1, 6) with c.
1158   534    19         45.1539    60.8075    34.6671    % 
UB: 60.80748031496063
branching on CartesianIndex(1, 6) with c.
1159   535    18         45.1539    60.8075    34.6671    % 
LB close or above UB, fathomed
1160   534    18         45.1539    60.8075    34.6671    % 
UB: 60.80748031496063
branching on CartesianIndex(1, 5) with c.
1161   535    19         45.1539    60.8075    34.6671    % 
UB: 60.80748031496063
branching on CartesianIndex(1, 6) with c.
1162   536    20         45.1539    60.8075    34.6671    % 
LB close or above UB, fathomed
1163   535    20         45.1539    60.8075    34.6671    % 
UB: 60.80748031496063
branching on CartesianIndex(1, 7) with c.
1164   536    21         45.1539    60.8075    34.6671    % 
UB: 60.80748031496063
branching on 3 with b.
1165   537    21         45.1539    60.8075    34.6671    % 
LB close or above UB, fathomed
1166   536    19         45.1539    60.8075    34.6671    % 
UB: 60.80748031496063
branching on CartesianIndex(1, 6) with c.
1167   537    15         45.1539    60.8075    34.6671    % 
UB: 60.80748031496063
branching on 1 with b.
1168   538    15         45.1539    60.8075    34.6671    % 
LB close or above UB, fathomed
1169   537    17         45.1539    60.8075    34.6671    % 
UB: 60.80748031496063
branching on CartesianIndex(2, 3) with a.
1170   538    18         45.1539    60.8075    34.6671    % 
LB close or above UB, fathomed
1171   537    18         45.1539    60.8075    34.6671    % 
UB: 60.80748031496063
branching on CartesianIndex(1, 4) with c.
1172   538    17         45.1539    60.8075    34.6671    % 
LB close or above UB, fathomed
1173   537    16         45.1539    60.8075    34.6671    % 
LB close or above UB, fathomed
1174   536    16         45.1539    60.8075    34.6671    % 
UB: 60.80748031496063
branching on CartesianIndex(1, 7) with c.
1175   537    17         45.1539    60.8075    34.6671    % 
UB: 60.80748031496063
branching on 1 with b.
1176   538    18         45.1539    60.8075    34.6671    % 
LB close or above UB, fathomed
1177   537    18         45.1539    60.8075    34.6671    % 
UB: 60.80748031496063
branching on 2 with b.
1178   538    19         45.1539    60.8075    34.6671    % 
UB: 60.80748031496063
branching on 3 with b.
1179   539    20         45.1539    60.8075    34.6671    % 
UB: 60.80748031496063
branching on 1 with b.
1180   540    21         45.1539    60.8075    34.6671    % 
UB: 60.80748031496063
branching on 2 with b.
1181   541    21         45.1539    60.8075    34.6671    % 
UB: 60.80748031496063
branching on 2 with b.
1182   542    20         45.1539    60.8075    34.6671    % 
LB close or above UB, fathomed
1183   541    19         45.1539    60.8075    34.6671    % 
UB: 60.80748031496063
branching on 3 with b.
1184   542    20         45.1539    60.8075    34.6671    % 
UB: 60.80748031496063
branching on 1 with b.
1185   543    21         45.1539    60.8075    34.6671    % 
UB: 60.80748031496063
branching on 2 with b.
1186   544    21         45.1539    60.8075    34.6671    % 
UB: 60.80748031496063
branching on 2 with b.
1187   545    20         45.1539    60.8075    34.6671    % 
LB close or above UB, fathomed
1188   544    17         45.1539    60.8075    34.6671    % 
LB close or above UB, fathomed
1189   543    27         45.1539    60.8075    34.6671    % 
UB: 60.80748031496063
branching on 3 with b.
1190   544    27         45.1539    60.8075    34.6671    % 
UB: 60.80748031496063
branching on 3 with b.
1191   545    20         45.1539    60.8075    34.6671    % 
LB close or above UB, fathomed
1192   544    20         45.1539    60.8075    34.6671    % 
UB: 60.80748031496063
branching on CartesianIndex(4, 3) with a.
1193   545    21         45.1539    60.8075    34.6671    % 
LB close or above UB, fathomed
1194   544    21         45.1539    60.8075    34.6671    % 
UB: 60.80748031496063
branching on CartesianIndex(1, 4) with c.
1195   545    11         45.1539    60.8075    34.6671    % 
UB: 60.80748031496063
branching on CartesianIndex(2, 3) with a.
1196   546    12         45.1539    60.8075    34.6671    % 
UB: 60.80748031496063
branching on CartesianIndex(3, 3) with a.
1197   547    12         45.1539    60.8075    34.6671    % 
UB: 60.80748031496063
branching on CartesianIndex(1, 4) with c.
1198   548    11         45.1539    60.8075    34.6671    % 
LB close or above UB, fathomed
1199   547    22         45.1539    60.8075    34.6671    % 
LB close or above UB, fathomed
1200   546    22         45.1539    60.8075    34.6671    % 
UB: 60.80748031496063
branching on 1 with b.
1201   547    23         45.1539    60.8075    34.6671    % 
UB: 60.80748031496063
branching on 2 with b.
1202   548    24         45.1539    60.8075    34.6671    % 
UB: 60.80748031496063
branching on 3 with b.
1203   549    24         45.1539    60.8075    34.6671    % 
UB: 60.80748031496063
branching on 3 with b.
1204   550    23         45.1539    60.8075    34.6671    % 
LB close or above UB, fathomed
1205   549    20         45.1539    60.8075    34.6671    % 
LB close or above UB, fathomed
1206   548    20         45.1539    60.8075    34.6671    % 
UB: 60.80748031496063
branching on CartesianIndex(1, 7) with c.
1207   549    21         45.1539    60.8075    34.6671    % 
UB: 60.80748031496063
branching on 3 with b.
1208   550    22         45.1539    60.8075    34.6671    % 
LB close or above UB, fathomed
1209   549    22         45.1539    60.8075    34.6671    % 
UB: 60.80748031496063
branching on 1 with b.
1210   550    23         45.1539    60.8075    34.6671    % 
UB: 60.80748031496063
branching on 2 with b.
1211   551    23         45.1539    60.8075    34.6671    % 
UB: 60.80748031496063
branching on 2 with b.
1212   552    24         45.1539    60.8075    34.6671    % 
UB: 60.80748031496063
branching on 3 with b.
1213   553    25         45.1539    60.8075    34.6671    % 
UB: 60.80748031496063
branching on 1 with b.
1214   554    25         45.1539    60.8075    34.6671    % 
UB: 60.80748031496063
branching on 1 with b.
1215   555    24         45.1539    60.8075    34.6671    % 
UB: 60.80748031496063
branching on 3 with b.
1216   556    21         45.1539    60.8075    34.6671    % 
LB close or above UB, fathomed
1217   555    18         45.1539    60.8075    34.6671    % 
LB close or above UB, fathomed
1218   554    18         45.1539    60.8075    34.6671    % 
UB: 60.80748031496063
branching on 1 with b.
1219   555    19         45.1539    60.8075    34.6671    % 
UB: 60.80748031496063
branching on CartesianIndex(1, 7) with c.
1220   556    19         45.1539    60.8075    34.6671    % 
UB: 60.80748031496063
branching on CartesianIndex(1, 7) with c.
1221   557    18         45.1539    60.8075    34.6671    % 
UB: 60.80748031496063
branching on 2 with b.
1222   558    18         45.1539    60.8075    34.6671    % 
UB: 60.80748031496063
branching on 2 with b.
1223   559    20         45.1539    60.8075    34.6671    % 
UB: 60.80748031496063
branching on 1 with b.
1224   560    21         45.1539    60.8075    34.6671    % 
UB: 60.80748031496063
branching on 2 with b.
1225   561    21         45.1539    60.8075    34.6671    % 
UB: 60.80748031496063
branching on 2 with b.
1226   562    20         45.1539    60.8075    34.6671    % 
LB close or above UB, fathomed
1227   561    27         45.1539    60.8075    34.6671    % 
UB: 60.80748031496063
branching on 3 with b.
1228   562    28         45.1539    60.8075    34.6671    % 
UB: 60.80748031496063
branching on 1 with b.
1229   563    29         45.1539    60.8075    34.6671    % 
UB: 60.80748031496063
branching on 2 with b.
1230   564    29         45.1539    60.8075    34.6671    % 
UB: 60.80748031496063
branching on 2 with b.
1231   565    28         45.1539    60.8075    34.6671    % 
LB close or above UB, fathomed
1232   564    27         45.1539    60.8075    34.6671    % 
LB close or above UB, fathomed
1233   563    18         45.1539    60.8075    34.6671    % 
UB: 60.80748031496063
branching on 1 with b.
1234   564    19         45.1539    60.8075    34.6671    % 
UB: 60.80748031496063
branching on 2 with b.
1235   565    19         45.1539    60.8075    34.6671    % 
UB: 60.80748031496063
branching on 2 with b.
1236   566    18         45.1539    60.8075    34.6671    % 
LB close or above UB, fathomed
1237   565    19         45.1539    60.8075    34.6671    % 
UB: 60.80748031496063
branching on 2 with b.
1238   566    19         45.1539    60.8075    34.6671    % 
UB: 60.80748031496063
branching on 2 with b.
1239   567    17         45.1539    60.8075    34.6671    % 
LB close or above UB, fathomed
1240   566    17         45.1539    60.8075    34.6671    % 
UB: 60.80748031496063
branching on CartesianIndex(1, 7) with c.
1241   567    18         45.1539    60.8075    34.6671    % 
UB: 60.80748031496063
branching on 1 with b.
1242   568    19         45.1539    60.8075    34.6671    % 
UB: 60.80748031496063
branching on 2 with b.
1243   569    19         45.1539    60.8075    34.6671    % 
UB: 60.80748031496063
branching on 2 with b.
1244   570    18         45.1539    60.8075    34.6671    % 
LB close or above UB, fathomed
1245   569    17         45.1539    60.8075    34.6671    % 
UB: 60.80748031496063
branching on CartesianIndex(1, 6) with c.
1246   570    17         45.1539    60.8075    34.6671    % 
UB: 60.80748031496063
branching on CartesianIndex(1, 6) with c.
1247   571    17         45.1539    60.8075    34.6671    % 
LB close or above UB, fathomed
1248   570    17         45.1539    60.8075    34.6671    % 
UB: 60.80748031496063
branching on CartesianIndex(1, 7) with c.
1249   571    18         45.1539    60.8075    34.6671    % 
UB: 60.80748031496063
branching on 1 with b.
1250   572    19         45.1539    60.8075    34.6671    % 
UB: 60.80748031496063
branching on 2 with b.
1251   573    19         45.1539    60.8075    34.6671    % 
UB: 60.80748031496063
branching on 2 with b.
1252   574    18         45.1539    60.8075    34.6671    % 
LB close or above UB, fathomed
1253   573    25         45.1539    60.8075    34.6671    % 
UB: 60.80748031496063
branching on 1 with b.
1254   574    25         45.1539    60.8075    34.6671    % 
UB: 60.80748031496063
branching on 1 with b.
1255   575    27         45.1539    60.8075    34.6671    % 
UB: 60.80748031496063
branching on 1 with b.
1256   576    27         45.1539    60.8075    34.6671    % 
UB: 60.80748031496063
branching on 1 with b.
1257   577    27         45.1539    60.8075    34.6671    % 
UB: 60.80748031496063
branching on 1 with b.
1258   578    27         45.1539    60.8075    34.6671    % 
UB: 60.80748031496063
branching on 1 with b.
1259   579    17         45.1539    60.8075    34.6671    % 
UB: 60.80748031496063
branching on CartesianIndex(1, 6) with c.
1260   580    17         45.1539    60.8075    34.6671    % 
UB: 60.80748031496063
branching on 2 with b.
1261   581    20         45.1539    60.8075    34.6671    % 
LB close or above UB, fathomed
1262   580    20         45.1539    60.8075    34.6671    % 
UB: 60.80748031496063
branching on 3 with b.
1263   581    21         45.1539    60.8075    34.6671    % 
LB close or above UB, fathomed
1264   580    21         45.1539    60.8075    34.6671    % 
UB: 60.80748031496063
branching on 1 with b.
1265   581    22         45.1539    60.8075    34.6671    % 
UB: 60.80748031496063
branching on 2 with b.
1266   582    22         45.1539    60.8075    34.6671    % 
LB close or above UB, fathomed
1267   581    31         45.1539    60.8075    34.6671    % 
UB: 60.80748031496063
branching on 3 with b.
1268   582    32         45.1539    60.8075    34.6671    % 
UB: 60.80748031496063
branching on 1 with b.
1269   583    32         45.1539    60.8075    34.6671    % 
UB: 60.80748031496063
branching on 1 with b.
1270   584    31         45.1539    60.8075    34.6671    % 
LB close or above UB, fathomed
1271   583    15         45.1539    60.8075    34.6671    % 
UB: 60.80748031496063
branching on CartesianIndex(1, 3) with a.
1272   584    15         45.1539    60.8075    34.6671    % 
LB close or above UB, fathomed
1273   583    17         45.1539    60.8075    34.6671    % 
LB close or above UB, fathomed
1274   582    17         45.1539    60.8075    34.6671    % 
UB: 60.80748031496063
branching on CartesianIndex(1, 7) with c.
1275   583    18         45.1539    60.8075    34.6671    % 
UB: 60.80748031496063
branching on 1 with b.
1276   584    19         45.1539    60.8075    34.6671    % 
UB: 60.80748031496063
branching on 2 with b.
1277   585    19         45.1539    60.8075    34.6671    % 
UB: 60.80748031496063
branching on 2 with b.
1278   586    18         45.1539    60.8075    34.6671    % 
LB close or above UB, fathomed
1279   585    19         45.1539    60.8075    34.6671    % 
UB: 60.80748031496063
branching on 2 with b.
1280   586    19         45.1539    60.8075    34.6671    % 
UB: 60.80748031496063
branching on CartesianIndex(1, 5) with c.
1281   587    28         45.1539    60.8075    34.6671    % 
UB: 60.80748031496063
branching on 1 with b.
1282   588    29         45.1539    60.8075    34.6671    % 
UB: 60.80748031496063
branching on 2 with b.
1283   589    29         45.1539    60.8075    34.6671    % 
UB: 60.80748031496063
branching on 2 with b.
1284   590    28         45.1539    60.8075    34.6671    % 
LB close or above UB, fathomed
1285   589    20         45.1539    60.8075    34.6671    % 
LB close or above UB, fathomed
1286   588    20         45.1539    60.8075    34.6671    % 
UB: 60.80748031496063
branching on CartesianIndex(1, 4) with c.
1287   589    21         45.1539    60.8075    34.6671    % 
LB close or above UB, fathomed
1288   588    21         45.1539    60.8075    34.6671    % 
UB: 60.80748031496063
branching on CartesianIndex(1, 5) with c.
1289   589    22         45.1539    60.8075    34.6671    % 
LB close or above UB, fathomed
1290   588    22         45.1539    60.8075    34.6671    % 
UB: 60.80748031496063
branching on CartesianIndex(1, 6) with c.
1291   589    20         45.1539    60.8075    34.6671    % 
UB: 60.80748031496063
branching on CartesianIndex(1, 6) with c.
1292   590    20         45.1539    60.8075    34.6671    % 
UB: 60.80748031496063
branching on 2 with b.
1293   591    19         45.1539    60.8075    34.6671    % 
UB: 60.80748031496063
branching on CartesianIndex(1, 5) with c.
1294   592    19         45.1539    60.8075    34.6671    % 
UB: 60.80748031496063
branching on 2 with b.
1295   593    18         45.1539    60.8075    34.6671    % 
LB close or above UB, fathomed
1296   592    18         45.1539    60.8075    34.6671    % 
UB: 60.80748031496063
branching on CartesianIndex(1, 5) with c.
1297   593    19         45.1539    60.8075    34.6671    % 
UB: 60.80748031496063
branching on CartesianIndex(1, 6) with c.
1298   594    20         45.1539    60.8075    34.6671    % 
LB close or above UB, fathomed
1299   593    20         45.1539    60.8075    34.6671    % 
UB: 60.80748031496063
branching on CartesianIndex(1, 7) with c.
1300   594    21         45.1539    60.8075    34.6671    % 
UB: 60.80748031496063
branching on 2 with b.
1301   595    22         45.1539    60.8075    34.6671    % 
UB: 60.80748031496063
branching on 3 with b.
1302   596    22         45.1539    60.8075    34.6671    % 
UB: 60.80748031496063
branching on 3 with b.
1303   597    21         45.1539    60.8075    34.6671    % 
LB close or above UB, fathomed
1304   596    19         45.1539    60.8075    34.6671    % 
UB: 60.80748031496063
branching on CartesianIndex(1, 6) with c.
1305   597    14         45.1539    60.8075    34.6671    % 
UB: 60.80748031496063
branching on CartesianIndex(1, 3) with a.
1306   598    15         45.1539    60.8075    34.6671    % 
UB: 60.80748031496063
branching on CartesianIndex(2, 3) with a.
1307   599    16         45.1539    60.8075    34.6671    % 
LB close or above UB, fathomed
1308   598    16         45.1539    60.8075    34.6671    % 
UB: 60.80748031496063
branching on CartesianIndex(1, 4) with c.
1309   599    17         45.1539    60.8075    34.6671    % 
LB close or above UB, fathomed
1310   598    17         45.1539    60.8075    34.6671    % 
UB: 60.80748031496063
branching on CartesianIndex(1, 5) with c.
1311   599    18         45.1539    60.8075    34.6671    % 
UB: 60.80748031496063
branching on 3 with b.
1312   600    19         45.1539    60.8075    34.6671    % 
UB: 60.80748031496063
branching on CartesianIndex(1, 6) with c.
1313   601    20         45.1539    60.8075    34.6671    % 
LB close or above UB, fathomed
1314   600    20         45.1539    60.8075    34.6671    % 
UB: 60.80748031496063
branching on CartesianIndex(1, 7) with c.
1315   601    21         45.1539    60.8075    34.6671    % 
UB: 60.80748031496063
branching on 1 with b.
1316   602    22         45.1539    60.8075    34.6671    % 
UB: 60.80748031496063
branching on 2 with b.
1317   603    22         45.1539    60.8075    34.6671    % 
UB: 60.80748031496063
branching on 2 with b.
1318   604    21         45.1539    60.8075    34.6671    % 
LB close or above UB, fathomed
1319   603    19         45.1539    60.8075    34.6671    % 
LB close or above UB, fathomed
1320   602    18         45.1539    60.8075    34.6671    % 
UB: 60.80748031496063
branching on CartesianIndex(1, 6) with c.
1321   603    19         45.1539    60.8075    34.6671    % 
LB close or above UB, fathomed
1322   602    19         45.1539    60.8075    34.6671    % 
UB: 60.80748031496063
branching on CartesianIndex(1, 7) with c.
1323   603    20         45.1539    60.8075    34.6671    % 
UB: 60.80748031496063
branching on 3 with b.
1324   604    21         45.1539    60.8075    34.6671    % 
UB: 60.80748031496063
branching on 1 with b.
1325   605    22         45.1539    60.8075    34.6671    % 
UB: 60.80748031496063
branching on 2 with b.
1326   606    22         45.1539    60.8075    34.6671    % 
UB: 60.80748031496063
branching on 2 with b.
1327   607    21         45.1539    60.8075    34.6671    % 
LB close or above UB, fathomed
1328   606    20         45.1539    60.8075    34.6671    % 
LB close or above UB, fathomed
1329   605    15         45.1539    60.8075    34.6671    % 
LB close or above UB, fathomed
1330   604    14         45.1539    60.8075    34.6671    % 
UB: 60.80748031496063
branching on CartesianIndex(1, 3) with a.
1331   605    15         45.1539    60.8075    34.6671    % 
UB: 60.80748031496063
branching on CartesianIndex(2, 3) with a.
1332   606    16         45.1539    60.8075    34.6671    % 
LB close or above UB, fathomed
1333   605    16         45.1539    60.8075    34.6671    % 
UB: 60.80748031496063
branching on 3 with b.
1334   606    17         45.1539    60.8075    34.6671    % 
UB: 60.80748031496063
branching on 1 with b.
1335   607    18         45.1539    60.8075    34.6671    % 
UB: 60.80748031496063
branching on 2 with b.
1336   608    18         45.1539    60.8075    34.6671    % 
UB: 60.80748031496063
branching on CartesianIndex(1, 4) with c.
1337   609    17         45.1539    60.8075    34.6671    % 
LB close or above UB, fathomed
1338   608    15         45.1539    60.8075    34.6671    % 
LB close or above UB, fathomed
1339   607    15         45.1539    60.8075    34.6671    % 
UB: 60.80748031496063
branching on CartesianIndex(2, 3) with a.
1340   608    16         45.1539    60.8075    34.6671    % 
UB: 60.80748031496063
branching on CartesianIndex(3, 3) with a.
1341   609    17         45.1539    60.8075    34.6671    % 
UB: 60.80748031496063
branching on CartesianIndex(4, 3) with a.
1342   610    17         45.1539    60.8075    34.6671    % 
UB: 60.80748031496063
branching on 2 with b.
1343   611    16         45.1539    60.8075    34.6671    % 
LB close or above UB, fathomed
1344   610    15         45.1539    60.8075    34.6671    % 
LB close or above UB, fathomed
1345   609    18         45.1539    60.8075    34.6671    % 
LB close or above UB, fathomed
1346   608    18         45.1539    60.8075    34.6671    % 
UB: 60.80748031496063
branching on CartesianIndex(1, 4) with c.
1347   609    23         45.1539    60.8075    34.6671    % 
UB: 60.80748031496063
branching on CartesianIndex(1, 5) with c.
1348   610    23         45.1539    60.8075    34.6671    % 
UB: 60.80748031496063
branching on CartesianIndex(1, 5) with c.
1349   611    22         45.1539    60.8075    34.6671    % 
UB: 60.80748031496063
branching on CartesianIndex(1, 7) with c.
1350   612    23         45.1539    60.8075    34.6671    % 
UB: 60.80748031496063
branching on 3 with b.
1351   613    24         45.1539    60.8075    34.6671    % 
LB close or above UB, fathomed
1352   612    24         45.1539    60.8075    34.6671    % 
UB: 60.80748031496063
branching on 1 with b.
1353   613    25         45.1539    60.8075    34.6671    % 
UB: 60.80748031496063
branching on 2 with b.
1354   614    25         45.1539    60.8075    34.6671    % 
LB close or above UB, fathomed
1355   613    23         45.1539    60.8075    34.6671    % 
LB close or above UB, fathomed
1356   612    22         45.1539    60.8075    34.6671    % 
LB close or above UB, fathomed
1357   611    23         45.1539    60.8075    34.6671    % 
UB: 60.80748031496063
branching on CartesianIndex(1, 5) with c.
1358   612    23         45.1539    60.8075    34.6671    % 
UB: 60.80748031496063
branching on CartesianIndex(1, 5) with c.
1359   613    24         45.1539    60.8075    34.6671    % 
LB close or above UB, fathomed
1360   612    24         45.1539    60.8075    34.6671    % 
UB: 60.80748031496063
branching on CartesianIndex(1, 6) with c.
1361   613    25         45.1539    60.8075    34.6671    % 
LB close or above UB, fathomed
1362   612    25         45.1539    60.8075    34.6671    % 
UB: 60.80748031496063
branching on 3 with b.
1363   613    26         45.1539    60.8075    34.6671    % 
UB: 60.80748031496063
branching on CartesianIndex(1, 7) with c.
1364   614    26         45.1539    60.8075    34.6671    % 
UB: 60.80748031496063
branching on CartesianIndex(1, 7) with c.
1365   615    15         45.8062    60.8075    32.7495    % 
UB: 60.80748031496063
branching on 1 with b.
1366   616    15         45.8062    60.8075    32.7495    % 
LB close or above UB, fathomed
1367   615    11         47.0573    60.8075    29.2199    % 
LB close or above UB, fathomed
1368   614    11         47.0573    60.8075    29.2199    % 
UB: 60.80748031496063
branching on CartesianIndex(4, 1) with a.
1369   615    15         47.0606    60.8075    29.2109    % 
LB close or above UB, fathomed
1370   614    15         47.0606    60.8075    29.2109    % 
UB: 60.80748031496063
branching on CartesianIndex(1, 6) with c.
1371   615    16         47.0606    60.8075    29.2109    % 
LB close or above UB, fathomed
1372   614    16         47.0606    60.8075    29.2109    % 
UB: 60.80748031496063
branching on CartesianIndex(1, 7) with c.
1373   615    17         47.0606    60.8075    29.2109    % 
UB: 60.80748031496063
branching on 1 with b.
1374   616    18         47.0606    60.8075    29.2109    % 
LB close or above UB, fathomed
1375   615    18         47.0606    60.8075    29.2109    % 
UB: 60.80748031496063
branching on 3 with b.
1376   616    19         47.0606    60.8075    29.2109    % 
UB: 60.80748031496063
branching on 1 with b.
1377   617    19         47.0606    60.8075    29.2109    % 
UB: 60.80748031496063
branching on 1 with b.
1378   618    17         47.0606    60.8075    29.2109    % 
LB close or above UB, fathomed
1379   617    5          47.0606    60.8075    29.2109    % 
UB: 60.80748031496063
branching on 1 with b.
1380   618    6          47.0606    60.8075    29.2109    % 
UB: 60.80748031496063
branching on 1 with b.
1381   619    6          47.0606    60.8075    29.2109    % 
UB: 60.80748031496063
branching on CartesianIndex(2, 1) with a.
1382   620    7          47.0606    60.8075    29.2109    % 
UB: 60.80748031496063
branching on CartesianIndex(3, 1) with a.
1383   621    8          47.0606    60.8075    29.2109    % 
UB: 60.80748031496063
branching on 1 with b.
1384   622    8          47.0606    60.8075    29.2109    % 
UB: 60.80748031496063
branching on CartesianIndex(1, 2) with a.
1385   623    7          47.0606    60.8075    29.2109    % 
UB: 60.80748031496063
branching on 1 with b.
1386   624    5          47.0606    60.8075    29.2109    % 
UB: 60.80748031496063
branching on 1 with b.
1387   625    32         47.1106    60.8075    29.0738    % 
UB: 60.80748031496063
branching on 3 with b.
1388   626    33         47.1106    60.8075    29.0738    % 
UB: 60.80748031496063
branching on 1 with b.
1389   627    33         47.1106    60.8075    29.0738    % 
UB: 60.80748031496063
branching on 1 with b.
1390   628    32         47.1106    60.8075    29.0738    % 
LB close or above UB, fathomed
1391   627    27         47.1106    60.8075    29.0738    % 
LB close or above UB, fathomed
1392   626    27         47.1106    60.8075    29.0738    % 
UB: 60.80748031496063
branching on CartesianIndex(1, 7) with c.
1393   627    28         47.1106    60.8075    29.0738    % 
UB: 60.80748031496063
branching on 2 with b.
1394   628    28         47.1106    60.8075    29.0738    % 
LB close or above UB, fathomed
1395   627    27         47.1106    60.8075    29.0738    % 
UB: 60.80748031496063
branching on 3 with b.
1396   628    28         47.1106    60.8075    29.0738    % 
UB: 60.80748031496063
branching on 1 with b.
1397   629    29         47.1106    60.8075    29.0738    % 
UB: 60.80748031496063
branching on 2 with b.
1398   630    29         47.1106    60.8075    29.0738    % 
UB: 60.80748031496063
branching on 2 with b.
1399   631    28         47.1106    60.8075    29.0738    % 
LB close or above UB, fathomed
1400   630    27         47.1106    60.8075    29.0738    % 
LB close or above UB, fathomed
1401   629    29         47.1106    60.8075    29.0738    % 
UB: 60.80748031496063
branching on 3 with b.
1402   630    30         47.1106    60.8075    29.0738    % 
LB close or above UB, fathomed
1403   629    30         47.1106    60.8075    29.0738    % 
UB: 60.80748031496063
branching on 1 with b.
1404   630    31         47.1106    60.8075    29.0738    % 
UB: 60.80748031496063
branching on 2 with b.
1405   631    31         47.1106    60.8075    29.0738    % 
UB: 60.80748031496063
branching on 2 with b.
1406   632    29         47.1106    60.8075    29.0738    % 
LB close or above UB, fathomed
1407   631    22         47.1106    60.8075    29.0738    % 
LB close or above UB, fathomed
1408   630    22         47.1106    60.8075    29.0738    % 
UB: 60.80748031496063
branching on CartesianIndex(1, 5) with c.
1409   631    23         47.1106    60.8075    29.0738    % 
UB: 60.80748031496063
branching on CartesianIndex(1, 6) with c.
1410   632    24         47.1106    60.8075    29.0738    % 
LB close or above UB, fathomed
1411   631    24         47.1106    60.8075    29.0738    % 
UB: 60.80748031496063
branching on CartesianIndex(1, 7) with c.
1412   632    25         47.1106    60.8075    29.0738    % 
UB: 60.80748031496063
branching on 3 with b.
1413   633    26         47.1106    60.8075    29.0738    % 
UB: 60.80748031496063
branching on 1 with b.
1414   634    27         47.1106    60.8075    29.0738    % 
LB close or above UB, fathomed
1415   633    27         47.1106    60.8075    29.0738    % 
UB: 60.80748031496063
branching on 2 with b.
1416   634    26         47.1106    60.8075    29.0738    % 
LB close or above UB, fathomed
1417   633    25         47.1106    60.8075    29.0738    % 
LB close or above UB, fathomed
1418   632    23         47.1106    60.8075    29.0738    % 
LB close or above UB, fathomed
1419   631    29         47.1106    60.8075    29.0738    % 
LB close or above UB, fathomed
1420   630    29         47.1106    60.8075    29.0738    % 
UB: 60.80748031496063
branching on 3 with b.
1421   631    30         47.1106    60.8075    29.0738    % 
UB: 60.80748031496063
branching on 1 with b.
1422   632    30         47.1106    60.8075    29.0738    % 
UB: 60.80748031496063
branching on 1 with b.
1423   633    32         47.1106    60.8075    29.0738    % 
UB: 60.80748031496063
branching on 1 with b.
1424   634    32         47.1106    60.8075    29.0738    % 
UB: 60.80748031496063
branching on 1 with b.
1425   635    24         47.1106    60.8075    29.0738    % 
LB close or above UB, fathomed
1426   634    24         47.1106    60.8075    29.0738    % 
UB: 60.80748031496063
branching on CartesianIndex(1, 5) with c.
1427   635    25         47.1106    60.8075    29.0738    % 
UB: 60.80748031496063
branching on CartesianIndex(1, 6) with c.
1428   636    26         47.1106    60.8075    29.0738    % 
LB close or above UB, fathomed
1429   635    26         47.1106    60.8075    29.0738    % 
UB: 60.80748031496063
branching on CartesianIndex(1, 7) with c.
1430   636    25         47.1106    60.8075    29.0738    % 
LB close or above UB, fathomed
1431   635    20         47.1106    60.8075    29.0738    % 
LB close or above UB, fathomed
1432   634    20         47.1106    60.8075    29.0738    % 
UB: 60.80748031496063
branching on CartesianIndex(1, 5) with c.
1433   635    27         47.1106    60.8075    29.0738    % 
UB: 60.80748031496063
branching on 2 with b.
1434   636    28         47.1106    60.8075    29.0738    % 
LB close or above UB, fathomed
1435   635    28         47.1106    60.8075    29.0738    % 
UB: 60.80748031496063
branching on 3 with b.
1436   636    29         47.1106    60.8075    29.0738    % 
LB close or above UB, fathomed
1437   635    29         47.1106    60.8075    29.0738    % 
UB: 60.80748031496063
branching on 1 with b.
1438   636    30         47.1106    60.8075    29.0738    % 
UB: 60.80748031496063
branching on 2 with b.
1439   637    30         47.1106    60.8075    29.0738    % 
UB: 60.80748031496063
branching on 2 with b.
1440   638    27         47.1106    60.8075    29.0738    % 
LB close or above UB, fathomed
1441   637    16         47.1106    60.8075    29.0738    % 
UB: 60.80748031496063
branching on CartesianIndex(2, 3) with a.
1442   638    17         47.1106    60.8075    29.0738    % 
LB close or above UB, fathomed
1443   637    17         47.1106    60.8075    29.0738    % 
UB: 60.80748031496063
branching on 1 with b.
1444   638    18         47.1106    60.8075    29.0738    % 
UB: 60.80748031496063
branching on CartesianIndex(1, 4) with c.
1445   639    18         47.1106    60.8075    29.0738    % 
LB close or above UB, fathomed
1446   638    16         47.1106    60.8075    29.0738    % 
LB close or above UB, fathomed
1447   637    34         47.1106    60.8075    29.0738    % 
UB: 60.80748031496063
branching on 3 with b.
1448   638    35         47.1106    60.8075    29.0738    % 
UB: 60.80748031496063
branching on 1 with b.
1449   639    35         47.1106    60.8075    29.0738    % 
UB: 60.80748031496063
branching on 1 with b.
1450   640    34         47.1106    60.8075    29.0738    % 
LB close or above UB, fathomed
1451   639    34         47.1106    60.8075    29.0738    % 
UB: 60.80748031496062
branching on 2 with b.
1452   640    35         47.1106    60.8075    29.0738    % 
UB: 60.80748031496062
branching on 3 with b.
1453   641    35         47.1106    60.8075    29.0738    % 
UB: 60.80748031496062
branching on 3 with b.
1454   642    34         47.1106    60.8075    29.0738    % 
UB: 60.80748031496062
branching on 2 with b.
1455   643    29         47.1106    60.8075    29.0738    % 
UB: 60.80748031496062
branching on 1 with b.
1456   644    29         47.1106    60.8075    29.0738    % 
LB close or above UB, fathomed
1457   643    20         47.1106    60.8075    29.0738    % 
LB close or above UB, fathomed
1458   642    20         47.1106    60.8075    29.0738    % 
UB: 60.80748031496062
branching on CartesianIndex(1, 7) with c.
1459   643    21         47.1106    60.8075    29.0738    % 
UB: 60.80748031496062
branching on 2 with b.
1460   644    22         47.1106    60.8075    29.0738    % 
UB: 60.80748031496062
branching on 3 with b.
1461   645    22         47.1106    60.8075    29.0738    % 
UB: 60.80748031496062
branching on 3 with b.
1462   646    21         47.1106    60.8075    29.0738    % 
LB close or above UB, fathomed
1463   645    26         47.1106    60.8075    29.0738    % 
LB close or above UB, fathomed
1464   644    26         47.1106    60.8075    29.0738    % 
UB: 60.80748031496062
branching on 3 with b.
1465   645    27         47.1106    60.8075    29.0738    % 
UB: 60.80748031496062
branching on 1 with b.
1466   646    27         47.1106    60.8075    29.0738    % 
UB: 60.80748031496062
branching on 1 with b.
1467   647    17         47.1106    60.8075    29.0738    % 
LB close or above UB, fathomed
1468   646    17         47.1106    60.8075    29.0738    % 
UB: 60.80748031496062
branching on 3 with b.
1469   647    18         47.1106    60.8075    29.0738    % 
UB: 60.80748031496062
branching on CartesianIndex(1, 3) with a.
1470   648    19         47.1106    60.8075    29.0738    % 
UB: 60.80748031496062
branching on CartesianIndex(2, 3) with a.
1471   649    20         47.1106    60.8075    29.0738    % 
UB: 60.80748031496062
branching on CartesianIndex(3, 3) with a.
1472   650    21         47.1106    60.8075    29.0738    % 
UB: 60.80748031496062
branching on CartesianIndex(4, 3) with a.
1473   651    21         47.1106    60.8075    29.0738    % 
UB: 60.80748031496062
branching on 1 with b.
1474   652    20         47.1106    60.8075    29.0738    % 
LB close or above UB, fathomed
1475   651    19         47.1106    60.8075    29.0738    % 
LB close or above UB, fathomed
1476   650    18         47.1106    60.8075    29.0738    % 
LB close or above UB, fathomed
1477   649    26         47.1106    60.8075    29.0738    % 
UB: 60.80748031496062
branching on 1 with b.
1478   650    27         47.1106    60.8075    29.0738    % 
UB: 60.80748031496062
branching on 2 with b.
1479   651    28         47.1106    60.8075    29.0738    % 
UB: 60.80748031496062
branching on 3 with b.
1480   652    28         47.1106    60.8075    29.0738    % 
LB close or above UB, fathomed
1481   651    27         47.1106    60.8075    29.0738    % 
UB: 60.80748031496062
branching on 2 with b.
1482   652    26         47.1106    60.8075    29.0738    % 
LB close or above UB, fathomed
1483   651    25         47.1106    60.8075    29.0738    % 
UB: 60.80748031496062
branching on 3 with b.
1484   652    26         47.1106    60.8075    29.0738    % 
UB: 60.80748031496062
branching on 1 with b.
1485   653    27         47.1106    60.8075    29.0738    % 
UB: 60.80748031496062
branching on 2 with b.
1486   654    27         47.1106    60.8075    29.0738    % 
UB: 60.80748031496062
branching on 2 with b.
1487   655    26         47.1106    60.8075    29.0738    % 
LB close or above UB, fathomed
1488   654    25         47.1106    60.8075    29.0738    % 
LB close or above UB, fathomed
1489   653    19         47.1106    60.8075    29.0738    % 
UB: 60.80748031496062
branching on 2 with b.
1490   654    20         47.1106    60.8075    29.0738    % 
LB close or above UB, fathomed
1491   653    20         47.1106    60.8075    29.0738    % 
UB: 60.80748031496062
branching on 3 with b.
1492   654    19         47.1106    60.8075    29.0738    % 
LB close or above UB, fathomed
1493   653    22         47.1106    60.8075    29.0738    % 
UB: 60.80748031496062
branching on CartesianIndex(1, 5) with c.
1494   654    22         47.1106    60.8075    29.0738    % 
UB: 60.80748031496062
branching on CartesianIndex(1, 5) with c.
1495   655    23         47.1106    60.8075    29.0738    % 
LB close or above UB, fathomed
1496   654    23         47.1106    60.8075    29.0738    % 
UB: 60.80748031496062
branching on CartesianIndex(1, 6) with c.
1497   655    19         47.1106    60.8075    29.0738    % 
UB: 60.80748031496062
branching on CartesianIndex(1, 5) with c.
1498   656    19         47.1106    60.8075    29.0738    % 
UB: 60.80748031496062
branching on CartesianIndex(1, 5) with c.
1499   657    20         47.1106    60.8075    29.0738    % 
LB close or above UB, fathomed
1500   656    20         47.1106    60.8075    29.0738    % 
UB: 60.80748031496062
branching on CartesianIndex(1, 6) with c.
1501   657    21         47.1106    60.8075    29.0738    % 
LB close or above UB, fathomed
1502   656    21         47.1106    60.8075    29.0738    % 
UB: 60.80748031496062
branching on CartesianIndex(1, 7) with c.
1503   657    17         47.1106    60.8075    29.0738    % 
LB close or above UB, fathomed
1504   656    17         47.1106    60.8075    29.0738    % 
UB: 60.80748031496062
branching on CartesianIndex(2, 3) with a.
1505   657    18         47.1106    60.8075    29.0738    % 
LB close or above UB, fathomed
1506   656    18         47.1106    60.8075    29.0738    % 
UB: 60.80748031496062
branching on CartesianIndex(1, 4) with c.
1507   657    17         47.1106    60.8075    29.0738    % 
UB: 60.80748031496062
branching on CartesianIndex(2, 3) with a.
1508   658    18         47.1106    60.8075    29.0738    % 
UB: 60.80748031496062
branching on CartesianIndex(3, 3) with a.
1509   659    19         47.1106    60.8075    29.0738    % 
UB: 60.80748031496062
branching on CartesianIndex(4, 3) with a.
1510   660    19         47.1106    60.8075    29.0738    % 
UB: 60.80748031496062
branching on CartesianIndex(1, 4) with c.
1511   661    18         47.1106    60.8075    29.0738    % 
LB close or above UB, fathomed
1512   660    17         47.1106    60.8075    29.0738    % 
LB close or above UB, fathomed
1513   659    17         47.1106    60.8075    29.0738    % 
UB: 60.80748031496062
branching on 2 with b.
1514   660    18         47.1106    60.8075    29.0738    % 
UB: 60.80748031496062
branching on CartesianIndex(3, 3) with a.
1515   661    19         47.1106    60.8075    29.0738    % 
UB: 60.80748031496062
branching on CartesianIndex(4, 3) with a.
1516   662    19         47.1106    60.8075    29.0738    % 
UB: 60.80748031496062
branching on CartesianIndex(1, 4) with c.
1517   663    18         47.1106    60.8075    29.0738    % 
UB: 60.80748031496062
branching on CartesianIndex(3, 3) with a.
1518   664    17         47.1106    60.8075    29.0738    % 
LB close or above UB, fathomed
1519   663    16         47.1106    60.8075    29.0738    % 
UB: 60.80748031496062
branching on CartesianIndex(1, 3) with a.
1520   664    16         47.1106    60.8075    29.0738    % 
UB: 60.80748031496062
branching on 1 with b.
1521   665    26         47.1106    60.8075    29.0738    % 
UB: 60.80748031496062
branching on 1 with b.
1522   666    27         47.1106    60.8075    29.0738    % 
UB: 60.80748031496062
branching on 2 with b.
1523   667    27         47.1106    60.8075    29.0738    % 
UB: 60.80748031496062
branching on 2 with b.
1524   668    26         47.1106    60.8075    29.0738    % 
LB close or above UB, fathomed
1525   667    21         47.1106    60.8075    29.0738    % 
LB close or above UB, fathomed
1526   666    21         47.1106    60.8075    29.0738    % 
UB: 60.80748031496062
branching on CartesianIndex(1, 4) with c.
1527   667    22         47.1106    60.8075    29.0738    % 
UB: 60.80748031496062
branching on 1 with b.
1528   668    23         47.1106    60.8075    29.0738    % 
LB close or above UB, fathomed
1529   667    23         47.1106    60.8075    29.0738    % 
UB: 60.80748031496062
branching on 2 with b.
1530   668    24         47.1106    60.8075    29.0738    % 
UB: 60.80748031496062
branching on 3 with b.
1531   669    25         47.1106    60.8075    29.0738    % 
UB: 60.80748031496062
branching on 1 with b.
1532   670    25         47.1106    60.8075    29.0738    % 
UB: 60.80748031496062
branching on 1 with b.
1533   671    24         47.1106    60.8075    29.0738    % 
UB: 60.80748031496062
branching on 3 with b.
1534   672    25         47.1106    60.8075    29.0738    % 
UB: 60.80748031496062
branching on 1 with b.
1535   673    25         47.1106    60.8075    29.0738    % 
UB: 60.80748031496062
branching on 1 with b.
1536   674    22         47.1106    60.8075    29.0738    % 
LB close or above UB, fathomed
1537   673    24         47.1106    60.8075    29.0738    % 
LB close or above UB, fathomed
1538   672    24         47.1106    60.8075    29.0738    % 
UB: 60.80748031496062
branching on 2 with b.
1539   673    25         47.1106    60.8075    29.0738    % 
UB: 60.80748031496062
branching on CartesianIndex(1, 7) with c.
1540   674    25         47.1106    60.8075    29.0738    % 
UB: 60.80748031496062
branching on 3 with b.
1541   675    26         47.1106    60.8075    29.0738    % 
UB: 60.80748031496062
branching on 1 with b.
1542   676    26         47.1106    60.8075    29.0738    % 
UB: 60.80748031496062
branching on 1 with b.
1543   677    36         47.1106    60.8075    29.0738    % 
UB: 60.80748031496062
branching on 2 with b.
1544   678    37         47.1106    60.8075    29.0738    % 
UB: 58.850787401574806
branching on 3 with b.
1545   679    37         47.1106    58.8508    24.9204    % 
UB: 58.850787401574806
branching on 3 with b.
1546   620    36         47.1106    58.8508    24.9204    % 
UB: 58.850787401574806
branching on 2 with b.
1547   621    21         47.1106    58.8508    24.9204    % 
UB: 58.850787401574806
branching on CartesianIndex(1, 6) with c.
1548   622    21         47.1106    58.8508    24.9204    % 
UB: 58.850787401574806
branching on CartesianIndex(1, 6) with c.
1549   623    22         47.1106    58.8508    24.9204    % 
LB close or above UB, fathomed
1550   622    22         47.1106    58.8508    24.9204    % 
UB: 58.850787401574806
branching on CartesianIndex(1, 7) with c.
1551   623    23         47.1106    58.8508    24.9204    % 
UB: 58.850787401574806
branching on 3 with b.
1552   624    24         47.1106    58.8508    24.9204    % 
LB close or above UB, fathomed
1553   623    24         47.1106    58.8508    24.9204    % 
UB: 58.850787401574806
branching on 1 with b.
1554   624    25         47.1106    58.8508    24.9204    % 
LB close or above UB, fathomed
1555   623    25         47.1106    58.8508    24.9204    % 
UB: 58.850787401574806
branching on 2 with b.
1556   624    26         47.1106    58.8508    24.9204    % 
UB: 58.850787401574806
branching on 3 with b.
1557   625    27         47.1106    58.8508    24.9204    % 
UB: 58.850787401574806
branching on 1 with b.
1558   626    27         47.1106    58.8508    24.9204    % 
UB: 58.850787401574806
branching on 1 with b.
1559   627    26         47.1106    58.8508    24.9204    % 
UB: 58.850787401574806
branching on 3 with b.
1560   628    27         47.1106    58.8508    24.9204    % 
UB: 58.850787401574806
branching on 1 with b.
1561   629    27         47.1106    58.8508    24.9204    % 
UB: 58.850787401574806
branching on 1 with b.
1562   630    23         47.1106    58.8508    24.9204    % 
LB close or above UB, fathomed
1563   629    33         47.1106    58.8508    24.9204    % 
UB: 58.850787401574806
branching on 2 with b.
1564   630    33         47.1106    58.8508    24.9204    % 
UB: 58.850787401574806
branching on 2 with b.
1565   631    31         47.1106    58.8508    24.9204    % 
UB: 58.850787401574806
branching on 2 with b.
1566   632    31         47.1106    58.8508    24.9204    % 
UB: 58.850787401574806
branching on 2 with b.
1567   633    19         47.1106    58.8508    24.9204    % 
LB close or above UB, fathomed
1568   632    19         47.1106    58.8508    24.9204    % 
UB: 58.850787401574806
branching on CartesianIndex(1, 5) with c.
1569   633    20         47.1106    58.8508    24.9204    % 
UB: 58.850787401574806
branching on 2 with b.
1570   634    21         47.1106    58.8508    24.9204    % 
LB close or above UB, fathomed
1571   633    21         47.1106    58.8508    24.9204    % 
UB: 58.850787401574806
branching on CartesianIndex(1, 6) with c.
1572   634    22         47.1106    58.8508    24.9204    % 
LB close or above UB, fathomed
1573   633    22         47.1106    58.8508    24.9204    % 
UB: 58.850787401574806
branching on CartesianIndex(1, 7) with c.
1574   634    23         47.1106    58.8508    24.9204    % 
UB: 58.850787401574806
branching on 3 with b.
1575   635    24         47.1106    58.8508    24.9204    % 
LB close or above UB, fathomed
1576   634    24         47.1106    58.8508    24.9204    % 
UB: 58.850787401574806
branching on 1 with b.
1577   635    25         47.1106    58.8508    24.9204    % 
UB: 58.850787401574806
branching on 2 with b.
1578   636    25         47.1106    58.8508    24.9204    % 
UB: 58.850787401574806
branching on 2 with b.
1579   637    23         47.1106    58.8508    24.9204    % 
LB close or above UB, fathomed
1580   636    20         47.1106    58.8508    24.9204    % 
LB close or above UB, fathomed
1581   635    23         47.1106    58.8508    24.9204    % 
LB close or above UB, fathomed
1582   634    23         47.1106    58.8508    24.9204    % 
UB: 58.850787401574806
branching on 1 with b.
1583   635    24         47.1106    58.8508    24.9204    % 
LB close or above UB, fathomed
1584   634    24         47.1106    58.8508    24.9204    % 
UB: 58.850787401574806
branching on 2 with b.
1585   635    25         47.1106    58.8508    24.9204    % 
UB: 58.850787401574806
branching on 3 with b.
1586   636    26         47.1106    58.8508    24.9204    % 
UB: 58.850787401574806
branching on 1 with b.
1587   637    26         47.1106    58.8508    24.9204    % 
UB: 58.850787401574806
branching on 1 with b.
1588   638    25         47.1106    58.8508    24.9204    % 
UB: 58.850787401574806
branching on 3 with b.
1589   639    26         47.1106    58.8508    24.9204    % 
UB: 58.850787401574806
branching on 1 with b.
1590   640    26         47.1106    58.8508    24.9204    % 
UB: 58.850787401574806
branching on 1 with b.
1591   641    23         47.1106    58.8508    24.9204    % 
LB close or above UB, fathomed
1592   640    23         47.1106    58.8508    24.9204    % 
UB: 58.850787401574806
branching on 1 with b.
1593   641    24         47.1106    58.8508    24.9204    % 
LB close or above UB, fathomed
1594   640    24         47.1106    58.8508    24.9204    % 
UB: 58.850787401574806
branching on 2 with b.
1595   641    25         47.1106    58.8508    24.9204    % 
UB: 58.850787401574806
branching on 3 with b.
1596   642    25         47.1106    58.8508    24.9204    % 
UB: 58.850787401574806
branching on 3 with b.
1597   643    26         47.1106    58.8508    24.9204    % 
UB: 58.850787401574806
branching on 1 with b.
1598   644    26         47.1106    58.8508    24.9204    % 
UB: 58.850787401574806
branching on 1 with b.
1599   645    23         47.1106    58.8508    24.9204    % 
LB close or above UB, fathomed
1600   644    23         47.1106    58.8508    24.9204    % 
UB: 58.850787401574806
branching on CartesianIndex(1, 7) with c.
1601   645    24         47.1106    58.8508    24.9204    % 
UB: 58.850787401574806
branching on 1 with b.
1602   646    25         47.1106    58.8508    24.9204    % 
LB close or above UB, fathomed
1603   645    25         47.1106    58.8508    24.9204    % 
UB: 58.850787401574806
branching on 2 with b.
1604   646    26         47.1106    58.8508    24.9204    % 
UB: 58.850787401574806
branching on 3 with b.
1605   647    27         47.1106    58.8508    24.9204    % 
UB: 58.850787401574806
branching on 1 with b.
1606   648    27         47.1106    58.8508    24.9204    % 
UB: 58.850787401574806
branching on 1 with b.
1607   649    26         47.1106    58.8508    24.9204    % 
UB: 58.850787401574806
branching on 3 with b.
1608   650    27         47.1106    58.8508    24.9204    % 
UB: 58.850787401574806
branching on 1 with b.
1609   651    27         47.1106    58.8508    24.9204    % 
UB: 58.850787401574806
branching on 1 with b.
1610   652    24         47.1106    58.8508    24.9204    % 
LB close or above UB, fathomed
1611   651    30         47.1106    58.8508    24.9204    % 
UB: 58.850787401574806
branching on 3 with b.
1612   652    30         47.1106    58.8508    24.9204    % 
UB: 58.850787401574806
branching on 3 with b.
1613   653    33         47.1106    58.8508    24.9204    % 
UB: 58.850787401574806
branching on 2 with b.
1614   654    34         47.1106    58.8508    24.9204    % 
UB: 58.850787401574806
branching on 3 with b.
1615   655    35         47.1106    58.8508    24.9204    % 
UB: 58.850787401574806
branching on 1 with b.
1616   656    35         47.1106    58.8508    24.9204    % 
UB: 58.850787401574806
branching on 1 with b.
1617   657    34         47.1106    58.8508    24.9204    % 
LB close or above UB, fathomed
1618   656    33         47.1106    58.8508    24.9204    % 
UB: 58.850787401574806
branching on 2 with b.
1619   657    23         47.1106    58.8508    24.9204    % 
LB close or above UB, fathomed
1620   656    23         47.1106    58.8508    24.9204    % 
UB: 58.850787401574806
branching on 3 with b.
1621   657    24         47.1106    58.8508    24.9204    % 
UB: 58.850787401574806
branching on 1 with b.
1622   658    24         47.1106    58.8508    24.9204    % 
UB: 58.850787401574806
branching on 1 with b.
1623   659    20         47.1106    58.8508    24.9204    % 
UB: 58.850787401574806
branching on 3 with b.
1624   660    20         47.1106    58.8508    24.9204    % 
UB: 58.850787401574806
branching on 3 with b.
1625   661    21         47.1106    58.8508    24.9204    % 
LB close or above UB, fathomed
1626   660    21         47.1106    58.8508    24.9204    % 
UB: 58.850787401574806
branching on 1 with b.
1627   661    22         47.1106    58.8508    24.9204    % 
LB close or above UB, fathomed
1628   660    22         47.1106    58.8508    24.9204    % 
UB: 58.850787401574806
branching on 2 with b.
1629   661    23         47.1106    58.8508    24.9204    % 
UB: 58.850787401574806
branching on 3 with b.
1630   662    24         47.1106    58.8508    24.9204    % 
UB: 58.850787401574806
branching on 1 with b.
1631   663    24         47.1106    58.8508    24.9204    % 
UB: 58.850787401574806
branching on 1 with b.
1632   664    23         47.1106    58.8508    24.9204    % 
UB: 58.850787401574806
branching on 3 with b.
1633   665    24         47.1106    58.8508    24.9204    % 
UB: 58.850787401574806
branching on 1 with b.
1634   666    24         47.1106    58.8508    24.9204    % 
UB: 58.850787401574806
branching on 1 with b.
1635   667    18         47.1106    58.8508    24.9204    % 
LB close or above UB, fathomed
1636   666    18         47.1106    58.8508    24.9204    % 
UB: 58.850787401574806
branching on CartesianIndex(1, 7) with c.
1637   667    19         47.1106    58.8508    24.9204    % 
UB: 58.850787401574806
branching on 2 with b.
1638   668    20         47.1106    58.8508    24.9204    % 
UB: 58.850787401574806
branching on 3 with b.
1639   669    21         47.1106    58.8508    24.9204    % 
LB close or above UB, fathomed
1640   668    21         47.1106    58.8508    24.9204    % 
UB: 58.850787401574806
branching on 1 with b.
1641   669    22         47.1106    58.8508    24.9204    % 
LB close or above UB, fathomed
1642   668    22         47.1106    58.8508    24.9204    % 
UB: 58.850787401574806
branching on 2 with b.
1643   669    23         47.1106    58.8508    24.9204    % 
UB: 58.850787401574806
branching on 3 with b.
1644   670    24         47.1106    58.8508    24.9204    % 
UB: 58.850787401574806
branching on 1 with b.
1645   671    24         47.1106    58.8508    24.9204    % 
UB: 58.850787401574806
branching on 1 with b.
1646   672    23         47.1106    58.8508    24.9204    % 
UB: 58.850787401574806
branching on 3 with b.
1647   673    24         47.1106    58.8508    24.9204    % 
UB: 58.850787401574806
branching on 1 with b.
1648   674    24         47.1106    58.8508    24.9204    % 
UB: 58.850787401574806
branching on 1 with b.
1649   675    20         47.1106    58.8508    24.9204    % 
UB: 58.850787401574806
branching on 3 with b.
1650   676    19         47.1106    58.8508    24.9204    % 
LB close or above UB, fathomed
1651   675    19         47.1106    58.8508    24.9204    % 
UB: 58.850787401574806
branching on CartesianIndex(1, 6) with c.
1652   676    20         47.1106    58.8508    24.9204    % 
LB close or above UB, fathomed
1653   675    20         47.1106    58.8508    24.9204    % 
UB: 58.850787401574806
branching on CartesianIndex(1, 7) with c.
1654   676    21         47.1106    58.8508    24.9204    % 
UB: 58.850787401574806
branching on 3 with b.
1655   677    21         47.1106    58.8508    24.9204    % 
LB close or above UB, fathomed
1656   676    19         47.1106    58.8508    24.9204    % 
UB: 58.850787401574806
branching on 3 with b.
1657   677    20         47.1106    58.8508    24.9204    % 
LB close or above UB, fathomed
1658   676    20         47.1106    58.8508    24.9204    % 
UB: 58.850787401574806
branching on CartesianIndex(1, 6) with c.
1659   677    21         47.1106    58.8508    24.9204    % 
LB close or above UB, fathomed
1660   676    21         47.1106    58.8508    24.9204    % 
UB: 58.850787401574806
branching on CartesianIndex(1, 7) with c.
1661   677    22         47.1106    58.8508    24.9204    % 
UB: 58.850787401574806
branching on 1 with b.
1662   678    22         47.1106    58.8508    24.9204    % 
LB close or above UB, fathomed
1663   677    20         47.1106    58.8508    24.9204    % 
UB: 58.850787401574806
branching on 2 with b.
1664   678    20         47.1106    58.8508    24.9204    % 
LB close or above UB, fathomed
1665   677    25         47.1106    58.8508    24.9204    % 
UB: 58.850787401574806
branching on 1 with b.
1666   678    25         47.1106    58.8508    24.9204    % 
UB: 58.850787401574806
branching on 1 with b.
1667   679    13         47.1106    58.8508    24.9204    % 
UB: 58.850787401574806
branching on CartesianIndex(1, 5) with c.
1668   680    14         47.1106    58.8508    24.9204    % 
LB close or above UB, fathomed
1669   679    14         47.1106    58.8508    24.9204    % 
UB: 58.850787401574806
branching on 1 with b.
1670   680    13         47.1106    58.8508    24.9204    % 
UB: 58.850787401574806
branching on 1 with b.
1671   681    14         47.1106    58.8508    24.9204    % 
UB: 58.850787401574806
branching on CartesianIndex(1, 5) with c.
1672   682    14         47.1106    58.8508    24.9204    % 
UB: 58.850787401574806
branching on 2 with b.
1673   683    19         47.1106    58.8508    24.9204    % 
UB: 58.850787401574806
branching on CartesianIndex(1, 5) with c.
1674   684    20         47.1106    58.8508    24.9204    % 
LB close or above UB, fathomed
1675   683    20         47.1106    58.8508    24.9204    % 
UB: 58.850787401574806
branching on 1 with b.
1676   684    21         47.1106    58.8508    24.9204    % 
UB: 58.850787401574806
branching on CartesianIndex(1, 6) with c.
1677   685    21         47.1106    58.8508    24.9204    % 
LB close or above UB, fathomed
1678   684    19         47.1106    58.8508    24.9204    % 
UB: 58.850787401574806
branching on CartesianIndex(1, 5) with c.
1679   685    20         47.1106    58.8508    24.9204    % 
LB close or above UB, fathomed
1680   684    20         47.1106    58.8508    24.9204    % 
UB: 58.850787401574806
branching on CartesianIndex(1, 7) with c.
1681   685    21         47.1106    58.8508    24.9204    % 
UB: 58.850787401574806
branching on 3 with b.
1682   686    22         47.1106    58.8508    24.9204    % 
LB close or above UB, fathomed
1683   685    22         47.1106    58.8508    24.9204    % 
UB: 58.850787401574806
branching on 1 with b.
1684   686    23         47.1106    58.8508    24.9204    % 
LB close or above UB, fathomed
1685   685    23         47.1106    58.8508    24.9204    % 
UB: 58.850787401574806
branching on 2 with b.
1686   686    24         47.1106    58.8508    24.9204    % 
UB: 58.850787401574806
branching on 3 with b.
1687   687    25         47.1106    58.8508    24.9204    % 
UB: 58.850787401574806
branching on 1 with b.
1688   688    25         47.1106    58.8508    24.9204    % 
UB: 58.850787401574806
branching on 1 with b.
1689   689    24         47.1106    58.8508    24.9204    % 
UB: 58.850787401574806
branching on 3 with b.
1690   690    25         47.1106    58.8508    24.9204    % 
UB: 58.850787401574806
branching on 1 with b.
1691   691    25         47.1106    58.8508    24.9204    % 
UB: 58.850787401574806
branching on 1 with b.
1692   692    21         47.1106    58.8508    24.9204    % 
LB close or above UB, fathomed
1693   691    26         47.1106    58.8508    24.9204    % 
UB: 58.850787401574806
branching on 1 with b.
1694   692    26         47.1106    58.8508    24.9204    % 
UB: 58.850787401574806
branching on 1 with b.
1695   693    30         47.1106    58.8508    24.9204    % 
UB: 58.850787401574806
branching on 1 with b.
1696   694    30         47.1106    58.8508    24.9204    % 
LB close or above UB, fathomed
1697   693    32         47.1106    58.8508    24.9204    % 
UB: 58.850787401574806
branching on 3 with b.
1698   694    33         47.1106    58.8508    24.9204    % 
UB: 58.850787401574806
branching on 1 with b.
1699   695    34         47.1106    58.8508    24.9204    % 
UB: 58.850787401574806
branching on 2 with b.
1700   696    35         47.1106    58.8508    24.9204    % 
UB: 58.850787401574806
branching on 3 with b.
1701   697    35         47.1106    58.8508    24.9204    % 
UB: 58.850787401574806
branching on 3 with b.
1702   698    34         47.1106    58.8508    24.9204    % 
UB: 58.850787401574806
branching on 2 with b.
1703   699    33         47.1106    58.8508    24.9204    % 
UB: 56.89409448818897
branching on 1 with b.
1704   700    32         47.1106    56.8941    20.7670    % 
LB close or above UB, fathomed
1705   621    32         47.1106    56.8941    20.7670    % 
UB: 56.89409448818897
branching on 3 with b.
1706   622    33         47.1106    56.8941    20.7670    % 
UB: 56.89409448818897
branching on 1 with b.
1707   623    34         47.1106    56.8941    20.7670    % 
UB: 56.89409448818897
branching on 2 with b.
1708   624    34         47.1106    56.8941    20.7670    % 
UB: 56.89409448818897
branching on 2 with b.
1709   625    35         47.1106    56.8941    20.7670    % 
UB: 56.89409448818897
branching on 3 with b.
1710   626    35         47.1106    56.8941    20.7670    % 
UB: 56.89409448818897
branching on 3 with b.
1711   627    33         47.1106    56.8941    20.7670    % 
UB: 56.89409448818897
branching on 1 with b.
1712   628    32         47.1106    56.8941    20.7670    % 
LB close or above UB, fathomed
1713   627    33         47.1106    56.8941    20.7670    % 
UB: 56.89409448818897
branching on 2 with b.
1714   628    33         47.1106    56.8941    20.7670    % 
UB: 56.89409448818897
branching on 2 with b.
1715   629    33         47.1106    56.8941    20.7670    % 
UB: 56.89409448818897
branching on 2 with b.
1716   630    33         47.1106    56.8941    20.7670    % 
UB: 56.89409448818897
branching on 2 with b.
1717   631    22         47.1106    56.8941    20.7670    % 
UB: 56.89409448818897
branching on 3 with b.
1718   632    23         47.1106    56.8941    20.7670    % 
LB close or above UB, fathomed
1719   631    23         47.1106    56.8941    20.7670    % 
UB: 56.89409448818897
branching on 1 with b.
1720   632    24         47.1106    56.8941    20.7670    % 
UB: 56.89409448818897
branching on 2 with b.
1721   633    24         47.1106    56.8941    20.7670    % 
LB close or above UB, fathomed
1722   632    22         47.1106    56.8941    20.7670    % 
UB: 56.89409448818897
branching on 3 with b.
1723   633    13         47.1106    56.8941    20.7670    % 
UB: 56.89409448818897
branching on CartesianIndex(4, 2) with a.
1724   634    13         47.1106    56.8941    20.7670    % 
LB close or above UB, fathomed
1725   633    25         47.1106    56.8941    20.7670    % 
UB: 56.89409448818897
branching on 1 with b.
1726   634    25         47.1106    56.8941    20.7670    % 
LB close or above UB, fathomed
1727   633    17         47.1106    56.8941    20.7670    % 
UB: 56.89409448818897
branching on 2 with b.
1728   634    17         47.1106    56.8941    20.7670    % 
UB: 56.89409448818897
branching on 2 with b.
1729   635    18         47.1106    56.8941    20.7670    % 
UB: 56.89409448818897
branching on 3 with b.
1730   636    18         47.1106    56.8941    20.7670    % 
UB: 56.89409448818897
branching on CartesianIndex(1, 5) with c.
1731   637    19         47.1106    56.8941    20.7670    % 
LB close or above UB, fathomed
1732   636    19         47.1106    56.8941    20.7670    % 
UB: 56.89409448818897
branching on CartesianIndex(1, 6) with c.
1733   637    33         47.1106    56.8941    20.7670    % 
UB: 56.89409448818897
branching on 2 with b.
1734   638    33         47.1106    56.8941    20.7670    % 
UB: 56.89409448818897
branching on 2 with b.
1735   639    20         47.1106    56.8941    20.7670    % 
UB: 56.89409448818897
branching on 3 with b.
1736   640    21         47.1106    56.8941    20.7670    % 
LB close or above UB, fathomed
1737   639    21         47.1106    56.8941    20.7670    % 
UB: 56.89409448818897
branching on 1 with b.
1738   640    22         47.1106    56.8941    20.7670    % 
LB close or above UB, fathomed
1739   639    22         47.1106    56.8941    20.7670    % 
UB: 56.89409448818897
branching on 2 with b.
1740   640    23         47.1106    56.8941    20.7670    % 
LB close or above UB, fathomed
1741   639    23         47.1106    56.8941    20.7670    % 
UB: 56.89409448818897
branching on 3 with b.
1742   640    24         47.1106    56.8941    20.7670    % 
LB close or above UB, fathomed
1743   639    24         47.1106    56.8941    20.7670    % 
UB: 56.89409448818897
branching on 1 with b.
1744   640    25         47.1106    56.8941    20.7670    % 
UB: 56.89409448818897
branching on 2 with b.
1745   641    25         47.1106    56.8941    20.7670    % 
LB close or above UB, fathomed
1746   640    20         47.1106    56.8941    20.7670    % 
LB close or above UB, fathomed
1747   639    14         47.1106    56.8941    20.7670    % 
LB close or above UB, fathomed
1748   638    14         47.1106    56.8941    20.7670    % 
LB close or above UB, fathomed
1749   637    20         47.1106    56.8941    20.7670    % 
LB close or above UB, fathomed
1750   636    20         47.1106    56.8941    20.7670    % 
UB: 56.89409448818897
branching on 3 with b.
1751   637    21         47.1106    56.8941    20.7670    % 
LB close or above UB, fathomed
1752   636    21         47.1106    56.8941    20.7670    % 
UB: 56.89409448818897
branching on CartesianIndex(1, 5) with c.
1753   637    22         47.1106    56.8941    20.7670    % 
LB close or above UB, fathomed
1754   636    22         47.1106    56.8941    20.7670    % 
UB: 56.89409448818897
branching on CartesianIndex(1, 6) with c.
1755   637    23         47.1106    56.8941    20.7670    % 
LB close or above UB, fathomed
1756   636    23         47.1106    56.8941    20.7670    % 
UB: 56.89409448818897
branching on CartesianIndex(1, 7) with c.
1757   637    24         47.1106    56.8941    20.7670    % 
UB: 56.89409448818897
branching on 1 with b.
1758   638    25         47.1106    56.8941    20.7670    % 
LB close or above UB, fathomed
1759   637    25         47.1106    56.8941    20.7670    % 
UB: 56.89409448818897
branching on 2 with b.
1760   638    26         47.1106    56.8941    20.7670    % 
UB: 56.89409448818897
branching on 3 with b.
1761   639    27         47.1106    56.8941    20.7670    % 
LB close or above UB, fathomed
1762   638    27         47.1106    56.8941    20.7670    % 
UB: 56.89409448818897
branching on 1 with b.
1763   639    26         47.1106    56.8941    20.7670    % 
UB: 56.89409448818897
branching on 3 with b.
1764   640    27         47.1106    56.8941    20.7670    % 
LB close or above UB, fathomed
1765   639    27         47.1106    56.8941    20.7670    % 
UB: 56.89409448818897
branching on 1 with b.
1766   640    24         47.1106    56.8941    20.7670    % 
LB close or above UB, fathomed
1767   639    13         47.1106    56.8941    20.7670    % 
UB: 56.89409448818897
branching on CartesianIndex(1, 3) with a.
1768   640    13         47.1106    56.8941    20.7670    % 
UB: 56.89409448818897
branching on CartesianIndex(1, 3) with a.
1769   641    14         47.1106    56.8941    20.7670    % 
UB: 56.89409448818897
branching on CartesianIndex(2, 3) with a.
1770   642    14         47.1106    56.8941    20.7670    % 
LB close or above UB, fathomed
1771   641    20         47.1106    56.8941    20.7670    % 
UB: 56.89409448818897
branching on CartesianIndex(1, 5) with c.
1772   642    21         47.1106    56.8941    20.7670    % 
LB close or above UB, fathomed
1773   641    21         47.1106    56.8941    20.7670    % 
UB: 56.89409448818897
branching on CartesianIndex(1, 6) with c.
1774   642    22         47.1106    56.8941    20.7670    % 
LB close or above UB, fathomed
1775   641    22         47.1106    56.8941    20.7670    % 
UB: 56.89409448818897
branching on CartesianIndex(1, 7) with c.
1776   642    23         47.1106    56.8941    20.7670    % 
UB: 56.89409448818897
branching on 1 with b.
1777   643    24         47.1106    56.8941    20.7670    % 
LB close or above UB, fathomed
1778   642    24         47.1106    56.8941    20.7670    % 
UB: 56.89409448818897
branching on 2 with b.
1779   643    25         47.1106    56.8941    20.7670    % 
UB: 56.89409448818897
branching on 3 with b.
1780   644    26         47.1106    56.8941    20.7670    % 
LB close or above UB, fathomed
1781   643    26         47.1106    56.8941    20.7670    % 
UB: 56.89409448818897
branching on 1 with b.
1782   644    25         47.1106    56.8941    20.7670    % 
LB close or above UB, fathomed
1783   643    23         47.1106    56.8941    20.7670    % 
LB close or above UB, fathomed
1784   642    20         47.1106    56.8941    20.7670    % 
UB: 56.89409448818897
branching on CartesianIndex(1, 5) with c.
1785   643    21         47.1106    56.8941    20.7670    % 
LB close or above UB, fathomed
1786   642    21         47.1106    56.8941    20.7670    % 
UB: 56.89409448818897
branching on 1 with b.
1787   643    22         47.1106    56.8941    20.7670    % 
LB close or above UB, fathomed
1788   642    22         47.1106    56.8941    20.7670    % 
UB: 56.89409448818897
branching on CartesianIndex(1, 6) with c.
1789   643    23         47.1106    56.8941    20.7670    % 
LB close or above UB, fathomed
1790   642    23         47.1106    56.8941    20.7670    % 
UB: 56.89409448818897
branching on CartesianIndex(1, 7) with c.
1791   643    24         47.1106    56.8941    20.7670    % 
UB: 56.89409448818897
branching on 2 with b.
1792   644    25         47.1106    56.8941    20.7670    % 
UB: 56.89409448818897
branching on 3 with b.
1793   645    26         47.1106    56.8941    20.7670    % 
LB close or above UB, fathomed
1794   644    26         47.1106    56.8941    20.7670    % 
UB: 56.89409448818897
branching on 1 with b.
1795   645    25         47.1106    56.8941    20.7670    % 
UB: 56.89409448818897
branching on 3 with b.
1796   646    26         47.1106    56.8941    20.7670    % 
LB close or above UB, fathomed
1797   645    26         47.1106    56.8941    20.7670    % 
UB: 56.89409448818897
branching on 1 with b.
1798   646    24         47.1106    56.8941    20.7670    % 
LB close or above UB, fathomed
1799   645    19         47.1106    56.8941    20.7670    % 
LB close or above UB, fathomed
1800   644    19         47.1106    56.8941    20.7670    % 
UB: 56.89409448818897
branching on 3 with b.
1801   645    20         47.1106    56.8941    20.7670    % 
LB close or above UB, fathomed
1802   644    20         47.1106    56.8941    20.7670    % 
UB: 56.89409448818897
branching on CartesianIndex(1, 5) with c.
1803   645    21         47.1106    56.8941    20.7670    % 
LB close or above UB, fathomed
1804   644    21         47.1106    56.8941    20.7670    % 
UB: 56.89409448818897
branching on CartesianIndex(1, 6) with c.
1805   645    22         47.1106    56.8941    20.7670    % 
LB close or above UB, fathomed
1806   644    22         47.1106    56.8941    20.7670    % 
UB: 56.89409448818897
branching on CartesianIndex(1, 7) with c.
1807   645    23         47.1106    56.8941    20.7670    % 
UB: 56.89409448818897
branching on 1 with b.
1808   646    24         47.1106    56.8941    20.7670    % 
LB close or above UB, fathomed
1809   645    24         47.1106    56.8941    20.7670    % 
UB: 56.89409448818897
branching on 2 with b.
1810   646    25         47.1106    56.8941    20.7670    % 
UB: 56.89409448818897
branching on 3 with b.
1811   647    26         47.1106    56.8941    20.7670    % 
LB close or above UB, fathomed
1812   646    26         47.1106    56.8941    20.7670    % 
UB: 56.89409448818897
branching on 1 with b.
1813   647    25         47.1106    56.8941    20.7670    % 
UB: 56.89409448818897
branching on 3 with b.
1814   648    26         47.1106    56.8941    20.7670    % 
LB close or above UB, fathomed
1815   647    26         47.1106    56.8941    20.7670    % 
UB: 56.89409448818897
branching on 1 with b.
1816   648    23         47.1106    56.8941    20.7670    % 
LB close or above UB, fathomed
1817   647    19         47.1106    56.8941    20.7670    % 
UB: 56.89409448818897
branching on CartesianIndex(1, 5) with c.
1818   648    19         47.1106    56.8941    20.7670    % 
UB: 56.89409448818897
branching on CartesianIndex(1, 5) with c.
1819   649    20         47.1106    56.8941    20.7670    % 
UB: 56.89409448818897
branching on CartesianIndex(1, 6) with c.
1820   650    20         47.1106    56.8941    20.7670    % 
UB: 56.89409448818897
branching on CartesianIndex(1, 6) with c.
1821   651    19         47.1106    56.8941    20.7670    % 
LB close or above UB, fathomed
1822   650    19         47.1106    56.8941    20.7670    % 
UB: 56.89409448818897
branching on 2 with b.
1823   651    20         47.1106    56.8941    20.7670    % 
LB close or above UB, fathomed
1824   650    20         47.1106    56.8941    20.7670    % 
UB: 56.89409448818897
branching on CartesianIndex(1, 4) with c.
1825   651    21         47.1106    56.8941    20.7670    % 
LB close or above UB, fathomed
1826   650    21         47.1106    56.8941    20.7670    % 
UB: 56.89409448818897
branching on CartesianIndex(1, 5) with c.
1827   651    22         47.1106    56.8941    20.7670    % 
UB: 56.89409448818897
branching on CartesianIndex(1, 6) with c.
1828   652    22         47.1106    56.8941    20.7670    % 
LB close or above UB, fathomed
1829   651    20         47.1106    56.8941    20.7670    % 
UB: 56.89409448818897
branching on CartesianIndex(1, 6) with c.
1830   652    21         47.1106    56.8941    20.7670    % 
LB close or above UB, fathomed
1831   651    21         47.1106    56.8941    20.7670    % 
UB: 56.89409448818897
branching on CartesianIndex(1, 7) with c.
1832   652    22         47.1106    56.8941    20.7670    % 
UB: 56.89409448818897
branching on 2 with b.
1833   653    23         47.1106    56.8941    20.7670    % 
UB: 56.89409448818897
branching on 3 with b.
1834   654    24         47.1106    56.8941    20.7670    % 
LB close or above UB, fathomed
1835   653    24         47.1106    56.8941    20.7670    % 
UB: 56.89409448818897
branching on 1 with b.
1836   654    25         47.1106    56.8941    20.7670    % 
LB close or above UB, fathomed
1837   653    25         47.1106    56.8941    20.7670    % 
UB: 56.89409448818897
branching on 2 with b.
1838   654    26         47.1106    56.8941    20.7670    % 
UB: 56.89409448818897
branching on 3 with b.
1839   655    26         47.1106    56.8941    20.7670    % 
UB: 56.89409448818897
branching on 3 with b.
1840   656    27         47.1106    56.8941    20.7670    % 
LB close or above UB, fathomed
1841   655    27         47.1106    56.8941    20.7670    % 
UB: 56.89409448818897
branching on 1 with b.
1842   656    23         47.1106    56.8941    20.7670    % 
UB: 56.89409448818897
branching on 3 with b.
1843   657    24         47.1106    56.8941    20.7670    % 
LB close or above UB, fathomed
1844   656    24         47.1106    56.8941    20.7670    % 
UB: 56.89409448818897
branching on 1 with b.
1845   657    25         47.1106    56.8941    20.7670    % 
LB close or above UB, fathomed
1846   656    25         47.1106    56.8941    20.7670    % 
UB: 56.89409448818897
branching on 2 with b.
1847   657    26         47.1106    56.8941    20.7670    % 
UB: 56.89409448818897
branching on 3 with b.
1848   658    27         47.1106    56.8941    20.7670    % 
LB close or above UB, fathomed
1849   657    27         47.1106    56.8941    20.7670    % 
UB: 56.89409448818897
branching on 1 with b.
1850   658    26         47.1106    56.8941    20.7670    % 
UB: 56.89409448818897
branching on 3 with b.
1851   659    27         47.1106    56.8941    20.7670    % 
LB close or above UB, fathomed
1852   658    27         47.1106    56.8941    20.7670    % 
UB: 56.89409448818897
branching on 1 with b.
1853   659    22         47.1106    56.8941    20.7670    % 
LB close or above UB, fathomed
1854   658    20         47.1106    56.8941    20.7670    % 
UB: 56.89409448818897
branching on CartesianIndex(1, 6) with c.
1855   659    21         47.1106    56.8941    20.7670    % 
LB close or above UB, fathomed
1856   658    21         47.1106    56.8941    20.7670    % 
UB: 56.89409448818897
branching on CartesianIndex(1, 7) with c.
1857   659    22         47.1106    56.8941    20.7670    % 
UB: 56.89409448818897
branching on 2 with b.
1858   660    23         47.1106    56.8941    20.7670    % 
UB: 56.89409448818897
branching on 3 with b.
1859   661    24         47.1106    56.8941    20.7670    % 
LB close or above UB, fathomed
1860   660    24         47.1106    56.8941    20.7670    % 
UB: 56.89409448818897
branching on 1 with b.
1861   661    25         47.1106    56.8941    20.7670    % 
LB close or above UB, fathomed
1862   660    25         47.1106    56.8941    20.7670    % 
UB: 56.89409448818897
branching on 2 with b.
1863   661    26         47.1106    56.8941    20.7670    % 
UB: 56.89409448818897
branching on 3 with b.
1864   662    27         47.1106    56.8941    20.7670    % 
LB close or above UB, fathomed
1865   661    27         47.1106    56.8941    20.7670    % 
UB: 56.89409448818897
branching on 1 with b.
1866   662    26         47.1106    56.8941    20.7670    % 
UB: 56.89409448818897
branching on 3 with b.
1867   663    27         47.1106    56.8941    20.7670    % 
LB close or above UB, fathomed
1868   662    27         47.1106    56.8941    20.7670    % 
UB: 56.89409448818897
branching on 1 with b.
1869   663    23         47.1106    56.8941    20.7670    % 
UB: 56.89409448818897
branching on 3 with b.
1870   664    24         47.1106    56.8941    20.7670    % 
LB close or above UB, fathomed
1871   663    24         47.1106    56.8941    20.7670    % 
UB: 56.89409448818897
branching on 1 with b.
1872   664    25         47.1106    56.8941    20.7670    % 
LB close or above UB, fathomed
1873   663    25         47.1106    56.8941    20.7670    % 
UB: 56.89409448818897
branching on 2 with b.
1874   664    26         47.1106    56.8941    20.7670    % 
UB: 56.89409448818897
branching on 3 with b.
1875   665    27         47.1106    56.8941    20.7670    % 
LB close or above UB, fathomed
1876   664    27         47.1106    56.8941    20.7670    % 
UB: 56.89409448818897
branching on 1 with b.
1877   665    26         47.1106    56.8941    20.7670    % 
UB: 56.89409448818897
branching on 3 with b.
1878   666    27         47.1106    56.8941    20.7670    % 
LB close or above UB, fathomed
1879   665    27         47.1106    56.8941    20.7670    % 
UB: 56.89409448818897
branching on 1 with b.
1880   666    22         47.1106    56.8941    20.7670    % 
LB close or above UB, fathomed
1881   665    28         47.1106    56.8941    20.7670    % 
UB: 56.89409448818897
branching on 1 with b.
1882   666    29         47.1106    56.8941    20.7670    % 
UB: 56.89409448818897
branching on 2 with b.
1883   667    29         47.1106    56.8941    20.7670    % 
UB: 56.89409448818897
branching on 2 with b.
1884   668    28         47.1106    56.8941    20.7670    % 
UB: 56.89409448818897
branching on 1 with b.
1885   669    22         47.1106    56.8941    20.7670    % 
UB: 56.89409448818897
branching on 2 with b.
1886   670    23         47.1106    56.8941    20.7670    % 
LB close or above UB, fathomed
1887   669    23         47.1106    56.8941    20.7670    % 
UB: 56.89409448818897
branching on 3 with b.
1888   670    24         47.1106    56.8941    20.7670    % 
LB close or above UB, fathomed
1889   669    24         47.1106    56.8941    20.7670    % 
UB: 56.89409448818897
branching on 1 with b.
1890   670    25         47.1106    56.8941    20.7670    % 
LB close or above UB, fathomed
1891   669    25         47.1106    56.8941    20.7670    % 
UB: 56.89409448818897
branching on 2 with b.
1892   670    22         47.1106    56.8941    20.7670    % 
LB close or above UB, fathomed
1893   669    31         47.1106    56.8941    20.7670    % 
LB close or above UB, fathomed
1894   668    31         47.1106    56.8941    20.7670    % 
UB: 56.89409448818897
branching on 3 with b.
1895   669    32         47.1106    56.8941    20.7670    % 
UB: 56.89409448818897
branching on 1 with b.
1896   670    32         47.1106    56.8941    20.7670    % 
UB: 56.89409448818897
branching on 1 with b.
1897   671    21         47.1106    56.8941    20.7670    % 
LB close or above UB, fathomed
1898   670    21         47.1106    56.8941    20.7670    % 
UB: 56.89409448818897
branching on 2 with b.
1899   671    22         47.1106    56.8941    20.7670    % 
UB: 56.89409448818897
branching on CartesianIndex(1, 5) with c.
1900   672    22         47.1106    56.8941    20.7670    % 
UB: 56.89409448818897
branching on CartesianIndex(1, 5) with c.
1901   673    16         47.1106    56.8941    20.7670    % 
LB close or above UB, fathomed
1902   672    16         47.1106    56.8941    20.7670    % 
UB: 56.89409448818897
branching on CartesianIndex(1, 6) with c.
1903   673    19         47.1106    56.8941    20.7670    % 
LB close or above UB, fathomed
1904   672    19         47.1106    56.8941    20.7670    % 
UB: 56.89409448818897
branching on CartesianIndex(1, 5) with c.
1905   673    20         47.1106    56.8941    20.7670    % 
UB: 56.89409448818897
branching on 2 with b.
1906   674    21         47.1106    56.8941    20.7670    % 
LB close or above UB, fathomed
1907   673    21         47.1106    56.8941    20.7670    % 
UB: 56.89409448818897
branching on CartesianIndex(1, 6) with c.
1908   674    22         47.1106    56.8941    20.7670    % 
LB close or above UB, fathomed
1909   673    22         47.1106    56.8941    20.7670    % 
UB: 56.89409448818897
branching on CartesianIndex(1, 7) with c.
1910   674    23         47.1106    56.8941    20.7670    % 
UB: 56.89409448818897
branching on 3 with b.
1911   675    24         47.1106    56.8941    20.7670    % 
UB: 56.89409448818897
branching on 1 with b.
1912   676    25         47.1106    56.8941    20.7670    % 
UB: 56.89409448818897
branching on 2 with b.
1913   677    26         47.1106    56.8941    20.7670    % 
UB: 56.89409448818897
branching on 3 with b.
1914   678    26         47.1106    56.8941    20.7670    % 
UB: 56.89409448818897
branching on 3 with b.
1915   679    25         47.1106    56.8941    20.7670    % 
UB: 56.89409448818897
branching on 2 with b.
1916   680    24         47.1106    56.8941    20.7670    % 
LB close or above UB, fathomed
1917   679    23         47.1106    56.8941    20.7670    % 
LB close or above UB, fathomed
1918   678    20         47.1106    56.8941    20.7670    % 
LB close or above UB, fathomed
1919   677    12         47.1106    56.8941    20.7670    % 
UB: 56.89409448818897
branching on 3 with b.
1920   678    13         47.1106    56.8941    20.7670    % 
UB: 56.89409448818897
branching on CartesianIndex(2, 2) with a.
1921   679    14         47.1106    56.8941    20.7670    % 
UB: 56.89409448818897
branching on CartesianIndex(3, 2) with a.
1922   680    15         47.1106    56.8941    20.7670    % 
UB: 56.89409448818897
branching on CartesianIndex(4, 2) with a.
1923   681    15         47.1106    56.8941    20.7670    % 
UB: 56.89409448818897
branching on CartesianIndex(1, 3) with a.
1924   682    14         47.1106    56.8941    20.7670    % 
UB: 56.89409448818897
branching on CartesianIndex(1, 3) with a.
1925   683    13         47.1106    56.8941    20.7670    % 
LB close or above UB, fathomed
1926   682    12         47.1106    56.8941    20.7670    % 
UB: 56.89409448818897
branching on 3 with b.
1927   683    17         47.1106    56.8941    20.7670    % 
LB close or above UB, fathomed
1928   682    17         47.1106    56.8941    20.7670    % 
UB: 56.89409448818897
branching on CartesianIndex(1, 7) with c.
1929   683    18         47.1106    56.8941    20.7670    % 
UB: 56.89409448818897
branching on 1 with b.
1930   684    19         47.1106    56.8941    20.7670    % 
UB: 56.89409448818897
branching on 2 with b.
1931   685    20         47.1106    56.8941    20.7670    % 
UB: 56.89409448818897
branching on 3 with b.
1932   686    21         47.1106    56.8941    20.7670    % 
LB close or above UB, fathomed
1933   685    21         47.1106    56.8941    20.7670    % 
UB: 56.89409448818897
branching on 1 with b.
1934   686    22         47.1106    56.8941    20.7670    % 
LB close or above UB, fathomed
1935   685    22         47.1106    56.8941    20.7670    % 
UB: 56.89409448818897
branching on 2 with b.
1936   686    23         47.1106    56.8941    20.7670    % 
UB: 56.89409448818897
branching on 3 with b.
1937   687    24         47.1106    56.8941    20.7670    % 
LB close or above UB, fathomed
1938   686    24         47.1106    56.8941    20.7670    % 
UB: 56.89409448818897
branching on 1 with b.
1939   687    23         47.1106    56.8941    20.7670    % 
LB close or above UB, fathomed
1940   686    20         47.1106    56.8941    20.7670    % 
LB close or above UB, fathomed
1941   685    19         47.1106    56.8941    20.7670    % 
LB close or above UB, fathomed
1942   684    18         47.1106    56.8941    20.7670    % 
LB close or above UB, fathomed
1943   683    21         47.1106    56.8941    20.7670    % 
UB: 56.89409448818897
branching on 3 with b.
1944   684    22         47.1106    56.8941    20.7670    % 
LB close or above UB, fathomed
1945   683    22         47.1106    56.8941    20.7670    % 
UB: 56.89409448818897
branching on 1 with b.
1946   684    23         47.1106    56.8941    20.7670    % 
LB close or above UB, fathomed
1947   683    23         47.1106    56.8941    20.7670    % 
UB: 56.89409448818897
branching on 2 with b.
1948   684    24         47.1106    56.8941    20.7670    % 
UB: 56.89409448818897
branching on 3 with b.
1949   685    25         47.1106    56.8941    20.7670    % 
LB close or above UB, fathomed
1950   684    25         47.1106    56.8941    20.7670    % 
UB: 56.89409448818897
branching on 1 with b.
1951   685    24         47.1106    56.8941    20.7670    % 
UB: 56.89409448818897
branching on 3 with b.
1952   686    25         47.1106    56.8941    20.7670    % 
LB close or above UB, fathomed
1953   685    25         47.1106    56.8941    20.7670    % 
UB: 56.89409448818897
branching on 1 with b.
1954   686    21         47.1106    56.8941    20.7670    % 
UB: 56.89409448818897
branching on 3 with b.
1955   687    22         47.1106    56.8941    20.7670    % 
LB close or above UB, fathomed
1956   686    22         47.1106    56.8941    20.7670    % 
UB: 56.89409448818897
branching on 1 with b.
1957   687    23         47.1106    56.8941    20.7670    % 
LB close or above UB, fathomed
1958   686    23         47.1106    56.8941    20.7670    % 
UB: 56.89409448818897
branching on 2 with b.
1959   687    24         47.1106    56.8941    20.7670    % 
UB: 56.89409448818897
branching on 3 with b.
1960   688    25         47.1106    56.8941    20.7670    % 
LB close or above UB, fathomed
1961   687    25         47.1106    56.8941    20.7670    % 
UB: 56.89409448818897
branching on 1 with b.
1962   688    24         47.1106    56.8941    20.7670    % 
UB: 56.89409448818897
branching on 3 with b.
1963   689    25         47.1106    56.8941    20.7670    % 
LB close or above UB, fathomed
1964   688    25         47.1106    56.8941    20.7670    % 
UB: 56.89409448818897
branching on 1 with b.
1965   689    23         47.1106    56.8941    20.7670    % 
LB close or above UB, fathomed
1966   688    23         47.1106    56.8941    20.7670    % 
UB: 56.89409448818897
branching on 2 with b.
1967   689    24         47.1106    56.8941    20.7670    % 
UB: 56.89409448818897
branching on 3 with b.
1968   690    25         47.1106    56.8941    20.7670    % 
LB close or above UB, fathomed
1969   689    25         47.1106    56.8941    20.7670    % 
UB: 56.89409448818897
branching on 1 with b.
1970   690    24         47.1106    56.8941    20.7670    % 
UB: 56.89409448818897
branching on 3 with b.
1971   691    25         47.1106    56.8941    20.7670    % 
LB close or above UB, fathomed
1972   690    25         47.1106    56.8941    20.7670    % 
UB: 56.89409448818897
branching on 1 with b.
1973   691    22         47.1106    56.8941    20.7670    % 
LB close or above UB, fathomed
1974   690    22         47.1106    56.8941    20.7670    % 
UB: 56.89409448818897
branching on 1 with b.
1975   691    23         47.1106    56.8941    20.7670    % 
LB close or above UB, fathomed
1976   690    23         47.1106    56.8941    20.7670    % 
UB: 56.89409448818897
branching on 2 with b.
1977   691    24         47.1106    56.8941    20.7670    % 
UB: 56.89409448818897
branching on 3 with b.
1978   692    25         47.1106    56.8941    20.7670    % 
LB close or above UB, fathomed
1979   691    25         47.1106    56.8941    20.7670    % 
UB: 56.89409448818897
branching on 1 with b.
1980   692    24         47.1106    56.8941    20.7670    % 
UB: 56.89409448818897
branching on 3 with b.
1981   693    25         47.1106    56.8941    20.7670    % 
LB close or above UB, fathomed
1982   692    25         47.1106    56.8941    20.7670    % 
UB: 56.89409448818897
branching on 1 with b.
1983   693    21         47.1106    56.8941    20.7670    % 
LB close or above UB, fathomed
1984   692    21         47.1106    56.8941    20.7670    % 
UB: 56.89409448818897
branching on 1 with b.
1985   693    22         47.1106    56.8941    20.7670    % 
LB close or above UB, fathomed
1986   692    22         47.1106    56.8941    20.7670    % 
UB: 56.89409448818897
branching on 2 with b.
1987   693    23         47.1106    56.8941    20.7670    % 
UB: 56.89409448818897
branching on 3 with b.
1988   694    24         47.1106    56.8941    20.7670    % 
LB close or above UB, fathomed
1989   693    24         47.1106    56.8941    20.7670    % 
UB: 56.89409448818897
branching on 1 with b.
1990   694    23         47.1106    56.8941    20.7670    % 
UB: 56.89409448818897
branching on 3 with b.
1991   695    24         47.1106    56.8941    20.7670    % 
LB close or above UB, fathomed
1992   694    24         47.1106    56.8941    20.7670    % 
UB: 56.89409448818897
branching on 1 with b.
1993   695    26         47.1106    56.8941    20.7670    % 
UB: 56.89409448818897
branching on 3 with b.
1994   696    27         47.1106    56.8941    20.7670    % 
LB close or above UB, fathomed
1995   695    27         47.1106    56.8941    20.7670    % 
UB: 56.89409448818897
branching on 1 with b.
1996   696    26         47.1106    56.8941    20.7670    % 
LB close or above UB, fathomed
1997   695    20         47.1106    56.8941    20.7670    % 
LB close or above UB, fathomed
1998   694    20         47.1106    56.8941    20.7670    % 
UB: 56.89409448818897
branching on 2 with b.
1999   695    21         47.1106    56.8941    20.7670    % 
UB: 56.89409448818897
branching on 3 with b.
2000   696    22         47.1106    56.8941    20.7670    % 
LB close or above UB, fathomed
2001   695    22         47.1106    56.8941    20.7670    % 
UB: 56.89409448818897
branching on CartesianIndex(1, 7) with c.
2002   696    23         47.1106    56.8941    20.7670    % 
UB: 56.89409448818897
branching on 1 with b.
2003   697    24         47.1106    56.8941    20.7670    % 
LB close or above UB, fathomed
2004   696    24         47.1106    56.8941    20.7670    % 
UB: 56.89409448818897
branching on 2 with b.
2005   697    25         47.1106    56.8941    20.7670    % 
UB: 56.89409448818897
branching on 3 with b.
2006   698    26         47.1106    56.8941    20.7670    % 
LB close or above UB, fathomed
2007   697    26         47.1106    56.8941    20.7670    % 
UB: 56.89409448818897
branching on 1 with b.
2008   698    25         47.1106    56.8941    20.7670    % 
UB: 56.89409448818897
branching on 3 with b.
2009   699    26         47.1106    56.8941    20.7670    % 
LB close or above UB, fathomed
2010   698    26         47.1106    56.8941    20.7670    % 
UB: 56.89409448818897
branching on 1 with b.
2011   699    23         47.1106    56.8941    20.7670    % 
LB close or above UB, fathomed
2012   698    21         47.1106    56.8941    20.7670    % 
UB: 56.89409448818897
branching on CartesianIndex(1, 7) with c.
2013   699    22         47.1106    56.8941    20.7670    % 
UB: 56.89409448818897
branching on 3 with b.
2014   700    23         47.1106    56.8941    20.7670    % 
LB close or above UB, fathomed
2015   699    23         47.1106    56.8941    20.7670    % 
UB: 56.89409448818897
branching on 1 with b.
2016   700    24         47.1106    56.8941    20.7670    % 
LB close or above UB, fathomed
2017   699    24         47.1106    56.8941    20.7670    % 
UB: 56.89409448818897
branching on 2 with b.
2018   700    25         47.1106    56.8941    20.7670    % 
UB: 56.89409448818897
branching on 3 with b.
2019   701    26         47.1106    56.8941    20.7670    % 
LB close or above UB, fathomed
2020   700    26         47.1106    56.8941    20.7670    % 
UB: 56.89409448818897
branching on 1 with b.
2021   701    25         47.1106    56.8941    20.7670    % 
UB: 56.89409448818897
branching on 3 with b.
2022   702    26         47.1106    56.8941    20.7670    % 
LB close or above UB, fathomed
2023   701    26         47.1106    56.8941    20.7670    % 
UB: 56.89409448818897
branching on 1 with b.
2024   702    22         47.1106    56.8941    20.7670    % 
LB close or above UB, fathomed
2025   701    20         47.1106    56.8941    20.7670    % 
UB: 56.89409448818897
branching on 3 with b.
2026   702    21         47.1106    56.8941    20.7670    % 
LB close or above UB, fathomed
2027   701    21         47.1106    56.8941    20.7670    % 
UB: 56.89409448818897
branching on 1 with b.
2028   702    22         47.1106    56.8941    20.7670    % 
LB close or above UB, fathomed
2029   701    22         47.1106    56.8941    20.7670    % 
UB: 56.89409448818897
branching on 2 with b.
2030   702    23         47.1106    56.8941    20.7670    % 
UB: 56.89409448818897
branching on 3 with b.
2031   703    24         47.1106    56.8941    20.7670    % 
LB close or above UB, fathomed
2032   702    24         47.1106    56.8941    20.7670    % 
UB: 56.89409448818897
branching on 1 with b.
2033   703    23         47.1106    56.8941    20.7670    % 
UB: 56.89409448818897
branching on 3 with b.
2034   704    24         47.1106    56.8941    20.7670    % 
LB close or above UB, fathomed
2035   703    24         47.1106    56.8941    20.7670    % 
UB: 56.89409448818897
branching on 1 with b.
2036   704    20         47.1106    56.8941    20.7670    % 
UB: 56.89409448818897
branching on 3 with b.
2037   705    21         47.1106    56.8941    20.7670    % 
LB close or above UB, fathomed
2038   704    21         47.1106    56.8941    20.7670    % 
UB: 56.89409448818897
branching on 1 with b.
2039   705    22         47.1106    56.8941    20.7670    % 
LB close or above UB, fathomed
2040   704    22         47.1106    56.8941    20.7670    % 
UB: 56.89409448818897
branching on 2 with b.
2041   705    23         47.1106    56.8941    20.7670    % 
UB: 56.89409448818897
branching on 3 with b.
2042   706    24         47.1106    56.8941    20.7670    % 
LB close or above UB, fathomed
2043   705    24         47.1106    56.8941    20.7670    % 
UB: 56.89409448818897
branching on 1 with b.
2044   706    23         47.1106    56.8941    20.7670    % 
UB: 56.89409448818897
branching on 3 with b.
2045   707    24         47.1106    56.8941    20.7670    % 
LB close or above UB, fathomed
2046   706    24         47.1106    56.8941    20.7670    % 
UB: 56.89409448818897
branching on 1 with b.
2047   707    14         47.1106    56.8941    20.7670    % 
UB: 56.89409448818897
branching on CartesianIndex(2, 3) with a.
2048   708    15         47.1106    56.8941    20.7670    % 
UB: 56.89409448818897
branching on CartesianIndex(3, 3) with a.
2049   709    15         47.1106    56.8941    20.7670    % 
UB: 56.89409448818897
branching on CartesianIndex(1, 4) with c.
2050   710    14         47.1106    56.8941    20.7670    % 
LB close or above UB, fathomed
2051   709    15         47.1106    56.8941    20.7670    % 
UB: 56.89409448818897
branching on CartesianIndex(4, 2) with a.
2052   710    15         47.1106    56.8941    20.7670    % 
LB close or above UB, fathomed
2053   709    21         47.1106    56.8941    20.7670    % 
LB close or above UB, fathomed
2054   708    21         47.1106    56.8941    20.7670    % 
UB: 56.89409448818897
branching on CartesianIndex(1, 5) with c.
2055   709    22         47.1106    56.8941    20.7670    % 
UB: 56.89409448818897
branching on CartesianIndex(1, 6) with c.
2056   710    22         47.1106    56.8941    20.7670    % 
UB: 56.89409448818897
branching on 1 with b.
2057   711    23         47.1106    56.8941    20.7670    % 
LB close or above UB, fathomed
2058   710    23         47.1106    56.8941    20.7670    % 
UB: 56.89409448818897
branching on 2 with b.
2059   711    24         47.1106    56.8941    20.7670    % 
UB: 56.89409448818897
branching on CartesianIndex(1, 6) with c.
2060   712    25         47.1106    56.8941    20.7670    % 
LB close or above UB, fathomed
2061   711    25         47.1106    56.8941    20.7670    % 
UB: 56.89409448818897
branching on CartesianIndex(1, 7) with c.
2062   712    26         47.1106    56.8941    20.7670    % 
UB: 56.89409448818897
branching on 3 with b.
2063   713    27         47.1106    56.8941    20.7670    % 
LB close or above UB, fathomed
2064   712    27         47.1106    56.8941    20.7670    % 
UB: 56.89409448818897
branching on 1 with b.
2065   713    26         47.1106    56.8941    20.7670    % 
LB close or above UB, fathomed
2066   712    24         47.1106    56.8941    20.7670    % 
UB: 56.89409448818897
branching on CartesianIndex(1, 6) with c.
2067   713    25         47.1106    56.8941    20.7670    % 
LB close or above UB, fathomed
2068   712    25         47.1106    56.8941    20.7670    % 
UB: 56.89409448818897
branching on CartesianIndex(1, 7) with c.
2069   713    26         47.1106    56.8941    20.7670    % 
UB: 56.89409448818897
branching on 3 with b.
2070   714    27         47.1106    56.8941    20.7670    % 
LB close or above UB, fathomed
2071   713    27         47.1106    56.8941    20.7670    % 
UB: 56.89409448818897
branching on 1 with b.
2072   714    26         47.1106    56.8941    20.7670    % 
LB close or above UB, fathomed
2073   713    18         47.1106    56.8941    20.7670    % 
LB close or above UB, fathomed
2074   712    18         47.1106    56.8941    20.7670    % 
UB: 56.89409448818897
branching on CartesianIndex(1, 5) with c.
2075   713    19         47.1106    56.8941    20.7670    % 
UB: 56.89409448818897
branching on 2 with b.
2076   714    20         47.1106    56.8941    20.7670    % 
UB: 56.89409448818897
branching on CartesianIndex(1, 6) with c.
2077   715    21         47.1106    56.8941    20.7670    % 
LB close or above UB, fathomed
2078   714    21         47.1106    56.8941    20.7670    % 
UB: 56.89409448818897
branching on 3 with b.
2079   715    22         47.1106    56.8941    20.7670    % 
LB close or above UB, fathomed
2080   714    22         47.1106    56.8941    20.7670    % 
UB: 56.89409448818897
branching on CartesianIndex(1, 7) with c.
2081   715    23         47.1106    56.8941    20.7670    % 
UB: 56.89409448818897
branching on 1 with b.
2082   716    24         47.1106    56.8941    20.7670    % 
UB: 56.89409448818897
branching on 2 with b.
2083   717    24         47.1106    56.8941    20.7670    % 
LB close or above UB, fathomed
2084   716    23         47.1106    56.8941    20.7670    % 
LB close or above UB, fathomed
2085   715    20         47.1106    56.8941    20.7670    % 
UB: 56.89409448818897
branching on 3 with b.
2086   716    19         47.1106    56.8941    20.7670    % 
UB: 56.89409448818897
branching on CartesianIndex(1, 6) with c.
2087   717    22         47.1106    56.8941    20.7670    % 
LB close or above UB, fathomed
2088   716    22         47.1106    56.8941    20.7670    % 
UB: 56.89409448818897
branching on CartesianIndex(1, 7) with c.
2089   717    23         47.1106    56.8941    20.7670    % 
UB: 56.89409448818897
branching on 2 with b.
2090   718    24         47.1106    56.8941    20.7670    % 
UB: 56.89409448818897
branching on 3 with b.
2091   719    25         47.1106    56.8941    20.7670    % 
LB close or above UB, fathomed
2092   718    25         47.1106    56.8941    20.7670    % 
UB: 56.89409448818897
branching on 1 with b.
2093   719    26         47.1106    56.8941    20.7670    % 
UB: 56.89409448818897
branching on 2 with b.
2094   720    26         47.1106    56.8941    20.7670    % 
LB close or above UB, fathomed
2095   719    24         47.1106    56.8941    20.7670    % 
LB close or above UB, fathomed
2096   718    23         47.1106    56.8941    20.7670    % 
LB close or above UB, fathomed
2097   717    20         47.1106    56.8941    20.7670    % 
LB close or above UB, fathomed
2098   716    20         47.1106    56.8941    20.7670    % 
UB: 56.89409448818897
branching on CartesianIndex(1, 6) with c.
2099   717    21         47.1106    56.8941    20.7670    % 
LB close or above UB, fathomed
2100   716    21         47.1106    56.8941    20.7670    % 
UB: 56.89409448818897
branching on CartesianIndex(1, 7) with c.
2101   717    22         47.1106    56.8941    20.7670    % 
UB: 56.89409448818897
branching on 1 with b.
2102   718    23         47.1106    56.8941    20.7670    % 
LB close or above UB, fathomed
2103   717    23         47.1106    56.8941    20.7670    % 
UB: 56.89409448818897
branching on 2 with b.
2104   718    24         47.1106    56.8941    20.7670    % 
UB: 56.89409448818897
branching on 3 with b.
2105   719    25         47.1106    56.8941    20.7670    % 
LB close or above UB, fathomed
2106   718    25         47.1106    56.8941    20.7670    % 
UB: 56.89409448818897
branching on 1 with b.
2107   719    24         47.1106    56.8941    20.7670    % 
LB close or above UB, fathomed
2108   718    22         47.1106    56.8941    20.7670    % 
LB close or above UB, fathomed
2109   717    23         47.1106    56.8941    20.7670    % 
LB close or above UB, fathomed
2110   716    23         47.1106    56.8941    20.7670    % 
UB: 56.89409448818897
branching on CartesianIndex(1, 6) with c.
2111   717    19         47.1106    56.8941    20.7670    % 
LB close or above UB, fathomed
2112   716    19         47.1106    56.8941    20.7670    % 
UB: 56.89409448818897
branching on CartesianIndex(1, 5) with c.
2113   717    20         47.1106    56.8941    20.7670    % 
UB: 56.89409448818897
branching on 2 with b.
2114   718    21         47.1106    56.8941    20.7670    % 
UB: 56.89409448818897
branching on CartesianIndex(1, 6) with c.
2115   719    22         47.1106    56.8941    20.7670    % 
LB close or above UB, fathomed
2116   718    22         47.1106    56.8941    20.7670    % 
UB: 56.89409448818897
branching on CartesianIndex(1, 7) with c.
2117   719    23         47.1106    56.8941    20.7670    % 
UB: 56.89409448818897
branching on 3 with b.
2118   720    24         47.1106    56.8941    20.7670    % 
LB close or above UB, fathomed
2119   719    24         47.1106    56.8941    20.7670    % 
UB: 56.89409448818897
branching on 1 with b.
2120   720    25         47.1106    56.8941    20.7670    % 
UB: 56.89409448818897
branching on 2 with b.
2121   721    25         47.1106    56.8941    20.7670    % 
LB close or above UB, fathomed
2122   720    23         47.1106    56.8941    20.7670    % 
LB close or above UB, fathomed
2123   719    21         47.1106    56.8941    20.7670    % 
UB: 56.89409448818897
branching on CartesianIndex(1, 6) with c.
2124   720    20         47.1106    56.8941    20.7670    % 
UB: 56.89409448818897
branching on CartesianIndex(1, 6) with c.
2125   721    26         47.1106    56.8941    20.7670    % 
UB: 56.89409448818897
branching on 3 with b.
2126   722    26         47.1106    56.8941    20.7670    % 
LB close or above UB, fathomed
2127   721    24         47.1106    56.8941    20.7670    % 
LB close or above UB, fathomed
2128   720    24         47.1106    56.8941    20.7670    % 
UB: 56.89409448818897
branching on CartesianIndex(1, 6) with c.
2129   721    25         47.1106    56.8941    20.7670    % 
LB close or above UB, fathomed
2130   720    25         47.1106    56.8941    20.7670    % 
UB: 56.89409448818897
branching on 3 with b.
2131   721    26         47.1106    56.8941    20.7670    % 
LB close or above UB, fathomed
2132   720    26         47.1106    56.8941    20.7670    % 
UB: 56.89409448818897
branching on CartesianIndex(1, 7) with c.
2133   721    24         47.1106    56.8941    20.7670    % 
LB close or above UB, fathomed
2134   720    24         47.1106    56.8941    20.7670    % 
UB: 56.89409448818897
branching on CartesianIndex(1, 7) with c.
2135   721    25         47.1106    56.8941    20.7670    % 
UB: 56.89409448818897
branching on 2 with b.
2136   722    26         47.1106    56.8941    20.7670    % 
UB: 56.89409448818897
branching on 3 with b.
2137   723    27         47.1106    56.8941    20.7670    % 
LB close or above UB, fathomed
2138   722    27         47.1106    56.8941    20.7670    % 
UB: 56.89409448818897
branching on 1 with b.
2139   723    26         47.1106    56.8941    20.7670    % 
LB close or above UB, fathomed
2140   722    25         47.1106    56.8941    20.7670    % 
LB close or above UB, fathomed
2141   721    19         47.1106    56.8941    20.7670    % 
LB close or above UB, fathomed
2142   720    19         47.1106    56.8941    20.7670    % 
UB: 56.89409448818897
branching on 1 with b.
2143   721    20         47.1106    56.8941    20.7670    % 
UB: 56.89409448818897
branching on CartesianIndex(1, 5) with c.
2144   722    20         47.1106    56.8941    20.7670    % 
LB close or above UB, fathomed
2145   721    24         47.1106    56.8941    20.7670    % 
LB close or above UB, fathomed
2146   720    24         47.1106    56.8941    20.7670    % 
UB: 56.89409448818897
branching on CartesianIndex(1, 6) with c.
2147   721    25         47.1106    56.8941    20.7670    % 
LB close or above UB, fathomed
2148   720    25         47.1106    56.8941    20.7670    % 
UB: 56.89409448818897
branching on CartesianIndex(1, 7) with c.
2149   721    26         47.1106    56.8941    20.7670    % 
UB: 56.89409448818897
branching on 3 with b.
2150   722    27         47.1106    56.8941    20.7670    % 
LB close or above UB, fathomed
2151   721    27         47.1106    56.8941    20.7670    % 
UB: 56.89409448818897
branching on 1 with b.
2152   722    26         47.1106    56.8941    20.7670    % 
LB close or above UB, fathomed
2153   721    16         47.5998    56.8941    19.5259    % 
LB close or above UB, fathomed
2154   720    16         47.5998    56.8941    19.5259    % 
UB: 56.89409448818897
branching on 2 with b.
2155   721    13         48.0346    56.8941    18.4439    % 
UB: 56.89409448818897
branching on CartesianIndex(2, 3) with a.
2156   722    13         48.0346    56.8941    18.4439    % 
LB close or above UB, fathomed
2157   721    13         48.9938    56.8941    16.1251    % 
LB close or above UB, fathomed
2158   720    13         48.9938    56.8941    16.1251    % 
LB close or above UB, fathomed
2159   719    13         49.0139    56.8941    16.0774    % 
LB close or above UB, fathomed
2160   718    13         49.0139    56.8941    16.0774    % 
UB: 56.89409448818897
branching on CartesianIndex(1, 5) with c.
2161   719    14         49.0139    56.8941    16.0774    % 
LB close or above UB, fathomed
2162   718    14         49.0139    56.8941    16.0774    % 
UB: 56.89409448818897
branching on CartesianIndex(1, 6) with c.
2163   719    15         49.0139    56.8941    16.0774    % 
LB close or above UB, fathomed
2164   718    15         49.0139    56.8941    16.0774    % 
UB: 56.89409448818897
branching on 3 with b.
2165   719    16         49.0139    56.8941    16.0774    % 
LB close or above UB, fathomed
2166   718    16         49.0139    56.8941    16.0774    % 
UB: 56.89409448818897
branching on CartesianIndex(1, 7) with c.
2167   719    17         49.0139    56.8941    16.0774    % 
UB: 56.89409448818897
branching on 1 with b.
2168   720    18         49.0139    56.8941    16.0774    % 
UB: 56.89409448818897
branching on 3 with b.
2169   721    18         49.0139    56.8941    16.0774    % 
LB close or above UB, fathomed
2170   720    17         49.0139    56.8941    16.0774    % 
LB close or above UB, fathomed
2171   719    28         49.0673    56.8941    15.9512    % 
UB: 56.89409448818897
branching on 1 with b.
2172   720    28         49.0673    56.8941    15.9512    % 
LB close or above UB, fathomed
2173   719    34         49.0673    56.8941    15.9511    % 
UB: 56.89409448818897
branching on 2 with b.
2174   720    34         49.0673    56.8941    15.9511    % 
UB: 56.89409448818897
branching on 2 with b.
2175   721    26         49.0673    56.8941    15.9511    % 
UB: 56.89409448818897
branching on CartesianIndex(1, 6) with c.
2176   722    26         49.0673    56.8941    15.9511    % 
LB close or above UB, fathomed
2177   721    27         49.0673    56.8941    15.9511    % 
LB close or above UB, fathomed
2178   720    27         49.0673    56.8941    15.9511    % 
UB: 56.89409448818897
branching on CartesianIndex(1, 7) with c.
2179   721    28         49.0673    56.8941    15.9511    % 
UB: 56.89409448818897
branching on 3 with b.
2180   722    29         49.0673    56.8941    15.9511    % 
UB: 56.89409448818897
branching on 1 with b.
2181   723    30         49.0673    56.8941    15.9511    % 
LB close or above UB, fathomed
2182   722    30         49.0673    56.8941    15.9511    % 
UB: 56.89409448818897
branching on 2 with b.
2183   723    29         49.0673    56.8941    15.9511    % 
LB close or above UB, fathomed
2184   722    28         49.0673    56.8941    15.9511    % 
LB close or above UB, fathomed
2185   721    19         49.0673    56.8941    15.9511    % 
LB close or above UB, fathomed
2186   720    19         49.0673    56.8941    15.9511    % 
UB: 56.89409448818897
branching on CartesianIndex(1, 4) with c.
2187   721    20         49.0673    56.8941    15.9511    % 
UB: 56.89409448818897
branching on 3 with b.
2188   722    21         49.0673    56.8941    15.9511    % 
LB close or above UB, fathomed
2189   721    21         49.0673    56.8941    15.9511    % 
UB: 56.89409448818897
branching on 1 with b.
2190   722    22         49.0673    56.8941    15.9511    % 
UB: 56.89409448818897
branching on 2 with b.
2191   723    22         49.0673    56.8941    15.9511    % 
LB close or above UB, fathomed
2192   722    20         49.0673    56.8941    15.9511    % 
LB close or above UB, fathomed
2193   721    24         49.0673    56.8941    15.9511    % 
LB close or above UB, fathomed
2194   720    24         49.0673    56.8941    15.9511    % 
UB: 56.89409448818897
branching on 2 with b.
2195   721    25         49.0673    56.8941    15.9511    % 
LB close or above UB, fathomed
2196   720    25         49.0673    56.8941    15.9511    % 
UB: 56.89409448818897
branching on CartesianIndex(1, 5) with c.
2197   721    26         49.0673    56.8941    15.9511    % 
UB: 56.89409448818897
branching on 3 with b.
2198   722    26         49.0673    56.8941    15.9511    % 
LB close or above UB, fathomed
2199   721    22         49.0673    56.8941    15.9511    % 
UB: 56.89409448818897
branching on 3 with b.
2200   722    23         49.0673    56.8941    15.9511    % 
LB close or above UB, fathomed
2201   721    23         49.0673    56.8941    15.9511    % 
UB: 56.89409448818897
branching on 1 with b.
2202   722    24         49.0673    56.8941    15.9511    % 
UB: 56.89409448818897
branching on 2 with b.
2203   723    24         49.0673    56.8941    15.9511    % 
LB close or above UB, fathomed
2204   722    22         49.0673    56.8941    15.9511    % 
LB close or above UB, fathomed
2205   721    16         49.0673    56.8941    15.9511    % 
UB: 56.89409448818897
branching on 3 with b.
2206   722    17         49.0673    56.8941    15.9511    % 
LB close or above UB, fathomed
2207   721    17         49.0673    56.8941    15.9511    % 
UB: 56.89409448818897
branching on CartesianIndex(3, 3) with a.
2208   722    18         49.0673    56.8941    15.9511    % 
LB close or above UB, fathomed
2209   721    18         49.0673    56.8941    15.9511    % 
UB: 56.89409448818897
branching on CartesianIndex(1, 4) with c.
2210   722    16         49.0673    56.8941    15.9511    % 
LB close or above UB, fathomed
2211   721    26         49.0673    56.8941    15.9511    % 
UB: 56.89409448818897
branching on 3 with b.
2212   722    27         49.0673    56.8941    15.9511    % 
UB: 56.89409448818897
branching on 1 with b.
2213   723    28         49.0673    56.8941    15.9511    % 
UB: 56.89409448818897
branching on 2 with b.
2214   724    28         49.0673    56.8941    15.9511    % 
UB: 56.89409448818897
branching on 2 with b.
2215   725    27         49.0673    56.8941    15.9511    % 
LB close or above UB, fathomed
2216   724    26         49.0673    56.8941    15.9511    % 
LB close or above UB, fathomed
2217   723    27         49.0673    56.8941    15.9511    % 
LB close or above UB, fathomed
2218   722    27         49.0673    56.8941    15.9511    % 
UB: 56.89409448818897
branching on CartesianIndex(1, 6) with c.
2219   723    28         49.0673    56.8941    15.9511    % 
LB close or above UB, fathomed
2220   722    28         49.0673    56.8941    15.9511    % 
UB: 56.89409448818897
branching on CartesianIndex(1, 7) with c.
2221   723    29         49.0673    56.8941    15.9511    % 
UB: 56.89409448818897
branching on 1 with b.
2222   724    30         49.0673    56.8941    15.9511    % 
LB close or above UB, fathomed
2223   723    30         49.0673    56.8941    15.9511    % 
UB: 56.89409448818897
branching on 2 with b.
2224   724    31         49.0673    56.8941    15.9511    % 
LB close or above UB, fathomed
2225   723    31         49.0673    56.8941    15.9511    % 
UB: 56.89409448818897
branching on 3 with b.
2226   724    29         49.0673    56.8941    15.9511    % 
LB close or above UB, fathomed
2227   723    23         49.0673    56.8941    15.9511    % 
LB close or above UB, fathomed
2228   722    23         49.0673    56.8941    15.9511    % 
UB: 56.89409448818897
branching on CartesianIndex(1, 7) with c.
2229   723    24         49.0673    56.8941    15.9511    % 
UB: 56.89409448818897
branching on 1 with b.
2230   724    24         49.0673    56.8941    15.9511    % 
LB close or above UB, fathomed
2231   723    18         49.0673    56.8941    15.9511    % 
UB: 56.89409448818897
branching on CartesianIndex(1, 5) with c.
2232   724    18         49.0673    56.8941    15.9511    % 
LB close or above UB, fathomed
2233   723    21         49.0673    56.8941    15.9511    % 
UB: 56.89409448818897
branching on 1 with b.
2234   724    22         49.0673    56.8941    15.9511    % 
UB: 56.89409448818897
branching on 2 with b.
2235   725    22         49.0673    56.8941    15.9511    % 
LB close or above UB, fathomed
2236   724    21         49.0673    56.8941    15.9511    % 
LB close or above UB, fathomed
2237   723    22         49.0673    56.8941    15.9511    % 
UB: 56.89409448818897
branching on 3 with b.
2238   724    22         49.0673    56.8941    15.9511    % 
UB: 56.89409448818897
branching on 3 with b.
2239   725    23         49.0673    56.8941    15.9511    % 
LB close or above UB, fathomed
2240   724    23         49.0673    56.8941    15.9511    % 
UB: 56.89409448818897
branching on 1 with b.
2241   725    25         49.0673    56.8941    15.9511    % 
LB close or above UB, fathomed
2242   724    25         49.0673    56.8941    15.9511    % 
UB: 56.89409448818897
branching on 1 with b.
2243   725    26         49.0673    56.8941    15.9511    % 
UB: 56.89409448818897
branching on 2 with b.
2244   726    26         49.0673    56.8941    15.9511    % 
LB close or above UB, fathomed
2245   725    23         49.0673    56.8941    15.9511    % 
LB close or above UB, fathomed
2246   724    23         49.0673    56.8941    15.9511    % 
UB: 56.89409448818897
branching on 1 with b.
2247   725    24         49.0673    56.8941    15.9511    % 
UB: 56.89409448818897
branching on 2 with b.
2248   726    24         49.0673    56.8941    15.9511    % 
LB close or above UB, fathomed
2249   725    24         49.0673    56.8941    15.9511    % 
UB: 56.89409448818897
branching on 2 with b.
2250   726    24         49.0673    56.8941    15.9511    % 
LB close or above UB, fathomed
2251   725    23         49.0673    56.8941    15.9511    % 
UB: 56.89409448818897
branching on 3 with b.
2252   726    24         49.0673    56.8941    15.9511    % 
UB: 56.89409448818897
branching on 1 with b.
2253   727    25         49.0673    56.8941    15.9511    % 
LB close or above UB, fathomed
2254   726    25         49.0673    56.8941    15.9511    % 
UB: 56.89409448818897
branching on 2 with b.
2255   727    24         49.0673    56.8941    15.9511    % 
LB close or above UB, fathomed
2256   726    23         49.0673    56.8941    15.9511    % 
LB close or above UB, fathomed
2257   725    25         49.0673    56.8941    15.9511    % 
LB close or above UB, fathomed
2258   724    25         49.0673    56.8941    15.9511    % 
UB: 56.89409448818897
branching on 2 with b.
2259   725    26         49.0673    56.8941    15.9511    % 
UB: 56.89409448818897
branching on 3 with b.
2260   726    27         49.0673    56.8941    15.9511    % 
LB close or above UB, fathomed
2261   725    27         49.0673    56.8941    15.9511    % 
UB: 56.89409448818897
branching on 1 with b.
2262   726    26         49.0673    56.8941    15.9511    % 
UB: 56.89409448818897
branching on 3 with b.
2263   727    27         49.0673    56.8941    15.9511    % 
LB close or above UB, fathomed
2264   726    27         49.0673    56.8941    15.9511    % 
UB: 56.89409448818897
branching on 1 with b.
2265   727    29         49.0673    56.8941    15.9511    % 
UB: 56.89409448818897
branching on 3 with b.
2266   728    29         49.0673    56.8941    15.9511    % 
LB close or above UB, fathomed
2267   727    31         49.0673    56.8941    15.9511    % 
UB: 56.89409448818897
branching on 3 with b.
2268   728    32         49.0673    56.8941    15.9511    % 
UB: 56.89409448818897
branching on 1 with b.
2269   729    32         49.0673    56.8941    15.9511    % 
LB close or above UB, fathomed
2270   728    31         49.0673    56.8941    15.9511    % 
LB close or above UB, fathomed
2271   727    35         49.0673    56.8941    15.9511    % 
UB: 56.89409448818897
branching on 3 with b.
2272   728    35         49.0673    56.8941    15.9511    % 
UB: 56.89409448818897
branching on 3 with b.
2273   729    29         49.0673    56.8941    15.9511    % 
UB: 56.89409448818897
branching on 2 with b.
2274   730    29         49.0673    56.8941    15.9511    % 
LB close or above UB, fathomed
2275   729    16         49.0673    56.8941    15.9511    % 
UB: 56.89409448818897
branching on CartesianIndex(1, 3) with a.
2276   730    17         49.0673    56.8941    15.9511    % 
UB: 56.89409448818897
branching on CartesianIndex(2, 3) with a.
2277   731    17         49.0673    56.8941    15.9511    % 
LB close or above UB, fathomed
2278   730    16         49.0673    56.8941    15.9511    % 
UB: 56.89409448818897
branching on CartesianIndex(1, 3) with a.
2279   731    17         49.0673    56.8941    15.9511    % 
UB: 56.89409448818897
branching on CartesianIndex(2, 3) with a.
2280   732    17         49.0673    56.8941    15.9511    % 
LB close or above UB, fathomed
2281   731    33         49.0673    56.8941    15.9511    % 
UB: 56.89409448818897
branching on 2 with b.
2282   732    34         49.0673    56.8941    15.9511    % 
LB close or above UB, fathomed
2283   731    34         49.0673    56.8941    15.9511    % 
UB: 56.89409448818897
branching on 3 with b.
2284   732    33         49.0673    56.8941    15.9511    % 
UB: 56.89409448818897
branching on 2 with b.
2285   733    15         49.0673    56.8941    15.9511    % 
LB close or above UB, fathomed
2286   732    15         49.0673    56.8941    15.9511    % 
UB: 56.89409448818897
branching on CartesianIndex(1, 4) with c.
2287   733    26         49.0673    56.8941    15.9511    % 
LB close or above UB, fathomed
2288   732    26         49.0673    56.8941    15.9511    % 
UB: 56.89409448818897
branching on 3 with b.
2289   733    27         49.0673    56.8941    15.9511    % 
UB: 56.89409448818897
branching on 1 with b.
2290   734    27         49.0673    56.8941    15.9511    % 
LB close or above UB, fathomed
2291   733    34         49.0673    56.8941    15.9511    % 
UB: 56.89409448818897
branching on 3 with b.
2292   734    35         49.0673    56.8941    15.9511    % 
UB: 56.89409448818897
branching on 1 with b.
2293   735    35         49.0673    56.8941    15.9511    % 
UB: 56.89409448818897
branching on 1 with b.
2294   736    34         49.0673    56.8941    15.9511    % 
LB close or above UB, fathomed
2295   735    20         49.0673    56.8941    15.9511    % 
LB close or above UB, fathomed
2296   734    20         49.0673    56.8941    15.9511    % 
UB: 56.89409448818897
branching on CartesianIndex(1, 7) with c.
2297   735    21         49.0673    56.8941    15.9511    % 
UB: 56.89409448818897
branching on 3 with b.
2298   736    22         49.0673    56.8941    15.9511    % 
LB close or above UB, fathomed
2299   735    22         49.0673    56.8941    15.9511    % 
UB: 56.89409448818897
branching on 1 with b.
2300   736    23         49.0673    56.8941    15.9511    % 
UB: 56.89409448818897
branching on 2 with b.
2301   737    23         49.0673    56.8941    15.9511    % 
LB close or above UB, fathomed
2302   736    21         49.0673    56.8941    15.9511    % 
LB close or above UB, fathomed
2303   735    34         49.0673    56.8941    15.9511    % 
UB: 56.89409448818897
branching on 3 with b.
2304   736    35         49.0673    56.8941    15.9511    % 
UB: 56.89409448818897
branching on 1 with b.
2305   737    35         49.0673    56.8941    15.9511    % 
LB close or above UB, fathomed
2306   736    34         49.0673    56.8941    15.9511    % 
LB close or above UB, fathomed
2307   735    36         49.0673    56.8941    15.9511    % 
UB: 56.89409448818897
branching on 1 with b.
2308   736    36         49.0673    56.8941    15.9511    % 
UB: 56.89409448818897
branching on 1 with b.
2309   737    34         49.0673    56.8941    15.9511    % 
UB: 56.89409448818897
branching on 2 with b.
2310   738    35         49.0673    56.8941    15.9511    % 
UB: 56.89409448818897
branching on 3 with b.
2311   739    35         49.0673    56.8941    15.9511    % 
UB: 56.89409448818897
branching on 3 with b.
2312   740    34         49.0673    56.8941    15.9511    % 
UB: 56.89409448818897
branching on 2 with b.
2313   741    35         49.0673    56.8941    15.9511    % 
UB: 56.89409448818897
branching on 3 with b.
2314   742    35         49.0673    56.8941    15.9511    % 
UB: 56.89409448818897
branching on 3 with b.
2315   743    36         49.0673    56.8941    15.9511    % 
UB: 56.89409448818897
branching on 1 with b.
2316   744    36         49.0673    56.8941    15.9511    % 
UB: 56.89409448818897
branching on 1 with b.
2317   745    15         49.0673    56.8941    15.9511    % 
UB: 56.89409448818897
branching on 3 with b.
2318   746    15         49.0673    56.8941    15.9511    % 
UB: 56.89409448818897
branching on 3 with b.
2319   747    15         49.0673    56.8941    15.9511    % 
LB close or above UB, fathomed
2320   746    15         49.0673    56.8941    15.9511    % 
UB: 56.89409448818897
branching on 2 with b.
2321   747    21         49.0673    56.8941    15.9511    % 
LB close or above UB, fathomed
2322   746    21         49.0673    56.8941    15.9511    % 
UB: 56.89409448818897
branching on 1 with b.
2323   747    22         49.0673    56.8941    15.9511    % 
LB close or above UB, fathomed
2324   746    22         49.0673    56.8941    15.9511    % 
UB: 56.89409448818897
branching on 2 with b.
2325   747    23         49.0673    56.8941    15.9511    % 
UB: 56.89409448818897
branching on 3 with b.
2326   748    24         49.0673    56.8941    15.9511    % 
LB close or above UB, fathomed
2327   747    24         49.0673    56.8941    15.9511    % 
UB: 56.89409448818897
branching on 1 with b.
2328   748    23         49.0673    56.8941    15.9511    % 
UB: 56.89409448818897
branching on 3 with b.
2329   749    24         49.0673    56.8941    15.9511    % 
LB close or above UB, fathomed
2330   748    24         49.0673    56.8941    15.9511    % 
UB: 56.89409448818897
branching on 1 with b.
2331   749    32         49.0673    56.8941    15.9511    % 
LB close or above UB, fathomed
2332   748    32         49.0673    56.8941    15.9511    % 
UB: 56.89409448818897
branching on 3 with b.
2333   749    37         49.0673    56.8941    15.9511    % 
UB: 56.89409448818897
branching on 3 with b.
2334   750    37         49.0673    56.8941    15.9511    % 
UB: 56.89409448818897
branching on 3 with b.
2335   751    38         49.0673    56.8941    15.9511    % 
UB: 56.89409448818897
branching on 1 with b.
2336   752    38         49.0673    56.8941    15.9511    % 
UB: 56.89409448818897
branching on 1 with b.
2337   753    17         49.0673    56.8941    15.9511    % 
UB: 56.89409448818897
branching on 1 with b.
2338   754    18         49.0673    56.8941    15.9511    % 
UB: 56.89409448818897
branching on CartesianIndex(2, 3) with a.
2339   755    19         49.0673    56.8941    15.9511    % 
LB close or above UB, fathomed
2340   754    19         49.0673    56.8941    15.9511    % 
UB: 56.89409448818897
branching on CartesianIndex(1, 4) with c.
2341   755    18         49.0673    56.8941    15.9511    % 
LB close or above UB, fathomed
2342   754    17         49.0673    56.8941    15.9511    % 
LB close or above UB, fathomed
2343   753    29         49.0673    56.8941    15.9511    % 
UB: 56.89409448818897
branching on 1 with b.
2344   754    29         49.0673    56.8941    15.9511    % 
LB close or above UB, fathomed
2345   753    30         49.0673    56.8941    15.9511    % 
UB: 56.89409448818897
branching on 2 with b.
2346   754    30         49.0673    56.8941    15.9511    % 
UB: 56.89409448818897
branching on 2 with b.
2347   755    35         49.0673    56.8941    15.9511    % 
UB: 56.89409448818897
branching on 3 with b.
2348   756    35         49.0673    56.8941    15.9511    % 
UB: 56.89409448818897
branching on 3 with b.
2349   757    36         49.0673    56.8941    15.9511    % 
UB: 56.89409448818897
branching on 1 with b.
2350   758    36         49.0673    56.8941    15.9511    % 
UB: 56.89409448818897
branching on 1 with b.
2351   759    31         49.0673    56.8941    15.9511    % 
LB close or above UB, fathomed
2352   758    31         49.0673    56.8941    15.9511    % 
UB: 56.89409448818897
branching on 3 with b.
2353   759    30         49.0673    56.8941    15.9511    % 
UB: 56.89409448818897
branching on 3 with b.
2354   760    30         49.0673    56.8941    15.9511    % 
UB: 56.89409448818897
branching on 3 with b.
2355   761    34         49.0673    56.8941    15.9511    % 
UB: 56.89409448818897
branching on 2 with b.
2356   762    34         49.0673    56.8941    15.9511    % 
UB: 56.89409448818897
branching on 2 with b.
2357   763    18         49.0673    56.8941    15.9511    % 
LB close or above UB, fathomed
2358   762    18         49.0673    56.8941    15.9511    % 
UB: 56.89409448818897
branching on CartesianIndex(1, 4) with c.
2359   763    19         49.0673    56.8941    15.9511    % 
LB close or above UB, fathomed
2360   762    19         49.0673    56.8941    15.9511    % 
UB: 56.89409448818897
branching on CartesianIndex(1, 5) with c.
2361   763    20         49.0673    56.8941    15.9511    % 
LB close or above UB, fathomed
2362   762    20         49.0673    56.8941    15.9511    % 
LB close or above UB, fathomed
2363   761    23         49.0673    56.8941    15.9511    % 
UB: 56.89409448818897
branching on 3 with b.
2364   762    24         49.0673    56.8941    15.9511    % 
LB close or above UB, fathomed
2365   761    24         49.0673    56.8941    15.9511    % 
UB: 56.89409448818897
branching on 1 with b.
2366   762    25         49.0673    56.8941    15.9511    % 
UB: 56.89409448818897
branching on 2 with b.
2367   763    25         49.0673    56.8941    15.9511    % 
LB close or above UB, fathomed
2368   762    23         49.0673    56.8941    15.9511    % 
UB: 56.89409448818897
branching on 3 with b.
2369   763    24         49.0673    56.8941    15.9511    % 
LB close or above UB, fathomed
2370   762    24         49.0673    56.8941    15.9511    % 
UB: 56.89409448818897
branching on 1 with b.
2371   763    25         49.0673    56.8941    15.9511    % 
UB: 56.89409448818897
branching on 2 with b.
2372   764    25         49.0673    56.8941    15.9511    % 
LB close or above UB, fathomed
2373   763    20         49.0673    56.8941    15.9511    % 
UB: 56.89409448818897
branching on CartesianIndex(1, 5) with c.
2374   764    21         49.0673    56.8941    15.9511    % 
LB close or above UB, fathomed
2375   763    21         49.0673    56.8941    15.9511    % 
UB: 56.89409448818897
branching on 3 with b.
2376   764    20         49.0673    56.8941    15.9511    % 
LB close or above UB, fathomed
2377   763    20         49.0673    56.8941    15.9511    % 
LB close or above UB, fathomed
2378   762    20         49.0673    56.8941    15.9511    % 
UB: 56.89409448818897
branching on CartesianIndex(1, 6) with c.
2379   763    21         49.0673    56.8941    15.9511    % 
LB close or above UB, fathomed
2380   762    21         49.0673    56.8941    15.9511    % 
UB: 56.89409448818897
branching on CartesianIndex(1, 7) with c.
2381   763    22         49.0673    56.8941    15.9511    % 
UB: 56.89409448818897
branching on 2 with b.
2382   764    23         49.0673    56.8941    15.9511    % 
UB: 56.89409448818897
branching on 3 with b.
2383   765    23         49.0673    56.8941    15.9511    % 
UB: 56.89409448818897
branching on 3 with b.
2384   766    24         49.0673    56.8941    15.9511    % 
LB close or above UB, fathomed
2385   765    24         49.0673    56.8941    15.9511    % 
UB: 56.89409448818897
branching on 1 with b.
2386   766    22         49.0673    56.8941    15.9511    % 
LB close or above UB, fathomed
2387   765    28         49.0673    56.8941    15.9511    % 
UB: 56.89409448818897
branching on 2 with b.
2388   766    28         49.0673    56.8941    15.9511    % 
LB close or above UB, fathomed
2389   765    28         49.0673    56.8941    15.9511    % 
UB: 56.89409448818897
branching on 2 with b.
2390   766    29         49.0673    56.8941    15.9511    % 
UB: 56.89409448818897
branching on 3 with b.
2391   767    29         49.0673    56.8941    15.9511    % 
UB: 56.89409448818897
branching on 3 with b.
2392   768    28         49.0673    56.8941    15.9511    % 
UB: 56.89409448818897
branching on 2 with b.
2393   769    30         49.0673    56.8941    15.9511    % 
UB: 56.89409448818897
branching on 3 with b.
2394   770    31         49.0673    56.8941    15.9511    % 
UB: 56.89409448818897
branching on 1 with b.
2395   771    31         49.0673    56.8941    15.9511    % 
LB close or above UB, fathomed
2396   770    30         49.0673    56.8941    15.9511    % 
LB close or above UB, fathomed
2397   769    28         49.0673    56.8941    15.9511    % 
UB: 56.89409448818897
branching on 1 with b.
2398   770    29         49.0673    56.8941    15.9511    % 
UB: 56.89409448818897
branching on 2 with b.
2399   771    30         49.0673    56.8941    15.9511    % 
UB: 56.89409448818897
branching on 3 with b.
2400   772    30         49.0673    56.8941    15.9511    % 
LB close or above UB, fathomed
2401   771    29         49.0673    56.8941    15.9511    % 
UB: 56.89409448818897
branching on 2 with b.
2402   772    28         49.0673    56.8941    15.9511    % 
UB: 56.89409448818897
branching on 1 with b.
2403   773    22         49.0673    56.8941    15.9511    % 
UB: 56.89409448818897
branching on 3 with b.
2404   774    22         49.0673    56.8941    15.9511    % 
UB: 56.89409448818897
branching on 3 with b.
2405   775    23         49.0673    56.8941    15.9511    % 
LB close or above UB, fathomed
2406   774    23         49.0673    56.8941    15.9511    % 
UB: 56.89409448818897
branching on 1 with b.
2407   775    24         49.0673    56.8941    15.9511    % 
UB: 56.89409448818897
branching on 2 with b.
2408   776    24         49.0673    56.8941    15.9511    % 
LB close or above UB, fathomed
2409   775    16         49.0673    56.8941    15.9511    % 
UB: 56.89409448818897
branching on CartesianIndex(2, 3) with a.
2410   776    16         49.0673    56.8941    15.9511    % 
LB close or above UB, fathomed
2411   775    20         49.0673    56.8941    15.9511    % 
LB close or above UB, fathomed
2412   774    20         49.0673    56.8941    15.9511    % 
UB: 56.89409448818897
branching on CartesianIndex(1, 5) with c.
2413   775    21         49.0673    56.8941    15.9511    % 
UB: 56.89409448818897
branching on CartesianIndex(1, 6) with c.
2414   776    22         49.0673    56.8941    15.9511    % 
LB close or above UB, fathomed
2415   775    22         49.0673    56.8941    15.9511    % 
UB: 56.89409448818897
branching on CartesianIndex(1, 7) with c.
2416   776    23         49.0673    56.8941    15.9511    % 
UB: 56.89409448818897
branching on 3 with b.
2417   777    24         49.0673    56.8941    15.9511    % 
LB close or above UB, fathomed
2418   776    24         49.0673    56.8941    15.9511    % 
UB: 56.89409448818897
branching on 1 with b.
2419   777    25         49.0673    56.8941    15.9511    % 
LB close or above UB, fathomed
2420   776    25         49.0673    56.8941    15.9511    % 
UB: 56.89409448818897
branching on 2 with b.
2421   777    23         49.0673    56.8941    15.9511    % 
LB close or above UB, fathomed
2422   776    21         49.0673    56.8941    15.9511    % 
LB close or above UB, fathomed
2423   775    35         49.0673    56.8941    15.9511    % 
LB close or above UB, fathomed
2424   774    35         49.0673    56.8941    15.9511    % 
LB close or above UB, fathomed
2425   773    33         49.0673    56.8941    15.9511    % 
UB: 56.89409448818897
branching on 2 with b.
2426   774    33         49.0673    56.8941    15.9511    % 
UB: 56.89409448818897
branching on 2 with b.
2427   775    32         49.0673    56.8941    15.9511    % 
UB: 56.89409448818897
branching on 3 with b.
2428   776    33         49.0673    56.8941    15.9511    % 
UB: 56.89409448818897
branching on 1 with b.
2429   777    33         49.0673    56.8941    15.9511    % 
UB: 56.89409448818897
branching on 1 with b.
2430   778    32         49.0673    56.8941    15.9511    % 
LB close or above UB, fathomed
2431   777    32         49.0673    56.8941    15.9511    % 
LB close or above UB, fathomed
2432   776    32         49.0673    56.8941    15.9511    % 
LB close or above UB, fathomed
2433   775    32         49.0673    56.8941    15.9511    % 
LB close or above UB, fathomed
2434   774    32         49.0673    56.8941    15.9511    % 
LB close or above UB, fathomed
2435   773    31         49.0673    56.8941    15.9511    % 
UB: 56.89409448818897
branching on 3 with b.
2436   774    31         49.0673    56.8941    15.9511    % 
UB: 56.89409448818897
branching on 3 with b.
2437   775    34         49.0673    56.8941    15.9511    % 
UB: 56.89409448818897
branching on 3 with b.
2438   776    34         49.0673    56.8941    15.9511    % 
UB: 56.89409448818897
branching on 3 with b.
2439   777    13         49.0673    56.8941    15.9511    % 
LB close or above UB, fathomed
2440   776    13         49.0673    56.8941    15.9511    % 
LB close or above UB, fathomed
2441   775    24         49.0673    56.8941    15.9511    % 
UB: 56.89409448818897
branching on 3 with b.
2442   776    25         49.0673    56.8941    15.9511    % 
UB: 56.89409448818897
branching on 1 with b.
2443   777    25         49.0673    56.8941    15.9511    % 
LB close or above UB, fathomed
2444   776    24         49.0673    56.8941    15.9511    % 
LB close or above UB, fathomed
2445   775    29         49.0673    56.8941    15.9511    % 
UB: 56.89409448818897
branching on 3 with b.
2446   776    29         49.0673    56.8941    15.9511    % 
LB close or above UB, fathomed
2447   775    15         49.0673    56.8941    15.9511    % 
UB: 56.89409448818897
branching on CartesianIndex(3, 3) with a.
2448   776    15         49.0673    56.8941    15.9511    % 
LB close or above UB, fathomed
2449   775    34         49.0673    56.8941    15.9511    % 
LB close or above UB, fathomed
2450   774    34         49.0673    56.8941    15.9511    % 
UB: 56.89409448818897
branching on 3 with b.
2451   775    20         49.0673    56.8941    15.9511    % 
UB: 56.89409448818897
branching on CartesianIndex(1, 5) with c.
2452   776    21         49.0673    56.8941    15.9511    % 
LB close or above UB, fathomed
2453   775    21         49.0673    56.8941    15.9511    % 
UB: 56.89409448818897
branching on CartesianIndex(1, 6) with c.
2454   776    22         49.0673    56.8941    15.9511    % 
LB close or above UB, fathomed
2455   775    22         49.0673    56.8941    15.9511    % 
UB: 56.89409448818897
branching on CartesianIndex(1, 7) with c.
2456   776    23         49.0673    56.8941    15.9511    % 
UB: 56.89409448818897
branching on 3 with b.
2457   777    24         49.0673    56.8941    15.9511    % 
LB close or above UB, fathomed
2458   776    24         49.0673    56.8941    15.9511    % 
UB: 56.89409448818897
branching on 1 with b.
2459   777    25         49.0673    56.8941    15.9511    % 
UB: 56.89409448818897
branching on 2 with b.
2460   778    26         49.0673    56.8941    15.9511    % 
UB: 56.89409448818897
branching on 3 with b.
2461   779    26         49.0673    56.8941    15.9511    % 
LB close or above UB, fathomed
2462   778    25         49.0673    56.8941    15.9511    % 
LB close or above UB, fathomed
2463   777    23         49.0673    56.8941    15.9511    % 
LB close or above UB, fathomed
2464   776    20         49.0673    56.8941    15.9511    % 
UB: 56.89409448818897
branching on CartesianIndex(1, 5) with c.
2465   777    22         49.0673    56.8941    15.9511    % 
UB: 56.89409448818897
branching on CartesianIndex(1, 6) with c.
2466   778    23         49.0673    56.8941    15.9511    % 
LB close or above UB, fathomed
2467   777    23         49.0673    56.8941    15.9511    % 
UB: 56.89409448818897
branching on 3 with b.
2468   778    24         49.0673    56.8941    15.9511    % 
UB: 56.89409448818897
branching on CartesianIndex(1, 7) with c.
2469   779    25         49.0673    56.8941    15.9511    % 
UB: 56.89409448818897
branching on 1 with b.
2470   780    26         49.0673    56.8941    15.9511    % 
UB: 56.89409448818897
branching on 2 with b.
2471   781    26         49.0673    56.8941    15.9511    % 
LB close or above UB, fathomed
2472   780    25         49.0673    56.8941    15.9511    % 
LB close or above UB, fathomed
2473   779    24         49.0673    56.8941    15.9511    % 
LB close or above UB, fathomed
2474   778    22         49.0673    56.8941    15.9511    % 
LB close or above UB, fathomed
2475   777    22         49.0673    56.8941    15.9511    % 
UB: 56.89409448818897
branching on CartesianIndex(1, 6) with c.
2476   778    23         49.0673    56.8941    15.9511    % 
LB close or above UB, fathomed
2477   777    23         49.0673    56.8941    15.9511    % 
UB: 56.89409448818897
branching on CartesianIndex(1, 7) with c.
2478   778    24         49.0673    56.8941    15.9511    % 
UB: 56.89409448818897
branching on 2 with b.
2479   779    24         49.0673    56.8941    15.9511    % 
LB close or above UB, fathomed
2480   778    22         49.0673    56.8941    15.9511    % 
LB close or above UB, fathomed
2481   777    16         49.0673    56.8941    15.9511    % 
LB close or above UB, fathomed
2482   776    16         49.0673    56.8941    15.9511    % 
UB: 56.89409448818897
branching on CartesianIndex(1, 4) with c.
2483   777    17         49.0673    56.8941    15.9511    % 
LB close or above UB, fathomed
2484   776    17         49.0673    56.8941    15.9511    % 
UB: 56.89409448818897
branching on CartesianIndex(1, 5) with c.
2485   777    18         49.0673    56.8941    15.9511    % 
UB: 56.89409448818897
branching on 1 with b.
2486   778    18         49.0673    56.8941    15.9511    % 
UB: 56.89409448818897
branching on 1 with b.
2487   779    15         49.0673    56.8941    15.9511    % 
LB close or above UB, fathomed
2488   778    15         49.0673    56.8941    15.9511    % 
UB: 56.89409448818897
branching on CartesianIndex(1, 4) with c.
2489   779    16         49.0673    56.8941    15.9511    % 
LB close or above UB, fathomed
2490   778    16         49.0673    56.8941    15.9511    % 
UB: 56.89409448818897
branching on 1 with b.
2491   779    17         49.0673    56.8941    15.9511    % 
LB close or above UB, fathomed
2492   778    17         49.0673    56.8941    15.9511    % 
UB: 56.89409448818897
branching on CartesianIndex(1, 5) with c.
2493   779    23         49.0673    56.8941    15.9511    % 
LB close or above UB, fathomed
2494   778    23         49.0673    56.8941    15.9511    % 
UB: 56.89409448818897
branching on 3 with b.
2495   779    24         49.0673    56.8941    15.9511    % 
LB close or above UB, fathomed
2496   778    24         49.0673    56.8941    15.9511    % 
UB: 56.89409448818897
branching on 1 with b.
2497   779    25         49.0673    56.8941    15.9511    % 
UB: 56.89409448818897
branching on 2 with b.
2498   780    26         49.0673    56.8941    15.9511    % 
LB close or above UB, fathomed
2499   779    26         49.0673    56.8941    15.9511    % 
UB: 56.89409448818897
branching on 3 with b.
2500   780    27         49.0673    56.8941    15.9511    % 
UB: 56.89409448818897
branching on 1 with b.
2501   781    27         49.0673    56.8941    15.9511    % 
UB: 56.89409448818897
branching on 1 with b.
2502   782    25         49.0673    56.8941    15.9511    % 
LB close or above UB, fathomed
2503   781    16         49.0673    56.8941    15.9511    % 
LB close or above UB, fathomed
2504   780    16         49.0673    56.8941    15.9511    % 
UB: 56.89409448818897
branching on CartesianIndex(1, 4) with c.
2505   781    19         49.0673    56.8941    15.9511    % 
LB close or above UB, fathomed
2506   780    19         49.0673    56.8941    15.9511    % 
UB: 56.89409448818897
branching on 1 with b.
2507   781    20         49.0673    56.8941    15.9511    % 
UB: 56.89409448818897
branching on CartesianIndex(1, 5) with c.
2508   782    20         49.0673    56.8941    15.9511    % 
UB: 56.89409448818897
branching on CartesianIndex(1, 5) with c.
2509   783    14         49.0673    56.8941    15.9511    % 
LB close or above UB, fathomed
2510   782    14         49.0673    56.8941    15.9511    % 
UB: 56.89409448818897
branching on 2 with b.
2511   783    10         49.0673    56.8941    15.9511    % 
LB close or above UB, fathomed
2512   782    10         49.0673    56.8941    15.9511    % 
UB: 56.89409448818897
branching on 3 with b.
2513   783    11         49.0673    56.8941    15.9511    % 
UB: 56.89409448818897
branching on CartesianIndex(1, 3) with a.
2514   784    11         49.0673    56.8941    15.9511    % 
LB close or above UB, fathomed
2515   783    18         49.0673    56.8941    15.9511    % 
LB close or above UB, fathomed
2516   782    18         49.0673    56.8941    15.9511    % 
UB: 56.89409448818897
branching on CartesianIndex(1, 5) with c.
2517   783    19         49.0673    56.8941    15.9511    % 
UB: 56.89409448818897
branching on CartesianIndex(1, 6) with c.
2518   784    20         49.0673    56.8941    15.9511    % 
LB close or above UB, fathomed
2519   783    20         49.0673    56.8941    15.9511    % 
UB: 56.89409448818897
branching on CartesianIndex(1, 7) with c.
2520   784    21         49.0673    56.8941    15.9511    % 
UB: 56.89409448818897
branching on 2 with b.
2521   785    22         49.0673    56.8941    15.9511    % 
LB close or above UB, fathomed
2522   784    22         49.0673    56.8941    15.9511    % 
UB: 56.89409448818897
branching on 3 with b.
2523   785    21         49.0673    56.8941    15.9511    % 
LB close or above UB, fathomed
2524   784    19         49.0673    56.8941    15.9511    % 
LB close or above UB, fathomed
2525   783    19         49.0673    56.8941    15.9511    % 
LB close or above UB, fathomed
2526   782    19         49.0673    56.8941    15.9511    % 
LB close or above UB, fathomed
2527   781    19         49.0673    56.8941    15.9511    % 
LB close or above UB, fathomed
2528   780    19         49.0673    56.8941    15.9511    % 
LB close or above UB, fathomed
2529   779    25         49.0673    56.8941    15.9511    % 
LB close or above UB, fathomed
2530   778    25         49.0673    56.8941    15.9511    % 
UB: 56.89409448818897
branching on 3 with b.
2531   779    26         49.0673    56.8941    15.9511    % 
LB close or above UB, fathomed
2532   778    26         49.0673    56.8941    15.9511    % 
UB: 56.89409448818897
branching on 1 with b.
2533   779    27         49.0673    56.8941    15.9511    % 
LB close or above UB, fathomed
2534   778    27         49.0673    56.8941    15.9511    % 
UB: 56.89409448818897
branching on 2 with b.
2535   779    28         49.0673    56.8941    15.9511    % 
UB: 56.89409448818897
branching on 3 with b.
2536   780    28         49.0673    56.8941    15.9511    % 
LB close or above UB, fathomed
2537   779    23         49.0673    56.8941    15.9511    % 
LB close or above UB, fathomed
2538   778    23         49.0673    56.8941    15.9511    % 
UB: 56.89409448818897
branching on 1 with b.
2539   779    24         49.0673    56.8941    15.9511    % 
UB: 56.89409448818897
branching on 2 with b.
2540   780    24         49.0673    56.8941    15.9511    % 
LB close or above UB, fathomed
2541   779    29         49.0673    56.8941    15.9511    % 
LB close or above UB, fathomed
2542   778    29         49.0673    56.8941    15.9511    % 
UB: 56.89409448818897
branching on 3 with b.
2543   779    25         49.0673    56.8941    15.9511    % 
UB: 56.89409448818897
branching on 2 with b.
2544   780    25         49.0673    56.8941    15.9511    % 
LB close or above UB, fathomed
2545   779    24         49.0673    56.8941    15.9511    % 
LB close or above UB, fathomed
2546   778    24         49.0673    56.8941    15.9511    % 
UB: 56.89409448818897
branching on 1 with b.
2547   779    25         49.0673    56.8941    15.9511    % 
UB: 56.89409448818897
branching on 2 with b.
2548   780    25         49.0673    56.8941    15.9511    % 
LB close or above UB, fathomed
2549   779    23         49.0673    56.8941    15.9511    % 
LB close or above UB, fathomed
2550   778    23         49.0673    56.8941    15.9511    % 
UB: 56.89409448818897
branching on 1 with b.
2551   779    24         49.0673    56.8941    15.9511    % 
UB: 56.89409448818897
branching on 2 with b.
2552   780    24         49.0673    56.8941    15.9511    % 
LB close or above UB, fathomed
2553   779    23         49.0673    56.8941    15.9511    % 
UB: 56.89409448818897
branching on CartesianIndex(1, 6) with c.
2554   780    24         49.0673    56.8941    15.9511    % 
LB close or above UB, fathomed
2555   779    24         49.0673    56.8941    15.9511    % 
UB: 56.89409448818897
branching on CartesianIndex(1, 7) with c.
2556   780    25         49.0673    56.8941    15.9511    % 
UB: 56.89409448818897
branching on 3 with b.
2557   781    26         49.0673    56.8941    15.9511    % 
LB close or above UB, fathomed
2558   780    26         49.0673    56.8941    15.9511    % 
UB: 56.89409448818897
branching on 1 with b.
2559   781    27         49.0673    56.8941    15.9511    % 
UB: 56.89409448818897
branching on 2 with b.
2560   782    28         49.0673    56.8941    15.9511    % 
UB: 56.89409448818897
branching on 3 with b.
2561   783    29         49.0673    56.8941    15.9511    % 
LB close or above UB, fathomed
2562   782    29         49.0673    56.8941    15.9511    % 
UB: 56.89409448818897
branching on 1 with b.
2563   783    30         49.0673    56.8941    15.9511    % 
UB: 56.89409448818897
branching on 2 with b.
2564   784    30         49.0673    56.8941    15.9511    % 
UB: 56.89409448818897
branching on 2 with b.
2565   785    28         49.0673    56.8941    15.9511    % 
LB close or above UB, fathomed
2566   784    27         49.0673    56.8941    15.9511    % 
LB close or above UB, fathomed
2567   783    25         49.0673    56.8941    15.9511    % 
LB close or above UB, fathomed
2568   782    23         49.0673    56.8941    15.9511    % 
LB close or above UB, fathomed
2569   781    26         49.0673    56.8941    15.9511    % 
UB: 56.89409448818897
branching on 3 with b.
2570   782    27         49.0673    56.8941    15.9511    % 
UB: 56.89409448818897
branching on 1 with b.
2571   783    27         49.0673    56.8941    15.9511    % 
UB: 56.89409448818897
branching on 1 with b.
2572   784    26         49.0673    56.8941    15.9511    % 
LB close or above UB, fathomed
2573   783    34         49.0673    56.8941    15.9511    % 
UB: 56.89409448818897
branching on 3 with b.
2574   784    35         49.0673    56.8941    15.9511    % 
UB: 56.89409448818897
branching on 1 with b.
2575   785    35         49.0673    56.8941    15.9511    % 
UB: 56.89409448818897
branching on 1 with b.
2576   786    34         49.0673    56.8941    15.9511    % 
LB close or above UB, fathomed
2577   785    34         49.0673    56.8941    15.9511    % 
UB: 56.89409448818897
branching on 3 with b.
2578   786    35         49.0673    56.8941    15.9511    % 
UB: 56.89409448818897
branching on 1 with b.
2579   787    35         49.0673    56.8941    15.9511    % 
UB: 56.89409448818897
branching on 1 with b.
2580   788    34         49.0673    56.8941    15.9511    % 
LB close or above UB, fathomed
2581   787    23         49.0673    56.8941    15.9511    % 
UB: 56.89409448818897
branching on 3 with b.
2582   788    24         49.0673    56.8941    15.9511    % 
LB close or above UB, fathomed
2583   787    24         49.0673    56.8941    15.9511    % 
UB: 56.89409448818897
branching on 1 with b.
2584   788    25         49.0673    56.8941    15.9511    % 
UB: 56.89409448818897
branching on 2 with b.
2585   789    25         49.0673    56.8941    15.9511    % 
LB close or above UB, fathomed
2586   788    23         49.0673    56.8941    15.9511    % 
UB: 56.89409448818897
branching on 3 with b.
2587   789    24         49.0673    56.8941    15.9511    % 
LB close or above UB, fathomed
2588   788    24         49.0673    56.8941    15.9511    % 
UB: 56.89409448818897
branching on 1 with b.
2589   789    25         49.0673    56.8941    15.9511    % 
UB: 56.89409448818897
branching on 2 with b.
2590   790    25         49.0673    56.8941    15.9511    % 
LB close or above UB, fathomed
2591   789    20         49.0673    56.8941    15.9511    % 
UB: 56.89409448818897
branching on 3 with b.
2592   790    21         49.0673    56.8941    15.9511    % 
LB close or above UB, fathomed
2593   789    21         49.0673    56.8941    15.9511    % 
UB: 56.89409448818897
branching on 1 with b.
2594   790    22         49.0673    56.8941    15.9511    % 
UB: 56.89409448818897
branching on 2 with b.
2595   791    22         49.0673    56.8941    15.9511    % 
LB close or above UB, fathomed
2596   790    20         49.0673    56.8941    15.9511    % 
UB: 56.89409448818897
branching on 3 with b.
2597   791    21         49.0673    56.8941    15.9511    % 
LB close or above UB, fathomed
2598   790    21         49.0673    56.8941    15.9511    % 
UB: 56.89409448818897
branching on 1 with b.
2599   791    22         49.0673    56.8941    15.9511    % 
UB: 56.89409448818897
branching on 2 with b.
2600   792    22         49.0673    56.8941    15.9511    % 
LB close or above UB, fathomed
2601   791    20         49.0673    56.8941    15.9511    % 
UB: 56.89409448818897
branching on 3 with b.
2602   792    21         49.0673    56.8941    15.9511    % 
LB close or above UB, fathomed
2603   791    21         49.0673    56.8941    15.9511    % 
UB: 56.89409448818897
branching on 1 with b.
2604   792    22         49.0673    56.8941    15.9511    % 
UB: 56.89409448818897
branching on 2 with b.
2605   793    22         49.0673    56.8941    15.9511    % 
LB close or above UB, fathomed
2606   792    20         49.0673    56.8941    15.9511    % 
UB: 56.89409448818897
branching on 3 with b.
2607   793    21         49.0673    56.8941    15.9511    % 
LB close or above UB, fathomed
2608   792    21         49.0673    56.8941    15.9511    % 
UB: 56.89409448818897
branching on 1 with b.
2609   793    22         49.0673    56.8941    15.9511    % 
UB: 56.89409448818897
branching on 2 with b.
2610   794    22         49.0673    56.8941    15.9511    % 
LB close or above UB, fathomed
2611   793    22         49.0673    56.8941    15.9511    % 
UB: 56.89409448818897
branching on 3 with b.
2612   794    23         49.0673    56.8941    15.9511    % 
LB close or above UB, fathomed
2613   793    23         49.0673    56.8941    15.9511    % 
UB: 56.89409448818897
branching on 1 with b.
2614   794    24         49.0673    56.8941    15.9511    % 
UB: 56.89409448818897
branching on 2 with b.
2615   795    24         49.0673    56.8941    15.9511    % 
LB close or above UB, fathomed
2616   794    22         49.0673    56.8941    15.9511    % 
UB: 56.89409448818897
branching on 3 with b.
2617   795    23         49.0673    56.8941    15.9511    % 
LB close or above UB, fathomed
2618   794    23         49.0673    56.8941    15.9511    % 
UB: 56.89409448818897
branching on 1 with b.
2619   795    24         49.0673    56.8941    15.9511    % 
UB: 56.89409448818897
branching on 2 with b.
2620   796    24         49.0673    56.8941    15.9511    % 
LB close or above UB, fathomed
2621   795    26         49.0673    56.8941    15.9511    % 
LB close or above UB, fathomed
2622   794    26         49.0673    56.8941    15.9511    % 
UB: 56.89409448818897
branching on 2 with b.
2623   795    27         49.0673    56.8941    15.9511    % 
LB close or above UB, fathomed
2624   794    27         49.0673    56.8941    15.9511    % 
UB: 56.89409448818897
branching on 3 with b.
2625   795    28         49.0673    56.8941    15.9511    % 
UB: 56.89409448818897
branching on 1 with b.
2626   796    28         49.0673    56.8941    15.9511    % 
LB close or above UB, fathomed
2627   795    21         49.0673    56.8941    15.9511    % 
LB close or above UB, fathomed
2628   794    21         49.0673    56.8941    15.9511    % 
UB: 56.89409448818897
branching on CartesianIndex(1, 7) with c.
2629   795    22         49.0673    56.8941    15.9511    % 
UB: 56.89409448818897
branching on 1 with b.
2630   796    23         49.0673    56.8941    15.9511    % 
LB close or above UB, fathomed
2631   795    23         49.0673    56.8941    15.9511    % 
LB close or above UB, fathomed
2632   794    22         49.0673    56.8941    15.9511    % 
LB close or above UB, fathomed
2633   793    25         49.0673    56.8941    15.9511    % 
LB close or above UB, fathomed
2634   792    25         49.0673    56.8941    15.9511    % 
UB: 56.89409448818897
branching on 3 with b.
2635   793    18         49.0673    56.8941    15.9511    % 
LB close or above UB, fathomed
2636   792    18         49.0673    56.8941    15.9511    % 
UB: 56.89409448818897
branching on CartesianIndex(1, 7) with c.
2637   793    19         49.0673    56.8941    15.9511    % 
UB: 56.89409448818897
branching on 1 with b.
2638   794    20         49.0673    56.8941    15.9511    % 
LB close or above UB, fathomed
2639   793    20         49.0673    56.8941    15.9511    % 
LB close or above UB, fathomed
2640   792    19         49.0673    56.8941    15.9511    % 
LB close or above UB, fathomed
2641   791    17         49.0673    56.8941    15.9511    % 
LB close or above UB, fathomed
2642   790    17         49.0673    56.8941    15.9511    % 
UB: 56.89409448818897
branching on CartesianIndex(1, 6) with c.
2643   791    18         49.0673    56.8941    15.9511    % 
LB close or above UB, fathomed
2644   790    18         49.0673    56.8941    15.9511    % 
UB: 56.89409448818897
branching on CartesianIndex(1, 7) with c.
2645   791    19         49.0673    56.8941    15.9511    % 
UB: 56.89409448818897
branching on 1 with b.
2646   792    20         49.0673    56.8941    15.9511    % 
LB close or above UB, fathomed
2647   791    20         49.0673    56.8941    15.9511    % 
LB close or above UB, fathomed
2648   790    19         49.0673    56.8941    15.9511    % 
LB close or above UB, fathomed
2649   789    24         49.0673    56.8941    15.9511    % 
LB close or above UB, fathomed
2650   788    24         49.0673    56.8941    15.9511    % 
UB: 56.89409448818897
branching on 1 with b.
2651   789    25         49.0673    56.8941    15.9511    % 
LB close or above UB, fathomed
2652   788    25         49.0673    56.8941    15.9511    % 
UB: 56.89409448818897
branching on 2 with b.
2653   789    26         49.0673    56.8941    15.9511    % 
UB: 56.89409448818897
branching on 3 with b.
2654   790    27         49.0673    56.8941    15.9511    % 
LB close or above UB, fathomed
2655   789    27         49.0673    56.8941    15.9511    % 
UB: 56.89409448818897
branching on 1 with b.
2656   790    28         49.0673    56.8941    15.9511    % 
UB: 56.89409448818897
branching on 2 with b.
2657   791    29         49.0673    56.8941    15.9511    % 
UB: 56.89409448818897
branching on 3 with b.
2658   792    30         49.0673    56.8941    15.9511    % 
UB: 56.89409448818897
branching on 1 with b.
2659   793    30         49.0673    56.8941    15.9511    % 
LB close or above UB, fathomed
2660   792    29         49.0673    56.8941    15.9511    % 
LB close or above UB, fathomed
2661   791    28         49.0673    56.8941    15.9511    % 
UB: 56.89409448818897
branching on 2 with b.
2662   792    26         49.0673    56.8941    15.9511    % 
LB close or above UB, fathomed
2663   791    22         49.0673    56.8941    15.9511    % 
LB close or above UB, fathomed
2664   790    22         49.0673    56.8941    15.9511    % 
UB: 56.89409448818897
branching on 1 with b.
2665   791    23         49.0673    56.8941    15.9511    % 
UB: 56.89409448818897
branching on CartesianIndex(1, 6) with c.
2666   792    23         49.0673    56.8941    15.9511    % 
LB close or above UB, fathomed
2667   791    27         49.0673    56.8941    15.9511    % 
UB: 56.89409448818897
branching on 1 with b.
2668   792    27         49.0673    56.8941    15.9511    % 
LB close or above UB, fathomed
2669   791    22         49.0673    56.8941    15.9511    % 
LB close or above UB, fathomed
2670   790    22         49.0673    56.8941    15.9511    % 
UB: 56.89409448818897
branching on CartesianIndex(1, 7) with c.
2671   791    23         49.0673    56.8941    15.9511    % 
UB: 56.89409448818897
branching on 3 with b.
2672   792    24         49.0673    56.8941    15.9511    % 
LB close or above UB, fathomed
2673   791    24         49.0673    56.8941    15.9511    % 
UB: 56.89409448818897
branching on 1 with b.
2674   792    25         49.0673    56.8941    15.9511    % 
LB close or above UB, fathomed
2675   791    25         49.0673    56.8941    15.9511    % 
UB: 56.89409448818897
branching on 2 with b.
2676   792    26         49.0673    56.8941    15.9511    % 
LB close or above UB, fathomed
2677   791    26         49.0673    56.8941    15.9511    % 
UB: 56.89409448818897
branching on 3 with b.
2678   792    27         49.0673    56.8941    15.9511    % 
LB close or above UB, fathomed
2679   791    27         49.0673    56.8941    15.9511    % 
UB: 56.89409448818897
branching on 1 with b.
2680   792    23         49.0673    56.8941    15.9511    % 
LB close or above UB, fathomed
2681   791    21         49.0673    56.8941    15.9511    % 
UB: 56.89409448818897
branching on CartesianIndex(1, 6) with c.
2682   792    22         49.0673    56.8941    15.9511    % 
LB close or above UB, fathomed
2683   791    22         49.0673    56.8941    15.9511    % 
UB: 56.89409448818897
branching on 3 with b.
2684   792    23         49.0673    56.8941    15.9511    % 
LB close or above UB, fathomed
2685   791    23         49.0673    56.8941    15.9511    % 
UB: 56.89409448818897
branching on CartesianIndex(1, 7) with c.
2686   792    24         49.0673    56.8941    15.9511    % 
UB: 56.89409448818897
branching on 1 with b.
2687   793    25         49.0673    56.8941    15.9511    % 
UB: 56.89409448818897
branching on 2 with b.
2688   794    25         49.0673    56.8941    15.9511    % 
LB close or above UB, fathomed
2689   793    24         49.0673    56.8941    15.9511    % 
LB close or above UB, fathomed
2690   792    21         49.0673    56.8941    15.9511    % 
UB: 56.89409448818897
branching on CartesianIndex(1, 6) with c.
2691   793    22         49.0673    56.8941    15.9511    % 
LB close or above UB, fathomed
2692   792    22         49.0673    56.8941    15.9511    % 
UB: 56.89409448818897
branching on CartesianIndex(1, 7) with c.
2693   793    23         49.0673    56.8941    15.9511    % 
UB: 56.89409448818897
branching on 3 with b.
2694   794    24         49.0673    56.8941    15.9511    % 
LB close or above UB, fathomed
2695   793    24         49.0673    56.8941    15.9511    % 
UB: 56.89409448818897
branching on 1 with b.
2696   794    25         49.0673    56.8941    15.9511    % 
UB: 56.89409448818897
branching on 2 with b.
2697   795    25         49.0673    56.8941    15.9511    % 
LB close or above UB, fathomed
2698   794    23         49.0673    56.8941    15.9511    % 
LB close or above UB, fathomed
2699   793    18         49.0673    56.8941    15.9511    % 
UB: 56.89409448818897
branching on CartesianIndex(1, 6) with c.
2700   794    19         49.0673    56.8941    15.9511    % 
LB close or above UB, fathomed
2701   793    19         49.0673    56.8941    15.9511    % 
UB: 56.89409448818897
branching on CartesianIndex(1, 7) with c.
2702   794    20         49.0673    56.8941    15.9511    % 
UB: 56.89409448818897
branching on 3 with b.
2703   795    21         49.0673    56.8941    15.9511    % 
LB close or above UB, fathomed
2704   794    21         49.0673    56.8941    15.9511    % 
UB: 56.89409448818897
branching on 1 with b.
2705   795    22         49.0673    56.8941    15.9511    % 
UB: 56.89409448818897
branching on 2 with b.
2706   796    22         49.0673    56.8941    15.9511    % 
LB close or above UB, fathomed
2707   795    20         49.0673    56.8941    15.9511    % 
LB close or above UB, fathomed
2708   794    18         49.0673    56.8941    15.9511    % 
UB: 56.89409448818897
branching on CartesianIndex(1, 6) with c.
2709   795    19         49.0673    56.8941    15.9511    % 
LB close or above UB, fathomed
2710   794    19         49.0673    56.8941    15.9511    % 
UB: 56.89409448818897
branching on CartesianIndex(1, 7) with c.
2711   795    20         49.0673    56.8941    15.9511    % 
UB: 56.89409448818897
branching on 3 with b.
2712   796    21         49.0673    56.8941    15.9511    % 
LB close or above UB, fathomed
2713   795    21         49.0673    56.8941    15.9511    % 
UB: 56.89409448818897
branching on 1 with b.
2714   796    22         49.0673    56.8941    15.9511    % 
UB: 56.89409448818897
branching on 2 with b.
2715   797    22         49.0673    56.8941    15.9511    % 
LB close or above UB, fathomed
2716   796    20         49.0673    56.8941    15.9511    % 
LB close or above UB, fathomed
2717   795    26         49.0673    56.8941    15.9511    % 
UB: 56.89409448818897
branching on 2 with b.
2718   796    27         49.0673    56.8941    15.9511    % 
UB: 56.89409448818897
branching on 3 with b.
2719   797    27         49.0673    56.8941    15.9511    % 
UB: 56.89409448818897
branching on 3 with b.
2720   798    28         49.0673    56.8941    15.9511    % 
LB close or above UB, fathomed
2721   797    28         49.0673    56.8941    15.9511    % 
UB: 56.89409448818897
branching on 1 with b.
2722   798    29         49.0673    56.8941    15.9511    % 
LB close or above UB, fathomed
2723   797    29         49.0673    56.8941    15.9511    % 
UB: 56.89409448818897
branching on 2 with b.
2724   798    26         49.0673    56.8941    15.9511    % 
UB: 56.89409448818897
branching on 2 with b.
2725   799    21         49.0673    56.8941    15.9511    % 
LB close or above UB, fathomed
2726   798    21         49.0673    56.8941    15.9511    % 
UB: 56.89409448818897
branching on CartesianIndex(1, 7) with c.
2727   799    22         49.0673    56.8941    15.9511    % 
UB: 56.89409448818897
branching on 1 with b.
2728   800    23         49.0673    56.8941    15.9511    % 
UB: 56.89409448818897
branching on 2 with b.
2729   801    23         49.0673    56.8941    15.9511    % 
LB close or above UB, fathomed
2730   800    22         49.0673    56.8941    15.9511    % 
LB close or above UB, fathomed
2731   799    19         49.0673    56.8941    15.9511    % 
LB close or above UB, fathomed
2732   798    19         49.0673    56.8941    15.9511    % 
UB: 56.89409448818897
branching on CartesianIndex(1, 6) with c.
2733   799    20         49.0673    56.8941    15.9511    % 
LB close or above UB, fathomed
2734   798    20         49.0673    56.8941    15.9511    % 
UB: 56.89409448818897
branching on CartesianIndex(1, 7) with c.
2735   799    21         49.0673    56.8941    15.9511    % 
UB: 56.89409448818897
branching on 3 with b.
2736   800    22         49.0673    56.8941    15.9511    % 
LB close or above UB, fathomed
2737   799    22         49.0673    56.8941    15.9511    % 
UB: 56.89409448818897
branching on 1 with b.
2738   800    23         49.0673    56.8941    15.9511    % 
UB: 56.89409448818897
branching on 2 with b.
2739   801    23         49.0673    56.8941    15.9511    % 
LB close or above UB, fathomed
2740   800    21         49.0673    56.8941    15.9511    % 
LB close or above UB, fathomed
2741   799    22         49.0673    56.8941    15.9511    % 
UB: 56.89409448818897
branching on 2 with b.
2742   800    23         49.0673    56.8941    15.9511    % 
UB: 56.89409448818897
branching on 3 with b.
2743   801    24         49.0673    56.8941    15.9511    % 
LB close or above UB, fathomed
2744   800    24         49.0673    56.8941    15.9511    % 
UB: 56.89409448818897
branching on 1 with b.
2745   801    25         49.0673    56.8941    15.9511    % 
LB close or above UB, fathomed
2746   800    25         49.0673    56.8941    15.9511    % 
UB: 56.89409448818897
branching on 2 with b.
2747   801    23         49.0673    56.8941    15.9511    % 
LB close or above UB, fathomed
2748   800    22         49.0673    56.8941    15.9511    % 
LB close or above UB, fathomed
2749   799    21         49.0673    56.8941    15.9511    % 
UB: 56.89409448818897
branching on CartesianIndex(1, 6) with c.
2750   800    22         49.0673    56.8941    15.9511    % 
LB close or above UB, fathomed
2751   799    22         49.0673    56.8941    15.9511    % 
UB: 56.89409448818897
branching on CartesianIndex(1, 7) with c.
2752   800    23         49.0673    56.8941    15.9511    % 
UB: 56.89409448818897
branching on 2 with b.
2753   801    24         49.0673    56.8941    15.9511    % 
UB: 56.89409448818897
branching on 3 with b.
2754   802    25         49.0673    56.8941    15.9511    % 
UB: 56.89409448818897
branching on 1 with b.
2755   803    25         49.0673    56.8941    15.9511    % 
LB close or above UB, fathomed
2756   802    24         49.0673    56.8941    15.9511    % 
UB: 56.89409448818897
branching on 3 with b.
2757   803    23         49.0673    56.8941    15.9511    % 
LB close or above UB, fathomed
2758   802    21         49.0673    56.8941    15.9511    % 
UB: 56.89409448818897
branching on CartesianIndex(1, 6) with c.
2759   803    19         49.0673    56.8941    15.9511    % 
LB close or above UB, fathomed
2760   802    19         49.0673    56.8941    15.9511    % 
UB: 56.89409448818897
branching on CartesianIndex(1, 5) with c.
2761   803    20         49.0673    56.8941    15.9511    % 
LB close or above UB, fathomed
2762   802    20         49.0673    56.8941    15.9511    % 
UB: 56.89409448818897
branching on CartesianIndex(1, 6) with c.
2763   803    21         49.0673    56.8941    15.9511    % 
LB close or above UB, fathomed
2764   802    21         49.0673    56.8941    15.9511    % 
UB: 56.89409448818897
branching on CartesianIndex(1, 7) with c.
2765   803    22         49.0673    56.8941    15.9511    % 
UB: 56.89409448818897
branching on 1 with b.
2766   804    23         49.0673    56.8941    15.9511    % 
UB: 56.89409448818897
branching on 2 with b.
2767   805    23         49.0673    56.8941    15.9511    % 
LB close or above UB, fathomed
2768   804    22         49.0673    56.8941    15.9511    % 
LB close or above UB, fathomed
2769   803    19         49.0673    56.8941    15.9511    % 
LB close or above UB, fathomed
2770   802    19         49.0673    56.8941    15.9511    % 
UB: 56.89409448818897
branching on CartesianIndex(1, 5) with c.
2771   803    20         49.0673    56.8941    15.9511    % 
UB: 56.89409448818897
branching on 2 with b.
2772   804    21         49.0673    56.8941    15.9511    % 
UB: 56.89409448818897
branching on CartesianIndex(1, 6) with c.
2773   805    22         49.0673    56.8941    15.9511    % 
LB close or above UB, fathomed
2774   804    22         49.0673    56.8941    15.9511    % 
UB: 56.89409448818897
branching on 3 with b.
2775   805    23         49.0673    56.8941    15.9511    % 
LB close or above UB, fathomed
2776   804    23         49.0673    56.8941    15.9511    % 
UB: 56.89409448818897
branching on CartesianIndex(1, 7) with c.
2777   805    24         49.0673    56.8941    15.9511    % 
UB: 56.89409448818897
branching on 1 with b.
2778   806    25         49.0673    56.8941    15.9511    % 
UB: 56.89409448818897
branching on 2 with b.
2779   807    25         49.0673    56.8941    15.9511    % 
LB close or above UB, fathomed
2780   806    24         49.0673    56.8941    15.9511    % 
LB close or above UB, fathomed
2781   805    21         49.0673    56.8941    15.9511    % 
UB: 56.89409448818897
branching on CartesianIndex(1, 6) with c.
2782   806    22         49.0673    56.8941    15.9511    % 
LB close or above UB, fathomed
2783   805    22         49.0673    56.8941    15.9511    % 
UB: 56.89409448818897
branching on CartesianIndex(1, 7) with c.
2784   806    23         49.0673    56.8941    15.9511    % 
UB: 56.89409448818897
branching on 3 with b.
2785   807    24         49.0673    56.8941    15.9511    % 
LB close or above UB, fathomed
2786   806    24         49.0673    56.8941    15.9511    % 
UB: 56.89409448818897
branching on 1 with b.
2787   807    25         49.0673    56.8941    15.9511    % 
UB: 56.89409448818897
branching on 2 with b.
2788   808    25         49.0673    56.8941    15.9511    % 
LB close or above UB, fathomed
2789   807    23         49.0673    56.8941    15.9511    % 
LB close or above UB, fathomed
2790   806    20         49.0673    56.8941    15.9511    % 
UB: 56.89409448818897
branching on CartesianIndex(1, 6) with c.
2791   807    21         49.0673    56.8941    15.9511    % 
LB close or above UB, fathomed
2792   806    21         49.0673    56.8941    15.9511    % 
UB: 56.89409448818897
branching on CartesianIndex(1, 7) with c.
2793   807    22         49.0673    56.8941    15.9511    % 
UB: 56.89409448818897
branching on 2 with b.
2794   808    23         49.0673    56.8941    15.9511    % 
UB: 56.89409448818897
branching on 3 with b.
2795   809    24         49.0673    56.8941    15.9511    % 
LB close or above UB, fathomed
2796   808    24         49.0673    56.8941    15.9511    % 
UB: 56.89409448818897
branching on 1 with b.
2797   809    25         49.0673    56.8941    15.9511    % 
UB: 56.89409448818897
branching on 2 with b.
2798   810    25         49.0673    56.8941    15.9511    % 
LB close or above UB, fathomed
2799   809    23         49.0673    56.8941    15.9511    % 
UB: 56.89409448818897
branching on 3 with b.
2800   810    24         49.0673    56.8941    15.9511    % 
LB close or above UB, fathomed
2801   809    24         49.0673    56.8941    15.9511    % 
UB: 56.89409448818897
branching on 1 with b.
2802   810    25         49.0673    56.8941    15.9511    % 
UB: 56.89409448818897
branching on 2 with b.
2803   811    25         49.0673    56.8941    15.9511    % 
LB close or above UB, fathomed
2804   810    22         49.0673    56.8941    15.9511    % 
LB close or above UB, fathomed
2805   809    15         49.8211    56.8941    14.1968    % 
UB: 56.89409448818897
branching on CartesianIndex(2, 3) with a.
2806   810    15         49.8211    56.8941    14.1968    % 
LB close or above UB, fathomed
2807   809    16         50.2224    56.8941    13.2842    % 
LB close or above UB, fathomed
2808   808    16         50.2224    56.8941    13.2842    % 
LB close or above UB, fathomed
2809   807    12         50.5348    56.8941    12.5839    % 
UB: 56.89409448818897
branching on CartesianIndex(3, 2) with a.
2810   808    13         50.5348    56.8941    12.5839    % 
UB: 56.89409448818897
branching on CartesianIndex(4, 2) with a.
2811   809    14         50.5348    56.8941    12.5839    % 
UB: 56.89409448818897
branching on 2 with b.
2812   810    14         50.5348    56.8941    12.5839    % 
UB: 56.89409448818897
branching on 2 with b.
2813   811    13         50.5348    56.8941    12.5839    % 
UB: 56.89409448818897
branching on CartesianIndex(1, 3) with a.
2814   812    12         50.5348    56.8941    12.5839    % 
UB: 56.89409448818897
branching on 2 with b.
2815   813    19         50.9706    56.8941    11.6213    % 
UB: 56.89409448818897
branching on 1 with b.
2816   814    19         50.9706    56.8941    11.6213    % 
LB close or above UB, fathomed
2817   813    13         50.9740    56.8941    11.6139    % 
LB close or above UB, fathomed
2818   812    13         50.9740    56.8941    11.6139    % 
UB: 56.89409448818897
branching on CartesianIndex(1, 5) with c.
2819   813    9          50.9740    56.8941    11.6139    % 
UB: 56.89409448818897
branching on CartesianIndex(4, 1) with a.
2820   814    9          50.9740    56.8941    11.6139    % 
LB close or above UB, fathomed
2821   813    12         50.9740    56.8941    11.6139    % 
LB close or above UB, fathomed
2822   812    12         50.9740    56.8941    11.6139    % 
UB: 56.89409448818897
branching on CartesianIndex(1, 3) with a.
2823   813    20         51.0147    56.8941    11.5249    % 
LB close or above UB, fathomed
2824   812    20         51.0147    56.8941    11.5249    % 
UB: 56.89409448818897
branching on 3 with b.
2825   813    21         51.0147    56.8941    11.5249    % 
LB close or above UB, fathomed
2826   812    21         51.0147    56.8941    11.5249    % 
UB: 56.89409448818897
branching on CartesianIndex(1, 4) with c.
2827   813    24         51.0157    56.8941    11.5228    % 
LB close or above UB, fathomed
2828   812    24         51.0157    56.8941    11.5228    % 
UB: 56.89409448818897
branching on CartesianIndex(1, 4) with c.
2829   813    25         51.0157    56.8941    11.5228    % 
LB close or above UB, fathomed
2830   812    25         51.0157    56.8941    11.5228    % 
UB: 56.89409448818897
branching on CartesianIndex(1, 5) with c.
2831   813    26         51.0157    56.8941    11.5228    % 
UB: 56.89409448818897
branching on 2 with b.
2832   814    27         51.0157    56.8941    11.5228    % 
LB close or above UB, fathomed
2833   813    27         51.0157    56.8941    11.5228    % 
UB: 56.89409448818897
branching on CartesianIndex(1, 6) with c.
2834   814    28         51.0157    56.8941    11.5228    % 
LB close or above UB, fathomed
2835   813    28         51.0157    56.8941    11.5228    % 
UB: 56.89409448818897
branching on CartesianIndex(1, 7) with c.
2836   814    29         51.0157    56.8941    11.5228    % 
UB: 56.89409448818897
branching on 3 with b.
2837   815    30         51.0157    56.8941    11.5228    % 
LB close or above UB, fathomed
2838   814    30         51.0157    56.8941    11.5228    % 
UB: 56.89409448818897
branching on 1 with b.
2839   815    29         51.0157    56.8941    11.5228    % 
LB close or above UB, fathomed
2840   814    26         51.0157    56.8941    11.5228    % 
LB close or above UB, fathomed
2841   813    30         51.0240    56.8941    11.5045    % 
UB: 56.89409448818897
branching on 3 with b.
2842   814    30         51.0240    56.8941    11.5045    % 
LB close or above UB, fathomed
2843   813    34         51.0240    56.8941    11.5045    % 
UB: 56.89409448818897
branching on 2 with b.
2844   814    34         51.0240    56.8941    11.5045    % 
UB: 56.89409448818897
branching on 2 with b.
2845   815    28         51.0240    56.8941    11.5045    % 
LB close or above UB, fathomed
2846   814    28         51.0240    56.8941    11.5045    % 
UB: 56.89409448818897
branching on 1 with b.
2847   815    29         51.0240    56.8941    11.5045    % 
LB close or above UB, fathomed
2848   814    29         51.0240    56.8941    11.5045    % 
UB: 56.89409448818897
branching on 2 with b.
2849   815    25         51.0240    56.8941    11.5045    % 
LB close or above UB, fathomed
2850   814    25         51.0240    56.8941    11.5045    % 
UB: 56.89409448818897
branching on CartesianIndex(1, 4) with c.
2851   815    25         51.0240    56.8941    11.5045    % 
UB: 56.89409448818897
branching on 3 with b.
2852   816    25         51.0240    56.8941    11.5045    % 
LB close or above UB, fathomed
2853   815    23         51.0240    56.8941    11.5045    % 
UB: 56.89409448818897
branching on 3 with b.
2854   816    24         51.0240    56.8941    11.5045    % 
UB: 56.89409448818897
branching on 1 with b.
2855   817    24         51.0240    56.8941    11.5045    % 
LB close or above UB, fathomed
2856   816    23         51.0240    56.8941    11.5045    % 
LB close or above UB, fathomed
2857   815    28         51.0240    56.8941    11.5045    % 
UB: 56.89409448818897
branching on 3 with b.
2858   816    29         51.0240    56.8941    11.5045    % 
UB: 56.89409448818897
branching on 1 with b.
2859   817    29         51.0240    56.8941    11.5045    % 
LB close or above UB, fathomed
2860   816    28         51.0240    56.8941    11.5045    % 
LB close or above UB, fathomed
2861   815    26         51.0240    56.8941    11.5045    % 
UB: 56.89409448818897
branching on 1 with b.
2862   816    26         51.0240    56.8941    11.5045    % 
LB close or above UB, fathomed
2863   815    26         51.0240    56.8941    11.5045    % 
UB: 56.89409448818897
branching on 3 with b.
2864   816    27         51.0240    56.8941    11.5045    % 
UB: 56.89409448818897
branching on 1 with b.
2865   817    27         51.0240    56.8941    11.5045    % 
LB close or above UB, fathomed
2866   816    26         51.0240    56.8941    11.5045    % 
UB: 56.89409448818897
branching on 3 with b.
2867   817    23         51.0240    56.8941    11.5045    % 
UB: 56.89409448818897
branching on 1 with b.
2868   818    24         51.0240    56.8941    11.5045    % 
UB: 56.89409448818897
branching on 2 with b.
2869   819    24         51.0240    56.8941    11.5045    % 
LB close or above UB, fathomed
2870   818    23         51.0240    56.8941    11.5045    % 
LB close or above UB, fathomed
2871   817    21         51.0240    56.8941    11.5045    % 
UB: 56.89409448818897
branching on CartesianIndex(1, 6) with c.
2872   818    22         51.0240    56.8941    11.5045    % 
LB close or above UB, fathomed
2873   817    22         51.0240    56.8941    11.5045    % 
UB: 56.89409448818897
branching on 2 with b.
2874   818    23         51.0240    56.8941    11.5045    % 
LB close or above UB, fathomed
2875   817    23         51.0240    56.8941    11.5045    % 
UB: 56.89409448818897
branching on CartesianIndex(1, 7) with c.
2876   818    24         51.0240    56.8941    11.5045    % 
UB: 56.89409448818897
branching on 3 with b.
2877   819    25         51.0240    56.8941    11.5045    % 
LB close or above UB, fathomed
2878   818    25         51.0240    56.8941    11.5045    % 
UB: 56.89409448818897
branching on 1 with b.
2879   819    26         51.0240    56.8941    11.5045    % 
UB: 56.89409448818897
branching on 2 with b.
2880   820    26         51.0240    56.8941    11.5045    % 
UB: 56.89409448818897
branching on 2 with b.
2881   821    27         51.0240    56.8941    11.5045    % 
LB close or above UB, fathomed
2882   820    27         51.0240    56.8941    11.5045    % 
LB close or above UB, fathomed
2883   819    24         51.0240    56.8941    11.5045    % 
LB close or above UB, fathomed
2884   818    21         51.0240    56.8941    11.5045    % 
LB close or above UB, fathomed
2885   817    27         51.0240    56.8941    11.5045    % 
LB close or above UB, fathomed
2886   816    27         51.0240    56.8941    11.5045    % 
UB: 56.89409448818897
branching on 3 with b.
2887   817    28         51.0240    56.8941    11.5045    % 
UB: 56.89409448818897
branching on 1 with b.
2888   818    29         51.0240    56.8941    11.5045    % 
UB: 56.89409448818897
branching on 2 with b.
2889   819    29         51.0240    56.8941    11.5045    % 
LB close or above UB, fathomed
2890   818    28         51.0240    56.8941    11.5045    % 
LB close or above UB, fathomed
2891   817    30         51.0240    56.8941    11.5045    % 
LB close or above UB, fathomed
2892   816    30         51.0240    56.8941    11.5045    % 
UB: 56.89409448818897
branching on 1 with b.
2893   817    31         51.0240    56.8941    11.5045    % 
UB: 56.89409448818897
branching on 2 with b.
2894   818    32         51.0240    56.8941    11.5045    % 
UB: 56.89409448818897
branching on 3 with b.
2895   819    33         51.0240    56.8941    11.5045    % 
UB: 56.89409448818897
branching on 1 with b.
2896   820    34         51.0240    56.8941    11.5045    % 
UB: 56.89409448818897
branching on 2 with b.
2897   821    35         51.0240    56.8941    11.5045    % 
UB: 56.89409448818897
branching on 3 with b.
2898   822    35         51.0240    56.8941    11.5045    % 
LB close or above UB, fathomed
2899   821    34         51.0240    56.8941    11.5045    % 
UB: 56.89409448818897
branching on 2 with b.
2900   822    33         51.0240    56.8941    11.5045    % 
UB: 56.89409448818897
branching on 1 with b.
2901   823    32         51.0240    56.8941    11.5045    % 
LB close or above UB, fathomed
2902   822    31         51.0240    56.8941    11.5045    % 
UB: 56.89409448818897
branching on 2 with b.
2903   823    34         51.0240    56.8941    11.5045    % 
LB close or above UB, fathomed
2904   822    34         51.0240    56.8941    11.5045    % 
UB: 56.89409448818897
branching on 3 with b.
2905   823    26         51.0240    56.8941    11.5045    % 
UB: 56.89409448818897
branching on 3 with b.
2906   824    27         51.0240    56.8941    11.5045    % 
UB: 56.89409448818897
branching on 1 with b.
2907   825    27         51.0240    56.8941    11.5045    % 
LB close or above UB, fathomed
2908   824    26         51.0240    56.8941    11.5045    % 
UB: 56.89409448818897
branching on 3 with b.
2909   825    26         51.0240    56.8941    11.5045    % 
UB: 56.89409448818897
branching on 3 with b.
2910   826    26         51.0240    56.8941    11.5045    % 
UB: 56.89409448818897
branching on 3 with b.
2911   827    27         51.0240    56.8941    11.5045    % 
UB: 56.89409448818897
branching on 1 with b.
2912   828    27         51.0240    56.8941    11.5045    % 
LB close or above UB, fathomed
2913   827    35         51.0240    56.8941    11.5045    % 
UB: 56.89409448818897
branching on 3 with b.
2914   828    35         51.0240    56.8941    11.5045    % 
LB close or above UB, fathomed
2915   827    35         51.0240    56.8941    11.5045    % 
UB: 56.89409448818897
branching on 3 with b.
2916   828    35         51.0240    56.8941    11.5045    % 
LB close or above UB, fathomed
2917   827    37         51.0240    56.8941    11.5045    % 
LB close or above UB, fathomed
2918   826    37         51.0240    56.8941    11.5045    % 
UB: 56.89409448818897
branching on 2 with b.
2919   827    38         51.0240    56.8941    11.5045    % 
LB close or above UB, fathomed
2920   826    38         51.0240    56.8941    11.5045    % 
UB: 56.89409448818897
branching on 3 with b.
2921   826    36         51.0240    56.8941    11.5045    % 
UB: 56.89409448818897
branching on 1 with b.
2922   827    36         51.0240    56.8941    11.5045    % 
UB: 56.89409448818897
branching on 1 with b.
2923   828    38         51.0240    56.8941    11.5045    % 
UB: 56.89409448818897
branching on 1 with b.
2924   829    38         51.0240    56.8941    11.5045    % 
UB: 56.89409448818897
branching on 1 with b.
2925   830    33         51.0240    56.8941    11.5045    % 
UB: 56.89409448818897
branching on 1 with b.
2926   831    34         51.0240    56.8941    11.5045    % 
LB close or above UB, fathomed
2927   830    34         51.0240    56.8941    11.5045    % 
UB: 56.89409448818897
branching on 2 with b.
2928   831    33         51.0240    56.8941    11.5045    % 
LB close or above UB, fathomed
2929   830    16         51.0240    56.8941    11.5045    % 
UB: 56.89409448818897
branching on CartesianIndex(1, 5) with c.
2930   831    16         51.0240    56.8941    11.5045    % 
LB close or above UB, fathomed
2931   830    37         51.0240    56.8941    11.5045    % 
UB: 56.89409448818897
branching on 2 with b.
2932   831    38         51.0240    56.8941    11.5045    % 
LB close or above UB, fathomed
2933   830    38         51.0240    56.8941    11.5045    % 
UB: 56.89409448818897
branching on 3 with b.
2934   831    37         51.0240    56.8941    11.5045    % 
UB: 56.89409448818897
branching on 2 with b.
2935   832    38         51.0240    56.8941    11.5045    % 
LB close or above UB, fathomed
2936   831    38         51.0240    56.8941    11.5045    % 
UB: 56.89409448818897
branching on 3 with b.
2937   832    35         51.0240    56.8941    11.5045    % 
UB: 56.89409448818897
branching on 3 with b.
2938   833    35         51.0240    56.8941    11.5045    % 
LB close or above UB, fathomed
2939   832    36         51.0240    56.8941    11.5045    % 
UB: 56.89409448818897
branching on 1 with b.
2940   833    37         51.0240    56.8941    11.5045    % 
UB: 56.89409448818897
branching on 2 with b.
2941   834    37         51.0240    56.8941    11.5045    % 
UB: 56.89409448818897
branching on 2 with b.
2942   835    38         51.0240    56.8941    11.5045    % 
LB close or above UB, fathomed
2943   834    38         51.0240    56.8941    11.5045    % 
UB: 56.89409448818897
branching on 3 with b.
2944   835    36         51.0240    56.8941    11.5045    % 
UB: 56.89409448818897
branching on 1 with b.
2945   836    37         51.0240    56.8941    11.5045    % 
UB: 56.89409448818897
branching on 2 with b.
2946   837    37         51.0240    56.8941    11.5045    % 
UB: 56.89409448818897
branching on 2 with b.
2947   838    34         51.0240    56.8941    11.5045    % 
LB close or above UB, fathomed
2948   837    34         51.0240    56.8941    11.5045    % 
UB: 56.89409448818897
branching on 3 with b.
2949   838    35         51.0240    56.8941    11.5045    % 
UB: 56.89409448818897
branching on 1 with b.
2950   839    35         51.0240    56.8941    11.5045    % 
LB close or above UB, fathomed
2951   838    18         51.0240    56.8941    11.5045    % 
LB close or above UB, fathomed
2952   837    18         51.0240    56.8941    11.5045    % 
LB close or above UB, fathomed
2953   836    18         51.0240    56.8941    11.5045    % 
LB close or above UB, fathomed
2954   835    18         51.0240    56.8941    11.5045    % 
UB: 56.89409448818897
branching on 1 with b.
2955   836    33         51.0240    56.8941    11.5045    % 
UB: 56.89409448818897
branching on 2 with b.
2956   837    33         51.0240    56.8941    11.5045    % 
UB: 56.89409448818897
branching on 2 with b.
2957   838    34         51.0240    56.8941    11.5045    % 
UB: 56.89409448818897
branching on 3 with b.
2958   839    35         51.0240    56.8941    11.5045    % 
LB close or above UB, fathomed
2959   838    35         51.0240    56.8941    11.5045    % 
LB close or above UB, fathomed
2960   837    34         51.0240    56.8941    11.5045    % 
LB close or above UB, fathomed
2961   836    32         51.0240    56.8941    11.5045    % 
LB close or above UB, fathomed
2962   835    32         51.0240    56.8941    11.5045    % 
UB: 56.89409448818897
branching on 1 with b.
2963   836    35         51.0240    56.8941    11.5045    % 
UB: 56.89409448818897
branching on 3 with b.
2964   837    35         51.0240    56.8941    11.5045    % 
LB close or above UB, fathomed
2965   836    26         51.0240    56.8941    11.5045    % 
LB close or above UB, fathomed
2966   835    26         51.0240    56.8941    11.5045    % 
UB: 56.89409448818897
branching on 3 with b.
2967   836    27         51.0240    56.8941    11.5045    % 
UB: 56.89409448818897
branching on 1 with b.
2968   837    28         51.0240    56.8941    11.5045    % 
LB close or above UB, fathomed
2969   836    28         51.0240    56.8941    11.5045    % 
UB: 56.89409448818897
branching on 2 with b.
2970   837    27         51.0240    56.8941    11.5045    % 
LB close or above UB, fathomed
2971   836    34         51.0240    56.8941    11.5045    % 
UB: 56.89409448818897
branching on 3 with b.
2972   837    35         51.0240    56.8941    11.5045    % 
LB close or above UB, fathomed
2973   836    35         51.0240    56.8941    11.5045    % 
LB close or above UB, fathomed
2974   835    34         51.0240    56.8941    11.5045    % 
LB close or above UB, fathomed
2975   834    34         51.0240    56.8941    11.5045    % 
UB: 56.89409448818897
branching on 3 with b.
2976   835    35         51.0240    56.8941    11.5045    % 
UB: 56.89409448818897
branching on 1 with b.
2977   836    36         51.0240    56.8941    11.5045    % 
UB: 56.89409448818897
branching on 2 with b.
2978   837    37         51.0240    56.8941    11.5045    % 
UB: 56.89409448818897
branching on 3 with b.
2979   838    37         51.0240    56.8941    11.5045    % 
LB close or above UB, fathomed
2980   837    36         51.0240    56.8941    11.5045    % 
UB: 56.89409448818897
branching on 2 with b.
2981   838    35         51.0240    56.8941    11.5045    % 
UB: 56.89409448818897
branching on 1 with b.
2982   839    34         51.0240    56.8941    11.5045    % 
LB close or above UB, fathomed
2983   838    34         51.0240    56.8941    11.5045    % 
UB: 56.89409448818897
branching on 3 with b.
2984   839    35         51.0240    56.8941    11.5045    % 
UB: 56.89409448818897
branching on 1 with b.
2985   840    36         51.0240    56.8941    11.5045    % 
UB: 56.89409448818897
branching on 2 with b.
2986   841    37         51.0240    56.8941    11.5045    % 
UB: 56.89409448818897
branching on 3 with b.
2987   842    37         51.0240    56.8941    11.5045    % 
LB close or above UB, fathomed
2988   841    36         51.0240    56.8941    11.5045    % 
UB: 56.89409448818897
branching on 2 with b.
2989   842    35         51.0240    56.8941    11.5045    % 
LB close or above UB, fathomed
2990   841    34         51.0240    56.8941    11.5045    % 
LB close or above UB, fathomed
2991   840    22         51.0240    56.8941    11.5045    % 
LB close or above UB, fathomed
2992   839    22         51.0240    56.8941    11.5045    % 
UB: 56.89409448818897
branching on CartesianIndex(1, 5) with c.
2993   840    23         51.0240    56.8941    11.5045    % 
UB: 56.89409448818897
branching on 2 with b.
2994   841    24         51.0240    56.8941    11.5045    % 
LB close or above UB, fathomed
2995   840    24         51.0240    56.8941    11.5045    % 
UB: 56.89409448818897
branching on CartesianIndex(1, 6) with c.
2996   841    25         51.0240    56.8941    11.5045    % 
LB close or above UB, fathomed
2997   840    25         51.0240    56.8941    11.5045    % 
UB: 56.89409448818897
branching on CartesianIndex(1, 7) with c.
2998   841    26         51.0240    56.8941    11.5045    % 
UB: 56.89409448818897
branching on 3 with b.
2999   842    27         51.0240    56.8941    11.5045    % 
UB: 56.89409448818897
branching on 1 with b.
3000   843    27         51.0240    56.8941    11.5045    % 
LB close or above UB, fathomed
3001   842    26         51.0240    56.8941    11.5045    % 
LB close or above UB, fathomed
3002   841    23         51.0240    56.8941    11.5045    % 
LB close or above UB, fathomed
3003   840    28         51.0240    56.8941    11.5045    % 
UB: 56.89409448818897
branching on 3 with b.
3004   841    28         51.0240    56.8941    11.5045    % 
LB close or above UB, fathomed
3005   840    33         51.0240    56.8941    11.5045    % 
UB: 56.89409448818897
branching on 2 with b.
3006   841    33         51.0240    56.8941    11.5045    % 
UB: 56.89409448818897
branching on 2 with b.
3007   842    28         51.0240    56.8941    11.5045    % 
LB close or above UB, fathomed
3008   841    28         51.0240    56.8941    11.5045    % 
UB: 56.89409448818897
branching on 3 with b.
3009   842    32         51.0240    56.8941    11.5045    % 
UB: 56.89409448818897
branching on 3 with b.
3010   843    32         51.0240    56.8941    11.5045    % 
LB close or above UB, fathomed
3011   842    32         51.0240    56.8941    11.5045    % 
UB: 56.89409448818897
branching on 3 with b.
3012   843    33         51.0240    56.8941    11.5045    % 
LB close or above UB, fathomed
3013   842    33         51.0240    56.8941    11.5045    % 
LB close or above UB, fathomed
3014   841    32         51.0240    56.8941    11.5045    % 
LB close or above UB, fathomed
3015   840    25         51.0240    56.8941    11.5045    % 
LB close or above UB, fathomed
3016   839    25         51.0240    56.8941    11.5045    % 
UB: 56.89409448818897
branching on 1 with b.
3017   840    29         51.0240    56.8941    11.5045    % 
LB close or above UB, fathomed
3018   839    29         51.0240    56.8941    11.5045    % 
UB: 56.89409448818897
branching on 1 with b.
3019   840    30         51.0240    56.8941    11.5045    % 
LB close or above UB, fathomed
3020   839    30         51.0240    56.8941    11.5045    % 
LB close or above UB, fathomed
3021   838    34         51.0240    56.8941    11.5045    % 
UB: 56.89409448818897
branching on 3 with b.
3022   839    35         51.0240    56.8941    11.5045    % 
UB: 56.89409448818897
branching on 1 with b.
3023   840    36         51.0240    56.8941    11.5045    % 
UB: 56.89409448818897
branching on 2 with b.
3024   841    36         51.0240    56.8941    11.5045    % 
UB: 56.89409448818897
branching on 2 with b.
3025   842    37         51.0240    56.8941    11.5045    % 
UB: 56.89409448818897
branching on 3 with b.
3026   843    37         51.0240    56.8941    11.5045    % 
LB close or above UB, fathomed
3027   842    35         51.0240    56.8941    11.5045    % 
LB close or above UB, fathomed
3028   841    34         51.0240    56.8941    11.5045    % 
LB close or above UB, fathomed
3029   840    19         51.0240    56.8941    11.5045    % 
LB close or above UB, fathomed
3030   839    19         51.0240    56.8941    11.5045    % 
UB: 56.89409448818897
branching on CartesianIndex(1, 7) with c.
3031   840    20         51.0240    56.8941    11.5045    % 
UB: 56.89409448818897
branching on 3 with b.
3032   841    20         51.0240    56.8941    11.5045    % 
LB close or above UB, fathomed
3033   840    25         51.0240    56.8941    11.5045    % 
LB close or above UB, fathomed
3034   839    25         51.0240    56.8941    11.5045    % 
UB: 56.89409448818897
branching on 2 with b.
3035   840    25         51.0240    56.8941    11.5045    % 
LB close or above UB, fathomed
3036   839    25         51.0240    56.8941    11.5045    % 
LB close or above UB, fathomed
3037   838    32         51.0240    56.8941    11.5045    % 
UB: 56.89409448818897
branching on 3 with b.
3038   839    33         51.0240    56.8941    11.5045    % 
UB: 56.89409448818897
branching on 1 with b.
3039   840    33         51.0240    56.8941    11.5045    % 
LB close or above UB, fathomed
3040   839    32         51.0240    56.8941    11.5045    % 
LB close or above UB, fathomed
3041   838    20         51.0240    56.8941    11.5045    % 
UB: 56.89409448818897
branching on 3 with b.
3042   839    21         51.0240    56.8941    11.5045    % 
LB close or above UB, fathomed
3043   838    21         51.0240    56.8941    11.5045    % 
UB: 56.89409448818897
branching on 1 with b.
3044   839    22         51.0240    56.8941    11.5045    % 
LB close or above UB, fathomed
3045   838    22         51.0240    56.8941    11.5045    % 
UB: 56.89409448818897
branching on 2 with b.
3046   839    20         51.0240    56.8941    11.5045    % 
LB close or above UB, fathomed
3047   838    25         51.0240    56.8941    11.5045    % 
UB: 56.89409448818897
branching on 3 with b.
3048   839    26         51.0240    56.8941    11.5045    % 
UB: 56.89409448818897
branching on 1 with b.
3049   840    27         51.0240    56.8941    11.5045    % 
LB close or above UB, fathomed
3050   839    27         51.0240    56.8941    11.5045    % 
UB: 56.89409448818897
branching on 2 with b.
3051   840    28         51.0240    56.8941    11.5045    % 
UB: 56.89409448818897
branching on 3 with b.
3052   841    29         51.0240    56.8941    11.5045    % 
UB: 56.89409448818897
branching on 1 with b.
3053   842    29         51.0240    56.8941    11.5045    % 
LB close or above UB, fathomed
3054   841    28         51.0240    56.8941    11.5045    % 
LB close or above UB, fathomed
3055   840    26         51.0240    56.8941    11.5045    % 
LB close or above UB, fathomed
3056   839    25         51.0240    56.8941    11.5045    % 
LB close or above UB, fathomed
3057   838    28         51.0240    56.8941    11.5045    % 
UB: 56.89409448818897
branching on 3 with b.
3058   839    28         51.0240    56.8941    11.5045    % 
LB close or above UB, fathomed
3059   838    16         51.0240    56.8941    11.5045    % 
UB: 56.89409448818897
branching on CartesianIndex(2, 3) with a.
3060   839    17         51.0240    56.8941    11.5045    % 
UB: 56.89409448818897
branching on CartesianIndex(3, 3) with a.
3061   840    17         51.0240    56.8941    11.5045    % 
LB close or above UB, fathomed
3062   839    16         51.0240    56.8941    11.5045    % 
LB close or above UB, fathomed
3063   838    28         51.0240    56.8941    11.5045    % 
UB: 56.89409448818897
branching on 1 with b.
3064   839    28         51.0240    56.8941    11.5045    % 
LB close or above UB, fathomed
3065   838    18         51.0240    56.8941    11.5045    % 
LB close or above UB, fathomed
3066   837    18         51.0240    56.8941    11.5045    % 
UB: 56.89409448818897
branching on CartesianIndex(1, 4) with c.
3067   838    19         51.0240    56.8941    11.5045    % 
LB close or above UB, fathomed
3068   837    19         51.0240    56.8941    11.5045    % 
UB: 56.89409448818897
branching on CartesianIndex(1, 5) with c.
3069   838    20         51.0240    56.8941    11.5045    % 
UB: 56.89409448818897
branching on CartesianIndex(1, 6) with c.
3070   839    21         51.0240    56.8941    11.5045    % 
LB close or above UB, fathomed
3071   838    21         51.0240    56.8941    11.5045    % 
UB: 56.89409448818897
branching on CartesianIndex(1, 7) with c.
3072   839    22         51.0240    56.8941    11.5045    % 
UB: 56.89409448818897
branching on 3 with b.
3073   840    23         51.0240    56.8941    11.5045    % 
LB close or above UB, fathomed
3074   839    23         51.0240    56.8941    11.5045    % 
UB: 56.89409448818897
branching on 1 with b.
3075   840    22         51.0240    56.8941    11.5045    % 
LB close or above UB, fathomed
3076   839    20         51.0240    56.8941    11.5045    % 
LB close or above UB, fathomed
3077   838    12         51.0240    56.8941    11.5045    % 
UB: 56.89409448818897
branching on CartesianIndex(3, 2) with a.
3078   839    12         51.0240    56.8941    11.5045    % 
LB close or above UB, fathomed
3079   838    28         51.0240    56.8941    11.5045    % 
UB: 56.89409448818897
branching on 3 with b.
3080   839    29         51.0240    56.8941    11.5045    % 
UB: 56.89409448818897
branching on 1 with b.
3081   840    30         51.0240    56.8941    11.5045    % 
UB: 56.89409448818897
branching on 2 with b.
3082   841    31         51.0240    56.8941    11.5045    % 
UB: 56.89409448818897
branching on 3 with b.
3083   842    31         51.0240    56.8941    11.5045    % 
LB close or above UB, fathomed
3084   841    30         51.0240    56.8941    11.5045    % 
LB close or above UB, fathomed
3085   840    29         51.0240    56.8941    11.5045    % 
UB: 56.89409448818897
branching on 1 with b.
3086   841    28         51.0240    56.8941    11.5045    % 
LB close or above UB, fathomed
3087   840    29         51.0240    56.8941    11.5045    % 
UB: 56.89409448818897
branching on 2 with b.
3088   841    29         51.0240    56.8941    11.5045    % 
UB: 56.89409448818897
branching on 2 with b.
3089   842    21         51.0240    56.8941    11.5045    % 
LB close or above UB, fathomed
3090   841    21         51.0240    56.8941    11.5045    % 
UB: 56.89409448818897
branching on 1 with b.
3091   842    22         51.0240    56.8941    11.5045    % 
LB close or above UB, fathomed
3092   841    22         51.0240    56.8941    11.5045    % 
UB: 56.89409448818897
branching on 2 with b.
3093   842    23         51.0240    56.8941    11.5045    % 
LB close or above UB, fathomed
3094   841    23         51.0240    56.8941    11.5045    % 
UB: 56.89409448818897
branching on 3 with b.
3095   842    28         51.0240    56.8941    11.5045    % 
LB close or above UB, fathomed
3096   841    28         51.0240    56.8941    11.5045    % 
LB close or above UB, fathomed
3097   840    17         51.0240    56.8941    11.5045    % 
UB: 56.89409448818897
branching on 1 with b.
3098   841    18         51.0240    56.8941    11.5045    % 
UB: 56.89409448818897
branching on CartesianIndex(1, 6) with c.
3099   842    19         51.0240    56.8941    11.5045    % 
LB close or above UB, fathomed
3100   841    19         51.0240    56.8941    11.5045    % 
UB: 56.89409448818897
branching on CartesianIndex(1, 7) with c.
3101   842    20         51.0240    56.8941    11.5045    % 
UB: 56.89409448818897
branching on 2 with b.
3102   843    21         51.0240    56.8941    11.5045    % 
LB close or above UB, fathomed
3103   842    21         51.0240    56.8941    11.5045    % 
UB: 56.89409448818897
branching on 3 with b.
3104   843    22         51.0240    56.8941    11.5045    % 
LB close or above UB, fathomed
3105   842    22         51.0240    56.8941    11.5045    % 
UB: 56.89409448818897
branching on 1 with b.
3106   843    23         51.0240    56.8941    11.5045    % 
UB: 56.89409448818897
branching on 2 with b.
3107   844    23         51.0240    56.8941    11.5045    % 
LB close or above UB, fathomed
3108   843    20         51.0240    56.8941    11.5045    % 
LB close or above UB, fathomed
3109   842    18         51.0240    56.8941    11.5045    % 
LB close or above UB, fathomed
3110   841    17         51.0240    56.8941    11.5045    % 
UB: 56.89409448818897
branching on 1 with b.
3111   842    27         51.0240    56.8941    11.5045    % 
UB: 56.89409448818897
branching on 1 with b.
3112   843    27         51.0240    56.8941    11.5045    % 
LB close or above UB, fathomed
3113   842    27         51.0240    56.8941    11.5045    % 
UB: 56.89409448818897
branching on 1 with b.
3114   843    27         51.0240    56.8941    11.5045    % 
LB close or above UB, fathomed
3115   842    27         51.0240    56.8941    11.5045    % 
UB: 56.89409448818897
branching on 1 with b.
3116   843    27         51.0240    56.8941    11.5045    % 
LB close or above UB, fathomed
3117   842    25         51.0240    56.8941    11.5045    % 
UB: 56.89409448818897
branching on 1 with b.
3118   843    25         51.0240    56.8941    11.5045    % 
LB close or above UB, fathomed
3119   842    25         51.0240    56.8941    11.5045    % 
UB: 56.89409448818897
branching on 3 with b.
3120   843    26         51.0240    56.8941    11.5045    % 
UB: 56.89409448818897
branching on 1 with b.
3121   844    26         51.0240    56.8941    11.5045    % 
LB close or above UB, fathomed
3122   843    25         51.0240    56.8941    11.5045    % 
UB: 56.89409448818897
branching on 3 with b.
3123   844    26         51.0240    56.8941    11.5045    % 
UB: 56.89409448818897
branching on 1 with b.
3124   845    26         51.0240    56.8941    11.5045    % 
LB close or above UB, fathomed
3125   844    25         51.0240    56.8941    11.5045    % 
UB: 56.89409448818897
branching on 3 with b.
3126   845    26         51.0240    56.8941    11.5045    % 
UB: 56.89409448818897
branching on 1 with b.
3127   846    26         51.0240    56.8941    11.5045    % 
LB close or above UB, fathomed
3128   845    25         51.0240    56.8941    11.5045    % 
UB: 56.89409448818897
branching on 3 with b.
3129   846    26         51.0240    56.8941    11.5045    % 
UB: 56.89409448818897
branching on 1 with b.
3130   847    26         51.0240    56.8941    11.5045    % 
LB close or above UB, fathomed
3131   846    23         51.0240    56.8941    11.5045    % 
UB: 56.89409448818897
branching on 3 with b.
3132   847    24         51.0240    56.8941    11.5045    % 
UB: 56.89409448818897
branching on 1 with b.
3133   848    24         51.0240    56.8941    11.5045    % 
LB close or above UB, fathomed
3134   847    23         51.0240    56.8941    11.5045    % 
UB: 56.89409448818897
branching on 3 with b.
3135   848    24         51.0240    56.8941    11.5045    % 
UB: 56.89409448818897
branching on 1 with b.
3136   849    24         51.0240    56.8941    11.5045    % 
LB close or above UB, fathomed
3137   848    23         51.0240    56.8941    11.5045    % 
UB: 56.89409448818897
branching on 3 with b.
3138   849    24         51.0240    56.8941    11.5045    % 
UB: 56.89409448818897
branching on 1 with b.
3139   850    24         51.0240    56.8941    11.5045    % 
LB close or above UB, fathomed
3140   849    23         51.0240    56.8941    11.5045    % 
UB: 56.89409448818897
branching on 3 with b.
3141   850    24         51.0240    56.8941    11.5045    % 
UB: 56.89409448818897
branching on 1 with b.
3142   851    24         51.0240    56.8941    11.5045    % 
LB close or above UB, fathomed
3143   850    23         51.0240    56.8941    11.5045    % 
UB: 56.89409448818897
branching on 3 with b.
3144   851    24         51.0240    56.8941    11.5045    % 
UB: 56.89409448818897
branching on 1 with b.
3145   852    24         51.0240    56.8941    11.5045    % 
LB close or above UB, fathomed
3146   851    23         51.0240    56.8941    11.5045    % 
UB: 56.89409448818897
branching on 3 with b.
3147   852    24         51.0240    56.8941    11.5045    % 
UB: 56.89409448818897
branching on 1 with b.
3148   853    24         51.0240    56.8941    11.5045    % 
LB close or above UB, fathomed
3149   852    23         51.0240    56.8941    11.5045    % 
UB: 56.89409448818897
branching on 3 with b.
3150   853    24         51.0240    56.8941    11.5045    % 
UB: 56.89409448818897
branching on 1 with b.
3151   854    24         51.0240    56.8941    11.5045    % 
LB close or above UB, fathomed
3152   853    23         51.0240    56.8941    11.5045    % 
UB: 56.89409448818897
branching on 3 with b.
3153   854    24         51.0240    56.8941    11.5045    % 
UB: 56.89409448818897
branching on 1 with b.
3154   855    24         51.0240    56.8941    11.5045    % 
LB close or above UB, fathomed
3155   854    36         51.0240    56.8941    11.5045    % 
UB: 56.89409448818897
branching on 2 with b.
3156   855    37         51.0240    56.8941    11.5045    % 
UB: 56.89409448818897
branching on 3 with b.
3157   856    37         51.0240    56.8941    11.5045    % 
LB close or above UB, fathomed
3158   855    36         51.0240    56.8941    11.5045    % 
UB: 56.89409448818897
branching on 2 with b.
3159   856    31         51.0240    56.8941    11.5045    % 
UB: 56.89409448818897
branching on 3 with b.
3160   857    32         51.0240    56.8941    11.5045    % 
LB close or above UB, fathomed
3161   856    32         51.0240    56.8941    11.5045    % 
UB: 56.89409448818897
branching on 1 with b.
3162   857    31         51.0240    56.8941    11.5045    % 
LB close or above UB, fathomed
3163   856    25         51.0240    56.8941    11.5045    % 
UB: 56.89409448818897
branching on 3 with b.
3164   857    26         51.0240    56.8941    11.5045    % 
UB: 56.89409448818897
branching on 1 with b.
3165   858    26         51.0240    56.8941    11.5045    % 
LB close or above UB, fathomed
3166   857    25         51.0240    56.8941    11.5045    % 
UB: 56.89409448818897
branching on 3 with b.
3167   858    26         51.0240    56.8941    11.5045    % 
UB: 56.89409448818897
branching on 1 with b.
3168   859    26         51.0240    56.8941    11.5045    % 
LB close or above UB, fathomed
3169   858    26         51.0240    56.8941    11.5045    % 
UB: 56.89409448818897
branching on 3 with b.
3170   859    27         51.0240    56.8941    11.5045    % 
UB: 56.89409448818897
branching on 1 with b.
3171   860    27         51.0240    56.8941    11.5045    % 
LB close or above UB, fathomed
3172   859    26         51.0240    56.8941    11.5045    % 
UB: 56.89409448818897
branching on 3 with b.
3173   860    27         51.0240    56.8941    11.5045    % 
UB: 56.89409448818897
branching on 1 with b.
3174   861    27         51.0240    56.8941    11.5045    % 
LB close or above UB, fathomed
3175   860    25         51.0240    56.8941    11.5045    % 
UB: 56.89409448818897
branching on 3 with b.
3176   861    26         51.0240    56.8941    11.5045    % 
UB: 56.89409448818897
branching on 1 with b.
3177   862    26         51.0240    56.8941    11.5045    % 
LB close or above UB, fathomed
3178   861    25         51.0240    56.8941    11.5045    % 
UB: 56.89409448818897
branching on 3 with b.
3179   862    26         51.0240    56.8941    11.5045    % 
UB: 56.89409448818897
branching on 1 with b.
3180   863    26         51.0240    56.8941    11.5045    % 
LB close or above UB, fathomed
3181   862    15         51.0240    56.8941    11.5045    % 
UB: 56.89409448818897
branching on CartesianIndex(3, 3) with a.
3182   863    16         51.0240    56.8941    11.5045    % 
LB close or above UB, fathomed
3183   862    16         51.0240    56.8941    11.5045    % 
UB: 56.89409448818897
branching on CartesianIndex(1, 4) with c.
3184   863    15         51.0240    56.8941    11.5045    % 
LB close or above UB, fathomed
3185   862    35         51.0240    56.8941    11.5045    % 
LB close or above UB, fathomed
3186   861    35         51.0240    56.8941    11.5045    % 
LB close or above UB, fathomed
3187   860    25         51.0240    56.8941    11.5045    % 
UB: 56.89409448818897
branching on 3 with b.
3188   861    26         51.0240    56.8941    11.5045    % 
UB: 56.89409448818897
branching on 1 with b.
3189   862    26         51.0240    56.8941    11.5045    % 
LB close or above UB, fathomed
3190   861    25         51.0240    56.8941    11.5045    % 
UB: 56.89409448818897
branching on 3 with b.
3191   862    26         51.0240    56.8941    11.5045    % 
UB: 56.89409448818897
branching on 1 with b.
3192   863    26         51.0240    56.8941    11.5045    % 
LB close or above UB, fathomed
3193   862    31         51.0240    56.8941    11.5045    % 
LB close or above UB, fathomed
3194   861    31         51.0240    56.8941    11.5045    % 
UB: 56.89409448818897
branching on 1 with b.
3195   862    32         51.0240    56.8941    11.5045    % 
UB: 56.89409448818897
branching on 2 with b.
3196   863    32         51.0240    56.8941    11.5045    % 
LB close or above UB, fathomed
3197   862    30         51.0240    56.8941    11.5045    % 
LB close or above UB, fathomed
3198   861    30         51.0240    56.8941    11.5045    % 
UB: 56.89409448818897
branching on 1 with b.
3199   862    31         51.0240    56.8941    11.5045    % 
LB close or above UB, fathomed
3200   861    31         51.0240    56.8941    11.5045    % 
UB: 56.89409448818897
branching on 2 with b.
3201   862    32         51.0240    56.8941    11.5045    % 
LB close or above UB, fathomed
3202   861    32         51.0240    56.8941    11.5045    % 
UB: 56.89409448818897
branching on 1 with b.
3203   862    31         51.0240    56.8941    11.5045    % 
UB: 56.89409448818897
branching on 3 with b.
3204   863    32         51.0240    56.8941    11.5045    % 
UB: 56.89409448818897
branching on 1 with b.
3205   864    32         51.0240    56.8941    11.5045    % 
UB: 56.89409448818897
branching on 1 with b.
3206   865    31         51.0240    56.8941    11.5045    % 
LB close or above UB, fathomed
3207   864    30         51.0240    56.8941    11.5045    % 
UB: 56.89409448818897
branching on 2 with b.
3208   865    31         51.0240    56.8941    11.5045    % 
UB: 56.89409448818897
branching on 3 with b.
3209   866    32         51.0240    56.8941    11.5045    % 
UB: 56.89409448818897
branching on 1 with b.
3210   867    32         51.0240    56.8941    11.5045    % 
UB: 56.89409448818897
branching on 1 with b.
3211   868    31         51.0240    56.8941    11.5045    % 
LB close or above UB, fathomed
3212   867    30         51.0240    56.8941    11.5045    % 
LB close or above UB, fathomed
3213   866    39         51.0240    56.8941    11.5045    % 
UB: 56.89409448818897
branching on 2 with b.
3214   867    39         51.0240    56.8941    11.5045    % 
UB: 56.89409448818897
branching on 2 with b.
3215   868    40         51.0240    56.8941    11.5045    % 
LB close or above UB, fathomed
3216   867    40         51.0240    56.8941    11.5045    % 
UB: 56.89409448818897
branching on 3 with b.
3217   868    39         51.0240    56.8941    11.5045    % 
UB: 56.89409448818897
branching on 2 with b.
3218   869    39         51.0240    56.8941    11.5045    % 
UB: 56.89409448818897
branching on 2 with b.
3219   870    40         51.0240    56.8941    11.5045    % 
LB close or above UB, fathomed
3220   869    40         51.0240    56.8941    11.5045    % 
UB: 56.89409448818897
branching on 3 with b.
3221   870    36         51.0240    56.8941    11.5045    % 
LB close or above UB, fathomed
3222   869    36         51.0240    56.8941    11.5045    % 
UB: 56.89409448818897
branching on 1 with b.
3223   870    30         51.0240    56.8941    11.5045    % 
LB close or above UB, fathomed
3224   869    30         51.0240    56.8941    11.5045    % 
UB: 56.89409448818897
branching on 3 with b.
3225   870    36         51.0240    56.8941    11.5045    % 
UB: 56.89409448818897
branching on 1 with b.
3226   871    37         51.0240    56.8941    11.5045    % 
LB close or above UB, fathomed
3227   870    37         51.0240    56.8941    11.5045    % 
UB: 56.89409448818897
branching on 2 with b.
3228   871    38         51.0240    56.8941    11.5045    % 
LB close or above UB, fathomed
3229   870    38         51.0240    56.8941    11.5045    % 
UB: 56.89409448818897
branching on 3 with b.
3230   871    36         51.0240    56.8941    11.5045    % 
LB close or above UB, fathomed
3231   870    30         51.0240    56.8941    11.5045    % 
UB: 56.89409448818897
branching on 1 with b.
3232   871    30         51.0240    56.8941    11.5045    % 
LB close or above UB, fathomed
3233   870    25         51.0240    56.8941    11.5045    % 
UB: 56.89409448818897
branching on 3 with b.
3234   871    26         51.0240    56.8941    11.5045    % 
UB: 56.89409448818897
branching on 1 with b.
3235   872    26         51.0240    56.8941    11.5045    % 
LB close or above UB, fathomed
3236   871    25         51.0240    56.8941    11.5045    % 
UB: 56.89409448818897
branching on 3 with b.
3237   872    26         51.0240    56.8941    11.5045    % 
UB: 56.89409448818897
branching on 1 with b.
3238   873    26         51.0240    56.8941    11.5045    % 
LB close or above UB, fathomed
3239   872    17         51.0240    56.8941    11.5045    % 
UB: 56.89409448818897
branching on 3 with b.
3240   873    18         51.0240    56.8941    11.5045    % 
UB: 56.89409448818897
branching on CartesianIndex(3, 3) with a.
3241   874    18         51.0240    56.8941    11.5045    % 
LB close or above UB, fathomed
3242   873    17         51.0240    56.8941    11.5045    % 
LB close or above UB, fathomed
3243   872    27         51.0240    56.8941    11.5045    % 
UB: 56.89409448818897
branching on 3 with b.
3244   873    27         51.0240    56.8941    11.5045    % 
LB close or above UB, fathomed
3245   872    13         51.0240    56.8941    11.5045    % 
UB: 56.89409448818897
branching on 1 with b.
3246   873    14         51.0240    56.8941    11.5045    % 
LB close or above UB, fathomed
3247   872    14         51.0240    56.8941    11.5045    % 
UB: 56.89409448818897
branching on CartesianIndex(2, 2) with a.
3248   873    15         51.0240    56.8941    11.5045    % 
UB: 56.89409448818897
branching on 2 with b.
3249   874    16         51.0240    56.8941    11.5045    % 
UB: 56.89409448818897
branching on CartesianIndex(3, 2) with a.
3250   875    17         51.0240    56.8941    11.5045    % 
UB: 56.89409448818897
branching on CartesianIndex(4, 2) with a.
3251   876    17         51.0240    56.8941    11.5045    % 
UB: 56.89409448818897
branching on CartesianIndex(1, 3) with a.
3252   877    18         51.0240    56.8941    11.5045    % 
UB: 56.89409448818897
branching on CartesianIndex(2, 3) with a.
3253   878    19         51.0240    56.8941    11.5045    % 
LB close or above UB, fathomed
3254   877    19         51.0240    56.8941    11.5045    % 
UB: 56.89409448818897
branching on CartesianIndex(1, 4) with c.
3255   878    18         51.0240    56.8941    11.5045    % 
LB close or above UB, fathomed
3256   877    16         51.0240    56.8941    11.5045    % 
UB: 56.89409448818897
branching on CartesianIndex(3, 2) with a.
3257   878    15         51.0240    56.8941    11.5045    % 
UB: 56.89409448818897
branching on CartesianIndex(1, 3) with a.
3258   879    16         51.0240    56.8941    11.5045    % 
UB: 56.89409448818897
branching on CartesianIndex(2, 3) with a.
3259   880    17         51.0240    56.8941    11.5045    % 
LB close or above UB, fathomed
3260   879    17         51.0240    56.8941    11.5045    % 
UB: 56.89409448818897
branching on CartesianIndex(1, 4) with c.
3261   880    16         51.0240    56.8941    11.5045    % 
LB close or above UB, fathomed
3262   879    13         51.0240    56.8941    11.5045    % 
LB close or above UB, fathomed
3263   878    16         51.0240    56.8941    11.5045    % 
UB: 56.89409448818897
branching on 1 with b.
3264   879    17         51.0240    56.8941    11.5045    % 
LB close or above UB, fathomed
3265   878    17         51.0240    56.8941    11.5045    % 
UB: 56.89409448818897
branching on CartesianIndex(2, 3) with a.
3266   879    18         51.0240    56.8941    11.5045    % 
LB close or above UB, fathomed
3267   878    18         51.0240    56.8941    11.5045    % 
UB: 56.89409448818897
branching on CartesianIndex(1, 4) with c.
3268   879    16         51.0240    56.8941    11.5045    % 
LB close or above UB, fathomed
3269   878    26         51.0240    56.8941    11.5045    % 
LB close or above UB, fathomed
3270   877    26         51.0240    56.8941    11.5045    % 
UB: 56.89409448818897
branching on 3 with b.
3271   878    28         51.0240    56.8941    11.5045    % 
LB close or above UB, fathomed
3272   877    28         51.0240    56.8941    11.5045    % 
UB: 56.89409448818897
branching on 3 with b.
3273   878    28         51.0240    56.8941    11.5045    % 
UB: 56.89409448818897
branching on 2 with b.
3274   879    28         51.0240    56.8941    11.5045    % 
UB: 56.89409448818897
branching on 2 with b.
3275   880    23         51.0240    56.8941    11.5045    % 
LB close or above UB, fathomed
3276   879    23         51.0240    56.8941    11.5045    % 
UB: 56.89409448818897
branching on 1 with b.
3277   880    24         51.0240    56.8941    11.5045    % 
UB: 56.89409448818897
branching on 2 with b.
3278   881    25         51.0240    56.8941    11.5045    % 
LB close or above UB, fathomed
3279   880    25         51.0240    56.8941    11.5045    % 
UB: 56.89409448818897
branching on 3 with b.
3280   881    26         51.0240    56.8941    11.5045    % 
LB close or above UB, fathomed
3281   880    26         51.0240    56.8941    11.5045    % 
UB: 56.89409448818897
branching on 1 with b.
3282   881    27         51.0240    56.8941    11.5045    % 
LB close or above UB, fathomed
3283   880    27         51.0240    56.8941    11.5045    % 
UB: 56.89409448818897
branching on 2 with b.
3284   881    24         51.0240    56.8941    11.5045    % 
UB: 56.89409448818897
branching on 2 with b.
3285   882    30         51.0240    56.8941    11.5045    % 
LB close or above UB, fathomed
3286   881    30         51.0240    56.8941    11.5045    % 
UB: 56.89409448818897
branching on 3 with b.
3287   882    30         51.0240    56.8941    11.5045    % 
UB: 56.89409448818897
branching on 3 with b.
3288   883    30         51.0240    56.8941    11.5045    % 
LB close or above UB, fathomed
3289   882    25         51.0240    56.8941    11.5045    % 
LB close or above UB, fathomed
3290   881    25         51.0240    56.8941    11.5045    % 
LB close or above UB, fathomed
3291   880    36         51.0240    56.8941    11.5045    % 
UB: 56.89409448818897
branching on 2 with b.
3292   881    36         51.0240    56.8941    11.5045    % 
UB: 56.89409448818897
branching on 2 with b.
3293   882    37         51.0240    56.8941    11.5045    % 
LB close or above UB, fathomed
3294   881    37         51.0240    56.8941    11.5045    % 
UB: 56.89409448818897
branching on 3 with b.
3295   882    29         51.0240    56.8941    11.5045    % 
LB close or above UB, fathomed
3296   881    29         51.0240    56.8941    11.5045    % 
UB: 56.89409448818897
branching on 3 with b.
3297   882    30         51.0240    56.8941    11.5045    % 
LB close or above UB, fathomed
3298   881    30         51.0240    56.8941    11.5045    % 
UB: 56.89409448818897
branching on 1 with b.
3299   882    26         51.0240    56.8941    11.5045    % 
LB close or above UB, fathomed
3300   881    26         51.0240    56.8941    11.5045    % 
UB: 56.89409448818897
branching on 1 with b.
3301   882    27         51.0240    56.8941    11.5045    % 
UB: 56.89409448818897
branching on 2 with b.
3302   883    27         51.0240    56.8941    11.5045    % 
UB: 56.89409448818897
branching on 2 with b.
3303   884    26         51.0240    56.8941    11.5045    % 
LB close or above UB, fathomed
3304   883    26         51.0240    56.8941    11.5045    % 
UB: 56.89409448818897
branching on 3 with b.
3305   884    12         51.0240    56.8941    11.5045    % 
LB close or above UB, fathomed
3306   883    12         51.0240    56.8941    11.5045    % 
UB: 56.89409448818897
branching on 3 with b.
3307   884    13         51.0240    56.8941    11.5045    % 
UB: 56.89409448818897
branching on CartesianIndex(1, 3) with a.
3308   885    13         51.0240    56.8941    11.5045    % 
UB: 56.89409448818897
branching on CartesianIndex(1, 3) with a.
3309   886    26         51.0240    56.8941    11.5045    % 
LB close or above UB, fathomed
3310   885    26         51.0240    56.8941    11.5045    % 
UB: 56.89409448818897
branching on 1 with b.
3311   886    27         51.0240    56.8941    11.5045    % 
UB: 56.89409448818897
branching on 2 with b.
3312   887    27         51.0240    56.8941    11.5045    % 
UB: 56.89409448818897
branching on 2 with b.
3313   888    26         51.0240    56.8941    11.5045    % 
LB close or above UB, fathomed
3314   887    26         51.0240    56.8941    11.5045    % 
UB: 56.89409448818897
branching on 1 with b.
3315   888    27         51.0240    56.8941    11.5045    % 
UB: 56.89409448818897
branching on 2 with b.
3316   889    27         51.0240    56.8941    11.5045    % 
LB close or above UB, fathomed
3317   888    29         51.0240    56.8941    11.5045    % 
LB close or above UB, fathomed
3318   887    29         51.0240    56.8941    11.5045    % 
UB: 56.89409448818897
branching on 3 with b.
3319   888    30         51.0240    56.8941    11.5045    % 
UB: 56.89409448818897
branching on 1 with b.
3320   889    30         51.0240    56.8941    11.5045    % 
LB close or above UB, fathomed
3321   888    32         51.0240    56.8941    11.5045    % 
UB: 56.89409448818897
branching on 1 with b.
3322   889    32         51.0240    56.8941    11.5045    % 
LB close or above UB, fathomed
3323   888    16         51.0240    56.8941    11.5045    % 
LB close or above UB, fathomed
3324   887    16         51.0240    56.8941    11.5045    % 
LB close or above UB, fathomed
3325   886    8          51.0240    56.8941    11.5045    % 
UB: 56.89409448818897
branching on 2 with b.
3326   887    9          51.0240    56.8941    11.5045    % 
LB close or above UB, fathomed
3327   886    9          51.0240    56.8941    11.5045    % 
LB close or above UB, fathomed
3328   885    8          51.0240    56.8941    11.5045    % 
LB close or above UB, fathomed
3329   884    12         51.0240    56.8941    11.5045    % 
UB: 56.89409448818897
branching on 2 with b.
3330   885    12         51.0240    56.8941    11.5045    % 
LB close or above UB, fathomed
3331   884    19         51.0240    56.8941    11.5045    % 
LB close or above UB, fathomed
3332   883    19         51.0240    56.8941    11.5045    % 
LB close or above UB, fathomed
3333   882    26         51.0240    56.8941    11.5045    % 
LB close or above UB, fathomed
3334   881    26         51.0240    56.8941    11.5045    % 
UB: 56.89409448818897
branching on CartesianIndex(1, 5) with c.
3335   882    27         51.0240    56.8941    11.5045    % 
UB: 56.89409448818897
branching on CartesianIndex(1, 6) with c.
3336   883    28         51.0240    56.8941    11.5045    % 
LB close or above UB, fathomed
3337   882    28         51.0240    56.8941    11.5045    % 
UB: 56.89409448818897
branching on CartesianIndex(1, 7) with c.
3338   883    29         51.0240    56.8941    11.5045    % 
UB: 56.89409448818897
branching on 3 with b.
3339   884    30         51.0240    56.8941    11.5045    % 
LB close or above UB, fathomed
3340   883    30         51.0240    56.8941    11.5045    % 
UB: 56.89409448818897
branching on 1 with b.
3341   884    31         51.0240    56.8941    11.5045    % 
UB: 56.89409448818897
branching on 2 with b.
3342   885    31         51.0240    56.8941    11.5045    % 
LB close or above UB, fathomed
3343   884    29         51.0240    56.8941    11.5045    % 
LB close or above UB, fathomed
3344   883    27         51.0240    56.8941    11.5045    % 
LB close or above UB, fathomed
3345   882    26         51.0240    56.8941    11.5045    % 
UB: 56.89409448818897
branching on 3 with b.
3346   883    27         51.0240    56.8941    11.5045    % 
UB: 56.89409448818897
branching on 1 with b.
3347   884    27         51.0240    56.8941    11.5045    % 
LB close or above UB, fathomed
3348   883    26         51.0240    56.8941    11.5045    % 
UB: 56.89409448818897
branching on 3 with b.
3349   884    27         51.0240    56.8941    11.5045    % 
UB: 56.89409448818897
branching on 1 with b.
3350   885    27         51.0240    56.8941    11.5045    % 
LB close or above UB, fathomed
3351   884    26         51.0240    56.8941    11.5045    % 
UB: 56.89409448818897
branching on 3 with b.
3352   885    27         51.0240    56.8941    11.5045    % 
UB: 56.89409448818897
branching on 1 with b.
3353   886    27         51.0240    56.8941    11.5045    % 
LB close or above UB, fathomed
3354   885    26         51.0240    56.8941    11.5045    % 
UB: 56.89409448818897
branching on 3 with b.
3355   886    27         51.0240    56.8941    11.5045    % 
UB: 56.89409448818897
branching on 1 with b.
3356   887    27         51.0240    56.8941    11.5045    % 
LB close or above UB, fathomed
3357   886    26         51.0240    56.8941    11.5045    % 
UB: 56.89409448818897
branching on 3 with b.
3358   887    27         51.0240    56.8941    11.5045    % 
UB: 56.89409448818897
branching on 1 with b.
3359   888    27         51.0240    56.8941    11.5045    % 
LB close or above UB, fathomed
3360   887    26         51.0240    56.8941    11.5045    % 
UB: 56.89409448818897
branching on 3 with b.
3361   888    27         51.0240    56.8941    11.5045    % 
UB: 56.89409448818897
branching on 1 with b.
3362   889    27         51.0240    56.8941    11.5045    % 
LB close or above UB, fathomed
3363   888    22         51.0240    56.8941    11.5045    % 
LB close or above UB, fathomed
3364   887    22         51.0240    56.8941    11.5045    % 
UB: 56.89409448818897
branching on CartesianIndex(1, 7) with c.
3365   888    23         51.0240    56.8941    11.5045    % 
UB: 56.89409448818897
branching on 2 with b.
3366   889    24         51.0240    56.8941    11.5045    % 
UB: 56.89409448818897
branching on 3 with b.
3367   890    25         51.0240    56.8941    11.5045    % 
UB: 56.89409448818897
branching on 1 with b.
3368   891    25         51.0240    56.8941    11.5045    % 
LB close or above UB, fathomed
3369   890    24         51.0240    56.8941    11.5045    % 
UB: 56.89409448818897
branching on 3 with b.
3370   891    25         51.0240    56.8941    11.5045    % 
UB: 56.89409448818897
branching on 1 with b.
3371   892    25         51.0240    56.8941    11.5045    % 
LB close or above UB, fathomed
3372   891    23         51.0240    56.8941    11.5045    % 
LB close or above UB, fathomed
3373   890    24         51.0240    56.8941    11.5045    % 
UB: 56.89409448818897
branching on 3 with b.
3374   891    25         51.0240    56.8941    11.5045    % 
UB: 56.89409448818897
branching on 1 with b.
3375   892    25         51.0240    56.8941    11.5045    % 
LB close or above UB, fathomed
3376   891    24         51.0240    56.8941    11.5045    % 
UB: 56.89409448818897
branching on 3 with b.
3377   892    25         51.0240    56.8941    11.5045    % 
UB: 56.89409448818897
branching on 1 with b.
3378   893    25         51.0240    56.8941    11.5045    % 
LB close or above UB, fathomed
3379   892    23         51.0240    56.8941    11.5045    % 
UB: 56.89409448818897
branching on 3 with b.
3380   893    24         51.0240    56.8941    11.5045    % 
UB: 56.89409448818897
branching on 1 with b.
3381   894    24         51.0240    56.8941    11.5045    % 
LB close or above UB, fathomed
3382   893    23         51.0240    56.8941    11.5045    % 
UB: 56.89409448818897
branching on 3 with b.
3383   894    24         51.0240    56.8941    11.5045    % 
UB: 56.89409448818897
branching on 1 with b.
3384   895    24         51.0240    56.8941    11.5045    % 
LB close or above UB, fathomed
3385   894    23         51.0240    56.8941    11.5045    % 
UB: 56.89409448818897
branching on 3 with b.
3386   895    24         51.0240    56.8941    11.5045    % 
UB: 56.89409448818897
branching on 1 with b.
3387   896    24         51.0240    56.8941    11.5045    % 
LB close or above UB, fathomed
3388   895    23         51.0240    56.8941    11.5045    % 
UB: 56.89409448818897
branching on 3 with b.
3389   896    24         51.0240    56.8941    11.5045    % 
UB: 56.89409448818897
branching on 1 with b.
3390   897    24         51.0240    56.8941    11.5045    % 
LB close or above UB, fathomed
3391   896    26         51.0240    56.8941    11.5045    % 
UB: 56.89409448818897
branching on 3 with b.
3392   897    27         51.0240    56.8941    11.5045    % 
UB: 56.89409448818897
branching on 1 with b.
3393   898    27         51.0240    56.8941    11.5045    % 
LB close or above UB, fathomed
3394   897    26         51.0240    56.8941    11.5045    % 
UB: 56.89409448818897
branching on 3 with b.
3395   898    27         51.0240    56.8941    11.5045    % 
UB: 56.89409448818897
branching on 1 with b.
3396   899    27         51.0240    56.8941    11.5045    % 
LB close or above UB, fathomed
3397   898    26         51.0240    56.8941    11.5045    % 
UB: 56.89409448818897
branching on 3 with b.
3398   899    27         51.0240    56.8941    11.5045    % 
UB: 56.89409448818897
branching on 1 with b.
3399   900    27         51.0240    56.8941    11.5045    % 
LB close or above UB, fathomed
3400   899    26         51.0240    56.8941    11.5045    % 
UB: 56.89409448818897
branching on 3 with b.
3401   900    27         51.0240    56.8941    11.5045    % 
UB: 56.89409448818897
branching on 1 with b.
3402   901    27         51.0240    56.8941    11.5045    % 
LB close or above UB, fathomed
3403   900    29         51.0240    56.8941    11.5045    % 
UB: 56.89409448818897
branching on 3 with b.
3404   901    30         51.0240    56.8941    11.5045    % 
LB close or above UB, fathomed
3405   900    30         51.0240    56.8941    11.5045    % 
UB: 56.89409448818897
branching on 1 with b.
3406   901    29         51.0240    56.8941    11.5045    % 
LB close or above UB, fathomed
3407   900    26         51.0240    56.8941    11.5045    % 
UB: 56.89409448818897
branching on 1 with b.
3408   901    26         51.0240    56.8941    11.5045    % 
LB close or above UB, fathomed
3409   900    29         51.0240    56.8941    11.5045    % 
UB: 56.89409448818897
branching on 2 with b.
3410   901    30         51.0240    56.8941    11.5045    % 
LB close or above UB, fathomed
3411   900    30         51.0240    56.8941    11.5045    % 
LB close or above UB, fathomed
3412   899    29         51.0240    56.8941    11.5045    % 
LB close or above UB, fathomed
3413   898    26         51.0240    56.8941    11.5045    % 
UB: 56.89409448818897
branching on 3 with b.
3414   899    26         51.0240    56.8941    11.5045    % 
UB: 56.89409448818897
branching on 3 with b.
3415   900    27         51.0240    56.8941    11.5045    % 
UB: 56.89409448818897
branching on 1 with b.
3416   901    27         51.0240    56.8941    11.5045    % 
LB close or above UB, fathomed
3417   900    26         51.0240    56.8941    11.5045    % 
UB: 56.89409448818897
branching on 3 with b.
3418   901    27         51.0240    56.8941    11.5045    % 
UB: 56.89409448818897
branching on 1 with b.
3419   902    27         51.0240    56.8941    11.5045    % 
LB close or above UB, fathomed
3420   901    26         51.0240    56.8941    11.5045    % 
UB: 56.89409448818897
branching on 3 with b.
3421   902    27         51.0240    56.8941    11.5045    % 
UB: 56.89409448818897
branching on 1 with b.
3422   903    27         51.0240    56.8941    11.5045    % 
LB close or above UB, fathomed
3423   902    17         51.0240    56.8941    11.5045    % 
LB close or above UB, fathomed
3424   901    17         51.0240    56.8941    11.5045    % 
UB: 56.89409448818897
branching on CartesianIndex(1, 4) with c.
3425   902    24         51.0240    56.8941    11.5045    % 
UB: 56.89409448818897
branching on 3 with b.
3426   903    25         51.0240    56.8941    11.5045    % 
UB: 56.89409448818897
branching on 1 with b.
3427   904    25         51.0240    56.8941    11.5045    % 
LB close or above UB, fathomed
3428   903    24         51.0240    56.8941    11.5045    % 
UB: 56.89409448818897
branching on 3 with b.
3429   904    25         51.0240    56.8941    11.5045    % 
UB: 56.89409448818897
branching on 1 with b.
3430   905    25         51.0240    56.8941    11.5045    % 
LB close or above UB, fathomed
3431   904    25         51.0240    56.8941    11.5045    % 
LB close or above UB, fathomed
3432   903    25         51.0240    56.8941    11.5045    % 
UB: 56.89409448818897
branching on 3 with b.
3433   904    30         51.0240    56.8941    11.5045    % 
UB: 56.89409448818897
branching on 3 with b.
3434   905    30         51.0240    56.8941    11.5045    % 
LB close or above UB, fathomed
3435   904    26         51.0240    56.8941    11.5045    % 
UB: 56.89409448818897
branching on 2 with b.
3436   905    27         51.0240    56.8941    11.5045    % 
UB: 56.89409448818897
branching on 3 with b.
3437   906    28         51.0240    56.8941    11.5045    % 
LB close or above UB, fathomed
3438   905    28         51.0240    56.8941    11.5045    % 
UB: 56.89409448818897
branching on 1 with b.
3439   906    29         51.0240    56.8941    11.5045    % 
LB close or above UB, fathomed
3440   905    29         51.0240    56.8941    11.5045    % 
UB: 56.89409448818897
branching on 2 with b.
3441   906    27         51.0240    56.8941    11.5045    % 
UB: 56.89409448818897
branching on 3 with b.
3442   907    26         51.0240    56.8941    11.5045    % 
LB close or above UB, fathomed
3443   906    25         51.0240    56.8941    11.5045    % 
UB: 56.89409448818897
branching on 2 with b.
3444   907    26         51.0240    56.8941    11.5045    % 
UB: 56.89409448818897
branching on 3 with b.
3445   908    26         51.0240    56.8941    11.5045    % 
UB: 56.89409448818897
branching on 3 with b.
3446   909    25         51.0240    56.8941    11.5045    % 
LB close or above UB, fathomed
3447   908    31         51.0240    56.8941    11.5045    % 
UB: 56.89409448818897
branching on 1 with b.
3448   909    31         51.0240    56.8941    11.5045    % 
LB close or above UB, fathomed
3449   908    28         51.0240    56.8941    11.5045    % 
UB: 56.89409448818897
branching on 2 with b.
3450   909    29         51.0240    56.8941    11.5045    % 
LB close or above UB, fathomed
3451   908    29         51.0240    56.8941    11.5045    % 
UB: 56.89409448818897
branching on 3 with b.
3452   909    28         51.0240    56.8941    11.5045    % 
LB close or above UB, fathomed
3453   908    32         51.0240    56.8941    11.5045    % 
LB close or above UB, fathomed
3454   907    32         51.0240    56.8941    11.5045    % 
UB: 56.89409448818897
branching on 3 with b.
3455   908    33         51.0240    56.8941    11.5045    % 
UB: 56.89409448818897
branching on 1 with b.
3456   909    33         51.0240    56.8941    11.5045    % 
UB: 56.89409448818897
branching on 1 with b.
3457   910    30         51.0240    56.8941    11.5045    % 
LB close or above UB, fathomed
3458   909    30         51.0240    56.8941    11.5045    % 
UB: 56.89409448818897
branching on 2 with b.
3459   910    20         51.0240    56.8941    11.5045    % 
UB: 56.89409448818897
branching on CartesianIndex(1, 6) with c.
3460   911    21         51.0240    56.8941    11.5045    % 
LB close or above UB, fathomed
3461   910    21         51.0240    56.8941    11.5045    % 
UB: 56.89409448818897
branching on 2 with b.
3462   911    22         51.0240    56.8941    11.5045    % 
UB: 56.89409448818897
branching on CartesianIndex(1, 7) with c.
3463   912    23         51.0240    56.8941    11.5045    % 
UB: 56.89409448818897
branching on 3 with b.
3464   913    24         51.0240    56.8941    11.5045    % 
LB close or above UB, fathomed
3465   912    24         51.0240    56.8941    11.5045    % 
UB: 56.89409448818897
branching on 1 with b.
3466   913    25         51.0240    56.8941    11.5045    % 
UB: 56.89409448818897
branching on 2 with b.
3467   914    25         51.0240    56.8941    11.5045    % 
LB close or above UB, fathomed
3468   913    23         51.0240    56.8941    11.5045    % 
LB close or above UB, fathomed
3469   912    22         51.0240    56.8941    11.5045    % 
UB: 56.89409448818897
branching on CartesianIndex(1, 7) with c.
3470   913    20         51.0240    56.8941    11.5045    % 
UB: 56.89409448818897
branching on CartesianIndex(1, 6) with c.
3471   914    22         51.0240    56.8941    11.5045    % 
LB close or above UB, fathomed
3472   913    22         51.0240    56.8941    11.5045    % 
UB: 56.89409448818897
branching on 3 with b.
3473   914    23         51.0240    56.8941    11.5045    % 
LB close or above UB, fathomed
3474   913    23         51.0240    56.8941    11.5045    % 
UB: 56.89409448818897
branching on 1 with b.
3475   914    24         51.0240    56.8941    11.5045    % 
LB close or above UB, fathomed
3476   913    24         51.0240    56.8941    11.5045    % 
UB: 56.89409448818897
branching on 2 with b.
3477   914    10         51.0240    56.8941    11.5045    % 
UB: 56.89409448818897
branching on CartesianIndex(1, 2) with a.
3478   915    11         51.0240    56.8941    11.5045    % 
UB: 56.89409448818897
branching on CartesianIndex(2, 2) with a.
3479   916    12         51.0240    56.8941    11.5045    % 
LB close or above UB, fathomed
3480   915    12         51.0240    56.8941    11.5045    % 
LB close or above UB, fathomed
3481   914    11         51.0240    56.8941    11.5045    % 
LB close or above UB, fathomed
3482   913    10         51.0240    56.8941    11.5045    % 
LB close or above UB, fathomed
3483   912    7          51.0240    56.8941    11.5045    % 
UB: 56.89409448818897
branching on 1 with b.
3484   913    8          51.0240    56.8941    11.5045    % 
UB: 56.89409448818897
branching on CartesianIndex(2, 3) with a.
3485   914    9          51.0240    56.8941    11.5045    % 
UB: 56.89409448818897
branching on 1 with b.
3486   915    10         51.0240    56.8941    11.5045    % 
LB close or above UB, fathomed
3487   914    10         51.0240    56.8941    11.5045    % 
UB: 56.89409448818897
branching on CartesianIndex(3, 3) with a.
3488   915    9          51.0240    56.8941    11.5045    % 
LB close or above UB, fathomed
3489   914    8          51.0240    56.8941    11.5045    % 
LB close or above UB, fathomed
3490   913    7          51.0240    56.8941    11.5045    % 
LB close or above UB, fathomed
3491   912    24         51.0240    56.8941    11.5045    % 
UB: 56.89409448818897
branching on 3 with b.
3492   913    24         51.0240    56.8941    11.5045    % 
LB close or above UB, fathomed
3493   912    23         51.0240    56.8941    11.5045    % 
UB: 56.89409448818897
branching on 2 with b.
3494   913    24         51.0240    56.8941    11.5045    % 
UB: 56.89409448818897
branching on 3 with b.
3495   914    24         51.0240    56.8941    11.5045    % 
LB close or above UB, fathomed
3496   913    23         51.0240    56.8941    11.5045    % 
LB close or above UB, fathomed
3497   912    25         51.0240    56.8941    11.5045    % 
UB: 56.89409448818897
branching on 1 with b.
3498   913    25         51.0240    56.8941    11.5045    % 
LB close or above UB, fathomed
3499   912    24         51.0240    56.8941    11.5045    % 
UB: 56.89409448818897
branching on 3 with b.
3500   913    25         51.0240    56.8941    11.5045    % 
UB: 56.89409448818897
branching on 1 with b.
3501   914    25         51.0240    56.8941    11.5045    % 
LB close or above UB, fathomed
3502   913    24         51.0240    56.8941    11.5045    % 
UB: 56.89409448818897
branching on 3 with b.
3503   914    25         51.0240    56.8941    11.5045    % 
UB: 56.89409448818897
branching on 1 with b.
3504   915    25         51.0240    56.8941    11.5045    % 
LB close or above UB, fathomed
3505   914    24         51.0240    56.8941    11.5045    % 
LB close or above UB, fathomed
3506   913    24         51.0240    56.8941    11.5045    % 
UB: 56.89409448818897
branching on 2 with b.
3507   914    25         51.0240    56.8941    11.5045    % 
UB: 56.89409448818897
branching on CartesianIndex(1, 7) with c.
3508   915    26         51.0240    56.8941    11.5045    % 
UB: 56.89409448818897
branching on 3 with b.
3509   916    27         51.0240    56.8941    11.5045    % 
UB: 56.89409448818897
branching on 1 with b.
3510   917    27         51.0240    56.8941    11.5045    % 
LB close or above UB, fathomed
3511   916    26         51.0240    56.8941    11.5045    % 
LB close or above UB, fathomed
3512   915    25         51.0240    56.8941    11.5045    % 
LB close or above UB, fathomed
3513   914    26         51.0240    56.8941    11.5045    % 
UB: 56.89409448818897
branching on 3 with b.
3514   915    27         51.0240    56.8941    11.5045    % 
UB: 56.89409448818897
branching on 1 with b.
3515   916    27         51.0240    56.8941    11.5045    % 
LB close or above UB, fathomed
3516   915    26         51.0240    56.8941    11.5045    % 
UB: 56.89409448818897
branching on 3 with b.
3517   916    27         51.0240    56.8941    11.5045    % 
UB: 56.89409448818897
branching on 1 with b.
3518   917    27         51.0240    56.8941    11.5045    % 
LB close or above UB, fathomed
3519   916    27         51.0240    56.8941    11.5045    % 
UB: 56.89409448818897
branching on 1 with b.
3520   917    28         51.0240    56.8941    11.5045    % 
LB close or above UB, fathomed
3521   916    28         51.0240    56.8941    11.5045    % 
UB: 56.89409448818897
branching on 2 with b.
3522   917    27         51.0240    56.8941    11.5045    % 
LB close or above UB, fathomed
3523   916    8          51.2430    56.8941    11.0281    % 
UB: 56.89409448818897
branching on 2 with b.
3524   917    8          51.2430    56.8941    11.0281    % 
LB close or above UB, fathomed
3525   916    20         51.2686    56.8941    10.9726    % 
LB close or above UB, fathomed
3526   915    20         51.2686    56.8941    10.9726    % 
UB: 56.89409448818897
branching on CartesianIndex(1, 6) with c.
3527   916    17         51.6762    56.8941    10.0972    % 
LB close or above UB, fathomed
3528   915    17         51.6762    56.8941    10.0972    % 
LB close or above UB, fathomed
3529   914    16         51.9006    56.8941    9.6212     % 
UB: 56.89409448818897
branching on CartesianIndex(1, 5) with c.
3530   915    16         51.9006    56.8941    9.6212     % 
LB close or above UB, fathomed
3531   914    20         52.1241    56.8941    9.1512     % 
UB: 56.89409448818897
branching on CartesianIndex(3, 3) with a.
3532   915    20         52.1241    56.8941    9.1512     % 
LB close or above UB, fathomed
3533   914    14         52.4957    56.8941    8.3785     % 
LB close or above UB, fathomed
3534   913    14         52.4957    56.8941    8.3785     % 
LB close or above UB, fathomed
3535   912    11         52.9307    56.8941    7.4879     % 
LB close or above UB, fathomed
3536   911    11         52.9307    56.8941    7.4879     % 
UB: 56.89409448818897
branching on CartesianIndex(1, 3) with a.
3537   912    12         52.9307    56.8941    7.4879     % 
UB: 56.89409448818897
branching on 1 with b.
3538   913    13         52.9307    56.8941    7.4879     % 
UB: 56.89409448818897
branching on CartesianIndex(2, 3) with a.
3539   914    14         52.9307    56.8941    7.4879     % 
LB close or above UB, fathomed
3540   913    14         52.9307    56.8941    7.4879     % 
UB: 56.89409448818897
branching on CartesianIndex(1, 5) with c.
3541   914    13         52.9307    56.8941    7.4879     % 
LB close or above UB, fathomed
3542   913    12         52.9307    56.8941    7.4879     % 
LB close or above UB, fathomed
3543   912    14         52.9307    56.8941    7.4879     % 
LB close or above UB, fathomed
3544   911    14         52.9307    56.8941    7.4879     % 
UB: 56.89409448818897
branching on 3 with b.
3545   912    15         52.9307    56.8941    7.4879     % 
LB close or above UB, fathomed
3546   911    15         52.9307    56.8941    7.4879     % 
UB: 56.89409448818897
branching on CartesianIndex(1, 6) with c.
3547   912    16         52.9307    56.8941    7.4879     % 
LB close or above UB, fathomed
3548   911    16         52.9307    56.8941    7.4879     % 
UB: 56.89409448818897
branching on CartesianIndex(1, 7) with c.
3549   912    17         52.9307    56.8941    7.4879     % 
UB: 56.89409448818897
branching on 1 with b.
3550   913    18         52.9307    56.8941    7.4879     % 
LB close or above UB, fathomed
3551   912    18         52.9307    56.8941    7.4879     % 
LB close or above UB, fathomed
3552   911    17         52.9307    56.8941    7.4879     % 
LB close or above UB, fathomed
3553   910    20         52.9307    56.8941    7.4879     % 
LB close or above UB, fathomed
3554   909    20         52.9307    56.8941    7.4879     % 
LB close or above UB, fathomed
3555   908    13         52.9307    56.8941    7.4879     % 
UB: 56.89409448818897
branching on CartesianIndex(2, 3) with a.
3556   909    14         52.9307    56.8941    7.4879     % 
LB close or above UB, fathomed
3557   908    14         52.9307    56.8941    7.4879     % 
LB close or above UB, fathomed
3558   907    13         52.9307    56.8941    7.4879     % 
LB close or above UB, fathomed
3559   906    31         52.9807    56.8941    7.3864     % 
LB close or above UB, fathomed
3560   905    31         52.9807    56.8941    7.3864     % 
UB: 56.89409448818897
branching on 1 with b.
3561   906    35         52.9807    56.8941    7.3864     % 
UB: 56.89409448818897
branching on 3 with b.
3562   907    35         52.9807    56.8941    7.3864     % 
LB close or above UB, fathomed
3563   906    31         52.9807    56.8941    7.3864     % 
UB: 56.89409448818897
branching on 3 with b.
3564   907    32         52.9807    56.8941    7.3864     % 
UB: 56.89409448818897
branching on 1 with b.
3565   908    32         52.9807    56.8941    7.3864     % 
LB close or above UB, fathomed
3566   907    31         52.9807    56.8941    7.3864     % 
LB close or above UB, fathomed
3567   906    22         52.9807    56.8941    7.3864     % 
LB close or above UB, fathomed
3568   905    22         52.9807    56.8941    7.3864     % 
UB: 56.89409448818897
branching on CartesianIndex(1, 5) with c.
3569   906    23         52.9807    56.8941    7.3864     % 
UB: 56.89409448818897
branching on CartesianIndex(1, 6) with c.
3570   907    24         52.9807    56.8941    7.3864     % 
LB close or above UB, fathomed
3571   906    24         52.9807    56.8941    7.3864     % 
UB: 56.89409448818897
branching on CartesianIndex(1, 7) with c.
3572   907    25         52.9807    56.8941    7.3864     % 
UB: 56.89409448818897
branching on 3 with b.
3573   908    26         52.9807    56.8941    7.3864     % 
LB close or above UB, fathomed
3574   907    26         52.9807    56.8941    7.3864     % 
UB: 56.89409448818897
branching on 1 with b.
3575   908    27         52.9807    56.8941    7.3864     % 
LB close or above UB, fathomed
3576   907    27         52.9807    56.8941    7.3864     % 
UB: 56.89409448818897
branching on 2 with b.
3577   908    25         52.9807    56.8941    7.3864     % 
LB close or above UB, fathomed
3578   907    23         52.9807    56.8941    7.3864     % 
LB close or above UB, fathomed
3579   906    29         52.9807    56.8941    7.3864     % 
UB: 56.89409448818897
branching on 1 with b.
3580   907    30         52.9807    56.8941    7.3864     % 
LB close or above UB, fathomed
3581   906    30         52.9807    56.8941    7.3864     % 
UB: 56.89409448818897
branching on 2 with b.
3582   907    29         52.9807    56.8941    7.3864     % 
LB close or above UB, fathomed
3583   906    20         52.9807    56.8941    7.3864     % 
LB close or above UB, fathomed
3584   905    20         52.9807    56.8941    7.3864     % 
UB: 56.89409448818897
branching on CartesianIndex(1, 5) with c.
3585   906    21         52.9807    56.8941    7.3864     % 
UB: 56.89409448818897
branching on CartesianIndex(1, 6) with c.
3586   907    22         52.9807    56.8941    7.3864     % 
LB close or above UB, fathomed
3587   906    22         52.9807    56.8941    7.3864     % 
UB: 56.89409448818897
branching on 3 with b.
3588   907    23         52.9807    56.8941    7.3864     % 
LB close or above UB, fathomed
3589   906    23         52.9807    56.8941    7.3864     % 
UB: 56.89409448818897
branching on CartesianIndex(1, 7) with c.
3590   907    24         52.9807    56.8941    7.3864     % 
UB: 56.89409448818897
branching on 1 with b.
3591   908    24         52.9807    56.8941    7.3864     % 
LB close or above UB, fathomed
3592   907    21         52.9807    56.8941    7.3864     % 
LB close or above UB, fathomed
3593   906    28         52.9807    56.8941    7.3864     % 
UB: 56.89409448818897
branching on 3 with b.
3594   907    29         52.9807    56.8941    7.3864     % 
LB close or above UB, fathomed
3595   906    29         52.9807    56.8941    7.3864     % 
UB: 56.89409448818897
branching on 1 with b.
3596   907    30         52.9807    56.8941    7.3864     % 
UB: 56.89409448818897
branching on 2 with b.
3597   908    30         52.9807    56.8941    7.3864     % 
UB: 56.89409448818897
branching on 2 with b.
3598   909    31         52.9807    56.8941    7.3864     % 
UB: 56.89409448818897
branching on 3 with b.
3599   910    32         52.9807    56.8941    7.3864     % 
LB close or above UB, fathomed
3600   909    32         52.9807    56.8941    7.3864     % 
UB: 56.89409448818897
branching on 1 with b.
3601   910    31         52.9807    56.8941    7.3864     % 
LB close or above UB, fathomed
3602   909    28         52.9807    56.8941    7.3864     % 
LB close or above UB, fathomed
3603   908    20         52.9807    56.8941    7.3864     % 
UB: 56.89409448818897
branching on 3 with b.
3604   909    20         52.9807    56.8941    7.3864     % 
LB close or above UB, fathomed
3605   908    21         52.9807    56.8941    7.3864     % 
LB close or above UB, fathomed
3606   907    21         52.9807    56.8941    7.3864     % 
UB: 56.89409448818897
branching on 1 with b.
3607   908    22         52.9807    56.8941    7.3864     % 
LB close or above UB, fathomed
3608   907    22         52.9807    56.8941    7.3864     % 
LB close or above UB, fathomed
3609   906    25         52.9807    56.8941    7.3864     % 
LB close or above UB, fathomed
3610   905    25         52.9807    56.8941    7.3864     % 
LB close or above UB, fathomed
3611   904    30         52.9807    56.8941    7.3864     % 
LB close or above UB, fathomed
3612   903    30         52.9807    56.8941    7.3864     % 
UB: 56.89409448818897
branching on 2 with b.
3613   904    31         52.9807    56.8941    7.3864     % 
UB: 56.89409448818897
branching on 3 with b.
3614   905    31         52.9807    56.8941    7.3864     % 
LB close or above UB, fathomed
3615   904    33         52.9807    56.8941    7.3864     % 
LB close or above UB, fathomed
3616   903    33         52.9807    56.8941    7.3864     % 
LB close or above UB, fathomed
3617   902    12         52.9807    56.8941    7.3864     % 
UB: 56.89409448818897
branching on CartesianIndex(2, 3) with a.
3618   903    13         52.9807    56.8941    7.3864     % 
LB close or above UB, fathomed
3619   902    13         52.9807    56.8941    7.3864     % 
LB close or above UB, fathomed
3620   901    12         52.9807    56.8941    7.3864     % 
LB close or above UB, fathomed
3621   900    21         52.9807    56.8941    7.3864     % 
UB: 56.89409448818897
branching on CartesianIndex(1, 6) with c.
3622   901    21         52.9807    56.8941    7.3864     % 
LB close or above UB, fathomed
3623   900    28         52.9807    56.8941    7.3864     % 
LB close or above UB, fathomed
3624   899    28         52.9807    56.8941    7.3864     % 
LB close or above UB, fathomed
3625   898    23         52.9807    56.8941    7.3864     % 
UB: 56.89409448818897
branching on CartesianIndex(1, 6) with c.
3626   899    23         52.9807    56.8941    7.3864     % 
LB close or above UB, fathomed
3627   898    26         52.9807    56.8941    7.3864     % 
LB close or above UB, fathomed
3628   897    26         52.9807    56.8941    7.3864     % 
LB close or above UB, fathomed
3629   896    22         52.9807    56.8941    7.3864     % 
UB: 56.89409448818897
branching on 3 with b.
3630   897    22         52.9807    56.8941    7.3864     % 
UB: 56.89409448818897
branching on 3 with b.
3631   898    23         52.9807    56.8941    7.3864     % 
LB close or above UB, fathomed
3632   897    23         52.9807    56.8941    7.3864     % 
UB: 56.89409448818897
branching on 1 with b.
3633   898    24         52.9807    56.8941    7.3864     % 
LB close or above UB, fathomed
3634   897    24         52.9807    56.8941    7.3864     % 
LB close or above UB, fathomed
3635   896    22         52.9807    56.8941    7.3864     % 
LB close or above UB, fathomed
3636   895    22         52.9807    56.8941    7.3864     % 
UB: 56.89409448818897
branching on CartesianIndex(1, 4) with c.
3637   896    23         52.9807    56.8941    7.3864     % 
LB close or above UB, fathomed
3638   895    23         52.9807    56.8941    7.3864     % 
UB: 56.89409448818897
branching on CartesianIndex(1, 5) with c.
3639   896    24         52.9807    56.8941    7.3864     % 
UB: 56.89409448818897
branching on CartesianIndex(1, 6) with c.
3640   897    25         52.9807    56.8941    7.3864     % 
LB close or above UB, fathomed
3641   896    25         52.9807    56.8941    7.3864     % 
UB: 56.89409448818897
branching on CartesianIndex(1, 7) with c.
3642   897    26         52.9807    56.8941    7.3864     % 
UB: 56.89409448818897
branching on 3 with b.
3643   898    27         52.9807    56.8941    7.3864     % 
LB close or above UB, fathomed
3644   897    27         52.9807    56.8941    7.3864     % 
UB: 56.89409448818897
branching on 1 with b.
3645   898    28         52.9807    56.8941    7.3864     % 
LB close or above UB, fathomed
3646   897    28         52.9807    56.8941    7.3864     % 
UB: 56.89409448818897
branching on 2 with b.
3647   898    29         52.9807    56.8941    7.3864     % 
UB: 56.89409448818897
branching on 3 with b.
3648   899    30         52.9807    56.8941    7.3864     % 
LB close or above UB, fathomed
3649   898    30         52.9807    56.8941    7.3864     % 
UB: 56.89409448818897
branching on 1 with b.
3650   899    29         52.9807    56.8941    7.3864     % 
LB close or above UB, fathomed
3651   898    26         52.9807    56.8941    7.3864     % 
LB close or above UB, fathomed
3652   897    24         52.9807    56.8941    7.3864     % 
LB close or above UB, fathomed
3653   896    21         52.9807    56.8941    7.3864     % 
LB close or above UB, fathomed
3654   895    21         52.9807    56.8941    7.3864     % 
LB close or above UB, fathomed
3655   894    24         52.9807    56.8941    7.3864     % 
LB close or above UB, fathomed
3656   893    24         52.9807    56.8941    7.3864     % 
UB: 56.89409448818897
branching on CartesianIndex(1, 7) with c.
3657   894    25         52.9807    56.8941    7.3864     % 
UB: 56.89409448818897
branching on 3 with b.
3658   895    26         52.9807    56.8941    7.3864     % 
LB close or above UB, fathomed
3659   894    26         52.9807    56.8941    7.3864     % 
UB: 56.89409448818897
branching on 1 with b.
3660   895    27         52.9807    56.8941    7.3864     % 
UB: 56.89409448818897
branching on 2 with b.
3661   896    28         52.9807    56.8941    7.3864     % 
LB close or above UB, fathomed
3662   895    28         52.9807    56.8941    7.3864     % 
UB: 56.89409448818897
branching on 3 with b.
3663   896    29         52.9807    56.8941    7.3864     % 
LB close or above UB, fathomed
3664   895    29         52.9807    56.8941    7.3864     % 
UB: 56.89409448818897
branching on 1 with b.
3665   896    30         52.9807    56.8941    7.3864     % 
UB: 56.89409448818897
branching on 2 with b.
3666   897    31         52.9807    56.8941    7.3864     % 
LB close or above UB, fathomed
3667   896    31         52.9807    56.8941    7.3864     % 
UB: 56.89409448818897
branching on 3 with b.
3668   897    32         52.9807    56.8941    7.3864     % 
LB close or above UB, fathomed
3669   896    32         52.9807    56.8941    7.3864     % 
UB: 56.89409448818897
branching on 1 with b.
3670   897    30         52.9807    56.8941    7.3864     % 
LB close or above UB, fathomed
3671   896    27         52.9807    56.8941    7.3864     % 
LB close or above UB, fathomed
3672   895    25         52.9807    56.8941    7.3864     % 
LB close or above UB, fathomed
3673   894    22         52.9807    56.8941    7.3864     % 
LB close or above UB, fathomed
3674   893    22         52.9807    56.8941    7.3864     % 
UB: 56.89409448818897
branching on 2 with b.
3675   894    23         52.9807    56.8941    7.3864     % 
LB close or above UB, fathomed
3676   893    23         52.9807    56.8941    7.3864     % 
UB: 56.89409448818897
branching on CartesianIndex(1, 7) with c.
3677   894    24         52.9807    56.8941    7.3864     % 
UB: 56.89409448818897
branching on 3 with b.
3678   895    25         52.9807    56.8941    7.3864     % 
LB close or above UB, fathomed
3679   894    25         52.9807    56.8941    7.3864     % 
UB: 56.89409448818897
branching on 1 with b.
3680   895    26         52.9807    56.8941    7.3864     % 
UB: 56.89409448818897
branching on 2 with b.
3681   896    27         52.9807    56.8941    7.3864     % 
LB close or above UB, fathomed
3682   895    27         52.9807    56.8941    7.3864     % 
LB close or above UB, fathomed
3683   894    26         52.9807    56.8941    7.3864     % 
LB close or above UB, fathomed
3684   893    24         52.9807    56.8941    7.3864     % 
LB close or above UB, fathomed
3685   892    32         52.9807    56.8941    7.3864     % 
LB close or above UB, fathomed
3686   891    32         52.9807    56.8941    7.3864     % 
LB close or above UB, fathomed
3687   890    28         52.9807    56.8941    7.3864     % 
LB close or above UB, fathomed
3688   889    28         52.9807    56.8941    7.3864     % 
UB: 56.89409448818897
branching on 1 with b.
3689   890    29         52.9807    56.8941    7.3864     % 
LB close or above UB, fathomed
3690   889    29         52.9807    56.8941    7.3864     % 
LB close or above UB, fathomed
3691   888    13         52.9807    56.8941    7.3864     % 
UB: 56.89409448818897
branching on 3 with b.
3692   889    14         52.9807    56.8941    7.3864     % 
LB close or above UB, fathomed
3693   888    14         52.9807    56.8941    7.3864     % 
LB close or above UB, fathomed
3694   887    13         52.9807    56.8941    7.3864     % 
LB close or above UB, fathomed
3695   886    28         52.9807    56.8941    7.3864     % 
LB close or above UB, fathomed
3696   885    28         52.9807    56.8941    7.3864     % 
UB: 56.89409448818897
branching on 3 with b.
3697   886    28         52.9807    56.8941    7.3864     % 
UB: 56.89409448818897
branching on 3 with b.
3698   887    28         52.9807    56.8941    7.3864     % 
LB close or above UB, fathomed
3699   886    27         52.9807    56.8941    7.3864     % 
UB: 56.89409448818897
branching on 1 with b.
3700   887    27         52.9807    56.8941    7.3864     % 
LB close or above UB, fathomed
3701   886    28         52.9807    56.8941    7.3864     % 
LB close or above UB, fathomed
3702   885    28         52.9807    56.8941    7.3864     % 
LB close or above UB, fathomed
3703   884    31         52.9807    56.8941    7.3864     % 
LB close or above UB, fathomed
3704   883    31         52.9807    56.8941    7.3864     % 
LB close or above UB, fathomed
3705   882    31         52.9807    56.8941    7.3864     % 
UB: 56.89409448818897
branching on 1 with b.
3706   883    31         52.9807    56.8941    7.3864     % 
LB close or above UB, fathomed
3707   882    28         52.9807    56.8941    7.3864     % 
LB close or above UB, fathomed
3708   881    28         52.9807    56.8941    7.3864     % 
UB: 56.89409448818897
branching on 3 with b.
3709   882    29         52.9807    56.8941    7.3864     % 
LB close or above UB, fathomed
3710   881    29         52.9807    56.8941    7.3864     % 
LB close or above UB, fathomed
3711   880    17         52.9807    56.8941    7.3864     % 
UB: 56.89409448818897
branching on CartesianIndex(4, 2) with a.
3712   881    18         52.9807    56.8941    7.3864     % 
UB: 56.89409448818897
branching on CartesianIndex(1, 3) with a.
3713   882    19         52.9807    56.8941    7.3864     % 
UB: 56.89409448818897
branching on CartesianIndex(2, 3) with a.
3714   883    20         52.9807    56.8941    7.3864     % 
LB close or above UB, fathomed
3715   882    20         52.9807    56.8941    7.3864     % 
LB close or above UB, fathomed
3716   881    19         52.9807    56.8941    7.3864     % 
LB close or above UB, fathomed
3717   880    18         52.9807    56.8941    7.3864     % 
UB: 56.89409448818897
branching on 3 with b.
3718   881    19         52.9807    56.8941    7.3864     % 
LB close or above UB, fathomed
3719   880    19         52.9807    56.8941    7.3864     % 
UB: 56.89409448818897
branching on CartesianIndex(1, 3) with a.
3720   881    20         52.9807    56.8941    7.3864     % 
UB: 56.89409448818897
branching on CartesianIndex(2, 3) with a.
3721   882    21         52.9807    56.8941    7.3864     % 
LB close or above UB, fathomed
3722   881    21         52.9807    56.8941    7.3864     % 
LB close or above UB, fathomed
3723   880    20         52.9807    56.8941    7.3864     % 
LB close or above UB, fathomed
3724   879    17         52.9807    56.8941    7.3864     % 
UB: 56.89409448818897
branching on CartesianIndex(1, 3) with a.
3725   880    18         52.9807    56.8941    7.3864     % 
UB: 56.89409448818897
branching on CartesianIndex(2, 3) with a.
3726   881    19         52.9807    56.8941    7.3864     % 
LB close or above UB, fathomed
3727   880    19         52.9807    56.8941    7.3864     % 
LB close or above UB, fathomed
3728   879    18         52.9807    56.8941    7.3864     % 
LB close or above UB, fathomed
3729   878    18         52.9807    56.8941    7.3864     % 
UB: 56.89409448818897
branching on CartesianIndex(1, 3) with a.
3730   879    19         52.9807    56.8941    7.3864     % 
UB: 56.89409448818897
branching on CartesianIndex(2, 3) with a.
3731   880    20         52.9807    56.8941    7.3864     % 
LB close or above UB, fathomed
3732   879    20         52.9807    56.8941    7.3864     % 
LB close or above UB, fathomed
3733   878    19         52.9807    56.8941    7.3864     % 
LB close or above UB, fathomed
3734   877    18         52.9807    56.8941    7.3864     % 
UB: 56.89409448818897
branching on 3 with b.
3735   878    19         52.9807    56.8941    7.3864     % 
LB close or above UB, fathomed
3736   877    19         52.9807    56.8941    7.3864     % 
UB: 56.89409448818897
branching on CartesianIndex(1, 3) with a.
3737   878    20         52.9807    56.8941    7.3864     % 
UB: 56.89409448818897
branching on CartesianIndex(2, 3) with a.
3738   879    21         52.9807    56.8941    7.3864     % 
LB close or above UB, fathomed
3739   878    21         52.9807    56.8941    7.3864     % 
LB close or above UB, fathomed
3740   877    20         52.9807    56.8941    7.3864     % 
LB close or above UB, fathomed
3741   876    28         52.9807    56.8941    7.3864     % 
LB close or above UB, fathomed
3742   875    28         52.9807    56.8941    7.3864     % 
LB close or above UB, fathomed
3743   874    31         52.9807    56.8941    7.3864     % 
LB close or above UB, fathomed
3744   873    31         52.9807    56.8941    7.3864     % 
UB: 56.89409448818897
branching on 1 with b.
3745   874    37         52.9807    56.8941    7.3864     % 
UB: 56.89409448818897
branching on 2 with b.
3746   875    38         52.9807    56.8941    7.3864     % 
LB close or above UB, fathomed
3747   874    38         52.9807    56.8941    7.3864     % 
LB close or above UB, fathomed
3748   873    37         52.9807    56.8941    7.3864     % 
UB: 56.89409448818897
branching on 2 with b.
3749   874    33         52.9807    56.8941    7.3864     % 
UB: 56.89409448818897
branching on 3 with b.
3750   875    34         52.9807    56.8941    7.3864     % 
UB: 56.89409448818897
branching on 1 with b.
3751   876    35         52.9807    56.8941    7.3864     % 
UB: 56.89409448818897
branching on 2 with b.
3752   877    36         52.9807    56.8941    7.3864     % 
LB close or above UB, fathomed
3753   876    36         52.9807    56.8941    7.3864     % 
LB close or above UB, fathomed
3754   875    35         52.9807    56.8941    7.3864     % 
UB: 56.89409448818897
branching on 2 with b.
3755   876    36         52.9807    56.8941    7.3864     % 
LB close or above UB, fathomed
3756   875    36         52.9807    56.8941    7.3864     % 
LB close or above UB, fathomed
3757   874    34         52.9807    56.8941    7.3864     % 
UB: 56.89409448818897
branching on 1 with b.
3758   875    33         52.9807    56.8941    7.3864     % 
LB close or above UB, fathomed
3759   874    17         52.9807    56.8941    7.3864     % 
LB close or above UB, fathomed
3760   873    17         52.9807    56.8941    7.3864     % 
UB: 56.89409448818897
branching on 3 with b.
3761   874    18         52.9807    56.8941    7.3864     % 
LB close or above UB, fathomed
3762   873    18         52.9807    56.8941    7.3864     % 
LB close or above UB, fathomed
3763   872    33         52.9807    56.8941    7.3864     % 
LB close or above UB, fathomed
3764   871    33         52.9807    56.8941    7.3864     % 
UB: 56.89409448818897
branching on 2 with b.
3765   872    38         52.9807    56.8941    7.3864     % 
UB: 56.89409448818897
branching on 1 with b.
3766   873    39         52.9807    56.8941    7.3864     % 
UB: 56.89409448818897
branching on 2 with b.
3767   874    40         52.9807    56.8941    7.3864     % 
LB close or above UB, fathomed
3768   873    40         52.9807    56.8941    7.3864     % 
LB close or above UB, fathomed
3769   872    39         52.9807    56.8941    7.3864     % 
UB: 56.89409448818897
branching on 2 with b.
3770   873    40         52.9807    56.8941    7.3864     % 
LB close or above UB, fathomed
3771   872    40         52.9807    56.8941    7.3864     % 
LB close or above UB, fathomed
3772   871    38         52.9807    56.8941    7.3864     % 
LB close or above UB, fathomed
3773   870    24         52.9807    56.8941    7.3864     % 
LB close or above UB, fathomed
3774   869    24         52.9807    56.8941    7.3864     % 
UB: 56.89409448818897
branching on 3 with b.
3775   870    30         52.9807    56.8941    7.3864     % 
UB: 56.89409448818897
branching on 3 with b.
3776   871    30         52.9807    56.8941    7.3864     % 
LB close or above UB, fathomed
3777   870    24         52.9807    56.8941    7.3864     % 
UB: 56.89409448818897
branching on 2 with b.
3778   871    24         52.9807    56.8941    7.3864     % 
LB close or above UB, fathomed
3779   870    38         52.9807    56.8941    7.3864     % 
UB: 56.89409448818897
branching on 1 with b.
3780   871    38         52.9807    56.8941    7.3864     % 
UB: 56.89409448818897
branching on 1 with b.
3781   872    37         52.9807    56.8941    7.3864     % 
UB: 56.89409448818897
branching on 3 with b.
3782   873    37         52.9807    56.8941    7.3864     % 
LB close or above UB, fathomed
3783   872    29         52.9807    56.8941    7.3864     % 
LB close or above UB, fathomed
3784   871    29         52.9807    56.8941    7.3864     % 
LB close or above UB, fathomed
3785   870    37         52.9807    56.8941    7.3864     % 
UB: 56.89409448818897
branching on 3 with b.
3786   871    37         52.9807    56.8941    7.3864     % 
LB close or above UB, fathomed
3787   870    38         52.9807    56.8941    7.3864     % 
UB: 56.89409448818897
branching on 1 with b.
3788   871    38         52.9807    56.8941    7.3864     % 
UB: 56.89409448818897
branching on 1 with b.
3789   872    37         52.9807    56.8941    7.3864     % 
UB: 56.89409448818897
branching on 3 with b.
3790   873    37         52.9807    56.8941    7.3864     % 
LB close or above UB, fathomed
3791   872    38         52.9807    56.8941    7.3864     % 
UB: 56.89409448818897
branching on 1 with b.
3792   873    38         52.9807    56.8941    7.3864     % 
UB: 56.89409448818897
branching on 1 with b.
3793   874    39         52.9807    56.8941    7.3864     % 
LB close or above UB, fathomed
3794   873    39         52.9807    56.8941    7.3864     % 
UB: 56.89409448818897
branching on 2 with b.
3795   874    40         52.9807    56.8941    7.3864     % 
LB close or above UB, fathomed
3796   873    40         52.9807    56.8941    7.3864     % 
LB close or above UB, fathomed
3797   872    35         52.9807    56.8941    7.3864     % 
LB close or above UB, fathomed
3798   871    35         52.9807    56.8941    7.3864     % 
LB close or above UB, fathomed
3799   870    38         52.9807    56.8941    7.3864     % 
LB close or above UB, fathomed
3800   869    38         52.9807    56.8941    7.3864     % 
LB close or above UB, fathomed
3801   868    36         52.9807    56.8941    7.3864     % 
UB: 56.89409448818897
branching on 1 with b.
3802   869    37         52.9807    56.8941    7.3864     % 
UB: 56.89409448818897
branching on 2 with b.
3803   870    38         52.9807    56.8941    7.3864     % 
LB close or above UB, fathomed
3804   869    38         52.9807    56.8941    7.3864     % 
LB close or above UB, fathomed
3805   868    37         52.9807    56.8941    7.3864     % 
UB: 56.89409448818897
branching on 2 with b.
3806   869    36         52.9807    56.8941    7.3864     % 
LB close or above UB, fathomed
3807   868    35         52.9807    56.8941    7.3864     % 
LB close or above UB, fathomed
3808   867    35         52.9807    56.8941    7.3864     % 
UB: 56.89409448818897
branching on 3 with b.
3809   868    37         52.9807    56.8941    7.3864     % 
UB: 56.89409448818897
branching on 2 with b.
3810   869    38         52.9807    56.8941    7.3864     % 
LB close or above UB, fathomed
3811   868    38         52.9807    56.8941    7.3864     % 
LB close or above UB, fathomed
3812   867    37         52.9807    56.8941    7.3864     % 
UB: 56.89409448818897
branching on 2 with b.
3813   868    36         52.9807    56.8941    7.3864     % 
LB close or above UB, fathomed
3814   867    36         52.9807    56.8941    7.3864     % 
UB: 56.89409448818897
branching on 1 with b.
3815   868    36         52.9807    56.8941    7.3864     % 
LB close or above UB, fathomed
3816   867    36         52.9807    56.8941    7.3864     % 
UB: 56.89409448818897
branching on 1 with b.
3817   867    35         52.9807    56.8941    7.3864     % 
LB close or above UB, fathomed
3818   866    35         52.9807    56.8941    7.3864     % 
LB close or above UB, fathomed
3819   865    34         52.9807    56.8941    7.3864     % 
UB: 56.89409448818897
branching on 2 with b.
3820   866    35         52.9807    56.8941    7.3864     % 
UB: 56.89409448818897
branching on 3 with b.
3821   867    35         52.9807    56.8941    7.3864     % 
LB close or above UB, fathomed
3822   866    34         52.9807    56.8941    7.3864     % 
UB: 56.89409448818897
branching on 2 with b.
3823   867    35         52.9807    56.8941    7.3864     % 
UB: 56.89409448818897
branching on 3 with b.
3824   868    35         52.9807    56.8941    7.3864     % 
LB close or above UB, fathomed
3825   867    36         52.9807    56.8941    7.3864     % 
LB close or above UB, fathomed
3826   866    36         52.9807    56.8941    7.3864     % 
UB: 56.89409448818897
branching on 1 with b.
3827   867    30         52.9807    56.8941    7.3864     % 
UB: 56.89409448818897
branching on 2 with b.
3828   868    30         52.9807    56.8941    7.3864     % 
LB close or above UB, fathomed
3829   867    31         52.9807    56.8941    7.3864     % 
UB: 56.89409448818897
branching on 2 with b.
3830   868    31         52.9807    56.8941    7.3864     % 
LB close or above UB, fathomed
3831   867    14         52.9807    56.8941    7.3864     % 
UB: 56.89409448818897
branching on CartesianIndex(2, 3) with a.
3832   868    15         52.9807    56.8941    7.3864     % 
LB close or above UB, fathomed
3833   867    15         52.9807    56.8941    7.3864     % 
LB close or above UB, fathomed
3834   866    14         52.9807    56.8941    7.3864     % 
LB close or above UB, fathomed
3835   865    15         52.9807    56.8941    7.3864     % 
UB: 56.89409448818897
branching on CartesianIndex(1, 3) with a.
3836   866    16         52.9807    56.8941    7.3864     % 
UB: 56.89409448818897
branching on 3 with b.
3837   867    17         52.9807    56.8941    7.3864     % 
LB close or above UB, fathomed
3838   866    17         52.9807    56.8941    7.3864     % 
LB close or above UB, fathomed
3839   865    16         52.9807    56.8941    7.3864     % 
LB close or above UB, fathomed
3840   864    15         52.9807    56.8941    7.3864     % 
LB close or above UB, fathomed
3841   863    30         52.9807    56.8941    7.3864     % 
UB: 56.89409448818897
branching on 3 with b.
3842   864    31         52.9807    56.8941    7.3864     % 
LB close or above UB, fathomed
3843   863    31         52.9807    56.8941    7.3864     % 
LB close or above UB, fathomed
3844   862    30         52.9807    56.8941    7.3864     % 
UB: 56.89409448818897
branching on 3 with b.
3845   863    36         52.9807    56.8941    7.3864     % 
UB: 56.89409448818897
branching on 2 with b.
3846   864    36         52.9807    56.8941    7.3864     % 
UB: 56.89409448818897
branching on 2 with b.
3847   865    37         52.9807    56.8941    7.3864     % 
UB: 56.89409448818897
branching on 3 with b.
3848   866    37         52.9807    56.8941    7.3864     % 
LB close or above UB, fathomed
3849   865    36         52.9807    56.8941    7.3864     % 
UB: 56.89409448818897
branching on 2 with b.
3850   866    37         52.9807    56.8941    7.3864     % 
UB: 56.89409448818897
branching on 3 with b.
3851   867    37         52.9807    56.8941    7.3864     % 
LB close or above UB, fathomed
3852   866    36         52.9807    56.8941    7.3864     % 
UB: 56.89409448818897
branching on 2 with b.
3853   867    27         52.9807    56.8941    7.3864     % 
LB close or above UB, fathomed
3854   866    27         52.9807    56.8941    7.3864     % 
LB close or above UB, fathomed
3855   865    34         52.9807    56.8941    7.3864     % 
UB: 56.89409448818897
branching on 2 with b.
3856   866    35         52.9807    56.8941    7.3864     % 
UB: 56.89409448818897
branching on 3 with b.
3857   867    35         52.9807    56.8941    7.3864     % 
LB close or above UB, fathomed
3858   866    34         52.9807    56.8941    7.3864     % 
UB: 56.89409448818897
branching on 2 with b.
3859   867    34         52.9807    56.8941    7.3864     % 
UB: 56.89409448818897
branching on 2 with b.
3860   868    35         52.9807    56.8941    7.3864     % 
UB: 56.89409448818897
branching on 3 with b.
3861   869    35         52.9807    56.8941    7.3864     % 
LB close or above UB, fathomed
3862   868    34         52.9807    56.8941    7.3864     % 
UB: 56.89409448818897
branching on 2 with b.
3863   869    31         52.9807    56.8941    7.3864     % 
UB: 56.89409448818897
branching on 1 with b.
3864   870    31         52.9807    56.8941    7.3864     % 
LB close or above UB, fathomed
3865   869    31         52.9807    56.8941    7.3864     % 
UB: 56.89409448818897
branching on 1 with b.
3866   870    31         52.9807    56.8941    7.3864     % 
LB close or above UB, fathomed
3867   869    37         52.9807    56.8941    7.3864     % 
LB close or above UB, fathomed
3868   868    37         52.9807    56.8941    7.3864     % 
UB: 56.89409448818897
branching on 2 with b.
3869   869    38         52.9807    56.8941    7.3864     % 
LB close or above UB, fathomed
3870   868    38         52.9807    56.8941    7.3864     % 
LB close or above UB, fathomed
3871   867    36         52.9807    56.8941    7.3864     % 
UB: 56.89409448818897
branching on 2 with b.
3872   868    36         52.9807    56.8941    7.3864     % 
UB: 56.89409448818897
branching on 2 with b.
3873   869    37         52.9807    56.8941    7.3864     % 
UB: 56.89409448818897
branching on 3 with b.
3874   870    37         52.9807    56.8941    7.3864     % 
LB close or above UB, fathomed
3875   869    27         52.9807    56.8941    7.3864     % 
UB: 56.89409448818897
branching on 3 with b.
3876   870    28         52.9807    56.8941    7.3864     % 
LB close or above UB, fathomed
3877   869    28         52.9807    56.8941    7.3864     % 
UB: 56.89409448818897
branching on 1 with b.
3878   870    29         52.9807    56.8941    7.3864     % 
UB: 56.89409448818897
branching on 2 with b.
3879   871    29         52.9807    56.8941    7.3864     % 
LB close or above UB, fathomed
3880   870    27         52.9807    56.8941    7.3864     % 
LB close or above UB, fathomed
3881   869    23         52.9807    56.8941    7.3864     % 
LB close or above UB, fathomed
3882   868    23         52.9807    56.8941    7.3864     % 
UB: 56.89409448818897
branching on 3 with b.
3883   869    24         52.9807    56.8941    7.3864     % 
LB close or above UB, fathomed
3884   868    24         52.9807    56.8941    7.3864     % 
LB close or above UB, fathomed
3885   867    27         52.9807    56.8941    7.3864     % 
LB close or above UB, fathomed
3886   866    27         52.9807    56.8941    7.3864     % 
LB close or above UB, fathomed
3887   865    34         52.9807    56.8941    7.3864     % 
LB close or above UB, fathomed
3888   864    34         52.9807    56.8941    7.3864     % 
UB: 56.89409448818897
branching on 3 with b.
3889   865    35         52.9807    56.8941    7.3864     % 
UB: 56.89409448818897
branching on 1 with b.
3890   866    36         52.9807    56.8941    7.3864     % 
UB: 56.89409448818897
branching on 2 with b.
3891   867    37         52.9807    56.8941    7.3864     % 
LB close or above UB, fathomed
3892   866    37         52.9807    56.8941    7.3864     % 
UB: 56.89409448818897
branching on 3 with b.
3893   867    36         52.9807    56.8941    7.3864     % 
LB close or above UB, fathomed
3894   866    35         52.9807    56.8941    7.3864     % 
LB close or above UB, fathomed
3895   865    34         52.9807    56.8941    7.3864     % 
LB close or above UB, fathomed
3896   864    34         52.9807    56.8941    7.3864     % 
UB: 56.89409448818897
branching on 2 with b.
3897   865    35         52.9807    56.8941    7.3864     % 
UB: 56.89409448818897
branching on 3 with b.
3898   866    35         52.9807    56.8941    7.3864     % 
LB close or above UB, fathomed
3899   865    35         52.9807    56.8941    7.3864     % 
UB: 56.89409448818897
branching on 3 with b.
3900   866    35         52.9807    56.8941    7.3864     % 
LB close or above UB, fathomed
3901   865    27         52.9807    56.8941    7.3864     % 
UB: 56.89409448818897
branching on 2 with b.
3902   866    27         52.9807    56.8941    7.3864     % 
UB: 56.89409448818897
branching on 2 with b.
3903   867    26         52.9807    56.8941    7.3864     % 
LB close or above UB, fathomed
3904   866    26         52.9807    56.8941    7.3864     % 
LB close or above UB, fathomed
3905   865    15         52.9807    56.8941    7.3864     % 
UB: 56.89409448818897
branching on CartesianIndex(1, 6) with c.
3906   866    16         52.9807    56.8941    7.3864     % 
LB close or above UB, fathomed
3907   865    16         52.9807    56.8941    7.3864     % 
UB: 56.89409448818897
branching on CartesianIndex(1, 7) with c.
3908   866    15         52.9807    56.8941    7.3864     % 
LB close or above UB, fathomed
3909   865    28         52.9807    56.8941    7.3864     % 
LB close or above UB, fathomed
3910   864    28         52.9807    56.8941    7.3864     % 
UB: 56.89409448818897
branching on 2 with b.
3911   865    32         52.9807    56.8941    7.3864     % 
LB close or above UB, fathomed
3912   864    32         52.9807    56.8941    7.3864     % 
UB: 56.89409448818897
branching on 3 with b.
3913   865    36         52.9807    56.8941    7.3864     % 
LB close or above UB, fathomed
3914   864    36         52.9807    56.8941    7.3864     % 
UB: 56.89409448818897
branching on 2 with b.
3915   865    37         52.9807    56.8941    7.3864     % 
LB close or above UB, fathomed
3916   864    37         52.9807    56.8941    7.3864     % 
LB close or above UB, fathomed
3917   863    24         52.9807    56.8941    7.3864     % 
LB close or above UB, fathomed
3918   862    24         52.9807    56.8941    7.3864     % 
LB close or above UB, fathomed
3919   861    33         52.9807    56.8941    7.3864     % 
LB close or above UB, fathomed
3920   860    33         52.9807    56.8941    7.3864     % 
UB: 56.89409448818897
branching on 2 with b.
3921   861    15         52.9807    56.8941    7.3864     % 
LB close or above UB, fathomed
3922   860    15         52.9807    56.8941    7.3864     % 
LB close or above UB, fathomed
3923   859    35         52.9807    56.8941    7.3864     % 
LB close or above UB, fathomed
3924   858    35         52.9807    56.8941    7.3864     % 
LB close or above UB, fathomed
3925   857    25         52.9807    56.8941    7.3864     % 
LB close or above UB, fathomed
3926   856    25         52.9807    56.8941    7.3864     % 
LB close or above UB, fathomed
3927   855    33         52.9807    56.8941    7.3864     % 
UB: 56.89409448818897
branching on 2 with b.
3928   856    33         52.9807    56.8941    7.3864     % 
LB close or above UB, fathomed
3929   855    13         52.9807    56.8941    7.3864     % 
LB close or above UB, fathomed
3930   854    13         52.9807    56.8941    7.3864     % 
LB close or above UB, fathomed
3931   853    31         52.9807    56.8941    7.3864     % 
UB: 56.89409448818897
branching on 3 with b.
3932   854    31         52.9807    56.8941    7.3864     % 
LB close or above UB, fathomed
3933   853    23         52.9807    56.8941    7.3864     % 
LB close or above UB, fathomed
3934   852    23         52.9807    56.8941    7.3864     % 
UB: 56.89409448818897
branching on 1 with b.
3935   853    24         52.9807    56.8941    7.3864     % 
LB close or above UB, fathomed
3936   852    24         52.9807    56.8941    7.3864     % 
LB close or above UB, fathomed
3937   851    32         52.9807    56.8941    7.3864     % 
LB close or above UB, fathomed
3938   850    32         52.9807    56.8941    7.3864     % 
UB: 56.89409448818897
branching on 2 with b.
3939   851    11         52.9807    56.8941    7.3864     % 
LB close or above UB, fathomed
3940   850    11         52.9807    56.8941    7.3864     % 
LB close or above UB, fathomed
3941   849    31         52.9807    56.8941    7.3864     % 
UB: 56.89409448818897
branching on 3 with b.
3942   850    31         52.9807    56.8941    7.3864     % 
LB close or above UB, fathomed
3943   849    34         52.9807    56.8941    7.3864     % 
UB: 56.89409448818897
branching on 2 with b.
3944   850    35         52.9807    56.8941    7.3864     % 
LB close or above UB, fathomed
3945   849    35         52.9807    56.8941    7.3864     % 
UB: 56.89409448818897
branching on 3 with b.
3946   850    34         52.9807    56.8941    7.3864     % 
LB close or above UB, fathomed
3947   849    32         52.9807    56.8941    7.3864     % 
UB: 56.89409448818897
branching on 2 with b.
3948   850    33         52.9807    56.8941    7.3864     % 
LB close or above UB, fathomed
3949   849    33         52.9807    56.8941    7.3864     % 
UB: 56.89409448818897
branching on 3 with b.
3950   850    32         52.9807    56.8941    7.3864     % 
LB close or above UB, fathomed
3951   849    27         52.9807    56.8941    7.3864     % 
LB close or above UB, fathomed
3952   848    27         52.9807    56.8941    7.3864     % 
UB: 56.89409448818897
branching on 1 with b.
3953   849    28         52.9807    56.8941    7.3864     % 
LB close or above UB, fathomed
3954   848    28         52.9807    56.8941    7.3864     % 
LB close or above UB, fathomed
3955   847    27         52.9807    56.8941    7.3864     % 
LB close or above UB, fathomed
3956   846    27         52.9807    56.8941    7.3864     % 
UB: 56.89409448818897
branching on 1 with b.
3957   847    28         52.9807    56.8941    7.3864     % 
LB close or above UB, fathomed
3958   846    28         52.9807    56.8941    7.3864     % 
LB close or above UB, fathomed
3959   845    31         52.9807    56.8941    7.3864     % 
LB close or above UB, fathomed
3960   844    31         52.9807    56.8941    7.3864     % 
UB: 56.89409448818897
branching on 1 with b.
3961   845    26         52.9807    56.8941    7.3864     % 
LB close or above UB, fathomed
3962   844    26         52.9807    56.8941    7.3864     % 
LB close or above UB, fathomed
3963   843    18         52.9807    56.8941    7.3864     % 
UB: 56.89409448818897
branching on CartesianIndex(1, 5) with c.
3964   844    18         52.9807    56.8941    7.3864     % 
UB: 56.89409448818897
branching on 2 with b.
3965   845    19         52.9807    56.8941    7.3864     % 
UB: 56.89409448818897
branching on CartesianIndex(1, 5) with c.
3966   846    19         52.9807    56.8941    7.3864     % 
UB: 56.89409448818897
branching on CartesianIndex(1, 5) with c.
3967   847    20         52.9807    56.8941    7.3864     % 
LB close or above UB, fathomed
3968   846    20         52.9807    56.8941    7.3864     % 
UB: 56.89409448818897
branching on CartesianIndex(1, 6) with c.
3969   847    33         52.9807    56.8941    7.3864     % 
LB close or above UB, fathomed
3970   846    33         52.9807    56.8941    7.3864     % 
LB close or above UB, fathomed
3971   845    31         52.9807    56.8941    7.3864     % 
UB: 56.89409448818897
branching on 2 with b.
3972   846    31         52.9807    56.8941    7.3864     % 
LB close or above UB, fathomed
3973   845    29         52.9807    56.8941    7.3864     % 
LB close or above UB, fathomed
3974   844    29         52.9807    56.8941    7.3864     % 
LB close or above UB, fathomed
3975   843    31         52.9807    56.8941    7.3864     % 
UB: 56.89409448818897
branching on 2 with b.
3976   844    32         52.9807    56.8941    7.3864     % 
UB: 56.89409448818897
branching on 3 with b.
3977   845    32         52.9807    56.8941    7.3864     % 
LB close or above UB, fathomed
3978   844    31         52.9807    56.8941    7.3864     % 
LB close or above UB, fathomed
3979   843    37         52.9807    56.8941    7.3864     % 
UB: 56.89409448818897
branching on 3 with b.
3980   844    37         52.9807    56.8941    7.3864     % 
LB close or above UB, fathomed
3981   843    32         52.9807    56.8941    7.3864     % 
LB close or above UB, fathomed
3982   842    32         52.9807    56.8941    7.3864     % 
UB: 56.89409448818897
branching on 1 with b.
3983   843    33         52.9807    56.8941    7.3864     % 
UB: 56.89409448818897
branching on 2 with b.
3984   844    33         52.9807    56.8941    7.3864     % 
LB close or above UB, fathomed
3985   843    18         52.9807    56.8941    7.3864     % 
LB close or above UB, fathomed
3986   842    18         52.9807    56.8941    7.3864     % 
LB close or above UB, fathomed
3987   841    29         52.9807    56.8941    7.3864     % 
UB: 56.89409448818897
branching on 1 with b.
3988   842    30         52.9807    56.8941    7.3864     % 
LB close or above UB, fathomed
3989   841    30         52.9807    56.8941    7.3864     % 
UB: 56.89409448818897
branching on 2 with b.
3990   842    31         52.9807    56.8941    7.3864     % 
UB: 56.89409448818897
branching on 3 with b.
3991   843    32         52.9807    56.8941    7.3864     % 
UB: 56.89409448818897
branching on 1 with b.
3992   844    32         52.9807    56.8941    7.3864     % 
LB close or above UB, fathomed
3993   843    31         52.9807    56.8941    7.3864     % 
LB close or above UB, fathomed
3994   842    29         52.9807    56.8941    7.3864     % 
LB close or above UB, fathomed
3995   841    23         52.9807    56.8941    7.3864     % 
UB: 56.89409448818897
branching on 3 with b.
3996   842    24         52.9807    56.8941    7.3864     % 
LB close or above UB, fathomed
3997   841    24         52.9807    56.8941    7.3864     % 
UB: 56.89409448818897
branching on 1 with b.
3998   842    25         52.9807    56.8941    7.3864     % 
LB close or above UB, fathomed
3999   841    25         52.9807    56.8941    7.3864     % 
LB close or above UB, fathomed
4000   840    23         52.9807    56.8941    7.3864     % 
LB close or above UB, fathomed
4001   839    34         52.9807    56.8941    7.3864     % 
LB close or above UB, fathomed
4002   838    34         52.9807    56.8941    7.3864     % 
UB: 56.89409448818897
branching on 2 with b.
4003   839    35         52.9807    56.8941    7.3864     % 
UB: 56.89409448818897
branching on 3 with b.
4004   840    35         52.9807    56.8941    7.3864     % 
LB close or above UB, fathomed
4005   839    26         52.9807    56.8941    7.3864     % 
LB close or above UB, fathomed
4006   838    26         52.9807    56.8941    7.3864     % 
LB close or above UB, fathomed
4007   837    36         52.9807    56.8941    7.3864     % 
UB: 56.89409448818897
branching on 2 with b.
4008   838    37         52.9807    56.8941    7.3864     % 
UB: 56.89409448818897
branching on 3 with b.
4009   839    37         52.9807    56.8941    7.3864     % 
LB close or above UB, fathomed
4010   838    36         52.9807    56.8941    7.3864     % 
UB: 56.89409448818897
branching on 2 with b.
4011   839    36         52.9807    56.8941    7.3864     % 
UB: 56.89409448818897
branching on 1 with b.
4012   840    37         52.9807    56.8941    7.3864     % 
UB: 56.89409448818897
branching on 2 with b.
4013   841    38         52.9807    56.8941    7.3864     % 
LB close or above UB, fathomed
4014   840    38         52.9807    56.8941    7.3864     % 
LB close or above UB, fathomed
4015   839    37         52.9807    56.8941    7.3864     % 
UB: 56.89409448818897
branching on 2 with b.
4016   840    36         52.9807    56.8941    7.3864     % 
LB close or above UB, fathomed
4017   839    39         52.9807    56.8941    7.3864     % 
UB: 56.89409448818897
branching on 2 with b.
4018   840    40         52.9807    56.8941    7.3864     % 
LB close or above UB, fathomed
4019   839    40         52.9807    56.8941    7.3864     % 
LB close or above UB, fathomed
4020   838    39         52.9807    56.8941    7.3864     % 
UB: 56.89409448818897
branching on 2 with b.
4021   839    39         52.9807    56.8941    7.3864     % 
UB: 56.89409448818897
branching on 2 with b.
4022   840    40         52.9807    56.8941    7.3864     % 
LB close or above UB, fathomed
4023   839    40         52.9807    56.8941    7.3864     % 
LB close or above UB, fathomed
4024   838    39         52.9807    56.8941    7.3864     % 
UB: 56.89409448818897
branching on 2 with b.
4025   839    35         52.9807    56.8941    7.3864     % 
UB: 56.89409448818897
branching on 3 with b.
4026   840    35         52.9807    56.8941    7.3864     % 
LB close or above UB, fathomed
4027   839    26         52.9807    56.8941    7.3864     % 
UB: 56.89409448818897
branching on 2 with b.
4028   840    27         52.9807    56.8941    7.3864     % 
UB: 56.89409448818897
branching on 3 with b.
4029   841    28         52.9807    56.8941    7.3864     % 
LB close or above UB, fathomed
4030   840    28         52.9807    56.8941    7.3864     % 
UB: 56.89409448818897
branching on 1 with b.
4031   841    29         52.9807    56.8941    7.3864     % 
LB close or above UB, fathomed
4032   840    29         52.9807    56.8941    7.3864     % 
LB close or above UB, fathomed
4033   839    27         52.9807    56.8941    7.3864     % 
UB: 56.89409448818897
branching on 3 with b.
4034   840    26         52.9807    56.8941    7.3864     % 
LB close or above UB, fathomed
4035   839    27         52.9807    56.8941    7.3864     % 
UB: 56.89409448818897
branching on 3 with b.
4036   840    27         52.9807    56.8941    7.3864     % 
UB: 56.89409448818897
branching on 3 with b.
4037   841    28         52.9807    56.8941    7.3864     % 
LB close or above UB, fathomed
4038   840    28         52.9807    56.8941    7.3864     % 
UB: 56.89409448818897
branching on 1 with b.
4039   841    29         52.9807    56.8941    7.3864     % 
UB: 56.89409448818897
branching on 2 with b.
4040   842    30         52.9807    56.8941    7.3864     % 
UB: 56.89409448818897
branching on 3 with b.
4041   843    31         52.9807    56.8941    7.3864     % 
LB close or above UB, fathomed
4042   842    31         52.9807    56.8941    7.3864     % 
LB close or above UB, fathomed
4043   841    30         52.9807    56.8941    7.3864     % 
UB: 56.89409448818897
branching on 3 with b.
4044   842    29         52.9807    56.8941    7.3864     % 
LB close or above UB, fathomed
4045   841    28         52.9807    56.8941    7.3864     % 
LB close or above UB, fathomed
4046   840    28         52.9807    56.8941    7.3864     % 
UB: 56.89409448818897
branching on 2 with b.
4047   841    29         52.9807    56.8941    7.3864     % 
LB close or above UB, fathomed
4048   840    29         52.9807    56.8941    7.3864     % 
LB close or above UB, fathomed
4049   839    28         52.9807    56.8941    7.3864     % 
LB close or above UB, fathomed
4050   838    28         52.9807    56.8941    7.3864     % 
UB: 56.89409448818897
branching on 2 with b.
4051   839    29         52.9807    56.8941    7.3864     % 
LB close or above UB, fathomed
4052   838    29         52.9807    56.8941    7.3864     % 
LB close or above UB, fathomed
4053   837    30         52.9807    56.8941    7.3864     % 
LB close or above UB, fathomed
4054   836    30         52.9807    56.8941    7.3864     % 
UB: 56.89409448818897
branching on 1 with b.
4055   837    31         52.9807    56.8941    7.3864     % 
LB close or above UB, fathomed
4056   836    31         52.9807    56.8941    7.3864     % 
LB close or above UB, fathomed
4057   835    17         52.9807    56.8941    7.3864     % 
LB close or above UB, fathomed
4058   834    17         52.9807    56.8941    7.3864     % 
UB: 56.89409448818897
branching on CartesianIndex(1, 5) with c.
4059   835    18         52.9807    56.8941    7.3864     % 
UB: 56.89409448818897
branching on CartesianIndex(1, 6) with c.
4060   836    19         52.9807    56.8941    7.3864     % 
LB close or above UB, fathomed
4061   835    19         52.9807    56.8941    7.3864     % 
UB: 56.89409448818897
branching on CartesianIndex(1, 7) with c.
4062   836    20         52.9807    56.8941    7.3864     % 
UB: 56.89409448818897
branching on 2 with b.
4063   837    21         52.9807    56.8941    7.3864     % 
UB: 56.89409448818897
branching on 3 with b.
4064   838    22         52.9807    56.8941    7.3864     % 
LB close or above UB, fathomed
4065   837    22         52.9807    56.8941    7.3864     % 
UB: 56.89409448818897
branching on 1 with b.
4066   838    23         52.9807    56.8941    7.3864     % 
LB close or above UB, fathomed
4067   837    23         52.9807    56.8941    7.3864     % 
UB: 56.89409448818897
branching on 2 with b.
4068   838    21         52.9807    56.8941    7.3864     % 
UB: 56.89409448818897
branching on 3 with b.
4069   839    22         52.9807    56.8941    7.3864     % 
LB close or above UB, fathomed
4070   838    22         52.9807    56.8941    7.3864     % 
UB: 56.89409448818897
branching on 1 with b.
4071   839    23         52.9807    56.8941    7.3864     % 
LB close or above UB, fathomed
4072   838    23         52.9807    56.8941    7.3864     % 
LB close or above UB, fathomed
4073   837    20         52.9807    56.8941    7.3864     % 
LB close or above UB, fathomed
4074   836    18         52.9807    56.8941    7.3864     % 
UB: 56.89409448818897
branching on CartesianIndex(1, 6) with c.
4075   837    19         52.9807    56.8941    7.3864     % 
LB close or above UB, fathomed
4076   836    19         52.9807    56.8941    7.3864     % 
UB: 56.89409448818897
branching on CartesianIndex(1, 7) with c.
4077   837    20         52.9807    56.8941    7.3864     % 
UB: 56.89409448818897
branching on 2 with b.
4078   838    21         52.9807    56.8941    7.3864     % 
UB: 56.89409448818897
branching on 3 with b.
4079   839    22         52.9807    56.8941    7.3864     % 
LB close or above UB, fathomed
4080   838    22         52.9807    56.8941    7.3864     % 
UB: 56.89409448818897
branching on 1 with b.
4081   839    23         52.9807    56.8941    7.3864     % 
LB close or above UB, fathomed
4082   838    23         52.9807    56.8941    7.3864     % 
LB close or above UB, fathomed
4083   837    21         52.9807    56.8941    7.3864     % 
UB: 56.89409448818897
branching on 3 with b.
4084   838    22         52.9807    56.8941    7.3864     % 
LB close or above UB, fathomed
4085   837    22         52.9807    56.8941    7.3864     % 
UB: 56.89409448818897
branching on 1 with b.
4086   838    23         52.9807    56.8941    7.3864     % 
LB close or above UB, fathomed
4087   837    23         52.9807    56.8941    7.3864     % 
LB close or above UB, fathomed
4088   836    20         52.9807    56.8941    7.3864     % 
LB close or above UB, fathomed
4089   835    16         52.9807    56.8941    7.3864     % 
LB close or above UB, fathomed
4090   834    16         52.9807    56.8941    7.3864     % 
LB close or above UB, fathomed
4091   833    35         52.9807    56.8941    7.3864     % 
LB close or above UB, fathomed
4092   832    35         52.9807    56.8941    7.3864     % 
LB close or above UB, fathomed
4093   831    32         52.9807    56.8941    7.3864     % 
LB close or above UB, fathomed
4094   830    32         52.9807    56.8941    7.3864     % 
LB close or above UB, fathomed
4095   829    26         52.9807    56.8941    7.3864     % 
LB close or above UB, fathomed
4096   828    26         52.9807    56.8941    7.3864     % 
UB: 56.89409448818897
branching on 3 with b.
4097   829    27         52.9807    56.8941    7.3864     % 
LB close or above UB, fathomed
4098   828    27         52.9807    56.8941    7.3864     % 
UB: 56.89409448818897
branching on 1 with b.
4099   829    30         52.9807    56.8941    7.3864     % 
LB close or above UB, fathomed
4100   828    30         52.9807    56.8941    7.3864     % 
UB: 56.89409448818897
branching on 1 with b.
4101   829    31         52.9807    56.8941    7.3864     % 
LB close or above UB, fathomed
4102   828    31         52.9807    56.8941    7.3864     % 
LB close or above UB, fathomed
4103   827    20         52.9807    56.8941    7.3864     % 
UB: 56.89409448818897
branching on CartesianIndex(1, 5) with c.
4104   828    20         52.9807    56.8941    7.3864     % 
UB: 56.89409448818897
branching on CartesianIndex(1, 5) with c.
4105   829    21         52.9807    56.8941    7.3864     % 
UB: 56.89409448818897
branching on CartesianIndex(1, 6) with c.
4106   830    22         52.9807    56.8941    7.3864     % 
LB close or above UB, fathomed
4107   829    22         52.9807    56.8941    7.3864     % 
UB: 56.89409448818897
branching on CartesianIndex(1, 7) with c.
4108   830    23         52.9807    56.8941    7.3864     % 
UB: 56.89409448818897
branching on 2 with b.
4109   831    24         52.9807    56.8941    7.3864     % 
LB close or above UB, fathomed
4110   830    24         52.9807    56.8941    7.3864     % 
UB: 56.89409448818897
branching on 3 with b.
4111   831    23         52.9807    56.8941    7.3864     % 
LB close or above UB, fathomed
4112   830    21         52.9807    56.8941    7.3864     % 
UB: 56.89409448818897
branching on CartesianIndex(1, 6) with c.
4113   831    36         52.9807    56.8941    7.3864     % 
UB: 56.89409448818897
branching on 2 with b.
4114   832    36         52.9807    56.8941    7.3864     % 
UB: 56.89409448818897
branching on 2 with b.
4115   833    37         52.9807    56.8941    7.3864     % 
UB: 56.89409448818897
branching on 3 with b.
4116   834    37         52.9807    56.8941    7.3864     % 
LB close or above UB, fathomed
4117   833    16         52.9807    56.8941    7.3864     % 
LB close or above UB, fathomed
4118   832    16         52.9807    56.8941    7.3864     % 
UB: 56.89409448818897
branching on CartesianIndex(1, 5) with c.
4119   833    17         52.9807    56.8941    7.3864     % 
UB: 56.89409448818897
branching on 1 with b.
4120   834    18         52.9807    56.8941    7.3864     % 
LB close or above UB, fathomed
4121   833    18         52.9807    56.8941    7.3864     % 
LB close or above UB, fathomed
4122   832    17         52.9807    56.8941    7.3864     % 
LB close or above UB, fathomed
4123   831    26         52.9807    56.8941    7.3864     % 
LB close or above UB, fathomed
4124   830    26         52.9807    56.8941    7.3864     % 
LB close or above UB, fathomed
4125   829    28         52.9807    56.8941    7.3864     % 
LB close or above UB, fathomed
4126   828    28         52.9807    56.8941    7.3864     % 
LB close or above UB, fathomed
4127   827    28         52.9807    56.8941    7.3864     % 
LB close or above UB, fathomed
4128   826    28         52.9807    56.8941    7.3864     % 
LB close or above UB, fathomed
4129   825    16         52.9807    56.8941    7.3864     % 
UB: 56.89409448818897
branching on 1 with b.
4130   826    17         52.9807    56.8941    7.3864     % 
UB: 56.89409448818897
branching on CartesianIndex(1, 3) with a.
4131   827    18         52.9807    56.8941    7.3864     % 
UB: 56.89409448818897
branching on 2 with b.
4132   828    19         52.9807    56.8941    7.3864     % 
UB: 56.89409448818897
branching on CartesianIndex(2, 3) with a.
4133   829    20         52.9807    56.8941    7.3864     % 
LB close or above UB, fathomed
4134   828    20         52.9807    56.8941    7.3864     % 
UB: 56.89409448818897
branching on CartesianIndex(1, 4) with c.
4135   829    19         52.9807    56.8941    7.3864     % 
UB: 56.89409448818897
branching on CartesianIndex(2, 3) with a.
4136   830    20         52.9807    56.8941    7.3864     % 
LB close or above UB, fathomed
4137   829    20         52.9807    56.8941    7.3864     % 
UB: 56.89409448818897
branching on CartesianIndex(1, 4) with c.
4138   830    18         52.9807    56.8941    7.3864     % 
LB close or above UB, fathomed
4139   829    17         52.9807    56.8941    7.3864     % 
LB close or above UB, fathomed
4140   828    16         52.9807    56.8941    7.3864     % 
UB: 56.89409448818897
branching on CartesianIndex(1, 3) with a.
4141   829    17         52.9807    56.8941    7.3864     % 
UB: 56.89409448818897
branching on 1 with b.
4142   830    18         52.9807    56.8941    7.3864     % 
UB: 56.89409448818897
branching on CartesianIndex(2, 3) with a.
4143   831    19         52.9807    56.8941    7.3864     % 
LB close or above UB, fathomed
4144   830    19         52.9807    56.8941    7.3864     % 
UB: 56.89409448818897
branching on 2 with b.
4145   831    18         52.9807    56.8941    7.3864     % 
LB close or above UB, fathomed
4146   830    17         52.9807    56.8941    7.3864     % 
LB close or above UB, fathomed
4147   829    25         52.9807    56.8941    7.3864     % 
LB close or above UB, fathomed
4148   828    25         52.9807    56.8941    7.3864     % 
LB close or above UB, fathomed
4149   827    25         52.9807    56.8941    7.3864     % 
LB close or above UB, fathomed
4150   826    25         52.9807    56.8941    7.3864     % 
LB close or above UB, fathomed
4151   825    25         52.9807    56.8941    7.3864     % 
LB close or above UB, fathomed
4152   824    25         52.9807    56.8941    7.3864     % 
LB close or above UB, fathomed
4153   823    25         52.9807    56.8941    7.3864     % 
LB close or above UB, fathomed
4154   822    25         52.9807    56.8941    7.3864     % 
LB close or above UB, fathomed
4155   821    27         52.9807    56.8941    7.3864     % 
LB close or above UB, fathomed
4156   820    27         52.9807    56.8941    7.3864     % 
LB close or above UB, fathomed
4157   819    27         52.9807    56.8941    7.3864     % 
LB close or above UB, fathomed
4158   818    27         52.9807    56.8941    7.3864     % 
LB close or above UB, fathomed
4159   817    27         52.9807    56.8941    7.3864     % 
LB close or above UB, fathomed
4160   816    27         52.9807    56.8941    7.3864     % 
LB close or above UB, fathomed
4161   815    27         52.9807    56.8941    7.3864     % 
LB close or above UB, fathomed
4162   814    27         52.9807    56.8941    7.3864     % 
LB close or above UB, fathomed
4163   813    28         52.9807    56.8941    7.3864     % 
LB close or above UB, fathomed
4164   812    28         52.9807    56.8941    7.3864     % 
LB close or above UB, fathomed
4165   811    25         52.9807    56.8941    7.3864     % 
LB close or above UB, fathomed
4166   810    25         52.9807    56.8941    7.3864     % 
LB close or above UB, fathomed
4167   809    25         52.9807    56.8941    7.3864     % 
LB close or above UB, fathomed
4168   808    25         52.9807    56.8941    7.3864     % 
LB close or above UB, fathomed
4169   807    26         52.9807    56.8941    7.3864     % 
LB close or above UB, fathomed
4170   806    26         52.9807    56.8941    7.3864     % 
LB close or above UB, fathomed
4171   805    26         52.9807    56.8941    7.3864     % 
LB close or above UB, fathomed
4172   804    26         52.9807    56.8941    7.3864     % 
LB close or above UB, fathomed
4173   803    26         52.9807    56.8941    7.3864     % 
LB close or above UB, fathomed
4174   802    26         52.9807    56.8941    7.3864     % 
LB close or above UB, fathomed
4175   801    26         52.9807    56.8941    7.3864     % 
LB close or above UB, fathomed
4176   800    26         52.9807    56.8941    7.3864     % 
LB close or above UB, fathomed
4177   799    26         52.9807    56.8941    7.3864     % 
LB close or above UB, fathomed
4178   798    26         52.9807    56.8941    7.3864     % 
LB close or above UB, fathomed
4179   797    26         52.9807    56.8941    7.3864     % 
LB close or above UB, fathomed
4180   796    26         52.9807    56.8941    7.3864     % 
LB close or above UB, fathomed
4181   795    26         52.9807    56.8941    7.3864     % 
LB close or above UB, fathomed
4182   794    26         52.9807    56.8941    7.3864     % 
LB close or above UB, fathomed
4183   793    26         52.9807    56.8941    7.3864     % 
LB close or above UB, fathomed
4184   792    26         52.9807    56.8941    7.3864     % 
LB close or above UB, fathomed
4185   791    25         52.9807    56.8941    7.3864     % 
LB close or above UB, fathomed
4186   790    25         52.9807    56.8941    7.3864     % 
LB close or above UB, fathomed
4187   789    28         52.9807    56.8941    7.3864     % 
LB close or above UB, fathomed
4188   788    28         52.9807    56.8941    7.3864     % 
LB close or above UB, fathomed
4189   787    28         52.9807    56.8941    7.3864     % 
LB close or above UB, fathomed
4190   786    28         52.9807    56.8941    7.3864     % 
LB close or above UB, fathomed
4191   785    28         52.9807    56.8941    7.3864     % 
LB close or above UB, fathomed
4192   784    28         52.9807    56.8941    7.3864     % 
LB close or above UB, fathomed
4193   783    28         52.9807    56.8941    7.3864     % 
LB close or above UB, fathomed
4194   782    28         52.9807    56.8941    7.3864     % 
LB close or above UB, fathomed
4195   781    28         52.9807    56.8941    7.3864     % 
LB close or above UB, fathomed
4196   780    28         52.9807    56.8941    7.3864     % 
LB close or above UB, fathomed
4197   779    28         52.9807    56.8941    7.3864     % 
LB close or above UB, fathomed
4198   778    28         52.9807    56.8941    7.3864     % 
LB close or above UB, fathomed
4199   777    28         52.9807    56.8941    7.3864     % 
LB close or above UB, fathomed
4200   776    28         52.9807    56.8941    7.3864     % 
LB close or above UB, fathomed
4201   775    27         52.9807    56.8941    7.3864     % 
LB close or above UB, fathomed
4202   774    27         52.9807    56.8941    7.3864     % 
LB close or above UB, fathomed
4203   773    21         52.9807    56.8941    7.3864     % 
LB close or above UB, fathomed
4204   772    21         52.9807    56.8941    7.3864     % 
UB: 56.89409448818897
branching on 2 with b.
4205   773    22         52.9807    56.8941    7.3864     % 
LB close or above UB, fathomed
4206   772    22         52.9807    56.8941    7.3864     % 
UB: 56.89409448818897
branching on CartesianIndex(1, 7) with c.
4207   773    23         52.9807    56.8941    7.3864     % 
UB: 56.89409448818897
branching on 3 with b.
4208   774    24         52.9807    56.8941    7.3864     % 
LB close or above UB, fathomed
4209   773    24         52.9807    56.8941    7.3864     % 
UB: 56.89409448818897
branching on 1 with b.
4210   774    25         52.9807    56.8941    7.3864     % 
LB close or above UB, fathomed
4211   773    25         52.9807    56.8941    7.3864     % 
LB close or above UB, fathomed
4212   772    23         52.9807    56.8941    7.3864     % 
LB close or above UB, fathomed
4213   771    27         52.9807    56.8941    7.3864     % 
LB close or above UB, fathomed
4214   770    27         52.9807    56.8941    7.3864     % 
LB close or above UB, fathomed
4215   769    27         52.9807    56.8941    7.3864     % 
LB close or above UB, fathomed
4216   768    27         52.9807    56.8941    7.3864     % 
LB close or above UB, fathomed
4217   767    27         52.9807    56.8941    7.3864     % 
LB close or above UB, fathomed
4218   766    27         52.9807    56.8941    7.3864     % 
LB close or above UB, fathomed
4219   765    27         52.9807    56.8941    7.3864     % 
LB close or above UB, fathomed
4220   764    27         52.9807    56.8941    7.3864     % 
LB close or above UB, fathomed
4221   763    14         52.9807    56.8941    7.3864     % 
LB close or above UB, fathomed
4222   762    14         52.9807    56.8941    7.3864     % 
LB close or above UB, fathomed
4223   761    28         52.9807    56.8941    7.3864     % 
LB close or above UB, fathomed
4224   760    28         52.9807    56.8941    7.3864     % 
LB close or above UB, fathomed
4225   759    28         52.9807    56.8941    7.3864     % 
LB close or above UB, fathomed
4226   758    28         52.9807    56.8941    7.3864     % 
LB close or above UB, fathomed
4227   757    34         52.9807    56.8941    7.3864     % 
LB close or above UB, fathomed
4228   756    34         52.9807    56.8941    7.3864     % 
UB: 56.89409448818897
branching on 3 with b.
4229   757    36         52.9807    56.8941    7.3864     % 
LB close or above UB, fathomed
4230   756    36         52.9807    56.8941    7.3864     % 
UB: 56.89409448818897
branching on 1 with b.
4231   757    31         52.9807    56.8941    7.3864     % 
UB: 56.89409448818897
branching on 2 with b.
4232   758    31         52.9807    56.8941    7.3864     % 
LB close or above UB, fathomed
4233   757    26         52.9807    56.8941    7.3864     % 
LB close or above UB, fathomed
4234   756    26         52.9807    56.8941    7.3864     % 
LB close or above UB, fathomed
4235   755    26         52.9807    56.8941    7.3864     % 
LB close or above UB, fathomed
4236   754    26         52.9807    56.8941    7.3864     % 
LB close or above UB, fathomed
4237   753    25         52.9807    56.8941    7.3864     % 
LB close or above UB, fathomed
4238   752    25         52.9807    56.8941    7.3864     % 
LB close or above UB, fathomed
4239   751    25         52.9807    56.8941    7.3864     % 
LB close or above UB, fathomed
4240   750    25         52.9807    56.8941    7.3864     % 
LB close or above UB, fathomed
4241   749    25         52.9807    56.8941    7.3864     % 
LB close or above UB, fathomed
4242   748    25         52.9807    56.8941    7.3864     % 
LB close or above UB, fathomed
4243   747    25         52.9807    56.8941    7.3864     % 
LB close or above UB, fathomed
4244   746    25         52.9807    56.8941    7.3864     % 
LB close or above UB, fathomed
4245   745    36         52.9807    56.8941    7.3864     % 
LB close or above UB, fathomed
4246   744    36         52.9807    56.8941    7.3864     % 
UB: 56.89409448818897
branching on 2 with b.
4247   745    37         52.9807    56.8941    7.3864     % 
UB: 56.89409448818897
branching on 3 with b.
4248   746    38         52.9807    56.8941    7.3864     % 
UB: 56.89409448818897
branching on 1 with b.
4249   747    38         52.9807    56.8941    7.3864     % 
LB close or above UB, fathomed
4250   746    37         52.9807    56.8941    7.3864     % 
LB close or above UB, fathomed
4251   745    28         52.9807    56.8941    7.3864     % 
LB close or above UB, fathomed
4252   744    28         52.9807    56.8941    7.3864     % 
LB close or above UB, fathomed
4253   743    28         52.9807    56.8941    7.3864     % 
LB close or above UB, fathomed
4254   742    28         52.9807    56.8941    7.3864     % 
LB close or above UB, fathomed
4255   741    27         52.9807    56.8941    7.3864     % 
LB close or above UB, fathomed
4256   740    27         52.9807    56.8941    7.3864     % 
LB close or above UB, fathomed
4257   739    26         52.9807    56.8941    7.3864     % 
LB close or above UB, fathomed
4258   738    26         52.9807    56.8941    7.3864     % 
LB close or above UB, fathomed
4259   737    27         52.9807    56.8941    7.3864     % 
LB close or above UB, fathomed
4260   736    27         52.9807    56.8941    7.3864     % 
LB close or above UB, fathomed
4261   735    27         52.9807    56.8941    7.3864     % 
LB close or above UB, fathomed
4262   734    27         52.9807    56.8941    7.3864     % 
LB close or above UB, fathomed
4263   733    32         52.9807    56.8941    7.3864     % 
LB close or above UB, fathomed
4264   732    32         52.9807    56.8941    7.3864     % 
UB: 56.89409448818897
branching on 3 with b.
4265   733    33         52.9807    56.8941    7.3864     % 
UB: 56.89409448818897
branching on 1 with b.
4266   734    34         52.9807    56.8941    7.3864     % 
UB: 56.89409448818897
branching on 2 with b.
4267   735    35         52.9807    56.8941    7.3864     % 
LB close or above UB, fathomed
4268   734    35         52.9807    56.8941    7.3864     % 
UB: 56.89409448818897
branching on 3 with b.
4269   735    34         52.9807    56.8941    7.3864     % 
LB close or above UB, fathomed
4270   734    33         52.9807    56.8941    7.3864     % 
UB: 56.89409448818897
branching on 1 with b.
4271   735    28         52.9807    56.8941    7.3864     % 
LB close or above UB, fathomed
4272   734    28         52.9807    56.8941    7.3864     % 
LB close or above UB, fathomed
4273   733    28         52.9807    56.8941    7.3864     % 
LB close or above UB, fathomed
4274   732    28         52.9807    56.8941    7.3864     % 
LB close or above UB, fathomed
4275   731    38         52.9807    56.8941    7.3864     % 
UB: 56.89409448818897
branching on 1 with b.
4276   732    38         52.9807    56.8941    7.3864     % 
UB: 56.89409448818897
branching on 1 with b.
4277   733    27         52.9807    56.8941    7.3864     % 
LB close or above UB, fathomed
4278   732    27         52.9807    56.8941    7.3864     % 
LB close or above UB, fathomed
4279   731    26         52.9807    56.8941    7.3864     % 
LB close or above UB, fathomed
4280   730    26         52.9807    56.8941    7.3864     % 
LB close or above UB, fathomed
4281   729    26         52.9807    56.8941    7.3864     % 
LB close or above UB, fathomed
4282   728    26         52.9807    56.8941    7.3864     % 
LB close or above UB, fathomed
4283   727    28         52.9807    56.8941    7.3864     % 
LB close or above UB, fathomed
4284   726    28         52.9807    56.8941    7.3864     % 
UB: 56.89409448818897
branching on 3 with b.
4285   727    36         52.9807    56.8941    7.3864     % 
LB close or above UB, fathomed
4286   726    36         52.9807    56.8941    7.3864     % 
UB: 56.89409448818897
branching on 1 with b.
4287   727    18         52.9807    56.8941    7.3864     % 
UB: 56.89409448818897
branching on CartesianIndex(1, 4) with c.
4288   728    18         52.9807    56.8941    7.3864     % 
UB: 56.89409448818897
branching on CartesianIndex(1, 4) with c.
4289   729    19         52.9807    56.8941    7.3864     % 
LB close or above UB, fathomed
4290   728    19         52.9807    56.8941    7.3864     % 
UB: 56.89409448818897
branching on CartesianIndex(1, 5) with c.
4291   729    20         52.9807    56.8941    7.3864     % 
LB close or above UB, fathomed
4292   728    20         52.9807    56.8941    7.3864     % 
UB: 56.89409448818897
branching on CartesianIndex(1, 6) with c.
4293   729    23         52.9807    56.8941    7.3864     % 
UB: 56.89409448818897
branching on 3 with b.
4294   730    24         52.9807    56.8941    7.3864     % 
LB close or above UB, fathomed
4295   729    24         52.9807    56.8941    7.3864     % 
UB: 56.89409448818897
branching on 1 with b.
4296   730    25         52.9807    56.8941    7.3864     % 
LB close or above UB, fathomed
4297   729    25         52.9807    56.8941    7.3864     % 
LB close or above UB, fathomed
4298   728    23         52.9807    56.8941    7.3864     % 
UB: 56.89409448818897
branching on 3 with b.
4299   729    24         52.9807    56.8941    7.3864     % 
LB close or above UB, fathomed
4300   728    24         52.9807    56.8941    7.3864     % 
UB: 56.89409448818897
branching on 1 with b.
4301   729    25         52.9807    56.8941    7.3864     % 
LB close or above UB, fathomed
4302   728    25         52.9807    56.8941    7.3864     % 
LB close or above UB, fathomed
4303   727    23         52.9807    56.8941    7.3864     % 
UB: 56.89409448818897
branching on 3 with b.
4304   728    24         52.9807    56.8941    7.3864     % 
LB close or above UB, fathomed
4305   727    24         52.9807    56.8941    7.3864     % 
UB: 56.89409448818897
branching on 1 with b.
4306   728    25         52.9807    56.8941    7.3864     % 
LB close or above UB, fathomed
4307   727    25         52.9807    56.8941    7.3864     % 
LB close or above UB, fathomed
4308   726    23         52.9807    56.8941    7.3864     % 
UB: 56.89409448818897
branching on 3 with b.
4309   727    24         52.9807    56.8941    7.3864     % 
LB close or above UB, fathomed
4310   726    24         52.9807    56.8941    7.3864     % 
UB: 56.89409448818897
branching on 1 with b.
4311   727    25         52.9807    56.8941    7.3864     % 
LB close or above UB, fathomed
4312   726    25         52.9807    56.8941    7.3864     % 
LB close or above UB, fathomed
4313   725    21         52.9807    56.8941    7.3864     % 
LB close or above UB, fathomed
4314   724    21         52.9807    56.8941    7.3864     % 
UB: 56.89409448818897
branching on 2 with b.
4315   725    20         52.9807    56.8941    7.3864     % 
UB: 56.89409448818897
branching on 3 with b.
4316   726    21         52.9807    56.8941    7.3864     % 
LB close or above UB, fathomed
4317   725    21         52.9807    56.8941    7.3864     % 
UB: 56.89409448818897
branching on CartesianIndex(1, 5) with c.
4318   726    22         52.9807    56.8941    7.3864     % 
LB close or above UB, fathomed
4319   725    22         52.9807    56.8941    7.3864     % 
UB: 56.89409448818897
branching on CartesianIndex(1, 6) with c.
4320   726    23         52.9807    56.8941    7.3864     % 
LB close or above UB, fathomed
4321   725    23         52.9807    56.8941    7.3864     % 
UB: 56.89409448818897
branching on CartesianIndex(1, 7) with c.
4322   726    24         52.9807    56.8941    7.3864     % 
UB: 56.89409448818897
branching on 1 with b.
4323   727    25         52.9807    56.8941    7.3864     % 
LB close or above UB, fathomed
4324   726    25         52.9807    56.8941    7.3864     % 
LB close or above UB, fathomed
4325   725    24         52.9807    56.8941    7.3864     % 
LB close or above UB, fathomed
4326   724    20         52.9807    56.8941    7.3864     % 
UB: 56.89409448818897
branching on CartesianIndex(1, 5) with c.
4327   725    21         52.9807    56.8941    7.3864     % 
LB close or above UB, fathomed
4328   724    21         52.9807    56.8941    7.3864     % 
UB: 56.89409448818897
branching on CartesianIndex(1, 6) with c.
4329   725    22         52.9807    56.8941    7.3864     % 
LB close or above UB, fathomed
4330   724    22         52.9807    56.8941    7.3864     % 
UB: 56.89409448818897
branching on 3 with b.
4331   725    23         52.9807    56.8941    7.3864     % 
LB close or above UB, fathomed
4332   724    23         52.9807    56.8941    7.3864     % 
UB: 56.89409448818897
branching on CartesianIndex(1, 7) with c.
4333   725    24         52.9807    56.8941    7.3864     % 
UB: 56.89409448818897
branching on 1 with b.
4334   726    25         52.9807    56.8941    7.3864     % 
LB close or above UB, fathomed
4335   725    25         52.9807    56.8941    7.3864     % 
LB close or above UB, fathomed
4336   724    24         52.9807    56.8941    7.3864     % 
LB close or above UB, fathomed
4337   723    18         52.9807    56.8941    7.3864     % 
LB close or above UB, fathomed
4338   722    18         52.9807    56.8941    7.3864     % 
UB: 56.89409448818897
branching on CartesianIndex(1, 7) with c.
4339   723    19         52.9807    56.8941    7.3864     % 
UB: 56.89409448818897
branching on 2 with b.
4340   724    20         52.9807    56.8941    7.3864     % 
UB: 56.89409448818897
branching on 3 with b.
4341   725    21         52.9807    56.8941    7.3864     % 
LB close or above UB, fathomed
4342   724    21         52.9807    56.8941    7.3864     % 
UB: 56.89409448818897
branching on 1 with b.
4343   725    22         52.9807    56.8941    7.3864     % 
LB close or above UB, fathomed
4344   724    22         52.9807    56.8941    7.3864     % 
LB close or above UB, fathomed
4345   723    20         52.9807    56.8941    7.3864     % 
UB: 56.89409448818897
branching on 3 with b.
4346   724    21         52.9807    56.8941    7.3864     % 
LB close or above UB, fathomed
4347   723    21         52.9807    56.8941    7.3864     % 
UB: 56.89409448818897
branching on 1 with b.
4348   724    22         52.9807    56.8941    7.3864     % 
LB close or above UB, fathomed
4349   723    22         52.9807    56.8941    7.3864     % 
LB close or above UB, fathomed
4350   722    19         52.9807    56.8941    7.3864     % 
LB close or above UB, fathomed
4351   721    20         52.9807    56.8941    7.3864     % 
UB: 56.89409448818897
branching on 3 with b.
4352   722    21         52.9807    56.8941    7.3864     % 
LB close or above UB, fathomed
4353   721    21         52.9807    56.8941    7.3864     % 
UB: 56.89409448818897
branching on 1 with b.
4354   722    22         52.9807    56.8941    7.3864     % 
LB close or above UB, fathomed
4355   721    22         52.9807    56.8941    7.3864     % 
LB close or above UB, fathomed
4356   720    20         52.9807    56.8941    7.3864     % 
UB: 56.89409448818897
branching on 3 with b.
4357   721    21         52.9807    56.8941    7.3864     % 
LB close or above UB, fathomed
4358   720    21         52.9807    56.8941    7.3864     % 
UB: 56.89409448818897
branching on 1 with b.
4359   721    22         52.9807    56.8941    7.3864     % 
LB close or above UB, fathomed
4360   720    22         52.9807    56.8941    7.3864     % 
LB close or above UB, fathomed
4361   719    20         52.9807    56.8941    7.3864     % 
UB: 56.89409448818897
branching on 3 with b.
4362   720    21         52.9807    56.8941    7.3864     % 
LB close or above UB, fathomed
4363   719    21         52.9807    56.8941    7.3864     % 
UB: 56.89409448818897
branching on 1 with b.
4364   720    22         52.9807    56.8941    7.3864     % 
LB close or above UB, fathomed
4365   719    22         52.9807    56.8941    7.3864     % 
LB close or above UB, fathomed
4366   718    20         52.9807    56.8941    7.3864     % 
UB: 56.89409448818897
branching on 3 with b.
4367   719    21         52.9807    56.8941    7.3864     % 
LB close or above UB, fathomed
4368   718    21         52.9807    56.8941    7.3864     % 
UB: 56.89409448818897
branching on 1 with b.
4369   719    22         52.9807    56.8941    7.3864     % 
LB close or above UB, fathomed
4370   718    22         52.9807    56.8941    7.3864     % 
LB close or above UB, fathomed
4371   717    22         52.9807    56.8941    7.3864     % 
UB: 56.89409448818897
branching on 3 with b.
4372   718    23         52.9807    56.8941    7.3864     % 
LB close or above UB, fathomed
4373   717    23         52.9807    56.8941    7.3864     % 
UB: 56.89409448818897
branching on 1 with b.
4374   718    24         52.9807    56.8941    7.3864     % 
LB close or above UB, fathomed
4375   717    24         52.9807    56.8941    7.3864     % 
LB close or above UB, fathomed
4376   716    22         52.9807    56.8941    7.3864     % 
UB: 56.89409448818897
branching on 3 with b.
4377   717    23         52.9807    56.8941    7.3864     % 
LB close or above UB, fathomed
4378   716    23         52.9807    56.8941    7.3864     % 
UB: 56.89409448818897
branching on 1 with b.
4379   717    24         52.9807    56.8941    7.3864     % 
LB close or above UB, fathomed
4380   716    24         52.9807    56.8941    7.3864     % 
LB close or above UB, fathomed
4381   715    22         52.9807    56.8941    7.3864     % 
UB: 56.89409448818897
branching on 3 with b.
4382   716    23         52.9807    56.8941    7.3864     % 
LB close or above UB, fathomed
4383   715    23         52.9807    56.8941    7.3864     % 
UB: 56.89409448818897
branching on 1 with b.
4384   716    24         52.9807    56.8941    7.3864     % 
LB close or above UB, fathomed
4385   715    24         52.9807    56.8941    7.3864     % 
LB close or above UB, fathomed
4386   714    22         52.9807    56.8941    7.3864     % 
UB: 56.89409448818897
branching on 3 with b.
4387   715    23         52.9807    56.8941    7.3864     % 
LB close or above UB, fathomed
4388   714    23         52.9807    56.8941    7.3864     % 
UB: 56.89409448818897
branching on 1 with b.
4389   715    24         52.9807    56.8941    7.3864     % 
LB close or above UB, fathomed
4390   714    24         52.9807    56.8941    7.3864     % 
LB close or above UB, fathomed
4391   713    22         52.9807    56.8941    7.3864     % 
UB: 56.89409448818897
branching on 3 with b.
4392   714    23         52.9807    56.8941    7.3864     % 
LB close or above UB, fathomed
4393   713    23         52.9807    56.8941    7.3864     % 
UB: 56.89409448818897
branching on 1 with b.
4394   714    24         52.9807    56.8941    7.3864     % 
LB close or above UB, fathomed
4395   713    24         52.9807    56.8941    7.3864     % 
LB close or above UB, fathomed
4396   712    22         52.9807    56.8941    7.3864     % 
LB close or above UB, fathomed
4397   711    35         52.9807    56.8941    7.3864     % 
LB close or above UB, fathomed
4398   710    35         52.9807    56.8941    7.3864     % 
LB close or above UB, fathomed
4399   709    31         52.9807    56.8941    7.3864     % 
LB close or above UB, fathomed
4400   708    31         52.9807    56.8941    7.3864     % 
LB close or above UB, fathomed
4401   707    32         52.9807    56.8941    7.3864     % 
LB close or above UB, fathomed
4402   706    32         52.9807    56.8941    7.3864     % 
LB close or above UB, fathomed
4403   705    17         52.9807    56.8941    7.3864     % 
UB: 56.89409448818897
branching on CartesianIndex(1, 5) with c.
4404   706    17         52.9807    56.8941    7.3864     % 
UB: 56.89409448818897
branching on 2 with b.
4405   707    18         52.9807    56.8941    7.3864     % 
UB: 56.89409448818897
branching on CartesianIndex(1, 5) with c.
4406   708    19         52.9807    56.8941    7.3864     % 
LB close or above UB, fathomed
4407   707    19         52.9807    56.8941    7.3864     % 
UB: 56.89409448818897
branching on CartesianIndex(1, 6) with c.
4408   708    20         52.9807    56.8941    7.3864     % 
LB close or above UB, fathomed
4409   707    20         52.9807    56.8941    7.3864     % 
UB: 56.89409448818897
branching on CartesianIndex(1, 7) with c.
4410   708    21         52.9807    56.8941    7.3864     % 
UB: 56.89409448818897
branching on 3 with b.
4411   709    22         52.9807    56.8941    7.3864     % 
LB close or above UB, fathomed
4412   708    22         52.9807    56.8941    7.3864     % 
UB: 56.89409448818897
branching on 1 with b.
4413   709    23         52.9807    56.8941    7.3864     % 
LB close or above UB, fathomed
4414   708    23         52.9807    56.8941    7.3864     % 
LB close or above UB, fathomed
4415   707    21         52.9807    56.8941    7.3864     % 
LB close or above UB, fathomed
4416   706    18         52.9807    56.8941    7.3864     % 
UB: 56.89409448818897
branching on 3 with b.
4417   707    19         52.9807    56.8941    7.3864     % 
LB close or above UB, fathomed
4418   706    19         52.9807    56.8941    7.3864     % 
UB: 56.89409448818897
branching on 1 with b.
4419   707    20         52.9807    56.8941    7.3864     % 
LB close or above UB, fathomed
4420   706    20         52.9807    56.8941    7.3864     % 
UB: 56.89409448818897
branching on CartesianIndex(1, 5) with c.
4421   707    20         52.9807    56.8941    7.3864     % 
LB close or above UB, fathomed
4422   706    20         52.9807    56.8941    7.3864     % 
UB: 56.89409448818897
branching on 3 with b.
4423   707    21         52.9807    56.8941    7.3864     % 
LB close or above UB, fathomed
4424   706    21         52.9807    56.8941    7.3864     % 
UB: 56.89409448818897
branching on 1 with b.
4425   707    22         52.9807    56.8941    7.3864     % 
LB close or above UB, fathomed
4426   706    22         52.9807    56.8941    7.3864     % 
LB close or above UB, fathomed
4427   705    26         52.9807    56.8941    7.3864     % 
LB close or above UB, fathomed
4428   704    26         52.9807    56.8941    7.3864     % 
UB: 56.89409448818897
branching on 3 with b.
4429   705    27         52.9807    56.8941    7.3864     % 
LB close or above UB, fathomed
4430   704    27         52.9807    56.8941    7.3864     % 
UB: 56.89409448818897
branching on 1 with b.
4431   705    28         52.9807    56.8941    7.3864     % 
LB close or above UB, fathomed
4432   704    28         52.9807    56.8941    7.3864     % 
UB: 56.89409448818897
branching on 2 with b.
4433   705    29         52.9807    56.8941    7.3864     % 
LB close or above UB, fathomed
4434   704    29         52.9807    56.8941    7.3864     % 
UB: 56.89409448818897
branching on 3 with b.
4435   705    18         52.9807    56.8941    7.3864     % 
LB close or above UB, fathomed
4436   704    18         52.9807    56.8941    7.3864     % 
UB: 56.89409448818897
branching on CartesianIndex(1, 7) with c.
4437   705    19         52.9807    56.8941    7.3864     % 
UB: 56.89409448818897
branching on 1 with b.
4438   706    20         52.9807    56.8941    7.3864     % 
LB close or above UB, fathomed
4439   705    20         52.9807    56.8941    7.3864     % 
UB: 56.89409448818897
branching on 2 with b.
4440   706    21         52.9807    56.8941    7.3864     % 
LB close or above UB, fathomed
4441   705    21         52.9807    56.8941    7.3864     % 
UB: 56.89409448818897
branching on 3 with b.
4442   706    22         52.9807    56.8941    7.3864     % 
LB close or above UB, fathomed
4443   705    22         52.9807    56.8941    7.3864     % 
LB close or above UB, fathomed
4444   704    19         52.9807    56.8941    7.3864     % 
LB close or above UB, fathomed
4445   703    28         52.9807    56.8941    7.3864     % 
LB close or above UB, fathomed
4446   702    28         52.9807    56.8941    7.3864     % 
LB close or above UB, fathomed
4447   701    18         52.9807    56.8941    7.3864     % 
LB close or above UB, fathomed
4448   700    18         52.9807    56.8941    7.3864     % 
LB close or above UB, fathomed
4449   699    15         52.9807    56.8941    7.3864     % 
UB: 56.89409448818897
branching on 1 with b.
4450   700    16         52.9807    56.8941    7.3864     % 
UB: 56.89409448818897
branching on CartesianIndex(2, 3) with a.
4451   701    17         52.9807    56.8941    7.3864     % 
LB close or above UB, fathomed
4452   700    17         52.9807    56.8941    7.3864     % 
LB close or above UB, fathomed
4453   699    16         52.9807    56.8941    7.3864     % 
LB close or above UB, fathomed
4454   698    15         52.9807    56.8941    7.3864     % 
LB close or above UB, fathomed
4455   697    18         52.9807    56.8941    7.3864     % 
LB close or above UB, fathomed
4456   696    18         52.9807    56.8941    7.3864     % 
UB: 56.89409448818897
branching on CartesianIndex(1, 6) with c.
4457   697    19         52.9807    56.8941    7.3864     % 
LB close or above UB, fathomed
4458   696    19         52.9807    56.8941    7.3864     % 
UB: 56.89409448818897
branching on CartesianIndex(1, 7) with c.
4459   697    20         52.9807    56.8941    7.3864     % 
UB: 56.89409448818897
branching on 2 with b.
4460   698    21         52.9807    56.8941    7.3864     % 
UB: 56.89409448818897
branching on 3 with b.
4461   699    22         52.9807    56.8941    7.3864     % 
LB close or above UB, fathomed
4462   698    22         52.9807    56.8941    7.3864     % 
UB: 56.89409448818897
branching on 1 with b.
4463   699    23         52.9807    56.8941    7.3864     % 
LB close or above UB, fathomed
4464   698    23         52.9807    56.8941    7.3864     % 
LB close or above UB, fathomed
4465   697    21         52.9807    56.8941    7.3864     % 
LB close or above UB, fathomed
4466   696    20         52.9807    56.8941    7.3864     % 
LB close or above UB, fathomed
4467   695    22         52.9807    56.8941    7.3864     % 
UB: 56.89409448818897
branching on CartesianIndex(1, 7) with c.
4468   696    23         52.9807    56.8941    7.3864     % 
UB: 56.89409448818897
branching on 3 with b.
4469   697    24         52.9807    56.8941    7.3864     % 
LB close or above UB, fathomed
4470   696    24         52.9807    56.8941    7.3864     % 
UB: 56.89409448818897
branching on 1 with b.
4471   697    25         52.9807    56.8941    7.3864     % 
LB close or above UB, fathomed
4472   696    25         52.9807    56.8941    7.3864     % 
LB close or above UB, fathomed
4473   695    23         52.9807    56.8941    7.3864     % 
LB close or above UB, fathomed
4474   694    22         52.9807    56.8941    7.3864     % 
UB: 56.89409448818897
branching on 3 with b.
4475   695    23         52.9807    56.8941    7.3864     % 
LB close or above UB, fathomed
4476   694    23         52.9807    56.8941    7.3864     % 
UB: 56.89409448818897
branching on CartesianIndex(1, 7) with c.
4477   695    24         52.9807    56.8941    7.3864     % 
UB: 56.89409448818897
branching on 1 with b.
4478   696    25         52.9807    56.8941    7.3864     % 
LB close or above UB, fathomed
4479   695    25         52.9807    56.8941    7.3864     % 
LB close or above UB, fathomed
4480   694    24         52.9807    56.8941    7.3864     % 
LB close or above UB, fathomed
4481   693    14         52.9807    56.8941    7.3864     % 
UB: 56.89409448818897
branching on CartesianIndex(2, 3) with a.
4482   694    14         52.9807    56.8941    7.3864     % 
LB close or above UB, fathomed
4483   693    28         52.9807    56.8941    7.3864     % 
UB: 56.89409448818897
branching on 2 with b.
4484   694    29         52.9807    56.8941    7.3864     % 
UB: 56.89409448818897
branching on 3 with b.
4485   695    29         52.9807    56.8941    7.3864     % 
UB: 56.89409448818897
branching on 3 with b.
4486   696    28         52.9807    56.8941    7.3864     % 
LB close or above UB, fathomed
4487   695    27         52.9807    56.8941    7.3864     % 
UB: 56.89409448818897
branching on 1 with b.
4488   696    28         52.9807    56.8941    7.3864     % 
LB close or above UB, fathomed
4489   695    28         52.9807    56.8941    7.3864     % 
LB close or above UB, fathomed
4490   694    27         52.9807    56.8941    7.3864     % 
LB close or above UB, fathomed
4491   693    21         52.9807    56.8941    7.3864     % 
LB close or above UB, fathomed
4492   692    21         52.9807    56.8941    7.3864     % 
UB: 56.89409448818897
branching on 1 with b.
4493   693    22         52.9807    56.8941    7.3864     % 
UB: 56.89409448818897
branching on CartesianIndex(1, 6) with c.
4494   694    22         52.9807    56.8941    7.3864     % 
LB close or above UB, fathomed
4495   693    17         52.9807    56.8941    7.3864     % 
LB close or above UB, fathomed
4496   692    17         52.9807    56.8941    7.3864     % 
LB close or above UB, fathomed
4497   691    26         52.9807    56.8941    7.3864     % 
LB close or above UB, fathomed
4498   690    26         52.9807    56.8941    7.3864     % 
LB close or above UB, fathomed
4499   689    15         52.9807    56.8941    7.3864     % 
LB close or above UB, fathomed
4500   688    15         52.9807    56.8941    7.3864     % 
UB: 56.89409448818897
branching on CartesianIndex(1, 4) with c.
4501   689    16         52.9807    56.8941    7.3864     % 
LB close or above UB, fathomed
4502   688    16         52.9807    56.8941    7.3864     % 
UB: 56.89409448818897
branching on CartesianIndex(1, 5) with c.
4503   689    17         52.9807    56.8941    7.3864     % 
UB: 56.89409448818897
branching on 1 with b.
4504   690    18         52.9807    56.8941    7.3864     % 
UB: 56.89409448818897
branching on CartesianIndex(1, 6) with c.
4505   691    19         52.9807    56.8941    7.3864     % 
LB close or above UB, fathomed
4506   690    19         52.9807    56.8941    7.3864     % 
UB: 56.89409448818897
branching on 2 with b.
4507   691    20         52.9807    56.8941    7.3864     % 
UB: 56.89409448818897
branching on 3 with b.
4508   692    21         52.9807    56.8941    7.3864     % 
LB close or above UB, fathomed
4509   691    21         52.9807    56.8941    7.3864     % 
UB: 56.89409448818897
branching on CartesianIndex(1, 7) with c.
4510   692    22         52.9807    56.8941    7.3864     % 
UB: 56.89409448818897
branching on 1 with b.
4511   693    23         52.9807    56.8941    7.3864     % 
UB: 56.89409448818897
branching on 2 with b.
4512   694    24         52.9807    56.8941    7.3864     % 
UB: 56.89409448818897
branching on 3 with b.
4513   695    25         52.9807    56.8941    7.3864     % 
UB: 56.89409448818897
branching on 1 with b.
4514   696    26         52.9807    56.8941    7.3864     % 
LB close or above UB, fathomed
4515   695    26         52.9807    56.8941    7.3864     % 
LB close or above UB, fathomed
4516   694    25         52.9807    56.8941    7.3864     % 
LB close or above UB, fathomed
4517   693    24         52.9807    56.8941    7.3864     % 
LB close or above UB, fathomed
4518   692    23         52.9807    56.8941    7.3864     % 
LB close or above UB, fathomed
4519   691    22         52.9807    56.8941    7.3864     % 
LB close or above UB, fathomed
4520   690    20         52.9807    56.8941    7.3864     % 
LB close or above UB, fathomed
4521   689    18         52.9807    56.8941    7.3864     % 
LB close or above UB, fathomed
4522   688    17         52.9807    56.8941    7.3864     % 
LB close or above UB, fathomed
4523   687    25         52.9807    56.8941    7.3864     % 
UB: 56.89409448818897
branching on 1 with b.
4524   688    25         52.9807    56.8941    7.3864     % 
LB close or above UB, fathomed
4525   687    26         52.9807    56.8941    7.3864     % 
UB: 56.89409448818897
branching on 3 with b.
4526   688    26         52.9807    56.8941    7.3864     % 
LB close or above UB, fathomed
4527   687    19         52.9807    56.8941    7.3864     % 
UB: 56.89409448818897
branching on 3 with b.
4528   688    20         52.9807    56.8941    7.3864     % 
LB close or above UB, fathomed
4529   687    20         52.9807    56.8941    7.3864     % 
UB: 56.89409448818897
branching on CartesianIndex(1, 4) with c.
4530   688    19         52.9807    56.8941    7.3864     % 
UB: 56.89409448818897
branching on CartesianIndex(1, 4) with c.
4531   689    20         52.9807    56.8941    7.3864     % 
LB close or above UB, fathomed
4532   688    20         52.9807    56.8941    7.3864     % 
UB: 56.89409448818897
branching on CartesianIndex(1, 6) with c.
4533   689    21         52.9807    56.8941    7.3864     % 
LB close or above UB, fathomed
4534   688    21         52.9807    56.8941    7.3864     % 
UB: 56.89409448818897
branching on CartesianIndex(1, 7) with c.
4535   689    22         52.9807    56.8941    7.3864     % 
UB: 56.89409448818897
branching on 2 with b.
4536   690    23         52.9807    56.8941    7.3864     % 
UB: 56.89409448818897
branching on 3 with b.
4537   691    24         52.9807    56.8941    7.3864     % 
LB close or above UB, fathomed
4538   690    24         52.9807    56.8941    7.3864     % 
UB: 56.89409448818897
branching on 1 with b.
4539   691    25         52.9807    56.8941    7.3864     % 
LB close or above UB, fathomed
4540   690    25         52.9807    56.8941    7.3864     % 
LB close or above UB, fathomed
4541   689    23         52.9807    56.8941    7.3864     % 
LB close or above UB, fathomed
4542   688    22         52.9807    56.8941    7.3864     % 
LB close or above UB, fathomed
4543   687    20         52.9807    56.8941    7.3864     % 
LB close or above UB, fathomed
4544   686    20         52.9807    56.8941    7.3864     % 
UB: 56.89409448818897
branching on CartesianIndex(1, 5) with c.
4545   687    21         52.9807    56.8941    7.3864     % 
UB: 56.89409448818897
branching on CartesianIndex(1, 6) with c.
4546   688    22         52.9807    56.8941    7.3864     % 
LB close or above UB, fathomed
4547   687    22         52.9807    56.8941    7.3864     % 
UB: 56.89409448818897
branching on 3 with b.
4548   688    23         52.9807    56.8941    7.3864     % 
LB close or above UB, fathomed
4549   687    23         52.9807    56.8941    7.3864     % 
UB: 56.89409448818897
branching on CartesianIndex(1, 7) with c.
4550   688    24         52.9807    56.8941    7.3864     % 
UB: 56.89409448818897
branching on 1 with b.
4551   689    25         52.9807    56.8941    7.3864     % 
LB close or above UB, fathomed
4552   688    25         52.9807    56.8941    7.3864     % 
LB close or above UB, fathomed
4553   687    24         52.9807    56.8941    7.3864     % 
LB close or above UB, fathomed
4554   686    21         52.9807    56.8941    7.3864     % 
UB: 56.89409448818897
branching on CartesianIndex(1, 6) with c.
4555   687    22         52.9807    56.8941    7.3864     % 
LB close or above UB, fathomed
4556   686    22         52.9807    56.8941    7.3864     % 
UB: 56.89409448818897
branching on CartesianIndex(1, 7) with c.
4557   687    23         52.9807    56.8941    7.3864     % 
UB: 56.89409448818897
branching on 3 with b.
4558   688    24         52.9807    56.8941    7.3864     % 
LB close or above UB, fathomed
4559   687    24         52.9807    56.8941    7.3864     % 
UB: 56.89409448818897
branching on 1 with b.
4560   688    25         52.9807    56.8941    7.3864     % 
LB close or above UB, fathomed
4561   687    25         52.9807    56.8941    7.3864     % 
LB close or above UB, fathomed
4562   686    23         52.9807    56.8941    7.3864     % 
LB close or above UB, fathomed
4563   685    21         52.9807    56.8941    7.3864     % 
LB close or above UB, fathomed
4564   684    21         52.9807    56.8941    7.3864     % 
UB: 56.89409448818897
branching on CartesianIndex(1, 5) with c.
4565   685    22         52.9807    56.8941    7.3864     % 
UB: 56.89409448818897
branching on CartesianIndex(1, 6) with c.
4566   686    23         52.9807    56.8941    7.3864     % 
LB close or above UB, fathomed
4567   685    23         52.9807    56.8941    7.3864     % 
UB: 56.89409448818897
branching on CartesianIndex(1, 7) with c.
4568   686    24         52.9807    56.8941    7.3864     % 
UB: 56.89409448818897
branching on 1 with b.
4569   687    25         52.9807    56.8941    7.3864     % 
LB close or above UB, fathomed
4570   686    25         52.9807    56.8941    7.3864     % 
LB close or above UB, fathomed
4571   685    24         52.9807    56.8941    7.3864     % 
LB close or above UB, fathomed
4572   684    22         52.9807    56.8941    7.3864     % 
UB: 56.89409448818897
branching on 1 with b.
4573   685    23         52.9807    56.8941    7.3864     % 
LB close or above UB, fathomed
4574   684    23         52.9807    56.8941    7.3864     % 
LB close or above UB, fathomed
4575   683    28         52.9807    56.8941    7.3864     % 
LB close or above UB, fathomed
4576   682    28         52.9807    56.8941    7.3864     % 
LB close or above UB, fathomed
4577   681    16         53.2861    56.8941    6.7710     % 
LB close or above UB, fathomed
4578   680    16         53.2861    56.8941    6.7710     % 
UB: 56.89409448818897
branching on 1 with b.
4579   681    17         53.3068    56.8941    6.7295     % 
LB close or above UB, fathomed
4580   680    17         53.3068    56.8941    6.7295     % 
LB close or above UB, fathomed
4581   679    14         53.4699    56.8941    6.4040     % 
LB close or above UB, fathomed
4582   678    14         53.4699    56.8941    6.4040     % 
LB close or above UB, fathomed
4583   677    18         53.5865    56.8941    6.1723     % 
LB close or above UB, fathomed
4584   676    18         53.5865    56.8941    6.1723     % 
LB close or above UB, fathomed
4585   675    15         54.8874    56.8941    3.6560     % 
LB close or above UB, fathomed
4586   674    15         54.8874    56.8941    3.6560     % 
UB: 56.89409448818897
branching on CartesianIndex(1, 7) with c.
4587   675    16         54.8874    56.8941    3.6560     % 
UB: 56.89409448818897
branching on 3 with b.
4588   676    17         54.8874    56.8941    3.6560     % 
LB close or above UB, fathomed
4589   675    17         54.8874    56.8941    3.6560     % 
UB: 56.89409448818897
branching on 1 with b.
4590   676    16         54.8874    56.8941    3.6560     % 
LB close or above UB, fathomed
4591   675    18         54.8874    56.8941    3.6560     % 
UB: 56.89409448818897
branching on 3 with b.
4592   676    19         54.8874    56.8941    3.6560     % 
LB close or above UB, fathomed
4593   675    19         54.8874    56.8941    3.6560     % 
LB close or above UB, fathomed
4594   674    18         54.8874    56.8941    3.6560     % 
LB close or above UB, fathomed
4595   673    9          54.8874    56.8941    3.6560     % 
LB close or above UB, fathomed
4596   672    9          54.8874    56.8941    3.6560     % 
LB close or above UB, fathomed
4597   671    10         54.8874    56.8941    3.6560     % 
LB close or above UB, fathomed
4598   670    10         54.8874    56.8941    3.6560     % 
LB close or above UB, fathomed
4599   669    20         54.8874    56.8941    3.6560     % 
UB: 56.89409448818897
branching on 3 with b.
4600   670    21         54.8874    56.8941    3.6560     % 
LB close or above UB, fathomed
4601   669    21         54.8874    56.8941    3.6560     % 
UB: 56.89409448818897
branching on 1 with b.
4602   670    22         54.8874    56.8941    3.6560     % 
LB close or above UB, fathomed
4603   669    22         54.8874    56.8941    3.6560     % 
LB close or above UB, fathomed
4604   668    20         54.8874    56.8941    3.6560     % 
LB close or above UB, fathomed
4605   667    9          54.8874    56.8941    3.6560     % 
LB close or above UB, fathomed
4606   666    9          54.8874    56.8941    3.6560     % 
LB close or above UB, fathomed
4607   665    15         54.8874    56.8941    3.6560     % 
LB close or above UB, fathomed
4608   664    15         54.8874    56.8941    3.6560     % 
UB: 56.89409448818897
branching on CartesianIndex(1, 6) with c.
4609   665    16         54.8874    56.8941    3.6560     % 
LB close or above UB, fathomed
4610   664    16         54.8874    56.8941    3.6560     % 
UB: 56.89409448818897
branching on CartesianIndex(1, 7) with c.
4611   665    17         54.8874    56.8941    3.6560     % 
UB: 56.89409448818897
branching on 3 with b.
4612   666    18         54.8874    56.8941    3.6560     % 
LB close or above UB, fathomed
4613   665    18         54.8874    56.8941    3.6560     % 
UB: 56.89409448818897
branching on 1 with b.
4614   666    19         54.8874    56.8941    3.6560     % 
LB close or above UB, fathomed
4615   665    19         54.8874    56.8941    3.6560     % 
LB close or above UB, fathomed
4616   664    17         54.8874    56.8941    3.6560     % 
LB close or above UB, fathomed
4617   663    22         54.9281    56.8941    3.5793     % 
UB: 56.89409448818897
branching on CartesianIndex(1, 5) with c.
4618   664    23         54.9281    56.8941    3.5793     % 
LB close or above UB, fathomed
4619   663    23         54.9281    56.8941    3.5793     % 
UB: 56.89409448818897
branching on CartesianIndex(1, 6) with c.
4620   664    24         54.9281    56.8941    3.5793     % 
LB close or above UB, fathomed
4621   663    24         54.9281    56.8941    3.5793     % 
UB: 56.89409448818897
branching on CartesianIndex(1, 7) with c.
4622   664    25         54.9281    56.8941    3.5793     % 
UB: 56.89409448818897
branching on 1 with b.
4623   665    26         54.9281    56.8941    3.5793     % 
LB close or above UB, fathomed
4624   664    26         54.9281    56.8941    3.5793     % 
LB close or above UB, fathomed
4625   663    25         54.9281    56.8941    3.5793     % 
LB close or above UB, fathomed
4626   662    22         54.9281    56.8941    3.5793     % 
LB close or above UB, fathomed
4627   661    31         54.9374    56.8941    3.5617     % 
LB close or above UB, fathomed
4628   660    31         54.9374    56.8941    3.5617     % 
LB close or above UB, fathomed
4629   659    28         54.9374    56.8941    3.5617     % 
UB: 56.89409448818897
branching on 2 with b.
4630   660    28         54.9374    56.8941    3.5617     % 
LB close or above UB, fathomed
4631   659    28         54.9374    56.8941    3.5617     % 
UB: 56.89409448818897
branching on 2 with b.
4632   660    28         54.9374    56.8941    3.5617     % 
LB close or above UB, fathomed
4633   659    25         54.9374    56.8941    3.5617     % 
UB: 56.89409448818897
branching on 2 with b.
4634   660    26         54.9374    56.8941    3.5617     % 
UB: 56.89409448818897
branching on 3 with b.
4635   661    26         54.9374    56.8941    3.5617     % 
LB close or above UB, fathomed
4636   660    25         54.9374    56.8941    3.5617     % 
LB close or above UB, fathomed
4637   659    30         54.9374    56.8941    3.5617     % 
LB close or above UB, fathomed
4638   658    30         54.9374    56.8941    3.5617     % 
UB: 56.89409448818897
branching on 3 with b.
4639   659    21         54.9374    56.8941    3.5617     % 
LB close or above UB, fathomed
4640   658    21         54.9374    56.8941    3.5617     % 
LB close or above UB, fathomed
4641   657    19         54.9374    56.8941    3.5617     % 
UB: 56.89409448818897
branching on 2 with b.
4642   658    20         54.9374    56.8941    3.5617     % 
LB close or above UB, fathomed
4643   657    20         54.9374    56.8941    3.5617     % 
LB close or above UB, fathomed
4644   656    19         54.9374    56.8941    3.5617     % 
LB close or above UB, fathomed
4645   655    34         54.9374    56.8941    3.5617     % 
LB close or above UB, fathomed
4646   654    34         54.9374    56.8941    3.5617     % 
LB close or above UB, fathomed
4647   653    32         54.9374    56.8941    3.5617     % 
UB: 56.89409448818897
branching on 1 with b.
4648   654    33         54.9374    56.8941    3.5617     % 
LB close or above UB, fathomed
4649   653    33         54.9374    56.8941    3.5617     % 
LB close or above UB, fathomed
4650   652    32         54.9374    56.8941    3.5617     % 
LB close or above UB, fathomed
4651   651    32         54.9374    56.8941    3.5617     % 
LB close or above UB, fathomed
4652   650    32         54.9374    56.8941    3.5617     % 
LB close or above UB, fathomed
4653   649    31         54.9374    56.8941    3.5617     % 
LB close or above UB, fathomed
4654   648    31         54.9374    56.8941    3.5617     % 
LB close or above UB, fathomed
4655   647    31         54.9374    56.8941    3.5617     % 
UB: 56.89409448818897
branching on 3 with b.
4656   648    32         54.9374    56.8941    3.5617     % 
LB close or above UB, fathomed
4657   647    32         54.9374    56.8941    3.5617     % 
LB close or above UB, fathomed
4658   646    31         54.9374    56.8941    3.5617     % 
LB close or above UB, fathomed
4659   645    29         54.9374    56.8941    3.5617     % 
LB close or above UB, fathomed
4660   644    29         54.9374    56.8941    3.5617     % 
LB close or above UB, fathomed
4661   643    34         54.9374    56.8941    3.5617     % 
UB: 56.89409448818897
branching on 3 with b.
4662   644    35         54.9374    56.8941    3.5617     % 
LB close or above UB, fathomed
4663   643    35         54.9374    56.8941    3.5617     % 
LB close or above UB, fathomed
4664   642    34         54.9374    56.8941    3.5617     % 
LB close or above UB, fathomed
4665   641    27         54.9374    56.8941    3.5617     % 
UB: 56.89409448818897
branching on 2 with b.
4666   642    28         54.9374    56.8941    3.5617     % 
UB: 56.89409448818897
branching on 3 with b.
4667   643    28         54.9374    56.8941    3.5617     % 
LB close or above UB, fathomed
4668   642    27         54.9374    56.8941    3.5617     % 
LB close or above UB, fathomed
4669   641    16         54.9374    56.8941    3.5617     % 
UB: 56.89409448818897
branching on 3 with b.
4670   642    16         54.9374    56.8941    3.5617     % 
LB close or above UB, fathomed
4671   641    22         54.9374    56.8941    3.5617     % 
LB close or above UB, fathomed
4672   640    22         54.9374    56.8941    3.5617     % 
LB close or above UB, fathomed
4673   639    17         54.9374    56.8941    3.5617     % 
UB: 56.89409448818897
branching on CartesianIndex(1, 6) with c.
4674   640    18         54.9374    56.8941    3.5617     % 
LB close or above UB, fathomed
4675   639    18         54.9374    56.8941    3.5617     % 
UB: 56.89409448818897
branching on CartesianIndex(1, 7) with c.
4676   640    19         54.9374    56.8941    3.5617     % 
UB: 56.89409448818897
branching on 1 with b.
4677   641    20         54.9374    56.8941    3.5617     % 
UB: 56.89409448818897
branching on 2 with b.
4678   642    21         54.9374    56.8941    3.5617     % 
UB: 56.89409448818897
branching on 3 with b.
4679   643    22         54.9374    56.8941    3.5617     % 
LB close or above UB, fathomed
4680   642    22         54.9374    56.8941    3.5617     % 
UB: 56.89409448818897
branching on 1 with b.
4681   643    23         54.9374    56.8941    3.5617     % 
LB close or above UB, fathomed
4682   642    23         54.9374    56.8941    3.5617     % 
LB close or above UB, fathomed
4683   641    21         54.9374    56.8941    3.5617     % 
LB close or above UB, fathomed
4684   640    20         54.9374    56.8941    3.5617     % 
LB close or above UB, fathomed
4685   639    19         54.9374    56.8941    3.5617     % 
LB close or above UB, fathomed
4686   638    17         54.9374    56.8941    3.5617     % 
LB close or above UB, fathomed
4687   637    27         54.9374    56.8941    3.5617     % 
LB close or above UB, fathomed
4688   636    27         54.9374    56.8941    3.5617     % 
UB: 56.89409448818897
branching on 1 with b.
4689   637    28         54.9374    56.8941    3.5617     % 
LB close or above UB, fathomed
4690   636    28         54.9374    56.8941    3.5617     % 
LB close or above UB, fathomed
4691   635    32         54.9374    56.8941    3.5617     % 
LB close or above UB, fathomed
4692   634    32         54.9374    56.8941    3.5617     % 
LB close or above UB, fathomed
4693   633    31         54.9374    56.8941    3.5617     % 
LB close or above UB, fathomed
4694   632    31         54.9374    56.8941    3.5617     % 
LB close or above UB, fathomed
4695   631    32         54.9374    56.8941    3.5617     % 
LB close or above UB, fathomed
4696   630    32         54.9374    56.8941    3.5617     % 
LB close or above UB, fathomed
4697   629    28         54.9374    56.8941    3.5617     % 
LB close or above UB, fathomed
4698   628    28         54.9374    56.8941    3.5617     % 
LB close or above UB, fathomed
4699   627    33         54.9374    56.8941    3.5617     % 
LB close or above UB, fathomed
4700   626    33         54.9374    56.8941    3.5617     % 
LB close or above UB, fathomed
4701   625    30         54.9374    56.8941    3.5617     % 
UB: 56.89409448818897
branching on 3 with b.
4702   626    31         54.9374    56.8941    3.5617     % 
LB close or above UB, fathomed
4703   625    31         54.9374    56.8941    3.5617     % 
LB close or above UB, fathomed
4704   624    30         54.9374    56.8941    3.5617     % 
LB close or above UB, fathomed
4705   623    32         54.9374    56.8941    3.5617     % 
LB close or above UB, fathomed
4706   622    32         54.9374    56.8941    3.5617     % 
UB: 56.89409448818897
branching on 3 with b.
4707   623    33         54.9374    56.8941    3.5617     % 
LB close or above UB, fathomed
4708   622    33         54.9374    56.8941    3.5617     % 
LB close or above UB, fathomed
4709   621    31         54.9374    56.8941    3.5617     % 
LB close or above UB, fathomed
4710   620    31         54.9374    56.8941    3.5617     % 
LB close or above UB, fathomed
4711   619    30         54.9374    56.8941    3.5617     % 
UB: 56.89409448818897
branching on 2 with b.
4712   620    30         54.9374    56.8941    3.5617     % 
LB close or above UB, fathomed
4713   619    29         54.9374    56.8941    3.5617     % 
LB close or above UB, fathomed
4714   618    29         54.9374    56.8941    3.5617     % 
LB close or above UB, fathomed
4715   617    25         54.9374    56.8941    3.5617     % 
UB: 56.89409448818897
branching on 3 with b.
4716   618    25         54.9374    56.8941    3.5617     % 
LB close or above UB, fathomed
4717   617    18         54.9374    56.8941    3.5617     % 
UB: 56.89409448818897
branching on 2 with b.
4718   618    18         54.9374    56.8941    3.5617     % 
LB close or above UB, fathomed
4719   617    30         54.9374    56.8941    3.5617     % 
LB close or above UB, fathomed
4720   616    30         54.9374    56.8941    3.5617     % 
LB close or above UB, fathomed
4721   615    26         54.9374    56.8941    3.5617     % 
LB close or above UB, fathomed
4722   614    26         54.9374    56.8941    3.5617     % 
LB close or above UB, fathomed
4723   613    29         54.9374    56.8941    3.5617     % 
LB close or above UB, fathomed
4724   612    29         54.9374    56.8941    3.5617     % 
LB close or above UB, fathomed
4725   611    19         54.9374    56.8941    3.5617     % 
UB: 56.89409448818897
branching on CartesianIndex(1, 5) with c.
4726   612    19         54.9374    56.8941    3.5617     % 
UB: 56.89409448818897
branching on 1 with b.
4727   613    20         54.9374    56.8941    3.5617     % 
LB close or above UB, fathomed
4728   612    20         54.9374    56.8941    3.5617     % 
UB: 56.89409448818897
branching on CartesianIndex(1, 4) with c.
4729   613    20         54.9374    56.8941    3.5617     % 
LB close or above UB, fathomed
4730   612    20         54.9374    56.8941    3.5617     % 
UB: 56.89409448818897
branching on CartesianIndex(1, 5) with c.
4731   613    20         54.9374    56.8941    3.5617     % 
LB close or above UB, fathomed
4732   612    20         54.9374    56.8941    3.5617     % 
UB: 56.89409448818897
branching on CartesianIndex(1, 4) with c.
4733   613    21         54.9374    56.8941    3.5617     % 
LB close or above UB, fathomed
4734   612    21         54.9374    56.8941    3.5617     % 
UB: 56.89409448818897
branching on 3 with b.
4735   613    22         54.9374    56.8941    3.5617     % 
LB close or above UB, fathomed
4736   612    22         54.9374    56.8941    3.5617     % 
LB close or above UB, fathomed
4737   611    31         54.9374    56.8941    3.5617     % 
LB close or above UB, fathomed
4738   610    31         54.9374    56.8941    3.5617     % 
UB: 56.89409448818897
branching on 3 with b.
4739   611    32         54.9374    56.8941    3.5617     % 
LB close or above UB, fathomed
4740   610    32         54.9374    56.8941    3.5617     % 
LB close or above UB, fathomed
4741   609    19         54.9374    56.8941    3.5617     % 
UB: 56.89409448818897
branching on 2 with b.
4742   610    19         54.9374    56.8941    3.5617     % 
LB close or above UB, fathomed
4743   609    30         54.9374    56.8941    3.5617     % 
LB close or above UB, fathomed
4744   608    30         54.9374    56.8941    3.5617     % 
LB close or above UB, fathomed
4745   607    26         54.9374    56.8941    3.5617     % 
UB: 56.89409448818897
branching on 3 with b.
4746   608    27         54.9374    56.8941    3.5617     % 
UB: 56.89409448818897
branching on CartesianIndex(1, 7) with c.
4747   609    27         54.9374    56.8941    3.5617     % 
LB close or above UB, fathomed
4748   608    26         54.9374    56.8941    3.5617     % 
LB close or above UB, fathomed
4749   607    20         54.9374    56.8941    3.5617     % 
LB close or above UB, fathomed
4750   606    20         54.9374    56.8941    3.5617     % 
UB: 56.89409448818897
branching on CartesianIndex(1, 5) with c.
4751   607    21         54.9374    56.8941    3.5617     % 
UB: 56.89409448818897
branching on CartesianIndex(1, 6) with c.
4752   608    22         54.9374    56.8941    3.5617     % 
LB close or above UB, fathomed
4753   607    22         54.9374    56.8941    3.5617     % 
UB: 56.89409448818897
branching on 2 with b.
4754   608    23         54.9374    56.8941    3.5617     % 
LB close or above UB, fathomed
4755   607    23         54.9374    56.8941    3.5617     % 
LB close or above UB, fathomed
4756   606    21         54.9374    56.8941    3.5617     % 
LB close or above UB, fathomed
4757   605    19         54.9374    56.8941    3.5617     % 
LB close or above UB, fathomed
4758   604    19         54.9374    56.8941    3.5617     % 
UB: 56.89409448818897
branching on 3 with b.
4759   605    20         54.9374    56.8941    3.5617     % 
UB: 56.89409448818897
branching on CartesianIndex(1, 4) with c.
4760   606    21         54.9374    56.8941    3.5617     % 
LB close or above UB, fathomed
4761   605    21         54.9374    56.8941    3.5617     % 
UB: 56.89409448818897
branching on CartesianIndex(1, 5) with c.
4762   606    22         54.9374    56.8941    3.5617     % 
UB: 56.89409448818897
branching on 1 with b.
4763   607    23         54.9374    56.8941    3.5617     % 
LB close or above UB, fathomed
4764   606    23         54.9374    56.8941    3.5617     % 
UB: 56.89409448818897
branching on 2 with b.
4765   607    24         54.9374    56.8941    3.5617     % 
LB close or above UB, fathomed
4766   606    24         54.9374    56.8941    3.5617     % 
LB close or above UB, fathomed
4767   605    22         54.9374    56.8941    3.5617     % 
LB close or above UB, fathomed
4768   604    20         54.9374    56.8941    3.5617     % 
LB close or above UB, fathomed
4769   603    28         54.9374    56.8941    3.5617     % 
UB: 56.89409448818897
branching on 1 with b.
4770   604    29         54.9374    56.8941    3.5617     % 
UB: 56.89409448818897
branching on 2 with b.
4771   605    30         54.9374    56.8941    3.5617     % 
LB close or above UB, fathomed
4772   604    30         54.9374    56.8941    3.5617     % 
LB close or above UB, fathomed
4773   603    29         54.9374    56.8941    3.5617     % 
LB close or above UB, fathomed
4774   602    28         54.9374    56.8941    3.5617     % 
LB close or above UB, fathomed
4775   601    20         54.9374    56.8941    3.5617     % 
LB close or above UB, fathomed
4776   600    20         54.9374    56.8941    3.5617     % 
UB: 56.89409448818897
branching on 3 with b.
4777   601    21         54.9374    56.8941    3.5617     % 
LB close or above UB, fathomed
4778   600    21         54.9374    56.8941    3.5617     % 
UB: 56.89409448818897
branching on 1 with b.
4779   601    22         54.9374    56.8941    3.5617     % 
UB: 56.89409448818897
branching on 2 with b.
4780   602    23         54.9374    56.8941    3.5617     % 
LB close or above UB, fathomed
4781   601    23         54.9374    56.8941    3.5617     % 
LB close or above UB, fathomed
4782   600    22         54.9374    56.8941    3.5617     % 
LB close or above UB, fathomed
4783   599    21         54.9374    56.8941    3.5617     % 
LB close or above UB, fathomed
4784   598    21         54.9374    56.8941    3.5617     % 
UB: 56.89409448818897
branching on 3 with b.
4785   599    22         54.9374    56.8941    3.5617     % 
LB close or above UB, fathomed
4786   598    22         54.9374    56.8941    3.5617     % 
UB: 56.89409448818897
branching on CartesianIndex(1, 6) with c.
4787   599    23         54.9374    56.8941    3.5617     % 
LB close or above UB, fathomed
4788   598    23         54.9374    56.8941    3.5617     % 
UB: 56.89409448818897
branching on CartesianIndex(1, 7) with c.
4789   599    24         54.9374    56.8941    3.5617     % 
UB: 56.89409448818897
branching on 1 with b.
4790   600    25         54.9374    56.8941    3.5617     % 
UB: 56.89409448818897
branching on 2 with b.
4791   601    26         54.9374    56.8941    3.5617     % 
UB: 56.89409448818897
branching on 3 with b.
4792   602    27         54.9374    56.8941    3.5617     % 
LB close or above UB, fathomed
4793   601    27         54.9374    56.8941    3.5617     % 
LB close or above UB, fathomed
4794   600    26         54.9374    56.8941    3.5617     % 
UB: 56.89409448818897
branching on 3 with b.
4795   601    27         54.9374    56.8941    3.5617     % 
LB close or above UB, fathomed
4796   600    27         54.9374    56.8941    3.5617     % 
LB close or above UB, fathomed
4797   599    25         54.9374    56.8941    3.5617     % 
LB close or above UB, fathomed
4798   598    24         54.9374    56.8941    3.5617     % 
LB close or above UB, fathomed
4799   597    21         54.9374    56.8941    3.5617     % 
LB close or above UB, fathomed
4800   596    21         54.9374    56.8941    3.5617     % 
UB: 56.89409448818897
branching on CartesianIndex(1, 5) with c.
4801   597    22         54.9374    56.8941    3.5617     % 
LB close or above UB, fathomed
4802   596    22         54.9374    56.8941    3.5617     % 
LB close or above UB, fathomed
4803   595    19         54.9374    56.8941    3.5617     % 
LB close or above UB, fathomed
4804   594    19         54.9374    56.8941    3.5617     % 
LB close or above UB, fathomed
4805   593    26         54.9374    56.8941    3.5617     % 
UB: 56.89409448818897
branching on 1 with b.
4806   594    27         54.9374    56.8941    3.5617     % 
LB close or above UB, fathomed
4807   593    27         54.9374    56.8941    3.5617     % 
LB close or above UB, fathomed
4808   592    26         54.9374    56.8941    3.5617     % 
LB close or above UB, fathomed
4809   591    31         54.9374    56.8941    3.5617     % 
LB close or above UB, fathomed
4810   590    31         54.9374    56.8941    3.5617     % 
LB close or above UB, fathomed
4811   589    29         54.9374    56.8941    3.5617     % 
LB close or above UB, fathomed
4812   588    29         54.9374    56.8941    3.5617     % 
UB: 56.89409448818897
branching on 1 with b.
4813   589    30         54.9374    56.8941    3.5617     % 
LB close or above UB, fathomed
4814   588    30         54.9374    56.8941    3.5617     % 
LB close or above UB, fathomed
4815   587    29         54.9374    56.8941    3.5617     % 
UB: 56.89409448818897
branching on 3 with b.
4816   588    30         54.9374    56.8941    3.5617     % 
LB close or above UB, fathomed
4817   587    30         54.9374    56.8941    3.5617     % 
UB: 56.89409448818897
branching on 1 with b.
4818   588    31         54.9374    56.8941    3.5617     % 
LB close or above UB, fathomed
4819   587    31         54.9374    56.8941    3.5617     % 
LB close or above UB, fathomed
4820   586    29         54.9374    56.8941    3.5617     % 
UB: 56.89409448818897
branching on 3 with b.
4821   587    30         54.9374    56.8941    3.5617     % 
LB close or above UB, fathomed
4822   586    30         54.9374    56.8941    3.5617     % 
UB: 56.89409448818897
branching on 1 with b.
4823   587    31         54.9374    56.8941    3.5617     % 
LB close or above UB, fathomed
4824   586    31         54.9374    56.8941    3.5617     % 
LB close or above UB, fathomed
4825   585    29         54.9374    56.8941    3.5617     % 
UB: 56.89409448818897
branching on 3 with b.
4826   586    30         54.9374    56.8941    3.5617     % 
LB close or above UB, fathomed
4827   585    30         54.9374    56.8941    3.5617     % 
UB: 56.89409448818897
branching on 1 with b.
4828   586    31         54.9374    56.8941    3.5617     % 
LB close or above UB, fathomed
4829   585    31         54.9374    56.8941    3.5617     % 
LB close or above UB, fathomed
4830   584    29         54.9374    56.8941    3.5617     % 
UB: 56.89409448818897
branching on 3 with b.
4831   585    30         54.9374    56.8941    3.5617     % 
LB close or above UB, fathomed
4832   584    30         54.9374    56.8941    3.5617     % 
UB: 56.89409448818897
branching on 1 with b.
4833   585    31         54.9374    56.8941    3.5617     % 
LB close or above UB, fathomed
4834   584    31         54.9374    56.8941    3.5617     % 
LB close or above UB, fathomed
4835   583    26         54.9374    56.8941    3.5617     % 
LB close or above UB, fathomed
4836   582    26         54.9374    56.8941    3.5617     % 
UB: 56.89409448818897
branching on 2 with b.
4837   583    27         54.9374    56.8941    3.5617     % 
LB close or above UB, fathomed
4838   582    27         54.9374    56.8941    3.5617     % 
UB: 56.89409448818897
branching on 3 with b.
4839   583    28         54.9374    56.8941    3.5617     % 
LB close or above UB, fathomed
4840   582    28         54.9374    56.8941    3.5617     % 
UB: 56.89409448818897
branching on 1 with b.
4841   583    29         54.9374    56.8941    3.5617     % 
UB: 56.89409448818897
branching on 2 with b.
4842   584    30         54.9374    56.8941    3.5617     % 
UB: 56.89409448818897
branching on 3 with b.
4843   585    31         54.9374    56.8941    3.5617     % 
LB close or above UB, fathomed
4844   584    31         54.9374    56.8941    3.5617     % 
LB close or above UB, fathomed
4845   583    30         54.9374    56.8941    3.5617     % 
LB close or above UB, fathomed
4846   582    29         54.9374    56.8941    3.5617     % 
LB close or above UB, fathomed
4847   581    23         54.9374    56.8941    3.5617     % 
LB close or above UB, fathomed
4848   580    23         54.9374    56.8941    3.5617     % 
UB: 56.89409448818897
branching on 2 with b.
4849   581    30         54.9374    56.8941    3.5617     % 
LB close or above UB, fathomed
4850   580    30         54.9374    56.8941    3.5617     % 
UB: 56.89409448818897
branching on 1 with b.
4851   581    31         54.9374    56.8941    3.5617     % 
LB close or above UB, fathomed
4852   580    31         54.9374    56.8941    3.5617     % 
LB close or above UB, fathomed
4853   579    30         54.9374    56.8941    3.5617     % 
LB close or above UB, fathomed
4854   578    30         54.9374    56.8941    3.5617     % 
LB close or above UB, fathomed
4855   577    21         54.9374    56.8941    3.5617     % 
LB close or above UB, fathomed
4856   576    21         54.9374    56.8941    3.5617     % 
LB close or above UB, fathomed
4857   575    37         54.9374    56.8941    3.5617     % 
LB close or above UB, fathomed
4858   574    37         54.9374    56.8941    3.5617     % 
UB: 56.89409448818897
branching on 2 with b.
4859   575    38         54.9374    56.8941    3.5617     % 
LB close or above UB, fathomed
4860   574    38         54.9374    56.8941    3.5617     % 
LB close or above UB, fathomed
4861   573    29         54.9374    56.8941    3.5617     % 
LB close or above UB, fathomed
4862   572    29         54.9374    56.8941    3.5617     % 
LB close or above UB, fathomed
4863   571    39         54.9374    56.8941    3.5617     % 
LB close or above UB, fathomed
4864   570    39         54.9374    56.8941    3.5617     % 
UB: 56.89409448818897
branching on 2 with b.
4865   571    40         54.9374    56.8941    3.5617     % 
LB close or above UB, fathomed
4866   570    40         54.9374    56.8941    3.5617     % 
LB close or above UB, fathomed
4867   569    39         54.9374    56.8941    3.5617     % 
LB close or above UB, fathomed
4868   568    39         54.9374    56.8941    3.5617     % 
UB: 56.89409448818897
branching on 2 with b.
4869   569    40         54.9374    56.8941    3.5617     % 
LB close or above UB, fathomed
4870   568    40         54.9374    56.8941    3.5617     % 
LB close or above UB, fathomed
4871   567    34         54.9374    56.8941    3.5617     % 
UB: 56.89409448818897
branching on 2 with b.
4872   568    35         54.9374    56.8941    3.5617     % 
LB close or above UB, fathomed
4873   567    35         54.9374    56.8941    3.5617     % 
LB close or above UB, fathomed
4874   566    34         54.9374    56.8941    3.5617     % 
LB close or above UB, fathomed
4875   565    36         54.9374    56.8941    3.5617     % 
LB close or above UB, fathomed
4876   564    36         54.9374    56.8941    3.5617     % 
LB close or above UB, fathomed
4877   563    39         54.9374    56.8941    3.5617     % 
LB close or above UB, fathomed
4878   562    39         54.9374    56.8941    3.5617     % 
LB close or above UB, fathomed
4879   561    32         54.9374    56.8941    3.5617     % 
LB close or above UB, fathomed
4880   560    32         54.9374    56.8941    3.5617     % 
LB close or above UB, fathomed
4881   559    37         54.9374    56.8941    3.5617     % 
UB: 56.89409448818897
branching on 2 with b.
4882   560    38         54.9374    56.8941    3.5617     % 
LB close or above UB, fathomed
4883   559    38         54.9374    56.8941    3.5617     % 
LB close or above UB, fathomed
4884   558    37         54.9374    56.8941    3.5617     % 
UB: 56.89409448818897
branching on 2 with b.
4885   559    38         54.9374    56.8941    3.5617     % 
LB close or above UB, fathomed
4886   558    38         54.9374    56.8941    3.5617     % 
LB close or above UB, fathomed
4887   557    35         54.9374    56.8941    3.5617     % 
UB: 56.89409448818897
branching on 1 with b.
4888   558    36         54.9374    56.8941    3.5617     % 
LB close or above UB, fathomed
4889   557    36         54.9374    56.8941    3.5617     % 
LB close or above UB, fathomed
4890   556    35         54.9374    56.8941    3.5617     % 
LB close or above UB, fathomed
4891   555    38         54.9374    56.8941    3.5617     % 
UB: 56.89409448818897
branching on 1 with b.
4892   556    39         54.9374    56.8941    3.5617     % 
UB: 56.89409448818897
branching on 2 with b.
4893   557    40         54.9374    56.8941    3.5617     % 
LB close or above UB, fathomed
4894   556    40         54.9374    56.8941    3.5617     % 
LB close or above UB, fathomed
4895   555    39         54.9374    56.8941    3.5617     % 
LB close or above UB, fathomed
4896   554    38         54.9374    56.8941    3.5617     % 
LB close or above UB, fathomed
4897   553    37         54.9374    56.8941    3.5617     % 
LB close or above UB, fathomed
4898   552    37         54.9374    56.8941    3.5617     % 
LB close or above UB, fathomed
4899   551    22         54.9374    56.8941    3.5617     % 
LB close or above UB, fathomed
4900   550    22         54.9374    56.8941    3.5617     % 
UB: 56.89409448818897
branching on CartesianIndex(1, 7) with c.
4901   551    23         54.9374    56.8941    3.5617     % 
UB: 56.89409448818897
branching on 2 with b.
4902   552    24         54.9374    56.8941    3.5617     % 
UB: 56.89409448818897
branching on 3 with b.
4903   553    25         54.9374    56.8941    3.5617     % 
LB close or above UB, fathomed
4904   552    25         54.9374    56.8941    3.5617     % 
UB: 56.89409448818897
branching on 1 with b.
4905   553    26         54.9374    56.8941    3.5617     % 
LB close or above UB, fathomed
4906   552    26         54.9374    56.8941    3.5617     % 
LB close or above UB, fathomed
4907   551    24         54.9374    56.8941    3.5617     % 
UB: 56.89409448818897
branching on 3 with b.
4908   552    25         54.9374    56.8941    3.5617     % 
LB close or above UB, fathomed
4909   551    25         54.9374    56.8941    3.5617     % 
UB: 56.89409448818897
branching on 1 with b.
4910   552    26         54.9374    56.8941    3.5617     % 
LB close or above UB, fathomed
4911   551    26         54.9374    56.8941    3.5617     % 
LB close or above UB, fathomed
4912   550    23         54.9374    56.8941    3.5617     % 
LB close or above UB, fathomed
4913   549    25         54.9374    56.8941    3.5617     % 
LB close or above UB, fathomed
4914   548    25         54.9374    56.8941    3.5617     % 
UB: 56.89409448818897
branching on 1 with b.
4915   549    26         54.9374    56.8941    3.5617     % 
LB close or above UB, fathomed
4916   548    26         54.9374    56.8941    3.5617     % 
LB close or above UB, fathomed
4917   547    21         54.9374    56.8941    3.5617     % 
LB close or above UB, fathomed
4918   546    21         54.9374    56.8941    3.5617     % 
UB: 56.89409448818897
branching on CartesianIndex(1, 6) with c.
4919   547    22         54.9374    56.8941    3.5617     % 
LB close or above UB, fathomed
4920   546    22         54.9374    56.8941    3.5617     % 
UB: 56.89409448818897
branching on CartesianIndex(1, 7) with c.
4921   547    23         54.9374    56.8941    3.5617     % 
UB: 56.89409448818897
branching on 2 with b.
4922   548    24         54.9374    56.8941    3.5617     % 
UB: 56.89409448818897
branching on 3 with b.
4923   549    25         54.9374    56.8941    3.5617     % 
LB close or above UB, fathomed
4924   548    25         54.9374    56.8941    3.5617     % 
UB: 56.89409448818897
branching on 1 with b.
4925   549    26         54.9374    56.8941    3.5617     % 
LB close or above UB, fathomed
4926   548    26         54.9374    56.8941    3.5617     % 
LB close or above UB, fathomed
4927   547    24         54.9374    56.8941    3.5617     % 
LB close or above UB, fathomed
4928   546    23         54.9374    56.8941    3.5617     % 
LB close or above UB, fathomed
4929   545    28         54.9374    56.8941    3.5617     % 
LB close or above UB, fathomed
4930   544    28         54.9374    56.8941    3.5617     % 
LB close or above UB, fathomed
4931   543    24         54.9374    56.8941    3.5617     % 
LB close or above UB, fathomed
4932   542    24         54.9374    56.8941    3.5617     % 
LB close or above UB, fathomed
4933   541    31         54.9374    56.8941    3.5617     % 
LB close or above UB, fathomed
4934   540    31         54.9374    56.8941    3.5617     % 
LB close or above UB, fathomed
4935   539    28         54.9374    56.8941    3.5617     % 
LB close or above UB, fathomed
4936   538    28         54.9374    56.8941    3.5617     % 
UB: 56.89409448818897
branching on 1 with b.
4937   539    29         54.9374    56.8941    3.5617     % 
UB: 56.89409448818897
branching on 2 with b.
4938   540    30         54.9374    56.8941    3.5617     % 
LB close or above UB, fathomed
4939   539    30         54.9374    56.8941    3.5617     % 
UB: 56.89409448818897
branching on 3 with b.
4940   540    31         54.9374    56.8941    3.5617     % 
LB close or above UB, fathomed
4941   539    31         54.9374    56.8941    3.5617     % 
LB close or above UB, fathomed
4942   538    29         54.9374    56.8941    3.5617     % 
LB close or above UB, fathomed
4943   537    28         54.9374    56.8941    3.5617     % 
LB close or above UB, fathomed
4944   536    28         54.9374    56.8941    3.5617     % 
UB: 56.89409448818897
branching on 1 with b.
4945   537    29         54.9374    56.8941    3.5617     % 
LB close or above UB, fathomed
4946   536    29         54.9374    56.8941    3.5617     % 
LB close or above UB, fathomed
4947   535    36         54.9374    56.8941    3.5617     % 
UB: 56.89409448818897
branching on 1 with b.
4948   535    37         54.9374    56.8941    3.5617     % 
UB: 56.89409448818897
branching on 2 with b.
4949   536    38         54.9374    56.8941    3.5617     % 
LB close or above UB, fathomed
4950   535    38         54.9374    56.8941    3.5617     % 
LB close or above UB, fathomed
4951   534    36         54.9374    56.8941    3.5617     % 
LB close or above UB, fathomed
4952   533    40         54.9374    56.8941    3.5617     % 
LB close or above UB, fathomed
4953   532    40         54.9374    56.8941    3.5617     % 
LB close or above UB, fathomed
4954   531    40         54.9374    56.8941    3.5617     % 
LB close or above UB, fathomed
4955   530    40         54.9374    56.8941    3.5617     % 
LB close or above UB, fathomed
4956   529    38         54.9374    56.8941    3.5617     % 
LB close or above UB, fathomed
4957   528    38         54.9374    56.8941    3.5617     % 
LB close or above UB, fathomed
4958   527    37         54.9374    56.8941    3.5617     % 
LB close or above UB, fathomed
4959   526    37         54.9374    56.8941    3.5617     % 
LB close or above UB, fathomed
4960   525    38         54.9374    56.8941    3.5617     % 
UB: 56.89409448818897
branching on 1 with b.
4961   526    39         54.9374    56.8941    3.5617     % 
LB close or above UB, fathomed
4962   525    39         54.9374    56.8941    3.5617     % 
UB: 56.89409448818897
branching on 2 with b.
4963   526    40         54.9374    56.8941    3.5617     % 
LB close or above UB, fathomed
4964   525    40         54.9374    56.8941    3.5617     % 
LB close or above UB, fathomed
4965   524    38         54.9374    56.8941    3.5617     % 
LB close or above UB, fathomed
4966   523    36         54.9374    56.8941    3.5617     % 
LB close or above UB, fathomed
4967   522    36         54.9374    56.8941    3.5617     % 
LB close or above UB, fathomed
4968   521    33         54.9374    56.8941    3.5617     % 
UB: 56.89409448818897
branching on 2 with b.
4969   522    34         54.9374    56.8941    3.5617     % 
LB close or above UB, fathomed
4970   521    34         54.9374    56.8941    3.5617     % 
LB close or above UB, fathomed
4971   520    33         54.9374    56.8941    3.5617     % 
LB close or above UB, fathomed
4972   519    34         54.9374    56.8941    3.5617     % 
LB close or above UB, fathomed
4973   518    34         54.9374    56.8941    3.5617     % 
LB close or above UB, fathomed
4974   517    38         54.9374    56.8941    3.5617     % 
UB: 56.89409448818897
branching on 1 with b.
4975   518    39         54.9374    56.8941    3.5617     % 
UB: 56.89409448818897
branching on 2 with b.
4976   519    40         54.9374    56.8941    3.5617     % 
LB close or above UB, fathomed
4977   518    40         54.9374    56.8941    3.5617     % 
LB close or above UB, fathomed
4978   517    39         54.9374    56.8941    3.5617     % 
LB close or above UB, fathomed
4979   516    38         54.9374    56.8941    3.5617     % 
LB close or above UB, fathomed
4980   515    33         54.9374    56.8941    3.5617     % 
LB close or above UB, fathomed
4981   514    33         54.9374    56.8941    3.5617     % 
LB close or above UB, fathomed
4982   513    32         54.9374    56.8941    3.5617     % 
LB close or above UB, fathomed
4983   512    32         54.9374    56.8941    3.5617     % 
UB: 56.89409448818897
branching on 3 with b.
4984   513    33         54.9374    56.8941    3.5617     % 
LB close or above UB, fathomed
4985   512    33         54.9374    56.8941    3.5617     % 
LB close or above UB, fathomed
4986   511    21         54.9374    56.8941    3.5617     % 
LB close or above UB, fathomed
4987   510    21         54.9374    56.8941    3.5617     % 
UB: 56.89409448818897
branching on CartesianIndex(1, 7) with c.
4988   511    22         54.9374    56.8941    3.5617     % 
UB: 56.89409448818897
branching on 3 with b.
4989   512    23         54.9374    56.8941    3.5617     % 
LB close or above UB, fathomed
4990   511    23         54.9374    56.8941    3.5617     % 
UB: 56.89409448818897
branching on 1 with b.
4991   512    24         54.9374    56.8941    3.5617     % 
LB close or above UB, fathomed
4992   511    24         54.9374    56.8941    3.5617     % 
LB close or above UB, fathomed
4993   510    22         54.9374    56.8941    3.5617     % 
LB close or above UB, fathomed
4994   509    19         54.9374    56.8941    3.5617     % 
LB close or above UB, fathomed
4995   508    19         54.9374    56.8941    3.5617     % 
UB: 56.89409448818897
branching on CartesianIndex(1, 6) with c.
4996   509    20         54.9374    56.8941    3.5617     % 
LB close or above UB, fathomed
4997   508    20         54.9374    56.8941    3.5617     % 
UB: 56.89409448818897
branching on CartesianIndex(1, 7) with c.
4998   509    21         54.9374    56.8941    3.5617     % 
UB: 56.89409448818897
branching on 2 with b.
4999   510    22         54.9374    56.8941    3.5617     % 
UB: 56.89409448818897
branching on 3 with b.
5000   511    23         54.9374    56.8941    3.5617     % 
LB close or above UB, fathomed
5001   510    23         54.9374    56.8941    3.5617     % 
UB: 56.89409448818897
branching on 1 with b.
5002   511    24         54.9374    56.8941    3.5617     % 
LB close or above UB, fathomed
5003   510    24         54.9374    56.8941    3.5617     % 
LB close or above UB, fathomed
5004   509    22         54.9374    56.8941    3.5617     % 
LB close or above UB, fathomed
5005   508    21         54.9374    56.8941    3.5617     % 
LB close or above UB, fathomed
5006   507    32         54.9374    56.8941    3.5617     % 
LB close or above UB, fathomed
5007   506    32         54.9374    56.8941    3.5617     % 
UB: 56.89409448818897
branching on 2 with b.
5008   507    33         54.9374    56.8941    3.5617     % 
UB: 56.89409448818897
branching on 3 with b.
5009   508    34         54.9374    56.8941    3.5617     % 
UB: 56.89409448818897
branching on 1 with b.
5010   509    35         54.9374    56.8941    3.5617     % 
UB: 56.89409448818897
branching on 2 with b.
5011   510    36         54.9374    56.8941    3.5617     % 
LB close or above UB, fathomed
5012   509    36         54.9374    56.8941    3.5617     % 
LB close or above UB, fathomed
5013   508    35         54.9374    56.8941    3.5617     % 
LB close or above UB, fathomed
5014   507    34         54.9374    56.8941    3.5617     % 
LB close or above UB, fathomed
5015   506    33         54.9374    56.8941    3.5617     % 
LB close or above UB, fathomed
5016   505    36         54.9374    56.8941    3.5617     % 
LB close or above UB, fathomed
5017   504    36         54.9374    56.8941    3.5617     % 
LB close or above UB, fathomed
5018   503    33         54.9374    56.8941    3.5617     % 
UB: 56.89409448818897
branching on 3 with b.
5019   504    34         54.9374    56.8941    3.5617     % 
UB: 56.89409448818897
branching on 1 with b.
5020   505    35         54.9374    56.8941    3.5617     % 
UB: 56.89409448818897
branching on 2 with b.
5021   506    36         54.9374    56.8941    3.5617     % 
LB close or above UB, fathomed
5022   505    36         54.9374    56.8941    3.5617     % 
LB close or above UB, fathomed
5023   504    35         54.9374    56.8941    3.5617     % 
UB: 56.89409448818897
branching on 2 with b.
5024   505    36         54.9374    56.8941    3.5617     % 
LB close or above UB, fathomed
5025   504    36         54.9374    56.8941    3.5617     % 
LB close or above UB, fathomed
5026   503    34         54.9374    56.8941    3.5617     % 
LB close or above UB, fathomed
5027   502    33         54.9374    56.8941    3.5617     % 
LB close or above UB, fathomed
5028   501    34         54.9374    56.8941    3.5617     % 
LB close or above UB, fathomed
5029   500    34         54.9374    56.8941    3.5617     % 
LB close or above UB, fathomed
5030   499    34         54.9374    56.8941    3.5617     % 
UB: 56.89409448818897
branching on 3 with b.
5031   500    35         54.9374    56.8941    3.5617     % 
UB: 56.89409448818897
branching on 1 with b.
5032   501    36         54.9374    56.8941    3.5617     % 
LB close or above UB, fathomed
5033   500    36         54.9374    56.8941    3.5617     % 
UB: 56.89409448818897
branching on 2 with b.
5034   501    37         54.9374    56.8941    3.5617     % 
LB close or above UB, fathomed
5035   500    37         54.9374    56.8941    3.5617     % 
LB close or above UB, fathomed
5036   499    35         54.9374    56.8941    3.5617     % 
LB close or above UB, fathomed
5037   498    34         54.9374    56.8941    3.5617     % 
LB close or above UB, fathomed
5038   497    33         54.9374    56.8941    3.5617     % 
LB close or above UB, fathomed
5039   496    33         54.9374    56.8941    3.5617     % 
LB close or above UB, fathomed
5040   495    29         54.9374    56.8941    3.5617     % 
LB close or above UB, fathomed
5041   494    29         54.9374    56.8941    3.5617     % 
LB close or above UB, fathomed
5042   493    17         54.9374    56.8941    3.5617     % 
UB: 56.89409448818897
branching on 2 with b.
5043   494    18         54.9374    56.8941    3.5617     % 
UB: 56.89409448818897
branching on 3 with b.
5044   495    19         54.9374    56.8941    3.5617     % 
UB: 56.89409448818897
branching on 1 with b.
5045   496    20         54.9374    56.8941    3.5617     % 
LB close or above UB, fathomed
5046   495    20         54.9374    56.8941    3.5617     % 
UB: 56.89409448818897
branching on 2 with b.
5047   496    21         54.9374    56.8941    3.5617     % 
LB close or above UB, fathomed
5048   495    21         54.9374    56.8941    3.5617     % 
UB: 56.89409448818897
branching on 3 with b.
5049   496    22         54.9374    56.8941    3.5617     % 
LB close or above UB, fathomed
5050   495    22         54.9374    56.8941    3.5617     % 
UB: 56.89409448818897
branching on 1 with b.
5051   496    23         54.9374    56.8941    3.5617     % 
LB close or above UB, fathomed
5052   495    23         54.9374    56.8941    3.5617     % 
LB close or above UB, fathomed
5053   494    19         54.9374    56.8941    3.5617     % 
LB close or above UB, fathomed
5054   493    18         54.9374    56.8941    3.5617     % 
LB close or above UB, fathomed
5055   492    17         54.9374    56.8941    3.5617     % 
LB close or above UB, fathomed
5056   491    28         54.9374    56.8941    3.5617     % 
UB: 56.89409448818897
branching on 3 with b.
5057   492    29         54.9374    56.8941    3.5617     % 
LB close or above UB, fathomed
5058   491    29         54.9374    56.8941    3.5617     % 
UB: 56.89409448818897
branching on 1 with b.
5059   492    30         54.9374    56.8941    3.5617     % 
UB: 56.89409448818897
branching on 2 with b.
5060   493    31         54.9374    56.8941    3.5617     % 
LB close or above UB, fathomed
5061   492    31         54.9374    56.8941    3.5617     % 
LB close or above UB, fathomed
5062   491    30         54.9374    56.8941    3.5617     % 
UB: 56.89409448818897
branching on 2 with b.
5063   492    31         54.9374    56.8941    3.5617     % 
LB close or above UB, fathomed
5064   491    31         54.9374    56.8941    3.5617     % 
LB close or above UB, fathomed
5065   490    28         54.9374    56.8941    3.5617     % 
LB close or above UB, fathomed
5066   489    28         54.9374    56.8941    3.5617     % 
UB: 56.89409448818897
branching on 3 with b.
5067   490    29         54.9374    56.8941    3.5617     % 
LB close or above UB, fathomed
5068   489    29         54.9374    56.8941    3.5617     % 
UB: 56.89409448818897
branching on 1 with b.
5069   490    30         54.9374    56.8941    3.5617     % 
LB close or above UB, fathomed
5070   489    30         54.9374    56.8941    3.5617     % 
UB: 56.89409448818897
branching on 2 with b.
5071   490    31         54.9374    56.8941    3.5617     % 
UB: 56.89409448818897
branching on 3 with b.
5072   491    32         54.9374    56.8941    3.5617     % 
LB close or above UB, fathomed
5073   490    32         54.9374    56.8941    3.5617     % 
LB close or above UB, fathomed
5074   489    31         54.9374    56.8941    3.5617     % 
LB close or above UB, fathomed
5075   488    28         54.9374    56.8941    3.5617     % 
UB: 56.89409448818897
branching on 3 with b.
5076   489    29         54.9374    56.8941    3.5617     % 
LB close or above UB, fathomed
5077   488    29         54.9374    56.8941    3.5617     % 
UB: 56.89409448818897
branching on 1 with b.
5078   489    30         54.9374    56.8941    3.5617     % 
LB close or above UB, fathomed
5079   488    30         54.9374    56.8941    3.5617     % 
LB close or above UB, fathomed
5080   487    36         54.9374    56.8941    3.5617     % 
LB close or above UB, fathomed
5081   486    36         54.9374    56.8941    3.5617     % 
LB close or above UB, fathomed
5082   485    36         54.9374    56.8941    3.5617     % 
UB: 56.89409448818897
branching on 1 with b.
5083   486    37         54.9374    56.8941    3.5617     % 
LB close or above UB, fathomed
5084   485    37         54.9374    56.8941    3.5617     % 
LB close or above UB, fathomed
5085   484    36         54.9374    56.8941    3.5617     % 
LB close or above UB, fathomed
5086   483    38         54.9374    56.8941    3.5617     % 
LB close or above UB, fathomed
5087   482    38         54.9374    56.8941    3.5617     % 
LB close or above UB, fathomed
5088   481    30         54.9374    56.8941    3.5617     % 
UB: 56.89409448818897
branching on 3 with b.
5089   482    31         54.9374    56.8941    3.5617     % 
LB close or above UB, fathomed
5090   481    31         54.9374    56.8941    3.5617     % 
LB close or above UB, fathomed
5091   480    30         54.9374    56.8941    3.5617     % 
LB close or above UB, fathomed
5092   479    38         54.9374    56.8941    3.5617     % 
UB: 56.89409448818897
branching on 1 with b.
5093   480    39         54.9374    56.8941    3.5617     % 
UB: 56.89409448818897
branching on 2 with b.
5094   481    40         54.9374    56.8941    3.5617     % 
LB close or above UB, fathomed
5095   480    40         54.9374    56.8941    3.5617     % 
LB close or above UB, fathomed
5096   479    39         54.9374    56.8941    3.5617     % 
LB close or above UB, fathomed
5097   478    38         54.9374    56.8941    3.5617     % 
LB close or above UB, fathomed
5098   477    37         54.9374    56.8941    3.5617     % 
LB close or above UB, fathomed
5099   476    37         54.9374    56.8941    3.5617     % 
LB close or above UB, fathomed
5100   475    32         54.9374    56.8941    3.5617     % 
LB close or above UB, fathomed
5101   474    32         54.9374    56.8941    3.5617     % 
LB close or above UB, fathomed
5102   473    35         54.9374    56.8941    3.5617     % 
LB close or above UB, fathomed
5103   472    35         54.9374    56.8941    3.5617     % 
LB close or above UB, fathomed
5104   471    36         54.9374    56.8941    3.5617     % 
LB close or above UB, fathomed
5105   470    36         54.9374    56.8941    3.5617     % 
LB close or above UB, fathomed
5106   469    35         54.9374    56.8941    3.5617     % 
LB close or above UB, fathomed
5107   468    35         54.9374    56.8941    3.5617     % 
LB close or above UB, fathomed
5108   467    36         54.9374    56.8941    3.5617     % 
UB: 56.89409448818897
branching on 1 with b.
5109   468    37         54.9374    56.8941    3.5617     % 
LB close or above UB, fathomed
5110   467    37         54.9374    56.8941    3.5617     % 
UB: 56.89409448818897
branching on 2 with b.
5111   468    38         54.9374    56.8941    3.5617     % 
LB close or above UB, fathomed
5112   467    38         54.9374    56.8941    3.5617     % 
LB close or above UB, fathomed
5113   466    36         54.9374    56.8941    3.5617     % 
LB close or above UB, fathomed
5114   465    37         54.9374    56.8941    3.5617     % 
LB close or above UB, fathomed
5115   464    37         54.9374    56.8941    3.5617     % 
LB close or above UB, fathomed
5116   463    38         54.9374    56.8941    3.5617     % 
LB close or above UB, fathomed
5117   462    38         54.9374    56.8941    3.5617     % 
UB: 56.89409448818897
branching on 1 with b.
5118   463    39         54.9374    56.8941    3.5617     % 
LB close or above UB, fathomed
5119   462    39         54.9374    56.8941    3.5617     % 
UB: 56.89409448818897
branching on 2 with b.
5120   463    40         54.9374    56.8941    3.5617     % 
LB close or above UB, fathomed
5121   462    40         54.9374    56.8941    3.5617     % 
LB close or above UB, fathomed
5122   461    38         54.9374    56.8941    3.5617     % 
UB: 56.89409448818897
branching on 1 with b.
5123   462    39         54.9374    56.8941    3.5617     % 
UB: 56.89409448818897
branching on 2 with b.
5124   463    40         54.9374    56.8941    3.5617     % 
LB close or above UB, fathomed
5125   462    40         54.9374    56.8941    3.5617     % 
LB close or above UB, fathomed
5126   461    39         54.9374    56.8941    3.5617     % 
UB: 56.89409448818897
branching on 2 with b.
5127   462    40         54.9374    56.8941    3.5617     % 
LB close or above UB, fathomed
5128   461    40         54.9374    56.8941    3.5617     % 
LB close or above UB, fathomed
5129   460    38         54.9374    56.8941    3.5617     % 
LB close or above UB, fathomed
5130   459    37         54.9374    56.8941    3.5617     % 
LB close or above UB, fathomed
5131   458    37         54.9374    56.8941    3.5617     % 
LB close or above UB, fathomed
5132   457    32         54.9374    56.8941    3.5617     % 
LB close or above UB, fathomed
5133   456    32         54.9374    56.8941    3.5617     % 
LB close or above UB, fathomed
5134   455    37         54.9374    56.8941    3.5617     % 
UB: 56.89409448818897
branching on 2 with b.
5135   456    38         54.9374    56.8941    3.5617     % 
LB close or above UB, fathomed
5136   455    38         54.9374    56.8941    3.5617     % 
LB close or above UB, fathomed
5137   454    37         54.9374    56.8941    3.5617     % 
UB: 56.89409448818897
branching on 2 with b.
5138   455    38         54.9374    56.8941    3.5617     % 
LB close or above UB, fathomed
5139   454    38         54.9374    56.8941    3.5617     % 
LB close or above UB, fathomed
5140   453    36         54.9374    56.8941    3.5617     % 
LB close or above UB, fathomed
5141   452    36         54.9374    56.8941    3.5617     % 
LB close or above UB, fathomed
5142   451    35         54.9374    56.8941    3.5617     % 
LB close or above UB, fathomed
5143   450    35         54.9374    56.8941    3.5617     % 
LB close or above UB, fathomed
5144   449    36         54.9374    56.8941    3.5617     % 
UB: 56.89409448818897
branching on 1 with b.
5145   450    37         54.9374    56.8941    3.5617     % 
UB: 56.89409448818897
branching on 2 with b.
5146   451    38         54.9374    56.8941    3.5617     % 
LB close or above UB, fathomed
5147   450    38         54.9374    56.8941    3.5617     % 
LB close or above UB, fathomed
5148   449    37         54.9374    56.8941    3.5617     % 
UB: 56.89409448818897
branching on 2 with b.
5149   450    38         54.9374    56.8941    3.5617     % 
LB close or above UB, fathomed
5150   449    38         54.9374    56.8941    3.5617     % 
LB close or above UB, fathomed
5151   448    36         54.9374    56.8941    3.5617     % 
LB close or above UB, fathomed
5152   447    37         54.9374    56.8941    3.5617     % 
UB: 56.89409448818897
branching on 2 with b.
5153   448    38         54.9374    56.8941    3.5617     % 
LB close or above UB, fathomed
5154   447    38         54.9374    56.8941    3.5617     % 
LB close or above UB, fathomed
5155   446    37         54.9374    56.8941    3.5617     % 
UB: 56.89409448818897
branching on 2 with b.
5156   447    38         54.9374    56.8941    3.5617     % 
LB close or above UB, fathomed
5157   446    38         54.9374    56.8941    3.5617     % 
LB close or above UB, fathomed
5158   445    37         54.9374    56.8941    3.5617     % 
UB: 56.89409448818897
branching on 2 with b.
5159   446    38         54.9374    56.8941    3.5617     % 
LB close or above UB, fathomed
5160   445    38         54.9374    56.8941    3.5617     % 
LB close or above UB, fathomed
5161   444    38         54.9374    56.8941    3.5617     % 
LB close or above UB, fathomed
5162   443    38         54.9374    56.8941    3.5617     % 
LB close or above UB, fathomed
5163   442    36         54.9374    56.8941    3.5617     % 
LB close or above UB, fathomed
5164   441    36         54.9374    56.8941    3.5617     % 
LB close or above UB, fathomed
5165   440    38         54.9374    56.8941    3.5617     % 
LB close or above UB, fathomed
5166   439    38         54.9374    56.8941    3.5617     % 
LB close or above UB, fathomed
5167   438    39         54.9374    56.8941    3.5617     % 
LB close or above UB, fathomed
5168   437    39         54.9374    56.8941    3.5617     % 
UB: 56.89409448818897
branching on 2 with b.
5169   438    40         54.9374    56.8941    3.5617     % 
LB close or above UB, fathomed
5170   437    40         54.9374    56.8941    3.5617     % 
LB close or above UB, fathomed
5171   436    38         54.9374    56.8941    3.5617     % 
LB close or above UB, fathomed
5172   435    38         54.9374    56.8941    3.5617     % 
UB: 56.89409448818897
branching on 1 with b.
5173   436    39         54.9374    56.8941    3.5617     % 
UB: 56.89409448818897
branching on 2 with b.
5174   437    40         54.9374    56.8941    3.5617     % 
LB close or above UB, fathomed
5175   436    40         54.9374    56.8941    3.5617     % 
LB close or above UB, fathomed
5176   435    39         54.9374    56.8941    3.5617     % 
LB close or above UB, fathomed
5177   434    39         54.9374    56.8941    3.5617     % 
UB: 56.89409448818897
branching on 2 with b.
5178   435    40         54.9374    56.8941    3.5617     % 
LB close or above UB, fathomed
5179   434    40         54.9374    56.8941    3.5617     % 
LB close or above UB, fathomed
5180   433    39         54.9374    56.8941    3.5617     % 
UB: 56.89409448818897
branching on 2 with b.
5181   434    40         54.9374    56.8941    3.5617     % 
LB close or above UB, fathomed
5182   433    40         54.9374    56.8941    3.5617     % 
LB close or above UB, fathomed
5183   432    39         54.9374    56.8941    3.5617     % 
UB: 56.89409448818897
branching on 2 with b.
5184   433    40         54.9374    56.8941    3.5617     % 
LB close or above UB, fathomed
5185   432    40         54.9374    56.8941    3.5617     % 
LB close or above UB, fathomed
5186   431    39         54.9374    56.8941    3.5617     % 
UB: 56.89409448818897
branching on 2 with b.
5187   432    40         54.9374    56.8941    3.5617     % 
LB close or above UB, fathomed
5188   431    40         54.9374    56.8941    3.5617     % 
LB close or above UB, fathomed
5189   430    38         54.9374    56.8941    3.5617     % 
LB close or above UB, fathomed
5190   429    38         54.9374    56.8941    3.5617     % 
LB close or above UB, fathomed
5191   428    38         54.9374    56.8941    3.5617     % 
LB close or above UB, fathomed
5192   427    38         54.9374    56.8941    3.5617     % 
LB close or above UB, fathomed
5193   426    39         54.9374    56.8941    3.5617     % 
UB: 56.89409448818897
branching on 2 with b.
5194   427    40         54.9374    56.8941    3.5617     % 
LB close or above UB, fathomed
5195   426    40         54.9374    56.8941    3.5617     % 
LB close or above UB, fathomed
5196   425    39         54.9374    56.8941    3.5617     % 
LB close or above UB, fathomed
5197   424    39         54.9374    56.8941    3.5617     % 
UB: 56.89409448818897
branching on 2 with b.
5198   425    40         54.9374    56.8941    3.5617     % 
LB close or above UB, fathomed
5199   424    40         54.9374    56.8941    3.5617     % 
LB close or above UB, fathomed
5200   423    39         54.9374    56.8941    3.5617     % 
LB close or above UB, fathomed
5201   422    25         54.9374    56.8941    3.5617     % 
LB close or above UB, fathomed
5202   421    25         54.9374    56.8941    3.5617     % 
LB close or above UB, fathomed
5203   420    31         54.9374    56.8941    3.5617     % 
LB close or above UB, fathomed
5204   419    31         54.9374    56.8941    3.5617     % 
LB close or above UB, fathomed
5205   418    25         54.9374    56.8941    3.5617     % 
LB close or above UB, fathomed
5206   417    25         54.9374    56.8941    3.5617     % 
LB close or above UB, fathomed
5207   416    34         54.9374    56.8941    3.5617     % 
UB: 56.89409448818897
branching on 3 with b.
5208   417    35         54.9374    56.8941    3.5617     % 
LB close or above UB, fathomed
5209   416    35         54.9374    56.8941    3.5617     % 
UB: 56.89409448818897
branching on 1 with b.
5210   417    36         54.9374    56.8941    3.5617     % 
UB: 56.89409448818897
branching on 2 with b.
5211   418    37         54.9374    56.8941    3.5617     % 
LB close or above UB, fathomed
5212   417    37         54.9374    56.8941    3.5617     % 
LB close or above UB, fathomed
5213   416    36         54.9374    56.8941    3.5617     % 
LB close or above UB, fathomed
5214   415    34         54.9374    56.8941    3.5617     % 
LB close or above UB, fathomed
5215   414    35         54.9374    56.8941    3.5617     % 
UB: 56.89409448818897
branching on 2 with b.
5216   415    36         54.9374    56.8941    3.5617     % 
LB close or above UB, fathomed
5217   414    36         54.9374    56.8941    3.5617     % 
LB close or above UB, fathomed
5218   413    35         54.9374    56.8941    3.5617     % 
UB: 56.89409448818897
branching on 2 with b.
5219   414    36         54.9374    56.8941    3.5617     % 
LB close or above UB, fathomed
5220   413    36         54.9374    56.8941    3.5617     % 
LB close or above UB, fathomed
5221   412    38         54.9374    56.8941    3.5617     % 
LB close or above UB, fathomed
5222   411    38         54.9374    56.8941    3.5617     % 
LB close or above UB, fathomed
5223   410    29         54.9374    56.8941    3.5617     % 
LB close or above UB, fathomed
5224   409    29         54.9374    56.8941    3.5617     % 
UB: 56.89409448818897
branching on 1 with b.
5225   410    30         54.9374    56.8941    3.5617     % 
UB: 56.89409448818897
branching on 2 with b.
5226   411    31         54.9374    56.8941    3.5617     % 
UB: 56.89409448818897
branching on 3 with b.
5227   412    32         54.9374    56.8941    3.5617     % 
UB: 56.89409448818897
branching on 1 with b.
5228   413    33         54.9374    56.8941    3.5617     % 
LB close or above UB, fathomed
5229   412    33         54.9374    56.8941    3.5617     % 
UB: 56.89409448818897
branching on 2 with b.
5230   413    34         54.9374    56.8941    3.5617     % 
LB close or above UB, fathomed
5231   412    34         54.9374    56.8941    3.5617     % 
LB close or above UB, fathomed
5232   411    32         54.9374    56.8941    3.5617     % 
LB close or above UB, fathomed
5233   410    31         54.9374    56.8941    3.5617     % 
LB close or above UB, fathomed
5234   409    30         54.9374    56.8941    3.5617     % 
UB: 56.89409448818897
branching on 2 with b.
5235   410    31         54.9374    56.8941    3.5617     % 
UB: 56.89409448818897
branching on 3 with b.
5236   411    32         54.9374    56.8941    3.5617     % 
UB: 56.89409448818897
branching on 1 with b.
5237   412    33         54.9374    56.8941    3.5617     % 
UB: 56.89409448818897
branching on 2 with b.
5238   413    34         54.9374    56.8941    3.5617     % 
LB close or above UB, fathomed
5239   412    34         54.9374    56.8941    3.5617     % 
LB close or above UB, fathomed
5240   411    33         54.9374    56.8941    3.5617     % 
LB close or above UB, fathomed
5241   410    32         54.9374    56.8941    3.5617     % 
LB close or above UB, fathomed
5242   409    31         54.9374    56.8941    3.5617     % 
LB close or above UB, fathomed
5243   408    29         54.9374    56.8941    3.5617     % 
LB close or above UB, fathomed
5244   407    29         54.9374    56.8941    3.5617     % 
UB: 56.89409448818897
branching on 1 with b.
5245   408    30         54.9374    56.8941    3.5617     % 
UB: 56.89409448818897
branching on 2 with b.
5246   409    31         54.9374    56.8941    3.5617     % 
LB close or above UB, fathomed
5247   408    31         54.9374    56.8941    3.5617     % 
LB close or above UB, fathomed
5248   407    30         54.9374    56.8941    3.5617     % 
LB close or above UB, fathomed
5249   406    33         54.9374    56.8941    3.5617     % 
LB close or above UB, fathomed
5250   405    33         54.9374    56.8941    3.5617     % 
LB close or above UB, fathomed
5251   404    33         54.9374    56.8941    3.5617     % 
LB close or above UB, fathomed
5252   403    33         54.9374    56.8941    3.5617     % 
LB close or above UB, fathomed
5253   402    36         54.9374    56.8941    3.5617     % 
UB: 56.89409448818897
branching on 1 with b.
5254   403    37         54.9374    56.8941    3.5617     % 
UB: 56.89409448818897
branching on 2 with b.
5255   404    38         54.9374    56.8941    3.5617     % 
LB close or above UB, fathomed
5256   403    38         54.9374    56.8941    3.5617     % 
LB close or above UB, fathomed
5257   402    37         54.9374    56.8941    3.5617     % 
UB: 56.89409448818897
branching on 2 with b.
5258   403    38         54.9374    56.8941    3.5617     % 
LB close or above UB, fathomed
5259   402    38         54.9374    56.8941    3.5617     % 
LB close or above UB, fathomed
5260   401    36         54.9374    56.8941    3.5617     % 
LB close or above UB, fathomed
5261   400    21         54.9374    56.8941    3.5617     % 
LB close or above UB, fathomed
5262   399    21         54.9374    56.8941    3.5617     % 
LB close or above UB, fathomed
5263   398    17         54.9374    56.8941    3.5617     % 
UB: 56.89409448818897
branching on CartesianIndex(1, 6) with c.
5264   399    18         54.9374    56.8941    3.5617     % 
LB close or above UB, fathomed
5265   398    18         54.9374    56.8941    3.5617     % 
UB: 56.89409448818897
branching on 1 with b.
5266   399    19         54.9374    56.8941    3.5617     % 
UB: 56.89409448818897
branching on 2 with b.
5267   400    20         54.9374    56.8941    3.5617     % 
UB: 56.89409448818897
branching on CartesianIndex(1, 7) with c.
5268   401    21         54.9374    56.8941    3.5617     % 
UB: 56.89409448818897
branching on 3 with b.
5269   402    22         54.9374    56.8941    3.5617     % 
LB close or above UB, fathomed
5270   401    22         54.9374    56.8941    3.5617     % 
UB: 56.89409448818897
branching on 1 with b.
5271   402    23         54.9374    56.8941    3.5617     % 
LB close or above UB, fathomed
5272   401    23         54.9374    56.8941    3.5617     % 
LB close or above UB, fathomed
5273   400    21         54.9374    56.8941    3.5617     % 
LB close or above UB, fathomed
5274   399    20         54.9374    56.8941    3.5617     % 
UB: 56.89409448818897
branching on 3 with b.
5275   400    21         54.9374    56.8941    3.5617     % 
LB close or above UB, fathomed
5276   399    21         54.9374    56.8941    3.5617     % 
UB: 56.89409448818897
branching on CartesianIndex(1, 7) with c.
5277   400    22         54.9374    56.8941    3.5617     % 
UB: 56.89409448818897
branching on 1 with b.
5278   401    23         54.9374    56.8941    3.5617     % 
LB close or above UB, fathomed
5279   400    23         54.9374    56.8941    3.5617     % 
LB close or above UB, fathomed
5280   399    22         54.9374    56.8941    3.5617     % 
LB close or above UB, fathomed
5281   398    19         54.9374    56.8941    3.5617     % 
LB close or above UB, fathomed
5282   397    17         54.9374    56.8941    3.5617     % 
UB: 56.89409448818897
branching on 1 with b.
5283   398    29         54.9374    56.8941    3.5617     % 
LB close or above UB, fathomed
5284   397    29         54.9374    56.8941    3.5617     % 
LB close or above UB, fathomed
5285   396    28         54.9374    56.8941    3.5617     % 
UB: 56.89409448818897
branching on 2 with b.
5286   397    29         54.9374    56.8941    3.5617     % 
UB: 56.89409448818897
branching on 3 with b.
5287   398    30         54.9374    56.8941    3.5617     % 
LB close or above UB, fathomed
5288   397    30         54.9374    56.8941    3.5617     % 
UB: 56.89409448818897
branching on 1 with b.
5289   398    31         54.9374    56.8941    3.5617     % 
LB close or above UB, fathomed
5290   397    31         54.9374    56.8941    3.5617     % 
LB close or above UB, fathomed
5291   396    29         54.9374    56.8941    3.5617     % 
UB: 56.89409448818897
branching on 3 with b.
5292   397    30         54.9374    56.8941    3.5617     % 
LB close or above UB, fathomed
5293   396    30         54.9374    56.8941    3.5617     % 
UB: 56.89409448818897
branching on 1 with b.
5294   397    31         54.9374    56.8941    3.5617     % 
LB close or above UB, fathomed
5295   396    31         54.9374    56.8941    3.5617     % 
LB close or above UB, fathomed
5296   395    28         54.9374    56.8941    3.5617     % 
LB close or above UB, fathomed
5297   394    26         54.9374    56.8941    3.5617     % 
UB: 56.89409448818897
branching on 2 with b.
5298   395    27         54.9374    56.8941    3.5617     % 
UB: 56.89409448818897
branching on 3 with b.
5299   396    28         54.9374    56.8941    3.5617     % 
LB close or above UB, fathomed
5300   395    28         54.9374    56.8941    3.5617     % 
UB: 56.89409448818897
branching on 1 with b.
5301   396    29         54.9374    56.8941    3.5617     % 
LB close or above UB, fathomed
5302   395    29         54.9374    56.8941    3.5617     % 
LB close or above UB, fathomed
5303   394    27         54.9374    56.8941    3.5617     % 
UB: 56.89409448818897
branching on 3 with b.
5304   395    28         54.9374    56.8941    3.5617     % 
LB close or above UB, fathomed
5305   394    28         54.9374    56.8941    3.5617     % 
UB: 56.89409448818897
branching on 1 with b.
5306   395    29         54.9374    56.8941    3.5617     % 
LB close or above UB, fathomed
5307   394    29         54.9374    56.8941    3.5617     % 
LB close or above UB, fathomed
5308   393    26         54.9374    56.8941    3.5617     % 
LB close or above UB, fathomed
5309   392    25         54.9374    56.8941    3.5617     % 
UB: 56.89409448818897
branching on 3 with b.
5310   393    26         54.9374    56.8941    3.5617     % 
LB close or above UB, fathomed
5311   392    26         54.9374    56.8941    3.5617     % 
LB close or above UB, fathomed
5312   391    25         54.9374    56.8941    3.5617     % 
LB close or above UB, fathomed
5313   390    26         54.9374    56.8941    3.5617     % 
LB close or above UB, fathomed
5314   389    26         54.9374    56.8941    3.5617     % 
UB: 56.89409448818897
branching on 3 with b.
5315   390    27         54.9374    56.8941    3.5617     % 
LB close or above UB, fathomed
5316   389    27         54.9374    56.8941    3.5617     % 
LB close or above UB, fathomed
5317   388    34         54.9374    56.8941    3.5617     % 
UB: 56.89409448818897
branching on 2 with b.
5318   389    35         54.9374    56.8941    3.5617     % 
LB close or above UB, fathomed
5319   388    35         54.9374    56.8941    3.5617     % 
LB close or above UB, fathomed
5320   387    34         54.9374    56.8941    3.5617     % 
LB close or above UB, fathomed
5321   386    30         54.9374    56.8941    3.5617     % 
LB close or above UB, fathomed
5322   385    30         54.9374    56.8941    3.5617     % 
LB close or above UB, fathomed
5323   384    26         54.9374    56.8941    3.5617     % 
UB: 56.89409448818897
branching on 2 with b.
5324   385    27         54.9374    56.8941    3.5617     % 
UB: 56.89409448818897
branching on 3 with b.
5325   386    28         54.9374    56.8941    3.5617     % 
LB close or above UB, fathomed
5326   385    28         54.9374    56.8941    3.5617     % 
UB: 56.89409448818897
branching on 1 with b.
5327   386    29         54.9374    56.8941    3.5617     % 
LB close or above UB, fathomed
5328   385    29         54.9374    56.8941    3.5617     % 
LB close or above UB, fathomed
5329   384    27         54.9374    56.8941    3.5617     % 
UB: 56.89409448818897
branching on 3 with b.
5330   385    28         54.9374    56.8941    3.5617     % 
LB close or above UB, fathomed
5331   384    28         54.9374    56.8941    3.5617     % 
UB: 56.89409448818897
branching on 1 with b.
5332   385    29         54.9374    56.8941    3.5617     % 
LB close or above UB, fathomed
5333   384    29         54.9374    56.8941    3.5617     % 
LB close or above UB, fathomed
5334   383    26         54.9374    56.8941    3.5617     % 
LB close or above UB, fathomed
5335   382    26         54.9374    56.8941    3.5617     % 
UB: 56.89409448818897
branching on 2 with b.
5336   383    27         54.9374    56.8941    3.5617     % 
UB: 56.89409448818897
branching on 3 with b.
5337   384    28         54.9374    56.8941    3.5617     % 
LB close or above UB, fathomed
5338   383    28         54.9374    56.8941    3.5617     % 
UB: 56.89409448818897
branching on 1 with b.
5339   384    29         54.9374    56.8941    3.5617     % 
LB close or above UB, fathomed
5340   383    29         54.9374    56.8941    3.5617     % 
LB close or above UB, fathomed
5341   382    27         54.9374    56.8941    3.5617     % 
UB: 56.89409448818897
branching on 3 with b.
5342   383    28         54.9374    56.8941    3.5617     % 
LB close or above UB, fathomed
5343   382    28         54.9374    56.8941    3.5617     % 
UB: 56.89409448818897
branching on 1 with b.
5344   383    29         54.9374    56.8941    3.5617     % 
LB close or above UB, fathomed
5345   382    29         54.9374    56.8941    3.5617     % 
LB close or above UB, fathomed
5346   381    26         54.9374    56.8941    3.5617     % 
LB close or above UB, fathomed
5347   380    28         54.9374    56.8941    3.5617     % 
UB: 56.89409448818897
branching on 2 with b.
5348   381    29         54.9374    56.8941    3.5617     % 
UB: 56.89409448818897
branching on 3 with b.
5349   382    30         54.9374    56.8941    3.5617     % 
LB close or above UB, fathomed
5350   381    30         54.9374    56.8941    3.5617     % 
UB: 56.89409448818897
branching on 1 with b.
5351   382    31         54.9374    56.8941    3.5617     % 
LB close or above UB, fathomed
5352   381    31         54.9374    56.8941    3.5617     % 
LB close or above UB, fathomed
5353   380    29         54.9374    56.8941    3.5617     % 
UB: 56.89409448818897
branching on 3 with b.
5354   381    30         54.9374    56.8941    3.5617     % 
LB close or above UB, fathomed
5355   380    30         54.9374    56.8941    3.5617     % 
UB: 56.89409448818897
branching on 1 with b.
5356   381    31         54.9374    56.8941    3.5617     % 
LB close or above UB, fathomed
5357   380    31         54.9374    56.8941    3.5617     % 
LB close or above UB, fathomed
5358   379    28         54.9374    56.8941    3.5617     % 
LB close or above UB, fathomed
5359   378    28         54.9374    56.8941    3.5617     % 
UB: 56.89409448818897
branching on 2 with b.
5360   379    29         54.9374    56.8941    3.5617     % 
UB: 56.89409448818897
branching on 3 with b.
5361   380    30         54.9374    56.8941    3.5617     % 
LB close or above UB, fathomed
5362   379    30         54.9374    56.8941    3.5617     % 
UB: 56.89409448818897
branching on 1 with b.
5363   380    31         54.9374    56.8941    3.5617     % 
LB close or above UB, fathomed
5364   379    31         54.9374    56.8941    3.5617     % 
LB close or above UB, fathomed
5365   378    29         54.9374    56.8941    3.5617     % 
UB: 56.89409448818897
branching on 3 with b.
5366   379    30         54.9374    56.8941    3.5617     % 
LB close or above UB, fathomed
5367   378    30         54.9374    56.8941    3.5617     % 
UB: 56.89409448818897
branching on 1 with b.
5368   379    31         54.9374    56.8941    3.5617     % 
LB close or above UB, fathomed
5369   378    31         54.9374    56.8941    3.5617     % 
LB close or above UB, fathomed
5370   377    28         54.9374    56.8941    3.5617     % 
LB close or above UB, fathomed
5371   376    28         54.9374    56.8941    3.5617     % 
UB: 56.89409448818897
branching on 2 with b.
5372   377    29         54.9374    56.8941    3.5617     % 
UB: 56.89409448818897
branching on 3 with b.
5373   378    30         54.9374    56.8941    3.5617     % 
LB close or above UB, fathomed
5374   377    30         54.9374    56.8941    3.5617     % 
UB: 56.89409448818897
branching on 1 with b.
5375   378    31         54.9374    56.8941    3.5617     % 
LB close or above UB, fathomed
5376   377    31         54.9374    56.8941    3.5617     % 
LB close or above UB, fathomed
5377   376    29         54.9374    56.8941    3.5617     % 
UB: 56.89409448818897
branching on 3 with b.
5378   377    30         54.9374    56.8941    3.5617     % 
LB close or above UB, fathomed
5379   376    30         54.9374    56.8941    3.5617     % 
UB: 56.89409448818897
branching on 1 with b.
5380   377    31         54.9374    56.8941    3.5617     % 
LB close or above UB, fathomed
5381   376    31         54.9374    56.8941    3.5617     % 
LB close or above UB, fathomed
5382   375    28         54.9374    56.8941    3.5617     % 
LB close or above UB, fathomed
5383   374    27         54.9374    56.8941    3.5617     % 
LB close or above UB, fathomed
5384   373    27         54.9374    56.8941    3.5617     % 
LB close or above UB, fathomed
5385   372    27         54.9374    56.8941    3.5617     % 
UB: 56.89409448818897
branching on 2 with b.
5386   373    28         54.9374    56.8941    3.5617     % 
LB close or above UB, fathomed
5387   372    28         54.9374    56.8941    3.5617     % 
LB close or above UB, fathomed
5388   371    27         54.9374    56.8941    3.5617     % 
LB close or above UB, fathomed
5389   370    31         54.9374    56.8941    3.5617     % 
LB close or above UB, fathomed
5390   369    31         54.9374    56.8941    3.5617     % 
LB close or above UB, fathomed
5391   368    28         54.9374    56.8941    3.5617     % 
UB: 56.89409448818897
branching on 2 with b.
5392   369    29         54.9374    56.8941    3.5617     % 
UB: 56.89409448818897
branching on 3 with b.
5393   370    30         54.9374    56.8941    3.5617     % 
LB close or above UB, fathomed
5394   369    30         54.9374    56.8941    3.5617     % 
UB: 56.89409448818897
branching on 1 with b.
5395   370    31         54.9374    56.8941    3.5617     % 
LB close or above UB, fathomed
5396   369    31         54.9374    56.8941    3.5617     % 
LB close or above UB, fathomed
5397   368    29         54.9374    56.8941    3.5617     % 
UB: 56.89409448818897
branching on 3 with b.
5398   369    30         54.9374    56.8941    3.5617     % 
LB close or above UB, fathomed
5399   368    30         54.9374    56.8941    3.5617     % 
UB: 56.89409448818897
branching on 1 with b.
5400   369    31         54.9374    56.8941    3.5617     % 
LB close or above UB, fathomed
5401   368    31         54.9374    56.8941    3.5617     % 
LB close or above UB, fathomed
5402   367    28         54.9374    56.8941    3.5617     % 
LB close or above UB, fathomed
5403   366    25         54.9374    56.8941    3.5617     % 
UB: 56.89409448818897
branching on 2 with b.
5404   367    26         54.9374    56.8941    3.5617     % 
UB: 56.89409448818897
branching on 3 with b.
5405   368    27         54.9374    56.8941    3.5617     % 
LB close or above UB, fathomed
5406   367    27         54.9374    56.8941    3.5617     % 
UB: 56.89409448818897
branching on 1 with b.
5407   368    28         54.9374    56.8941    3.5617     % 
LB close or above UB, fathomed
5408   367    28         54.9374    56.8941    3.5617     % 
LB close or above UB, fathomed
5409   366    26         54.9374    56.8941    3.5617     % 
UB: 56.89409448818897
branching on 3 with b.
5410   367    27         54.9374    56.8941    3.5617     % 
LB close or above UB, fathomed
5411   366    27         54.9374    56.8941    3.5617     % 
UB: 56.89409448818897
branching on 1 with b.
5412   367    28         54.9374    56.8941    3.5617     % 
LB close or above UB, fathomed
5413   366    28         54.9374    56.8941    3.5617     % 
LB close or above UB, fathomed
5414   365    25         54.9374    56.8941    3.5617     % 
LB close or above UB, fathomed
5415   364    25         54.9374    56.8941    3.5617     % 
UB: 56.89409448818897
branching on 2 with b.
5416   365    26         54.9374    56.8941    3.5617     % 
UB: 56.89409448818897
branching on 3 with b.
5417   366    27         54.9374    56.8941    3.5617     % 
LB close or above UB, fathomed
5418   365    27         54.9374    56.8941    3.5617     % 
UB: 56.89409448818897
branching on 1 with b.
5419   366    28         54.9374    56.8941    3.5617     % 
LB close or above UB, fathomed
5420   365    28         54.9374    56.8941    3.5617     % 
LB close or above UB, fathomed
5421   364    26         54.9374    56.8941    3.5617     % 
UB: 56.89409448818897
branching on 3 with b.
5422   365    27         54.9374    56.8941    3.5617     % 
LB close or above UB, fathomed
5423   364    27         54.9374    56.8941    3.5617     % 
UB: 56.89409448818897
branching on 1 with b.
5424   365    28         54.9374    56.8941    3.5617     % 
LB close or above UB, fathomed
5425   364    28         54.9374    56.8941    3.5617     % 
LB close or above UB, fathomed
5426   363    25         54.9374    56.8941    3.5617     % 
LB close or above UB, fathomed
5427   362    25         54.9374    56.8941    3.5617     % 
UB: 56.89409448818897
branching on 2 with b.
5428   363    26         54.9374    56.8941    3.5617     % 
UB: 56.89409448818897
branching on 3 with b.
5429   364    27         54.9374    56.8941    3.5617     % 
LB close or above UB, fathomed
5430   363    27         54.9374    56.8941    3.5617     % 
UB: 56.89409448818897
branching on 1 with b.
5431   364    28         54.9374    56.8941    3.5617     % 
LB close or above UB, fathomed
5432   363    28         54.9374    56.8941    3.5617     % 
LB close or above UB, fathomed
5433   362    26         54.9374    56.8941    3.5617     % 
UB: 56.89409448818897
branching on 3 with b.
5434   363    27         54.9374    56.8941    3.5617     % 
LB close or above UB, fathomed
5435   362    27         54.9374    56.8941    3.5617     % 
UB: 56.89409448818897
branching on 1 with b.
5436   363    28         54.9374    56.8941    3.5617     % 
LB close or above UB, fathomed
5437   362    28         54.9374    56.8941    3.5617     % 
LB close or above UB, fathomed
5438   361    25         54.9374    56.8941    3.5617     % 
LB close or above UB, fathomed
5439   360    26         54.9374    56.8941    3.5617     % 
UB: 56.89409448818897
branching on 2 with b.
5440   361    27         54.9374    56.8941    3.5617     % 
UB: 56.89409448818897
branching on 3 with b.
5441   362    28         54.9374    56.8941    3.5617     % 
LB close or above UB, fathomed
5442   361    28         54.9374    56.8941    3.5617     % 
UB: 56.89409448818897
branching on 1 with b.
5443   362    29         54.9374    56.8941    3.5617     % 
LB close or above UB, fathomed
5444   361    29         54.9374    56.8941    3.5617     % 
LB close or above UB, fathomed
5445   360    27         54.9374    56.8941    3.5617     % 
UB: 56.89409448818897
branching on 3 with b.
5446   361    28         54.9374    56.8941    3.5617     % 
LB close or above UB, fathomed
5447   360    28         54.9374    56.8941    3.5617     % 
UB: 56.89409448818897
branching on 1 with b.
5448   361    29         54.9374    56.8941    3.5617     % 
LB close or above UB, fathomed
5449   360    29         54.9374    56.8941    3.5617     % 
LB close or above UB, fathomed
5450   359    26         54.9374    56.8941    3.5617     % 
LB close or above UB, fathomed
5451   358    26         54.9374    56.8941    3.5617     % 
UB: 56.89409448818897
branching on 2 with b.
5452   359    27         54.9374    56.8941    3.5617     % 
UB: 56.89409448818897
branching on 3 with b.
5453   360    28         54.9374    56.8941    3.5617     % 
LB close or above UB, fathomed
5454   359    28         54.9374    56.8941    3.5617     % 
UB: 56.89409448818897
branching on 1 with b.
5455   360    29         54.9374    56.8941    3.5617     % 
LB close or above UB, fathomed
5456   359    29         54.9374    56.8941    3.5617     % 
LB close or above UB, fathomed
5457   358    27         54.9374    56.8941    3.5617     % 
UB: 56.89409448818897
branching on 3 with b.
5458   359    28         54.9374    56.8941    3.5617     % 
LB close or above UB, fathomed
5459   358    28         54.9374    56.8941    3.5617     % 
UB: 56.89409448818897
branching on 1 with b.
5460   359    29         54.9374    56.8941    3.5617     % 
LB close or above UB, fathomed
5461   358    29         54.9374    56.8941    3.5617     % 
LB close or above UB, fathomed
5462   357    26         54.9374    56.8941    3.5617     % 
LB close or above UB, fathomed
5463   356    26         54.9374    56.8941    3.5617     % 
UB: 56.89409448818897
branching on 2 with b.
5464   357    27         54.9374    56.8941    3.5617     % 
UB: 56.89409448818897
branching on 3 with b.
5465   358    28         54.9374    56.8941    3.5617     % 
LB close or above UB, fathomed
5466   357    28         54.9374    56.8941    3.5617     % 
UB: 56.89409448818897
branching on 1 with b.
5467   358    29         54.9374    56.8941    3.5617     % 
LB close or above UB, fathomed
5468   357    29         54.9374    56.8941    3.5617     % 
LB close or above UB, fathomed
5469   356    27         54.9374    56.8941    3.5617     % 
UB: 56.89409448818897
branching on 3 with b.
5470   357    28         54.9374    56.8941    3.5617     % 
LB close or above UB, fathomed
5471   356    28         54.9374    56.8941    3.5617     % 
UB: 56.89409448818897
branching on 1 with b.
5472   357    29         54.9374    56.8941    3.5617     % 
LB close or above UB, fathomed
5473   356    29         54.9374    56.8941    3.5617     % 
LB close or above UB, fathomed
5474   355    26         54.9374    56.8941    3.5617     % 
LB close or above UB, fathomed
5475   354    26         54.9374    56.8941    3.5617     % 
UB: 56.89409448818897
branching on 2 with b.
5476   355    27         54.9374    56.8941    3.5617     % 
UB: 56.89409448818897
branching on 3 with b.
5477   356    28         54.9374    56.8941    3.5617     % 
LB close or above UB, fathomed
5478   355    28         54.9374    56.8941    3.5617     % 
UB: 56.89409448818897
branching on 1 with b.
5479   356    29         54.9374    56.8941    3.5617     % 
LB close or above UB, fathomed
5480   355    29         54.9374    56.8941    3.5617     % 
LB close or above UB, fathomed
5481   354    27         54.9374    56.8941    3.5617     % 
UB: 56.89409448818897
branching on 3 with b.
5482   355    28         54.9374    56.8941    3.5617     % 
LB close or above UB, fathomed
5483   354    28         54.9374    56.8941    3.5617     % 
UB: 56.89409448818897
branching on 1 with b.
5484   355    29         54.9374    56.8941    3.5617     % 
LB close or above UB, fathomed
5485   354    29         54.9374    56.8941    3.5617     % 
LB close or above UB, fathomed
5486   353    26         54.9374    56.8941    3.5617     % 
LB close or above UB, fathomed
5487   352    28         54.9374    56.8941    3.5617     % 
UB: 56.89409448818897
branching on 2 with b.
5488   353    29         54.9374    56.8941    3.5617     % 
UB: 56.89409448818897
branching on 3 with b.
5489   354    30         54.9374    56.8941    3.5617     % 
LB close or above UB, fathomed
5490   353    30         54.9374    56.8941    3.5617     % 
UB: 56.89409448818897
branching on 1 with b.
5491   354    31         54.9374    56.8941    3.5617     % 
LB close or above UB, fathomed
5492   353    31         54.9374    56.8941    3.5617     % 
LB close or above UB, fathomed
5493   352    29         54.9374    56.8941    3.5617     % 
UB: 56.89409448818897
branching on 3 with b.
5494   353    30         54.9374    56.8941    3.5617     % 
LB close or above UB, fathomed
5495   352    30         54.9374    56.8941    3.5617     % 
UB: 56.89409448818897
branching on 1 with b.
5496   353    31         54.9374    56.8941    3.5617     % 
LB close or above UB, fathomed
5497   352    31         54.9374    56.8941    3.5617     % 
LB close or above UB, fathomed
5498   351    28         54.9374    56.8941    3.5617     % 
LB close or above UB, fathomed
5499   350    28         54.9374    56.8941    3.5617     % 
UB: 56.89409448818897
branching on 2 with b.
5500   351    29         54.9374    56.8941    3.5617     % 
UB: 56.89409448818897
branching on 3 with b.
5501   352    30         54.9374    56.8941    3.5617     % 
LB close or above UB, fathomed
5502   351    30         54.9374    56.8941    3.5617     % 
UB: 56.89409448818897
branching on 1 with b.
5503   352    31         54.9374    56.8941    3.5617     % 
LB close or above UB, fathomed
5504   351    31         54.9374    56.8941    3.5617     % 
LB close or above UB, fathomed
5505   350    29         54.9374    56.8941    3.5617     % 
UB: 56.89409448818897
branching on 3 with b.
5506   351    30         54.9374    56.8941    3.5617     % 
LB close or above UB, fathomed
5507   350    30         54.9374    56.8941    3.5617     % 
UB: 56.89409448818897
branching on 1 with b.
5508   351    31         54.9374    56.8941    3.5617     % 
LB close or above UB, fathomed
5509   350    31         54.9374    56.8941    3.5617     % 
LB close or above UB, fathomed
5510   349    28         54.9374    56.8941    3.5617     % 
LB close or above UB, fathomed
5511   348    28         54.9374    56.8941    3.5617     % 
UB: 56.89409448818897
branching on 2 with b.
5512   349    29         54.9374    56.8941    3.5617     % 
UB: 56.89409448818897
branching on 3 with b.
5513   350    30         54.9374    56.8941    3.5617     % 
LB close or above UB, fathomed
5514   349    30         54.9374    56.8941    3.5617     % 
UB: 56.89409448818897
branching on 1 with b.
5515   350    31         54.9374    56.8941    3.5617     % 
LB close or above UB, fathomed
5516   349    31         54.9374    56.8941    3.5617     % 
LB close or above UB, fathomed
5517   348    29         54.9374    56.8941    3.5617     % 
UB: 56.89409448818897
branching on 3 with b.
5518   349    30         54.9374    56.8941    3.5617     % 
LB close or above UB, fathomed
5519   348    30         54.9374    56.8941    3.5617     % 
UB: 56.89409448818897
branching on 1 with b.
5520   349    31         54.9374    56.8941    3.5617     % 
LB close or above UB, fathomed
5521   348    31         54.9374    56.8941    3.5617     % 
LB close or above UB, fathomed
5522   347    28         54.9374    56.8941    3.5617     % 
LB close or above UB, fathomed
5523   346    28         54.9374    56.8941    3.5617     % 
UB: 56.89409448818897
branching on 2 with b.
5524   347    29         54.9374    56.8941    3.5617     % 
UB: 56.89409448818897
branching on 3 with b.
5525   348    30         54.9374    56.8941    3.5617     % 
LB close or above UB, fathomed
5526   347    30         54.9374    56.8941    3.5617     % 
UB: 56.89409448818897
branching on 1 with b.
5527   348    31         54.9374    56.8941    3.5617     % 
LB close or above UB, fathomed
5528   347    31         54.9374    56.8941    3.5617     % 
LB close or above UB, fathomed
5529   346    29         54.9374    56.8941    3.5617     % 
UB: 56.89409448818897
branching on 3 with b.
5530   347    30         54.9374    56.8941    3.5617     % 
LB close or above UB, fathomed
5531   346    30         54.9374    56.8941    3.5617     % 
UB: 56.89409448818897
branching on 1 with b.
5532   347    31         54.9374    56.8941    3.5617     % 
LB close or above UB, fathomed
5533   346    31         54.9374    56.8941    3.5617     % 
LB close or above UB, fathomed
5534   345    28         54.9374    56.8941    3.5617     % 
LB close or above UB, fathomed
5535   344    28         54.9374    56.8941    3.5617     % 
UB: 56.89409448818897
branching on 2 with b.
5536   345    29         54.9374    56.8941    3.5617     % 
UB: 56.89409448818897
branching on 3 with b.
5537   346    30         54.9374    56.8941    3.5617     % 
LB close or above UB, fathomed
5538   345    30         54.9374    56.8941    3.5617     % 
UB: 56.89409448818897
branching on 1 with b.
5539   346    31         54.9374    56.8941    3.5617     % 
LB close or above UB, fathomed
5540   345    31         54.9374    56.8941    3.5617     % 
LB close or above UB, fathomed
5541   344    29         54.9374    56.8941    3.5617     % 
UB: 56.89409448818897
branching on 3 with b.
5542   345    30         54.9374    56.8941    3.5617     % 
LB close or above UB, fathomed
5543   344    30         54.9374    56.8941    3.5617     % 
UB: 56.89409448818897
branching on 1 with b.
5544   345    31         54.9374    56.8941    3.5617     % 
LB close or above UB, fathomed
5545   344    31         54.9374    56.8941    3.5617     % 
LB close or above UB, fathomed
5546   343    28         54.9374    56.8941    3.5617     % 
LB close or above UB, fathomed
5547   342    28         54.9374    56.8941    3.5617     % 
UB: 56.89409448818897
branching on 2 with b.
5548   343    29         54.9374    56.8941    3.5617     % 
UB: 56.89409448818897
branching on 3 with b.
5549   344    30         54.9374    56.8941    3.5617     % 
LB close or above UB, fathomed
5550   343    30         54.9374    56.8941    3.5617     % 
UB: 56.89409448818897
branching on 1 with b.
5551   344    31         54.9374    56.8941    3.5617     % 
LB close or above UB, fathomed
5552   343    31         54.9374    56.8941    3.5617     % 
LB close or above UB, fathomed
5553   342    29         54.9374    56.8941    3.5617     % 
UB: 56.89409448818897
branching on 3 with b.
5554   343    30         54.9374    56.8941    3.5617     % 
LB close or above UB, fathomed
5555   342    30         54.9374    56.8941    3.5617     % 
UB: 56.89409448818897
branching on 1 with b.
5556   343    31         54.9374    56.8941    3.5617     % 
LB close or above UB, fathomed
5557   342    31         54.9374    56.8941    3.5617     % 
LB close or above UB, fathomed
5558   341    28         54.9374    56.8941    3.5617     % 
LB close or above UB, fathomed
5559   340    28         54.9374    56.8941    3.5617     % 
LB close or above UB, fathomed
5560   339    28         54.9374    56.8941    3.5617     % 
LB close or above UB, fathomed
5561   338    14         54.9374    56.8941    3.5617     % 
LB close or above UB, fathomed
5562   337    14         54.9374    56.8941    3.5617     % 
LB close or above UB, fathomed
5563   336    28         54.9374    56.8941    3.5617     % 
LB close or above UB, fathomed
5564   335    28         54.9374    56.8941    3.5617     % 
LB close or above UB, fathomed
5565   334    38         54.9374    56.8941    3.5617     % 
LB close or above UB, fathomed
5566   333    38         54.9374    56.8941    3.5617     % 
LB close or above UB, fathomed
5567   332    37         54.9374    56.8941    3.5617     % 
LB close or above UB, fathomed
5568   331    37         54.9374    56.8941    3.5617     % 
LB close or above UB, fathomed
5569   330    25         54.9374    56.8941    3.5617     % 
LB close or above UB, fathomed
5570   329    25         54.9374    56.8941    3.5617     % 
UB: 56.89409448818897
branching on 3 with b.
5571   330    26         54.9374    56.8941    3.5617     % 
LB close or above UB, fathomed
5572   329    26         54.9374    56.8941    3.5617     % 
UB: 56.89409448818897
branching on 1 with b.
5573   330    27         54.9374    56.8941    3.5617     % 
UB: 56.89409448818897
branching on 2 with b.
5574   331    28         54.9374    56.8941    3.5617     % 
LB close or above UB, fathomed
5575   330    28         54.9374    56.8941    3.5617     % 
UB: 56.89409448818897
branching on 3 with b.
5576   331    29         54.9374    56.8941    3.5617     % 
LB close or above UB, fathomed
5577   330    29         54.9374    56.8941    3.5617     % 
LB close or above UB, fathomed
5578   329    27         54.9374    56.8941    3.5617     % 
LB close or above UB, fathomed
5579   328    29         54.9374    56.8941    3.5617     % 
LB close or above UB, fathomed
5580   327    29         54.9374    56.8941    3.5617     % 
LB close or above UB, fathomed
5581   326    27         54.9374    56.8941    3.5617     % 
LB close or above UB, fathomed
5582   325    27         54.9374    56.8941    3.5617     % 
UB: 56.89409448818897
branching on 1 with b.
5583   326    28         54.9374    56.8941    3.5617     % 
UB: 56.89409448818897
branching on 2 with b.
5584   327    29         54.9374    56.8941    3.5617     % 
LB close or above UB, fathomed
5585   326    29         54.9374    56.8941    3.5617     % 
LB close or above UB, fathomed
5586   325    28         54.9374    56.8941    3.5617     % 
LB close or above UB, fathomed
5587   324    18         54.9374    56.8941    3.5617     % 
LB close or above UB, fathomed
5588   323    18         54.9374    56.8941    3.5617     % 
UB: 56.89409448818897
branching on CartesianIndex(1, 5) with c.
5589   324    19         54.9374    56.8941    3.5617     % 
UB: 56.89409448818897
branching on CartesianIndex(1, 6) with c.
5590   325    20         54.9374    56.8941    3.5617     % 
LB close or above UB, fathomed
5591   324    20         54.9374    56.8941    3.5617     % 
UB: 56.89409448818897
branching on CartesianIndex(1, 7) with c.
5592   325    21         54.9374    56.8941    3.5617     % 
UB: 56.89409448818897
branching on 2 with b.
5593   326    21         54.9374    56.8941    3.5617     % 
LB close or above UB, fathomed
5594   325    19         54.9374    56.8941    3.5617     % 
LB close or above UB, fathomed
5595   324    27         54.9374    56.8941    3.5617     % 
UB: 56.89409448818897
branching on 2 with b.
5596   325    28         54.9374    56.8941    3.5617     % 
UB: 56.89409448818897
branching on 3 with b.
5597   326    29         54.9374    56.8941    3.5617     % 
LB close or above UB, fathomed
5598   325    29         54.9374    56.8941    3.5617     % 
UB: 56.89409448818897
branching on 1 with b.
5599   326    30         54.9374    56.8941    3.5617     % 
LB close or above UB, fathomed
5600   325    30         54.9374    56.8941    3.5617     % 
LB close or above UB, fathomed
5601   324    28         54.9374    56.8941    3.5617     % 
UB: 56.89409448818897
branching on 3 with b.
5602   325    29         54.9374    56.8941    3.5617     % 
LB close or above UB, fathomed
5603   324    29         54.9374    56.8941    3.5617     % 
UB: 56.89409448818897
branching on 1 with b.
5604   325    30         54.9374    56.8941    3.5617     % 
LB close or above UB, fathomed
5605   324    30         54.9374    56.8941    3.5617     % 
LB close or above UB, fathomed
5606   323    27         54.9374    56.8941    3.5617     % 
LB close or above UB, fathomed
5607   322    27         54.9374    56.8941    3.5617     % 
UB: 56.89409448818897
branching on 2 with b.
5608   323    28         54.9374    56.8941    3.5617     % 
UB: 56.89409448818897
branching on 3 with b.
5609   324    29         54.9374    56.8941    3.5617     % 
LB close or above UB, fathomed
5610   323    29         54.9374    56.8941    3.5617     % 
UB: 56.89409448818897
branching on 1 with b.
5611   324    30         54.9374    56.8941    3.5617     % 
LB close or above UB, fathomed
5612   323    30         54.9374    56.8941    3.5617     % 
LB close or above UB, fathomed
5613   322    28         54.9374    56.8941    3.5617     % 
UB: 56.89409448818897
branching on 3 with b.
5614   323    29         54.9374    56.8941    3.5617     % 
LB close or above UB, fathomed
5615   322    29         54.9374    56.8941    3.5617     % 
UB: 56.89409448818897
branching on 1 with b.
5616   323    30         54.9374    56.8941    3.5617     % 
LB close or above UB, fathomed
5617   322    30         54.9374    56.8941    3.5617     % 
LB close or above UB, fathomed
5618   321    27         54.9374    56.8941    3.5617     % 
LB close or above UB, fathomed
5619   320    39         54.9374    56.8941    3.5617     % 
UB: 56.89409448818897
branching on 1 with b.
5620   321    40         54.9374    56.8941    3.5617     % 
LB close or above UB, fathomed
5621   320    40         54.9374    56.8941    3.5617     % 
UB: 56.89409448818897
branching on 2 with b.
5622   321    41         54.9374    56.8941    3.5617     % 
LB close or above UB, fathomed
5623   320    41         54.9374    56.8941    3.5617     % 
UB: 56.89409448818897
branching on 3 with b.
5624   321    42         54.9374    56.8941    3.5617     % 
UB: 56.89409448818897
branching on 1 with b.
5625   322    43         54.9374    56.8941    3.5617     % 
LB close or above UB, fathomed
5626   321    43         54.9374    56.8941    3.5617     % 
UB: 56.89409448818897
branching on 2 with b.
5627   322    44         54.9374    56.8941    3.5617     % 
UB: 56.89409448818897
branching on 3 with b.
5628   323    45         54.9374    56.8941    3.5617     % 
LB close or above UB, fathomed
5629   322    45         54.9374    56.8941    3.5617     % 
LB close or above UB, fathomed
5630   321    44         54.9374    56.8941    3.5617     % 
UB: 56.89409448818897
branching on 3 with b.
5631   322    45         54.9374    56.8941    3.5617     % 
LB close or above UB, fathomed
5632   321    45         54.9374    56.8941    3.5617     % 
LB close or above UB, fathomed
5633   320    42         54.9374    56.8941    3.5617     % 
LB close or above UB, fathomed
5634   319    39         54.9374    56.8941    3.5617     % 
LB close or above UB, fathomed
5635   318    41         54.9374    56.8941    3.5617     % 
LB close or above UB, fathomed
5636   317    41         54.9374    56.8941    3.5617     % 
UB: 56.89409448818897
branching on 1 with b.
5637   318    42         54.9374    56.8941    3.5617     % 
LB close or above UB, fathomed
5638   317    42         54.9374    56.8941    3.5617     % 
UB: 56.89409448818897
branching on 2 with b.
5639   318    43         54.9374    56.8941    3.5617     % 
LB close or above UB, fathomed
5640   317    43         54.9374    56.8941    3.5617     % 
UB: 56.89409448818897
branching on 3 with b.
5641   318    44         54.9374    56.8941    3.5617     % 
UB: 56.89409448818897
branching on 1 with b.
5642   319    45         54.9374    56.8941    3.5617     % 
LB close or above UB, fathomed
5643   318    45         54.9374    56.8941    3.5617     % 
UB: 56.89409448818897
branching on 2 with b.
5644   319    46         54.9374    56.8941    3.5617     % 
UB: 56.89409448818897
branching on 3 with b.
5645   320    47         54.9374    56.8941    3.5617     % 
LB close or above UB, fathomed
5646   319    47         54.9374    56.8941    3.5617     % 
UB: 56.89409448818897
branching on 1 with b.
5647   319    48         54.9374    56.8941    3.5617     % 
UB: 56.89409448818897
branching on 2 with b.
5648   319    49         54.9374    56.8941    3.5617     % 
UB: 56.89409448818897
branching on 3 with b.
5649   320    50         54.9374    56.8941    3.5617     % 
UB: 56.89409448818897
branching on 1 with b.
5650   321    51         54.9374    56.8941    3.5617     % 
UB: 56.89409448818897
branching on 2 with b.
5651   321    52         54.9374    56.8941    3.5617     % 
UB: 56.89409448818897
branching on 3 with b.
5652   321    53         54.9374    56.8941    3.5617     % 
UB: 56.89409448818897
branching on 1 with b.
5653   321    54         54.9374    56.8941    3.5617     % 
UB: 56.89409448818897
branching on 2 with b.
5654   321    55         54.9374    56.8941    3.5617     % 
UB: 56.89409448818897
branching on 3 with b.
5655   321    56         54.9374    56.8941    3.5617     % 
UB: 56.89409448818897
branching on 1 with b.
5656   322    57         54.9374    56.8941    3.5617     % 
LB close or above UB, fathomed
5657   321    57         54.9374    56.8941    3.5617     % 
UB: 56.89409448818897
branching on 2 with b.
5658   321    58         54.9374    56.8941    3.5617     % 
UB: 56.89409448818897
branching on 3 with b.
5659   321    59         54.9374    56.8941    3.5617     % 
UB: 56.89409448818897
branching on 1 with b.
5660   322    60         54.9374    56.8941    3.5617     % 
LB close or above UB, fathomed
5661   321    60         54.9374    56.8941    3.5617     % 
UB: 56.89409448818897
branching on 2 with b.
5662   321    61         54.9374    56.8941    3.5617     % 
UB: 54.93740157480315
branching on 3 with b.
5663   321    62         54.9374    54.9374    0.0000     % 
LB close or above UB, fathomed
all node solved
solved nodes:  5664
5664                                                  5.4937e+01     5.4937e+01     0.0000  % 
5×3 Matrix{Float64}:
 0.0  0.0  0.0
 0.0  0.0  1.0
 1.0  0.0  0.0
 0.0  1.0  0.0
 0.0  0.0  0.0
3-element Vector{Float64}:
 0.40322934679525
 0.18230150523172922
 0.37843888170405815
2×7 Matrix{Float64}:
 0.0  0.0  0.0  1.0  1.0  1.0  0.0
 0.0  0.0  0.0  0.0  0.0  0.0  1.0
3-element Vector{Float64}:
 1.0
 1.0
 1.0
5×3 Matrix{Float64}:
 0.0  0.0  0.0
 0.0  0.0  0.0
 0.0  0.0  1.0
 0.0  1.0  0.0
 1.0  0.0  0.0
3-element Vector{Float64}:
 0.398188918564317
 0.26244708676923983
 0.5723482898785219
2×7 Matrix{Float64}:
 0.0  0.0  0.0  1.0  0.0  1.0  0.0
 0.0  0.0  0.0  0.0  1.0  0.0  1.0
3-element Vector{Float64}:
 1.0
 1.0
 1.0
comparison (CRT and Glb)on prediction: Dict{Bool, Int64}(0 => 18, 1 => 105)
Dataname	 time	 objv	 lb	 gap	 train_w	 train_g	 test_w	 test_g
/work_bgfs/n/navarrodelacruz/odt/optimal_decision_tree/augmented_datasets/body/body_457.body	 201.21	 54.93740157480315	 54.937	 0.0	 90.107	 92.513	 91.057	 92.683
